mtllib material.mtl
s 0
usemtl Material
v -0.4492189884185791 -0.8378909826278687 -0.53125
v 0.4492189884185791 -0.8378909826278687 -0.53125
v -0.48242199420928955 -0.7929689884185791 -0.53125
v 0.48242199420928955 -0.7929689884185791 -0.53125
v -0.3710939884185791 -0.7304689884185791 -0.53125
v 0.3710939884185791 -0.7304689884185791 -0.53125
v -0.38085898756980896 -0.71875 -0.53125
v 0.38085898756980896 -0.71875 -0.53125
v -0.5371090173721313 -0.6152340173721313 -0.53125
v 0.5371090173721313 -0.6152340173721313 -0.53125
v -0.5371090173721313 -0.3945310115814209 -0.53125
v -0.48242199420928955 -0.3945310115814209 -0.53125
v 0.48242199420928955 -0.3945310115814209 -0.53125
v 0.5371090173721313 -0.3945310115814209 -0.53125
v -0.5371090173721313 0.4296880066394806 -0.53125
v 0.5371090173721313 0.4296880066394806 -0.53125
v -0.5371090173721313 0.6582030057907104 -0.53125
v 0.48242199420928955 0.6582030057907104 -0.53125
v 0.5371090173721313 0.6582030057907104 -0.53125
v -0.38085898756980896 0.8105469942092896 -0.53125
v 0.38085898756980896 0.8105469942092896 -0.53125
v -0.3710939884185791 0.8183590173721313 -0.53125
v 0.3710939884185791 0.8183590173721313 -0.53125
v -0.48242199420928955 0.8847659826278687 -0.53125
v 0.48242199420928955 0.8847659826278687 -0.53125
v -0.4492189884185791 0.9277340173721313 -0.53125
v 0.4492189884185791 0.9277340173721313 -0.53125
v -0.5371090173721313 -0.625 -0.5253909826278687
v -0.49023398756980896 -0.625 -0.5253909826278687
v 0.49023398756980896 -0.625 -0.5253909826278687
v 0.5371090173721313 -0.625 -0.5253909826278687
v -0.5429689884185791 -0.6152340173721313 -0.5253909826278687
v 0.5429689884185791 -0.6152340173721313 -0.5253909826278687
v -0.5429689884185791 -0.3945310115814209 -0.5253909826278687
v 0.5429689884185791 -0.3945310115814209 -0.5253909826278687
v -0.5371090173721313 -0.3828119933605194 -0.5253909826278687
v -0.49023398756980896 -0.3828119933605194 -0.5253909826278687
v 0.49023398756980896 -0.3828119933605194 -0.5253909826278687
v 0.5371090173721313 -0.3828119933605194 -0.5253909826278687
v -0.5371090173721313 0.421875 -0.5253909826278687
v -0.49023398756980896 0.421875 -0.5253909826278687
v 0.49023398756980896 0.421875 -0.5253909826278687
v 0.5371090173721313 0.421875 -0.5253909826278687
v -0.5429689884185791 0.4296880066394806 -0.5253909826278687
v 0.5429689884185791 0.4296880066394806 -0.5253909826278687
v -0.5429689884185791 0.6582030057907104 -0.5253909826278687
v 0.5429689884185791 0.6582030057907104 -0.5253909826278687
v -0.5371090173721313 0.6699219942092896 -0.5253909826278687
v -0.49023398756980896 0.6699219942092896 -0.5253909826278687
v 0.49023398756980896 0.6699219942092896 -0.5253909826278687
v 0.5371090173721313 0.6699219942092896 -0.5253909826278687
v -0.35351601243019104 -0.703125 -0.5078120231628418
v 0.35351601243019104 -0.703125 -0.5078120231628418
v -0.359375 -0.6953120231628418 -0.5078120231628418
v 0.359375 -0.6953120231628418 -0.5078120231628418
v -0.359375 0.7832030057907104 -0.5078120231628418
v 0.359375 0.7832030057907104 -0.5078120231628418
v -0.35351601243019104 0.7890620231628418 -0.5078120231628418
v 0.35351601243019104 0.7890620231628418 -0.5078120231628418
v -0.4609380066394806 -0.8632810115814209 -0.5058590173721313
v 0.4609380066394806 -0.8632810115814209 -0.5058590173721313
v -0.5117189884185791 -0.7929689884185791 -0.5058590173721313
v 0.5117189884185791 -0.7929689884185791 -0.5058590173721313
v -0.5117189884185791 -0.625 -0.5058590173721313
v 0.5117189884185791 -0.625 -0.5058590173721313
v -0.5117189884185791 -0.3828119933605194 -0.5058590173721313
v 0.5117189884185791 -0.3828119933605194 -0.5058590173721313
v -0.5117189884185791 0.421875 -0.5058590173721313
v 0.5117189884185791 0.421875 -0.5058590173721313
v -0.5117189884185791 0.6699219942092896 -0.5058590173721313
v 0.5117189884185791 0.6699219942092896 -0.5058590173721313
v -0.5117189884185791 0.8847659826278687 -0.5058590173721313
v 0.5117189884185791 0.8847659826278687 -0.5058590173721313
v -0.4609380066394806 0.9492189884185791 -0.5058590173721313
v 0.4609380066394806 0.9492189884185791 -0.5058590173721313
v -0.4453119933605194 -0.8632810115814209 -0.4921880066394806
v -0.3085939884185791 -0.8632810115814209 -0.4921880066394806
v 0.3085939884185791 -0.8632810115814209 -0.4921880066394806
v 0.4453119933605194 -0.8632810115814209 -0.4921880066394806
v -0.5117189884185791 0.9121090173721313 -0.4882810115814209
v 0.5117189884185791 0.9121090173721313 -0.4882810115814209
v -0.4804689884185791 0.9492189884185791 -0.4882810115814209
v 0.4804689884185791 0.9492189884185791 -0.4882810115814209
v -0.4804689884185791 -0.8632810115814209 -0.48632800579071045
v 0.4804689884185791 -0.8632810115814209 -0.48632800579071045
v -0.4414060115814209 -0.9394530057907104 -0.484375
v -0.31445300579071045 -0.9394530057907104 -0.484375
v 0.31445300579071045 -0.9394530057907104 -0.484375
v 0.4414060115814209 -0.9394530057907104 -0.484375
v -0.4414060115814209 -0.8710939884185791 -0.484375
v -0.31445300579071045 -0.8710939884185791 -0.484375
v 0.31445300579071045 -0.8710939884185791 -0.484375
v 0.4414060115814209 -0.8710939884185791 -0.484375
v -0.43554699420928955 -0.9492189884185791 -0.4765619933605194
v -0.31835898756980896 -0.9492189884185791 -0.4765619933605194
v 0.31835898756980896 -0.9492189884185791 -0.4765619933605194
v 0.43554699420928955 -0.9492189884185791 -0.4765619933605194
v -0.46679699420928955 -0.8632810115814209 -0.4726560115814209
v -0.2890619933605194 -0.8632810115814209 -0.4726560115814209
v 0.2890619933605194 -0.8632810115814209 -0.4726560115814209
v 0.46679699420928955 -0.8632810115814209 -0.4726560115814209
v -0.5117189884185791 -0.8339840173721313 -0.4726560115814209
v 0.5117189884185791 -0.8339840173721313 -0.4726560115814209
v -0.45898398756980896 -0.9394530057907104 -0.46679699420928955
v -0.296875 -0.9394530057907104 -0.46679699420928955
v 0.296875 -0.9394530057907104 -0.46679699420928955
v 0.45898398756980896 -0.9394530057907104 -0.46679699420928955
v -0.45898398756980896 -0.8710939884185791 -0.46679699420928955
v -0.296875 -0.8710939884185791 -0.46679699420928955
v 0.296875 -0.8710939884185791 -0.46679699420928955
v 0.45898398756980896 -0.8710939884185791 -0.46679699420928955
v -0.4492189884185791 -0.9492189884185791 -0.4609380066394806
v -0.3046880066394806 -0.9492189884185791 -0.4609380066394806
v 0.3046880066394806 -0.9492189884185791 -0.4609380066394806
v 0.4492189884185791 -0.9492189884185791 -0.4609380066394806
v -0.5371090173721313 -0.625 -0.4453119933605194
v -0.5117189884185791 -0.625 -0.4453119933605194
v 0.5117189884185791 -0.625 -0.4453119933605194
v 0.5371090173721313 -0.625 -0.4453119933605194
v -0.5429689884185791 -0.6152340173721313 -0.4453119933605194
v 0.5429689884185791 -0.6152340173721313 -0.4453119933605194
v -0.5429689884185791 -0.3945310115814209 -0.4453119933605194
v 0.5429689884185791 -0.3945310115814209 -0.4453119933605194
v -0.5371090173721313 -0.3828119933605194 -0.4453119933605194
v -0.5117189884185791 -0.3828119933605194 -0.4453119933605194
v 0.5117189884185791 -0.3828119933605194 -0.4453119933605194
v 0.5371090173721313 -0.3828119933605194 -0.4453119933605194
v -0.5371090173721313 0.421875 -0.4453119933605194
v -0.5117189884185791 0.421875 -0.4453119933605194
v 0.5117189884185791 0.421875 -0.4453119933605194
v 0.5371090173721313 0.421875 -0.4453119933605194
v -0.5429689884185791 0.4296880066394806 -0.4453119933605194
v 0.5429689884185791 0.4296880066394806 -0.4453119933605194
v -0.5429689884185791 0.6582030057907104 -0.4453119933605194
v 0.5429689884185791 0.6582030057907104 -0.4453119933605194
v -0.5371090173721313 0.6699219942092896 -0.4453119933605194
v -0.5117189884185791 0.6699219942092896 -0.4453119933605194
v 0.5117189884185791 0.6699219942092896 -0.4453119933605194
v 0.5371090173721313 0.6699219942092896 -0.4453119933605194
v -0.5117189884185791 0.8066409826278687 -0.4453119933605194
v 0.5117189884185791 0.8066409826278687 -0.4453119933605194
v -0.5371090173721313 -0.6152340173721313 -0.43164101243019104
v -0.5117189884185791 -0.6152340173721313 -0.43164101243019104
v 0.5117189884185791 -0.6152340173721313 -0.43164101243019104
v 0.5371090173721313 -0.6152340173721313 -0.43164101243019104
v -0.5371090173721313 -0.3945310115814209 -0.43164101243019104
v -0.5117189884185791 -0.3945310115814209 -0.43164101243019104
v 0.5117189884185791 -0.3945310115814209 -0.43164101243019104
v 0.5371090173721313 -0.3945310115814209 -0.43164101243019104
v -0.5371090173721313 0.4296880066394806 -0.43164101243019104
v -0.5117189884185791 0.4296880066394806 -0.43164101243019104
v 0.5117189884185791 0.4296880066394806 -0.43164101243019104
v 0.5371090173721313 0.4296880066394806 -0.43164101243019104
v -0.5371090173721313 0.6582030057907104 -0.43164101243019104
v -0.5117189884185791 0.6582030057907104 -0.43164101243019104
v 0.5117189884185791 0.6582030057907104 -0.43164101243019104
v 0.5371090173721313 0.6582030057907104 -0.43164101243019104
v -0.2890619933605194 -0.8632810115814209 -0.3867189884185791
v 0.2890619933605194 -0.8632810115814209 -0.3867189884185791
v -0.3789060115814209 0.9492189884185791 -0.3867189884185791
v 0.3789060115814209 0.9492189884185791 -0.3867189884185791
v -0.29101601243019104 -0.859375 -0.38085898756980896
v 0.29101601243019104 -0.859375 -0.38085898756980896
v -0.37304699420928955 0.9472659826278687 -0.38085898756980896
v 0.37304699420928955 0.9472659826278687 -0.38085898756980896
v -0.3710939884185791 -0.8554689884185791 -0.3789060115814209
v -0.35742199420928955 -0.8554689884185791 -0.3789060115814209
v -0.296875 -0.8554689884185791 -0.3789060115814209
v 0.296875 -0.8554689884185791 -0.3789060115814209
v 0.35742199420928955 -0.8554689884185791 -0.3789060115814209
v 0.3710939884185791 -0.8554689884185791 -0.3789060115814209
v -0.5117189884185791 -0.7207030057907104 -0.3789060115814209
v 0.5117189884185791 -0.7207030057907104 -0.3789060115814209
v -0.5117189884185791 0.8085939884185791 -0.3789060115814209
v 0.5117189884185791 0.8085939884185791 -0.3789060115814209
v -0.36914101243019104 0.921875 -0.37695300579071045
v 0.36914101243019104 0.921875 -0.37695300579071045
v -0.36523398756980896 -0.8320310115814209 -0.37304699420928955
v 0.36523398756980896 -0.8320310115814209 -0.37304699420928955
v -0.5078120231628418 -0.7148439884185791 -0.37304699420928955
v 0.5078120231628418 -0.7148439884185791 -0.37304699420928955
v -0.4453119933605194 -0.6972659826278687 -0.37304699420928955
v 0.4453119933605194 -0.6972659826278687 -0.37304699420928955
v -0.49414101243019104 -0.6914060115814209 -0.37304699420928955
v 0.49414101243019104 -0.6914060115814209 -0.37304699420928955
v -0.49414101243019104 0.78125 -0.37304699420928955
v 0.49414101243019104 0.78125 -0.37304699420928955
v -0.4453119933605194 0.7871090173721313 -0.37304699420928955
v 0.4453119933605194 0.7871090173721313 -0.37304699420928955
v -0.5078120231628418 0.8027340173721313 -0.37304699420928955
v 0.5078120231628418 0.8027340173721313 -0.37304699420928955
v -0.36523398756980896 0.9179689884185791 -0.37304699420928955
v 0.36523398756980896 0.9179689884185791 -0.37304699420928955
v -0.4453119933605194 -0.7050780057907104 -0.3671880066394806
v 0.4453119933605194 -0.7050780057907104 -0.3671880066394806
v -0.49414101243019104 -0.6972659826278687 -0.3671880066394806
v 0.49414101243019104 -0.6972659826278687 -0.3671880066394806
v -0.4726560115814209 0.41601601243019104 -0.3671880066394806
v -0.4726560115814209 0.640625 -0.3671880066394806
v -0.49414101243019104 0.7890620231628418 -0.3671880066394806
v 0.49414101243019104 0.7890620231628418 -0.3671880066394806
v -0.4453119933605194 0.7929689884185791 -0.3671880066394806
v 0.4453119933605194 0.7929689884185791 -0.3671880066394806
v -0.4453119933605194 0.41210898756980896 -0.36523398756980896
v -0.4453119933605194 0.6445310115814209 -0.36523398756980896
v -0.46875 -0.6152340173721313 -0.359375
v -0.4414060115814209 -0.6152340173721313 -0.359375
v 0.4414060115814209 -0.6152340173721313 -0.359375
v 0.46875 -0.6152340173721313 -0.359375
v -0.46875 -0.3945310115814209 -0.359375
v -0.4414060115814209 -0.3945310115814209 -0.359375
v 0.4414060115814209 -0.3945310115814209 -0.359375
v 0.46875 -0.3945310115814209 -0.359375
v -0.46875 -0.1210940033197403 -0.359375
v -0.4257810115814209 -0.1210940033197403 -0.359375
v 0.4414060115814209 -0.1210940033197403 -0.359375
v 0.46875 -0.1210940033197403 -0.359375
v -0.46875 0.0976559966802597 -0.359375
v -0.4257810115814209 0.0976559966802597 -0.359375
v 0.4414060115814209 0.0976559966802597 -0.359375
v 0.46875 0.0976559966802597 -0.359375
v 0.4414060115814209 0.40625 -0.359375
v 0.46875 0.40625 -0.359375
v 0.4414060115814209 0.6503909826278687 -0.359375
v 0.46875 0.6503909826278687 -0.359375
v -0.47851601243019104 0.40820300579071045 -0.35742199420928955
v -0.47851601243019104 0.6484379768371582 -0.35742199420928955
v -0.4492189884185791 -0.9492189884185791 -0.35351601243019104
v -0.3046880066394806 -0.9492189884185791 -0.35351601243019104
v 0.3046880066394806 -0.9492189884185791 -0.35351601243019104
v 0.4492189884185791 -0.9492189884185791 -0.35351601243019104
v -0.46875 -0.6308590173721313 -0.35351601243019104
v -0.4414060115814209 -0.6308590173721313 -0.35351601243019104
v 0.4414060115814209 -0.6308590173721313 -0.35351601243019104
v 0.46875 -0.6308590173721313 -0.35351601243019104
v -0.47460898756980896 -0.6152340173721313 -0.35351601243019104
v 0.47460898756980896 -0.6152340173721313 -0.35351601243019104
v -0.47460898756980896 -0.3945310115814209 -0.35351601243019104
v 0.47460898756980896 -0.3945310115814209 -0.35351601243019104
v -0.46875 -0.3828119933605194 -0.35351601243019104
v -0.41601601243019104 -0.3828119933605194 -0.35351601243019104
v 0.43945300579071045 -0.3828119933605194 -0.35351601243019104
v 0.46875 -0.3828119933605194 -0.35351601243019104
v -0.46875 -0.13476599752902985 -0.35351601243019104
v -0.41601601243019104 -0.13476599752902985 -0.35351601243019104
v 0.43945300579071045 -0.13476599752902985 -0.35351601243019104
v 0.46875 -0.13476599752902985 -0.35351601243019104
v -0.47460898756980896 -0.1210940033197403 -0.35351601243019104
v 0.47460898756980896 -0.1210940033197403 -0.35351601243019104
v -0.47460898756980896 0.0976559966802597 -0.35351601243019104
v 0.47460898756980896 0.0976559966802597 -0.35351601243019104
v -0.46875 0.11132799834012985 -0.35351601243019104
v -0.41601601243019104 0.11132799834012985 -0.35351601243019104
v 0.43945300579071045 0.11132799834012985 -0.35351601243019104
v 0.46875 0.11132799834012985 -0.35351601243019104
v -0.46875 0.39257800579071045 -0.35351601243019104
v -0.41601601243019104 0.39257800579071045 -0.35351601243019104
v 0.43945300579071045 0.39257800579071045 -0.35351601243019104
v 0.46875 0.39257800579071045 -0.35351601243019104
v 0.47460898756980896 0.40625 -0.35351601243019104
v 0.47460898756980896 0.6484379768371582 -0.35351601243019104
v 0.4414060115814209 0.6640620231628418 -0.35351601243019104
v 0.46875 0.6640620231628418 -0.35351601243019104
v -0.46875 0.6679689884185791 -0.35351601243019104
v -0.4414060115814209 0.6679689884185791 -0.35351601243019104
v -0.47851601243019104 0.39648398756980896 -0.34960898756980896
v -0.47851601243019104 0.6601560115814209 -0.34960898756980896
v -0.45898398756980896 -0.9394530057907104 -0.3476560115814209
v -0.296875 -0.9394530057907104 -0.3476560115814209
v 0.296875 -0.9394530057907104 -0.3476560115814209
v 0.45898398756980896 -0.9394530057907104 -0.3476560115814209
v -0.45898398756980896 -0.8710939884185791 -0.3476560115814209
v -0.296875 -0.8710939884185791 -0.3476560115814209
v 0.296875 -0.8710939884185791 -0.3476560115814209
v 0.45898398756980896 -0.8710939884185791 -0.3476560115814209
v -0.296875 -0.8554689884185791 -0.3476560115814209
v 0.296875 -0.8554689884185791 -0.3476560115814209
v -0.47460898756980896 -0.6269530057907104 -0.3476560115814209
v 0.47460898756980896 -0.6269530057907104 -0.3476560115814209
v -0.47460898756980896 -0.3867189884185791 -0.3476560115814209
v 0.47460898756980896 -0.3867189884185791 -0.3476560115814209
v -0.47460898756980896 -0.1328119933605194 -0.3476560115814209
v 0.47460898756980896 -0.1328119933605194 -0.3476560115814209
v -0.47460898756980896 0.10742200165987015 -0.3476560115814209
v 0.47460898756980896 0.10742200165987015 -0.3476560115814209
v 0.47460898756980896 0.39648398756980896 -0.3476560115814209
v 0.47460898756980896 0.6601560115814209 -0.3476560115814209
v -0.46679699420928955 -0.8632810115814209 -0.34375
v 0.46679699420928955 -0.8632810115814209 -0.34375
v -0.43554699420928955 -0.9492189884185791 -0.33789101243019104
v -0.31835898756980896 -0.9492189884185791 -0.33789101243019104
v 0.31835898756980896 -0.9492189884185791 -0.33789101243019104
v 0.43554699420928955 -0.9492189884185791 -0.33789101243019104
v -0.46875 -0.6425780057907104 -0.3320310115814209
v -0.4414060115814209 -0.6425780057907104 -0.3320310115814209
v 0.4414060115814209 -0.6425780057907104 -0.3320310115814209
v 0.46875 -0.6425780057907104 -0.3320310115814209
v -0.47460898756980896 -0.6367189884185791 -0.3320310115814209
v 0.47460898756980896 -0.6367189884185791 -0.3320310115814209
v -0.47460898756980896 -0.38085898756980896 -0.3320310115814209
v 0.47460898756980896 -0.38085898756980896 -0.3320310115814209
v -0.46875 -0.375 -0.3320310115814209
v -0.41601601243019104 -0.375 -0.3320310115814209
v 0.43945300579071045 -0.375 -0.3320310115814209
v 0.46875 -0.375 -0.3320310115814209
v -0.46875 -0.1484380066394806 -0.3320310115814209
v -0.41601601243019104 -0.1484380066394806 -0.3320310115814209
v 0.43945300579071045 -0.1484380066394806 -0.3320310115814209
v 0.46875 -0.1484380066394806 -0.3320310115814209
v -0.47460898756980896 -0.14257800579071045 -0.3320310115814209
v 0.47460898756980896 -0.14257800579071045 -0.3320310115814209
v -0.47460898756980896 0.11523400247097015 -0.3320310115814209
v 0.47460898756980896 0.11523400247097015 -0.3320310115814209
v -0.46875 0.1210940033197403 -0.3320310115814209
v -0.41601601243019104 0.1210940033197403 -0.3320310115814209
v 0.43945300579071045 0.1210940033197403 -0.3320310115814209
v 0.46875 0.1210940033197403 -0.3320310115814209
v -0.46875 0.38085898756980896 -0.3320310115814209
v -0.41601601243019104 0.38085898756980896 -0.3320310115814209
v 0.43945300579071045 0.38085898756980896 -0.3320310115814209
v 0.46875 0.38085898756980896 -0.3320310115814209
v -0.47851601243019104 0.3867189884185791 -0.3320310115814209
v 0.47460898756980896 0.3867189884185791 -0.3320310115814209
v -0.47851601243019104 0.6679689884185791 -0.3320310115814209
v 0.47460898756980896 0.6679689884185791 -0.3320310115814209
v -0.46875 0.6738280057907104 -0.3320310115814209
v -0.4414060115814209 0.6738280057907104 -0.3320310115814209
v 0.4414060115814209 0.6738280057907104 -0.3320310115814209
v 0.46875 0.6738280057907104 -0.3320310115814209
v -0.4414060115814209 -0.9394530057907104 -0.33007800579071045
v -0.31445300579071045 -0.9394530057907104 -0.33007800579071045
v 0.31445300579071045 -0.9394530057907104 -0.33007800579071045
v 0.4414060115814209 -0.9394530057907104 -0.33007800579071045
v -0.4414060115814209 -0.8710939884185791 -0.33007800579071045
v -0.31445300579071045 -0.8710939884185791 -0.33007800579071045
v 0.31445300579071045 -0.8710939884185791 -0.33007800579071045
v 0.4414060115814209 -0.8710939884185791 -0.33007800579071045
v -0.3710939884185791 -0.8554689884185791 -0.33007800579071045
v -0.31445300579071045 -0.8554689884185791 -0.33007800579071045
v 0.31445300579071045 -0.8554689884185791 -0.33007800579071045
v 0.3710939884185791 -0.8554689884185791 -0.33007800579071045
v -0.3710939884185791 -0.859375 -0.3242189884185791
v 0.3710939884185791 -0.859375 -0.3242189884185791
v -0.4453119933605194 -0.8632810115814209 -0.32226601243019104
v -0.37695300579071045 -0.8632810115814209 -0.32226601243019104
v 0.37695300579071045 -0.8632810115814209 -0.32226601243019104
v 0.4453119933605194 -0.8632810115814209 -0.32226601243019104
v -0.47460898756980896 -0.5917969942092896 -0.31054699420928955
v 0.47460898756980896 -0.5917969942092896 -0.31054699420928955
v -0.47460898756980896 -0.5605469942092896 -0.31054699420928955
v 0.47460898756980896 -0.5605469942092896 -0.31054699420928955
v -0.47460898756980896 -0.5273439884185791 -0.31054699420928955
v 0.47460898756980896 -0.5273439884185791 -0.31054699420928955
v -0.47460898756980896 -0.49414101243019104 -0.31054699420928955
v 0.47460898756980896 -0.49414101243019104 -0.31054699420928955
v -0.47460898756980896 -0.4609380066394806 -0.31054699420928955
v 0.47460898756980896 -0.4609380066394806 -0.31054699420928955
v -0.47460898756980896 -0.42773398756980896 -0.31054699420928955
v 0.47460898756980896 -0.42773398756980896 -0.31054699420928955
v -0.47460898756980896 -0.0976559966802597 -0.31054699420928955
v 0.47460898756980896 -0.0976559966802597 -0.31054699420928955
v -0.47460898756980896 -0.0664059966802597 -0.31054699420928955
v 0.47460898756980896 -0.0664059966802597 -0.31054699420928955
v -0.47460898756980896 -0.03125 -0.31054699420928955
v 0.47460898756980896 -0.03125 -0.31054699420928955
v -0.47460898756980896 0.0019529999699443579 -0.31054699420928955
v 0.47460898756980896 0.0019529999699443579 -0.31054699420928955
v -0.47460898756980896 0.037108998745679855 -0.31054699420928955
v 0.47460898756980896 0.037108998745679855 -0.31054699420928955
v -0.47460898756980896 0.0703120008111 -0.31054699420928955
v 0.47460898756980896 0.0703120008111 -0.31054699420928955
v 0.47460898756980896 0.42382800579071045 -0.31054699420928955
v 0.47460898756980896 0.46289101243019104 -0.31054699420928955
v 0.47460898756980896 0.49804699420928955 -0.31054699420928955
v 0.47460898756980896 0.5429689884185791 -0.31054699420928955
v 0.47460898756980896 0.5800780057907104 -0.31054699420928955
v 0.47460898756980896 0.6308590173721313 -0.31054699420928955
v -0.46875 -0.5859379768371582 -0.30664101243019104
v -0.4414060115814209 -0.5859379768371582 -0.30664101243019104
v 0.4414060115814209 -0.5859379768371582 -0.30664101243019104
v 0.46875 -0.5859379768371582 -0.30664101243019104
v -0.46875 -0.5664060115814209 -0.30664101243019104
v -0.4414060115814209 -0.5664060115814209 -0.30664101243019104
v 0.4414060115814209 -0.5664060115814209 -0.30664101243019104
v 0.46875 -0.5664060115814209 -0.30664101243019104
v -0.46875 -0.5214840173721313 -0.30664101243019104
v -0.4414060115814209 -0.5214840173721313 -0.30664101243019104
v 0.4414060115814209 -0.5214840173721313 -0.30664101243019104
v 0.46875 -0.5214840173721313 -0.30664101243019104
v -0.46875 -0.5 -0.30664101243019104
v -0.4414060115814209 -0.5 -0.30664101243019104
v 0.4414060115814209 -0.5 -0.30664101243019104
v 0.46875 -0.5 -0.30664101243019104
v -0.46875 -0.45507800579071045 -0.30664101243019104
v -0.4414060115814209 -0.45507800579071045 -0.30664101243019104
v 0.4414060115814209 -0.45507800579071045 -0.30664101243019104
v 0.46875 -0.45507800579071045 -0.30664101243019104
v -0.46875 -0.4335939884185791 -0.30664101243019104
v -0.4414060115814209 -0.4335939884185791 -0.30664101243019104
v 0.4414060115814209 -0.4335939884185791 -0.30664101243019104
v 0.46875 -0.4335939884185791 -0.30664101243019104
v -0.46875 -0.09179700165987015 -0.30664101243019104
v -0.4414060115814209 -0.09179700165987015 -0.30664101243019104
v 0.4414060115814209 -0.09179700165987015 -0.30664101243019104
v 0.46875 -0.09179700165987015 -0.30664101243019104
v -0.46875 -0.0703120008111 -0.30664101243019104
v -0.4414060115814209 -0.0703120008111 -0.30664101243019104
v 0.4414060115814209 -0.0703120008111 -0.30664101243019104
v 0.46875 -0.0703120008111 -0.30664101243019104
v -0.46875 -0.023437999188899994 -0.30664101243019104
v -0.4414060115814209 -0.023437999188899994 -0.30664101243019104
v 0.4414060115814209 -0.023437999188899994 -0.30664101243019104
v 0.46875 -0.023437999188899994 -0.30664101243019104
v -0.46875 -0.0019529999699443579 -0.30664101243019104
v -0.4414060115814209 -0.0019529999699443579 -0.30664101243019104
v 0.4414060115814209 -0.0019529999699443579 -0.30664101243019104
v 0.46875 -0.0019529999699443579 -0.30664101243019104
v -0.46875 0.04492200165987015 -0.30664101243019104
v -0.4414060115814209 0.04492200165987015 -0.30664101243019104
v 0.4414060115814209 0.04492200165987015 -0.30664101243019104
v 0.46875 0.04492200165987015 -0.30664101243019104
v -0.46875 0.0664059966802597 -0.30664101243019104
v -0.4414060115814209 0.0664059966802597 -0.30664101243019104
v 0.4414060115814209 0.0664059966802597 -0.30664101243019104
v 0.46875 0.0664059966802597 -0.30664101243019104
v 0.4414060115814209 0.4296880066394806 -0.30664101243019104
v 0.46875 0.4296880066394806 -0.30664101243019104
v 0.4414060115814209 0.45898398756980896 -0.30664101243019104
v 0.46875 0.45898398756980896 -0.30664101243019104
v 0.4414060115814209 0.5039060115814209 -0.30664101243019104
v 0.46875 0.5039060115814209 -0.30664101243019104
v 0.4414060115814209 0.5390620231628418 -0.30664101243019104
v 0.46875 0.5390620231628418 -0.30664101243019104
v 0.4414060115814209 0.5859379768371582 -0.30664101243019104
v 0.46875 0.5859379768371582 -0.30664101243019104
v 0.4414060115814209 0.625 -0.30664101243019104
v 0.46875 0.625 -0.30664101243019104
v -0.47851601243019104 0.5214840173721313 -0.125
v -0.47851601243019104 0.6503909826278687 -0.125
v -0.4726560115814209 0.5253909826278687 -0.1210940033197403
v -0.4726560115814209 0.6464840173721313 -0.1210940033197403
v -0.46289101243019104 0.5800780057907104 -0.09570299834012985
v -0.46289101243019104 0.640625 -0.09570299834012985
v -0.4726560115814209 0.5839840173721313 -0.09179700165987015
v -0.4726560115814209 0.6464840173721313 -0.09179700165987015
v -0.41601601243019104 -0.375 0.0820309966802597
v -0.41601601243019104 -0.1484380066394806 0.0820309966802597
v -0.41601601243019104 0.1210940033197403 0.0820309966802597
v -0.41601601243019104 0.38085898756980896 0.0820309966802597
v -0.46875 -0.5859379768371582 0.09375
v -0.4414060115814209 -0.5859379768371582 0.09375
v 0.4414060115814209 -0.5859379768371582 0.09375
v 0.46875 -0.5859379768371582 0.09375
v -0.46875 -0.5664060115814209 0.09375
v -0.4414060115814209 -0.5664060115814209 0.09375
v 0.4414060115814209 -0.5664060115814209 0.09375
v 0.46875 -0.5664060115814209 0.09375
v -0.46875 -0.5214840173721313 0.09375
v -0.4414060115814209 -0.5214840173721313 0.09375
v 0.4414060115814209 -0.5214840173721313 0.09375
v 0.46875 -0.5214840173721313 0.09375
v -0.46875 -0.5 0.09375
v -0.4414060115814209 -0.5 0.09375
v 0.4414060115814209 -0.5 0.09375
v 0.46875 -0.5 0.09375
v -0.46875 -0.45507800579071045 0.09375
v -0.4414060115814209 -0.45507800579071045 0.09375
v 0.4414060115814209 -0.45507800579071045 0.09375
v 0.46875 -0.45507800579071045 0.09375
v -0.46875 -0.4335939884185791 0.09375
v -0.4414060115814209 -0.4335939884185791 0.09375
v 0.4414060115814209 -0.4335939884185791 0.09375
v 0.46875 -0.4335939884185791 0.09375
v -0.46875 -0.09179700165987015 0.09375
v -0.4414060115814209 -0.09179700165987015 0.09375
v 0.4414060115814209 -0.09179700165987015 0.09375
v 0.46875 -0.09179700165987015 0.09375
v -0.46875 -0.0703120008111 0.09375
v -0.4414060115814209 -0.0703120008111 0.09375
v 0.4414060115814209 -0.0703120008111 0.09375
v 0.46875 -0.0703120008111 0.09375
v -0.46875 -0.023437999188899994 0.09375
v -0.4414060115814209 -0.023437999188899994 0.09375
v 0.4414060115814209 -0.023437999188899994 0.09375
v 0.46875 -0.023437999188899994 0.09375
v -0.46875 -0.0019529999699443579 0.09375
v -0.4414060115814209 -0.0019529999699443579 0.09375
v 0.4414060115814209 -0.0019529999699443579 0.09375
v 0.46875 -0.0019529999699443579 0.09375
v -0.46875 0.04492200165987015 0.09375
v -0.4414060115814209 0.04492200165987015 0.09375
v 0.4414060115814209 0.04492200165987015 0.09375
v 0.46875 0.04492200165987015 0.09375
v -0.46875 0.0664059966802597 0.09375
v -0.4414060115814209 0.0664059966802597 0.09375
v 0.4414060115814209 0.0664059966802597 0.09375
v 0.46875 0.0664059966802597 0.09375
v 0.4414060115814209 0.4296880066394806 0.09375
v 0.46875 0.4296880066394806 0.09375
v 0.4414060115814209 0.45898398756980896 0.09375
v 0.46875 0.45898398756980896 0.09375
v 0.4414060115814209 0.5039060115814209 0.09375
v 0.46875 0.5039060115814209 0.09375
v 0.4414060115814209 0.5390620231628418 0.09375
v 0.46875 0.5390620231628418 0.09375
v -0.46289101243019104 0.5800780057907104 0.09375
v -0.4726560115814209 0.5839840173721313 0.09375
v 0.4414060115814209 0.5859379768371582 0.09375
v 0.46875 0.5859379768371582 0.09375
v 0.4414060115814209 0.625 0.09375
v 0.46875 0.625 0.09375
v -0.46289101243019104 0.640625 0.09375
v -0.4726560115814209 0.6464840173721313 0.09375
v -0.4453119933605194 -0.7050780057907104 0.0976559966802597
v 0.4453119933605194 -0.7050780057907104 0.0976559966802597
v -0.4414060115814209 -0.6425780057907104 0.0976559966802597
v 0.4414060115814209 -0.6425780057907104 0.0976559966802597
v -0.47460898756980896 -0.5917969942092896 0.0976559966802597
v 0.47460898756980896 -0.5917969942092896 0.0976559966802597
v -0.47460898756980896 -0.5605469942092896 0.0976559966802597
v 0.47460898756980896 -0.5605469942092896 0.0976559966802597
v -0.47460898756980896 -0.5273439884185791 0.0976559966802597
v 0.47460898756980896 -0.5273439884185791 0.0976559966802597
v -0.47460898756980896 -0.49414101243019104 0.0976559966802597
v 0.47460898756980896 -0.49414101243019104 0.0976559966802597
v -0.47460898756980896 -0.4609380066394806 0.0976559966802597
v 0.47460898756980896 -0.4609380066394806 0.0976559966802597
v -0.47460898756980896 -0.42773398756980896 0.0976559966802597
v 0.47460898756980896 -0.42773398756980896 0.0976559966802597
v 0.43945300579071045 -0.375 0.0976559966802597
v 0.43945300579071045 -0.1484380066394806 0.0976559966802597
v -0.4758720099925995 -0.0976559966802597 0.0976559966802597
v 0.4760090112686157 -0.0976559966802597 0.0976559966802597
v -0.47460898756980896 -0.0664059966802597 0.0976559966802597
v 0.47460898756980896 -0.0664059966802597 0.0976559966802597
v -0.47460898756980896 -0.03125 0.0976559966802597
v 0.47460898756980896 -0.03125 0.0976559966802597
v -0.47460898756980896 0.0019529999699443579 0.0976559966802597
v 0.47460898756980896 0.0019529999699443579 0.0976559966802597
v -0.47460898756980896 0.037108998745679855 0.0976559966802597
v 0.47460898756980896 0.037108998745679855 0.0976559966802597
v -0.47460898756980896 0.0703120008111 0.0976559966802597
v 0.47460898756980896 0.0703120008111 0.0976559966802597
v 0.43945300579071045 0.1210940033197403 0.0976559966802597
v 0.43945300579071045 0.38085898756980896 0.0976559966802597
v 0.47460898756980896 0.42382800579071045 0.0976559966802597
v 0.47460898756980896 0.46289101243019104 0.0976559966802597
v 0.47460898756980896 0.49804699420928955 0.0976559966802597
v 0.47460898756980896 0.5429689884185791 0.0976559966802597
v 0.47460898756980896 0.5800780057907104 0.0976559966802597
v 0.47460898756980896 0.6308590173721313 0.0976559966802597
v -0.4414060115814209 0.6738280057907104 0.0976559966802597
v 0.4414060115814209 0.6738280057907104 0.0976559966802597
v -0.4453119933605194 0.796875 0.0976559966802597
v 0.4453119933605194 0.796875 0.0976559966802597
v -0.4726560115814209 0.5253909826278687 0.1015620008111
v -0.4726560115814209 0.6464840173721313 0.1015620008111
v -0.47851601243019104 0.5214840173721313 0.1054690033197403
v -0.47851601243019104 0.6503909826278687 0.1054690033197403
v -0.46875 -0.6425780057907104 0.11914099752902985
v -0.45507800579071045 -0.6425780057907104 0.11914099752902985
v 0.45507800579071045 -0.6425780057907104 0.11914099752902985
v 0.46875 -0.6425780057907104 0.11914099752902985
v -0.47460898756980896 -0.6367189884185791 0.11914099752902985
v 0.47460898756980896 -0.6367189884185791 0.11914099752902985
v -0.47460898756980896 -0.38085898756980896 0.11914099752902985
v 0.47460898756980896 -0.38085898756980896 0.11914099752902985
v -0.46875 -0.375 0.11914099752902985
v -0.45507800579071045 -0.375 0.11914099752902985
v 0.45507800579071045 -0.375 0.11914099752902985
v 0.46875 -0.375 0.11914099752902985
v -0.46875 -0.1484380066394806 0.11914099752902985
v -0.45507800579071045 -0.1484380066394806 0.11914099752902985
v 0.45507800579071045 -0.1484380066394806 0.11914099752902985
v 0.46875 -0.1484380066394806 0.11914099752902985
v -0.4751180112361908 -0.14257800579071045 0.11914099752902985
v 0.47528499364852905 -0.14257800579071045 0.11914099752902985
v -0.47460898756980896 0.11523400247097015 0.11914099752902985
v 0.47460898756980896 0.11523400247097015 0.11914099752902985
v -0.46875 0.1210940033197403 0.11914099752902985
v -0.45507800579071045 0.1210940033197403 0.11914099752902985
v 0.45507800579071045 0.1210940033197403 0.11914099752902985
v 0.46875 0.1210940033197403 0.11914099752902985
v -0.46875 0.38085898756980896 0.11914099752902985
v -0.45507800579071045 0.38085898756980896 0.11914099752902985
v 0.45507800579071045 0.38085898756980896 0.11914099752902985
v 0.46875 0.38085898756980896 0.11914099752902985
v -0.47851601243019104 0.3867189884185791 0.11914099752902985
v 0.47460898756980896 0.3867189884185791 0.11914099752902985
v -0.47851601243019104 0.6679689884185791 0.11914099752902985
v 0.47460898756980896 0.6679689884185791 0.11914099752902985
v -0.46875 0.6738280057907104 0.11914099752902985
v -0.45507800579071045 0.6738280057907104 0.11914099752902985
v 0.45507800579071045 0.6738280057907104 0.11914099752902985
v 0.46875 0.6738280057907104 0.11914099752902985
v -0.45898398756980896 -0.7011719942092896 0.12304700165987015
v 0.45898398756980896 -0.7011719942092896 0.12304700165987015
v -0.49414101243019104 -0.6972659826278687 0.12304700165987015
v 0.49414101243019104 -0.6972659826278687 0.12304700165987015
v -0.49414101243019104 0.7890620231628418 0.12304700165987015
v 0.49414101243019104 0.7890620231628418 0.12304700165987015
v -0.45898398756980896 0.7929689884185791 0.12304700165987015
v 0.45898398756980896 0.7929689884185791 0.12304700165987015
v -0.47460898756980896 -0.6269530057907104 0.1328119933605194
v 0.47460898756980896 -0.6269530057907104 0.1328119933605194
v -0.47460898756980896 -0.3867189884185791 0.1328119933605194
v 0.47460898756980896 -0.3867189884185791 0.1328119933605194
v -0.4758720099925995 -0.1328119933605194 0.1328119933605194
v 0.4760090112686157 -0.1328119933605194 0.1328119933605194
v -0.47460898756980896 0.10742200165987015 0.1328119933605194
v 0.47460898756980896 0.10742200165987015 0.1328119933605194
v -0.47851601243019104 0.39648398756980896 0.1328119933605194
v 0.47460898756980896 0.39648398756980896 0.1328119933605194
v -0.47851601243019104 0.6601560115814209 0.1328119933605194
v 0.47460898756980896 0.6601560115814209 0.1328119933605194
v -0.46875 -0.6308590173721313 0.1367190033197403
v -0.45507800579071045 -0.6308590173721313 0.1367190033197403
v 0.45507800579071045 -0.6308590173721313 0.1367190033197403
v 0.46875 -0.6308590173721313 0.1367190033197403
v -0.46875 -0.3828119933605194 0.1367190033197403
v -0.45507800579071045 -0.3828119933605194 0.1367190033197403
v 0.45507800579071045 -0.3828119933605194 0.1367190033197403
v 0.46875 -0.3828119933605194 0.1367190033197403
v -0.46875 -0.13476599752902985 0.1367190033197403
v -0.45507800579071045 -0.13476599752902985 0.1367190033197403
v 0.45507800579071045 -0.13476599752902985 0.1367190033197403
v 0.46875 -0.13476599752902985 0.1367190033197403
v -0.46875 0.11132799834012985 0.1367190033197403
v -0.45507800579071045 0.11132799834012985 0.1367190033197403
v 0.45507800579071045 0.11132799834012985 0.1367190033197403
v 0.46875 0.11132799834012985 0.1367190033197403
v -0.46875 0.39257800579071045 0.1367190033197403
v -0.45507800579071045 0.39257800579071045 0.1367190033197403
v 0.45507800579071045 0.39257800579071045 0.1367190033197403
v 0.46875 0.39257800579071045 0.1367190033197403
v -0.46875 0.6640620231628418 0.1367190033197403
v -0.45507800579071045 0.6640620231628418 0.1367190033197403
v 0.45507800579071045 0.6640620231628418 0.1367190033197403
v 0.46875 0.6640620231628418 0.1367190033197403
v -0.47460898756980896 -0.6152340173721313 0.13867199420928955
v 0.47460898756980896 -0.6152340173721313 0.13867199420928955
v -0.47460898756980896 -0.3945310115814209 0.13867199420928955
v 0.47460898756980896 -0.3945310115814209 0.13867199420928955
v -0.47536298632621765 -0.1210940033197403 0.13867199420928955
v 0.47533300518989563 -0.1210940033197403 0.13867199420928955
v -0.47460898756980896 0.0976559966802597 0.13867199420928955
v 0.47460898756980896 0.0976559966802597 0.13867199420928955
v 0.47460898756980896 0.40625 0.13867199420928955
v -0.47851601243019104 0.40820300579071045 0.13867199420928955
v -0.47851601243019104 0.6484379768371582 0.13867199420928955
v 0.47460898756980896 0.6484379768371582 0.13867199420928955
v -0.46875 -0.6152340173721313 0.1445309966802597
v -0.45507800579071045 -0.6152340173721313 0.1445309966802597
v 0.45507800579071045 -0.6152340173721313 0.1445309966802597
v 0.46875 -0.6152340173721313 0.1445309966802597
v -0.46875 -0.3945310115814209 0.1445309966802597
v -0.45507800579071045 -0.3945310115814209 0.1445309966802597
v 0.45507800579071045 -0.3945310115814209 0.1445309966802597
v 0.46875 -0.3945310115814209 0.1445309966802597
v -0.46875 -0.1210940033197403 0.1445309966802597
v -0.45507800579071045 -0.1210940033197403 0.1445309966802597
v 0.45507800579071045 -0.1210940033197403 0.1445309966802597
v 0.46875 -0.1210940033197403 0.1445309966802597
v -0.46875 0.0976559966802597 0.1445309966802597
v -0.45507800579071045 0.0976559966802597 0.1445309966802597
v 0.45507800579071045 0.0976559966802597 0.1445309966802597
v 0.46875 0.0976559966802597 0.1445309966802597
v -0.46875 0.40625 0.1445309966802597
v -0.45507800579071045 0.40625 0.1445309966802597
v 0.45507800579071045 0.40625 0.1445309966802597
v 0.46875 0.40625 0.1445309966802597
v -0.46875 0.6503909826278687 0.1445309966802597
v -0.45507800579071045 0.6503909826278687 0.1445309966802597
v 0.45507800579071045 0.6503909826278687 0.1445309966802597
v 0.46875 0.6503909826278687 0.1445309966802597
v -0.4453119933605194 -0.8632810115814209 0.2929689884185791
v -0.37695300579071045 -0.8632810115814209 0.2929689884185791
v 0.37695300579071045 -0.8632810115814209 0.2929689884185791
v 0.4453119933605194 -0.8632810115814209 0.2929689884185791
v -0.3710939884185791 -0.859375 0.29492199420928955
v 0.3710939884185791 -0.859375 0.29492199420928955
v -0.4414060115814209 -0.9394530057907104 0.3007810115814209
v -0.31445300579071045 -0.9394530057907104 0.3007810115814209
v 0.31445300579071045 -0.9394530057907104 0.3007810115814209
v 0.4414060115814209 -0.9394530057907104 0.3007810115814209
v -0.4414060115814209 -0.8710939884185791 0.3007810115814209
v -0.31445300579071045 -0.8710939884185791 0.3007810115814209
v 0.31445300579071045 -0.8710939884185791 0.3007810115814209
v 0.4414060115814209 -0.8710939884185791 0.3007810115814209
v -0.3710939884185791 -0.8554689884185791 0.3007810115814209
v -0.31445300579071045 -0.8554689884185791 0.3007810115814209
v 0.31445300579071045 -0.8554689884185791 0.3007810115814209
v 0.3710939884185791 -0.8554689884185791 0.3007810115814209
v -0.43554699420928955 -0.9492189884185791 0.3085939884185791
v -0.31835898756980896 -0.9492189884185791 0.3085939884185791
v 0.31835898756980896 -0.9492189884185791 0.3085939884185791
v 0.43554699420928955 -0.9492189884185791 0.3085939884185791
v -0.46679699420928955 -0.8632810115814209 0.31445300579071045
v 0.46679699420928955 -0.8632810115814209 0.31445300579071045
v -0.45898398756980896 -0.9394530057907104 0.31835898756980896
v -0.296875 -0.9394530057907104 0.31835898756980896
v 0.296875 -0.9394530057907104 0.31835898756980896
v 0.45898398756980896 -0.9394530057907104 0.31835898756980896
v -0.45898398756980896 -0.8710939884185791 0.31835898756980896
v -0.296875 -0.8710939884185791 0.31835898756980896
v 0.296875 -0.8710939884185791 0.31835898756980896
v 0.45898398756980896 -0.8710939884185791 0.31835898756980896
v -0.296875 -0.8554689884185791 0.31835898756980896
v 0.296875 -0.8554689884185791 0.31835898756980896
v -0.4492189884185791 -0.9492189884185791 0.3242189884185791
v -0.3046880066394806 -0.9492189884185791 0.3242189884185791
v 0.3046880066394806 -0.9492189884185791 0.3242189884185791
v 0.4492189884185791 -0.9492189884185791 0.3242189884185791
v -0.36523398756980896 0.9179689884185791 0.3320310115814209
v 0.36523398756980896 0.9179689884185791 0.3320310115814209
v -0.45898398756980896 -0.7011719942092896 0.33398398756980896
v 0.45898398756980896 -0.7011719942092896 0.33398398756980896
v -0.49414101243019104 -0.6972659826278687 0.33398398756980896
v 0.49414101243019104 -0.6972659826278687 0.33398398756980896
v -0.49414101243019104 0.7890620231628418 0.33398398756980896
v 0.49414101243019104 0.7890620231628418 0.33398398756980896
v -0.45898398756980896 0.7929689884185791 0.33398398756980896
v 0.45898398756980896 0.7929689884185791 0.33398398756980896
v -0.36523398756980896 -0.8320310115814209 0.3359380066394806
v 0.36523398756980896 -0.8320310115814209 0.3359380066394806
v -0.36914101243019104 0.921875 0.3359380066394806
v 0.36914101243019104 0.921875 0.3359380066394806
v -0.3710939884185791 -0.8554689884185791 0.3398439884185791
v -0.35742199420928955 -0.8554689884185791 0.3398439884185791
v -0.296875 -0.8554689884185791 0.3398439884185791
v 0.296875 -0.8554689884185791 0.3398439884185791
v 0.35742199420928955 -0.8554689884185791 0.3398439884185791
v 0.3710939884185791 -0.8554689884185791 0.3398439884185791
v -0.5078120231628418 -0.7148439884185791 0.3398439884185791
v 0.5078120231628418 -0.7148439884185791 0.3398439884185791
v -0.45898398756980896 -0.6953120231628418 0.3398439884185791
v 0.45898398756980896 -0.6953120231628418 0.3398439884185791
v -0.49414101243019104 -0.6914060115814209 0.3398439884185791
v 0.49414101243019104 -0.6914060115814209 0.3398439884185791
v -0.49414101243019104 0.78125 0.3398439884185791
v 0.49414101243019104 0.78125 0.3398439884185791
v -0.45898398756980896 0.7871090173721313 0.3398439884185791
v 0.45898398756980896 0.7871090173721313 0.3398439884185791
v -0.5078120231628418 0.8027340173721313 0.3398439884185791
v 0.5078120231628418 0.8027340173721313 0.3398439884185791
v -0.37304699420928955 0.9472659826278687 0.3398439884185791
v 0.37304699420928955 0.9472659826278687 0.3398439884185791
v -0.29101601243019104 -0.859375 0.34179699420928955
v 0.29101601243019104 -0.859375 0.34179699420928955
v -0.5117189884185791 -0.7207030057907104 0.34570300579071045
v 0.5117189884185791 -0.7207030057907104 0.34570300579071045
v -0.5117189884185791 0.8085939884185791 0.34570300579071045
v 0.5117189884185791 0.8085939884185791 0.34570300579071045
v -0.3789060115814209 0.9492189884185791 0.34570300579071045
v 0.3789060115814209 0.9492189884185791 0.34570300579071045
v -0.2890619933605194 -0.8632810115814209 0.3476560115814209
v 0.2890619933605194 -0.8632810115814209 0.3476560115814209
v -0.3632810115814209 -0.7207030057907104 0.39257800579071045
v 0.3632810115814209 -0.7207030057907104 0.39257800579071045
v -0.3671880066394806 -0.7167969942092896 0.39257800579071045
v 0.3671880066394806 -0.7167969942092896 0.39257800579071045
v -0.3671880066394806 -0.7070310115814209 0.39257800579071045
v 0.3671880066394806 -0.7070310115814209 0.39257800579071045
v -0.3320310115814209 -0.7011719942092896 0.39257800579071045
v 0.3320310115814209 -0.7011719942092896 0.39257800579071045
v -0.34375 -0.6914060115814209 0.39257800579071045
v 0.34375 -0.6914060115814209 0.39257800579071045
v -0.3671880066394806 -0.484375 0.39257800579071045
v -0.34375 -0.484375 0.39257800579071045
v 0.34375 -0.484375 0.39257800579071045
v 0.3671880066394806 -0.484375 0.39257800579071045
v -0.3320310115814209 -0.47460898756980896 0.39257800579071045
v 0.3320310115814209 -0.47460898756980896 0.39257800579071045
v -0.3671880066394806 -0.4492189884185791 0.39257800579071045
v -0.3320310115814209 -0.4492189884185791 0.39257800579071045
v 0.3320310115814209 -0.4492189884185791 0.39257800579071045
v 0.3671880066394806 -0.4492189884185791 0.39257800579071045
v -0.34375 -0.43945300579071045 0.39257800579071045
v 0.34375 -0.43945300579071045 0.39257800579071045
v -0.3671880066394806 -0.23632800579071045 0.39257800579071045
v -0.34375 -0.23632800579071045 0.39257800579071045
v 0.34375 -0.23632800579071045 0.39257800579071045
v 0.3671880066394806 -0.23632800579071045 0.39257800579071045
v -0.3320310115814209 -0.2265619933605194 0.39257800579071045
v 0.3320310115814209 -0.2265619933605194 0.39257800579071045
v -0.3671880066394806 -0.20117199420928955 0.39257800579071045
v -0.3320310115814209 -0.20117199420928955 0.39257800579071045
v 0.3320310115814209 -0.20117199420928955 0.39257800579071045
v 0.3671880066394806 -0.20117199420928955 0.39257800579071045
v -0.34375 -0.1914059966802597 0.39257800579071045
v 0.34375 -0.1914059966802597 0.39257800579071045
v -0.3671880066394806 0.019531000405550003 0.39257800579071045
v -0.34375 0.019531000405550003 0.39257800579071045
v 0.34375 0.019531000405550003 0.39257800579071045
v 0.3671880066394806 0.019531000405550003 0.39257800579071045
v -0.3320310115814209 0.029296999797225 0.39257800579071045
v 0.3320310115814209 0.029296999797225 0.39257800579071045
v -0.3671880066394806 0.054687999188899994 0.39257800579071045
v -0.3320310115814209 0.054687999188899994 0.39257800579071045
v 0.3320310115814209 0.054687999188899994 0.39257800579071045
v 0.3671880066394806 0.054687999188899994 0.39257800579071045
v -0.34375 0.06445299834012985 0.39257800579071045
v 0.34375 0.06445299834012985 0.39257800579071045
v -0.3671880066394806 0.27148398756980896 0.39257800579071045
v -0.34375 0.27148398756980896 0.39257800579071045
v 0.34375 0.27148398756980896 0.39257800579071045
v 0.3671880066394806 0.27148398756980896 0.39257800579071045
v -0.3320310115814209 0.28125 0.39257800579071045
v 0.3320310115814209 0.28125 0.39257800579071045
v -0.3671880066394806 0.30664101243019104 0.39257800579071045
v -0.3320310115814209 0.30664101243019104 0.39257800579071045
v 0.3320310115814209 0.30664101243019104 0.39257800579071045
v 0.3671880066394806 0.30664101243019104 0.39257800579071045
v -0.34375 0.3164060115814209 0.39257800579071045
v 0.34375 0.3164060115814209 0.39257800579071045
v -0.3671880066394806 0.5390620231628418 0.39257800579071045
v -0.34375 0.5390620231628418 0.39257800579071045
v 0.34375 0.5390620231628418 0.39257800579071045
v 0.3671880066394806 0.5390620231628418 0.39257800579071045
v -0.3320310115814209 0.546875 0.39257800579071045
v 0.3320310115814209 0.546875 0.39257800579071045
v -0.3671880066394806 0.5722659826278687 0.39257800579071045
v -0.3320310115814209 0.5722659826278687 0.39257800579071045
v 0.3320310115814209 0.5722659826278687 0.39257800579071045
v 0.3671880066394806 0.5722659826278687 0.39257800579071045
v -0.34375 0.5820310115814209 0.39257800579071045
v 0.34375 0.5820310115814209 0.39257800579071045
v -0.3671880066394806 0.7949219942092896 0.39257800579071045
v -0.34375 0.7949219942092896 0.39257800579071045
v 0.34375 0.7949219942092896 0.39257800579071045
v 0.3671880066394806 0.7949219942092896 0.39257800579071045
v -0.3320310115814209 0.8046879768371582 0.39257800579071045
v 0.3320310115814209 0.8046879768371582 0.39257800579071045
v -0.3671880066394806 0.8125 0.39257800579071045
v 0.3671880066394806 0.8125 0.39257800579071045
v -0.3671880066394806 -0.6601560115814209 0.40625
v -0.35351601243019104 -0.6601560115814209 0.40625
v 0.35351601243019104 -0.6601560115814209 0.40625
v 0.3671880066394806 -0.6601560115814209 0.40625
v -0.3671880066394806 -0.5136719942092896 0.40625
v -0.35351601243019104 -0.5136719942092896 0.40625
v 0.35351601243019104 -0.5136719942092896 0.40625
v 0.3671880066394806 -0.5136719942092896 0.40625
v -0.3671880066394806 -0.4023439884185791 0.40625
v -0.35351601243019104 -0.4023439884185791 0.40625
v 0.35351601243019104 -0.4023439884185791 0.40625
v 0.3671880066394806 -0.4023439884185791 0.40625
v -0.3671880066394806 -0.265625 0.40625
v -0.35351601243019104 -0.265625 0.40625
v 0.35351601243019104 -0.265625 0.40625
v 0.3671880066394806 -0.265625 0.40625
v -0.3671880066394806 -0.15039099752902985 0.40625
v -0.35351601243019104 -0.15039099752902985 0.40625
v 0.35351601243019104 -0.15039099752902985 0.40625
v 0.3671880066394806 -0.15039099752902985 0.40625
v -0.3671880066394806 -0.011718999594449997 0.40625
v -0.35351601243019104 -0.011718999594449997 0.40625
v 0.35351601243019104 -0.011718999594449997 0.40625
v 0.3671880066394806 -0.011718999594449997 0.40625
v -0.3671880066394806 0.1015620008111 0.40625
v -0.35351601243019104 0.1015620008111 0.40625
v 0.35351601243019104 0.1015620008111 0.40625
v 0.3671880066394806 0.1015620008111 0.40625
v -0.3671880066394806 0.24023400247097015 0.40625
v -0.35351601243019104 0.24023400247097015 0.40625
v 0.35351601243019104 0.24023400247097015 0.40625
v 0.3671880066394806 0.24023400247097015 0.40625
v -0.3671880066394806 0.3554689884185791 0.40625
v -0.35351601243019104 0.3554689884185791 0.40625
v 0.35351601243019104 0.3554689884185791 0.40625
v 0.3671880066394806 0.3554689884185791 0.40625
v -0.3671880066394806 0.5058590173721313 0.40625
v -0.35351601243019104 0.5058590173721313 0.40625
v 0.35351601243019104 0.5058590173721313 0.40625
v 0.3671880066394806 0.5058590173721313 0.40625
v -0.3671880066394806 0.6171879768371582 0.40625
v -0.35351601243019104 0.6171879768371582 0.40625
v 0.35351601243019104 0.6171879768371582 0.40625
v 0.3671880066394806 0.6171879768371582 0.40625
v -0.3671880066394806 0.7597659826278687 0.40625
v -0.35351601243019104 0.7597659826278687 0.40625
v 0.35351601243019104 0.7597659826278687 0.40625
v 0.3671880066394806 0.7597659826278687 0.40625
v -0.5117189884185791 -0.7070310115814209 0.4140619933605194
v 0.5117189884185791 -0.7070310115814209 0.4140619933605194
v -0.2695310115814209 -0.6425780057907104 0.4140619933605194
v -0.019531000405550003 -0.6425780057907104 0.4140619933605194
v -0.2695310115814209 -0.6347659826278687 0.4140619933605194
v -0.019531000405550003 -0.6347659826278687 0.4140619933605194
v -0.2695310115814209 -0.5957030057907104 0.4140619933605194
v -0.019531000405550003 -0.5957030057907104 0.4140619933605194
v -0.2695310115814209 -0.5722659826278687 0.4140619933605194
v -0.019531000405550003 -0.5722659826278687 0.4140619933605194
v -0.2695310115814209 -0.5644530057907104 0.4140619933605194
v -0.019531000405550003 -0.5644530057907104 0.4140619933605194
v -0.2695310115814209 -0.5253909826278687 0.4140619933605194
v -0.019531000405550003 -0.5253909826278687 0.4140619933605194
v -0.2695310115814209 -0.5195310115814209 0.4140619933605194
v -0.019531000405550003 -0.5195310115814209 0.4140619933605194
v -0.2695310115814209 -0.3945310115814209 0.4140619933605194
v -0.019531000405550003 -0.3945310115814209 0.4140619933605194
v -0.2695310115814209 -0.38867199420928955 0.4140619933605194
v -0.019531000405550003 -0.38867199420928955 0.4140619933605194
v -0.2695310115814209 -0.3515619933605194 0.4140619933605194
v -0.019531000405550003 -0.3515619933605194 0.4140619933605194
v -0.2695310115814209 -0.328125 0.4140619933605194
v -0.019531000405550003 -0.328125 0.4140619933605194
v -0.2695310115814209 -0.3203119933605194 0.4140619933605194
v -0.019531000405550003 -0.3203119933605194 0.4140619933605194
v -0.2695310115814209 -0.28320300579071045 0.4140619933605194
v -0.019531000405550003 -0.28320300579071045 0.4140619933605194
v -0.2695310115814209 -0.2773439884185791 0.4140619933605194
v -0.019531000405550003 -0.2773439884185791 0.4140619933605194
v -0.2695310115814209 -0.140625 0.4140619933605194
v -0.019531000405550003 -0.140625 0.4140619933605194
v -0.2695310115814209 -0.13476599752902985 0.4140619933605194
v -0.019531000405550003 -0.13476599752902985 0.4140619933605194
v -0.2695310115814209 -0.09960900247097015 0.4140619933605194
v -0.019531000405550003 -0.09960900247097015 0.4140619933605194
v -0.2695310115814209 -0.07617200165987015 0.4140619933605194
v -0.019531000405550003 -0.07617200165987015 0.4140619933605194
v -0.2695310115814209 -0.06835900247097015 0.4140619933605194
v -0.019531000405550003 -0.06835900247097015 0.4140619933605194
v -0.2695310115814209 -0.029296999797225 0.4140619933605194
v -0.019531000405550003 -0.029296999797225 0.4140619933605194
v -0.2695310115814209 -0.023437999188899994 0.4140619933605194
v -0.019531000405550003 -0.023437999188899994 0.4140619933605194
v -0.2695310115814209 0.11914099752902985 0.4140619933605194
v -0.019531000405550003 0.11914099752902985 0.4140619933605194
v -0.2695310115814209 0.125 0.4140619933605194
v -0.019531000405550003 0.125 0.4140619933605194
v -0.2695310115814209 0.1640619933605194 0.4140619933605194
v -0.019531000405550003 0.1640619933605194 0.4140619933605194
v -0.2695310115814209 0.1875 0.4140619933605194
v -0.019531000405550003 0.1875 0.4140619933605194
v -0.2695310115814209 0.1953119933605194 0.4140619933605194
v -0.019531000405550003 0.1953119933605194 0.4140619933605194
v -0.2695310115814209 0.23242199420928955 0.4140619933605194
v -0.019531000405550003 0.23242199420928955 0.4140619933605194
v -0.2695310115814209 0.2382809966802597 0.4140619933605194
v -0.019531000405550003 0.2382809966802597 0.4140619933605194
v -0.2695310115814209 0.3515619933605194 0.4140619933605194
v -0.019531000405550003 0.3515619933605194 0.4140619933605194
v -0.2695310115814209 0.359375 0.4140619933605194
v -0.019531000405550003 0.359375 0.4140619933605194
v -0.2695310115814209 0.3945310115814209 0.4140619933605194
v -0.019531000405550003 0.3945310115814209 0.4140619933605194
v -0.2695310115814209 0.4179689884185791 0.4140619933605194
v -0.019531000405550003 0.4179689884185791 0.4140619933605194
v -0.2695310115814209 0.4257810115814209 0.4140619933605194
v -0.019531000405550003 0.4257810115814209 0.4140619933605194
v -0.2695310115814209 0.43945300579071045 0.4140619933605194
v -0.019531000405550003 0.43945300579071045 0.4140619933605194
v -0.2695310115814209 0.45898398756980896 0.4140619933605194
v -0.019531000405550003 0.45898398756980896 0.4140619933605194
v -0.2695310115814209 0.46679699420928955 0.4140619933605194
v -0.019531000405550003 0.46679699420928955 0.4140619933605194
v -0.2695310115814209 0.5019530057907104 0.4140619933605194
v -0.019531000405550003 0.5019530057907104 0.4140619933605194
v -0.2695310115814209 0.5078120231628418 0.4140619933605194
v -0.019531000405550003 0.5078120231628418 0.4140619933605194
v -0.2695310115814209 0.6289060115814209 0.4140619933605194
v -0.019531000405550003 0.6289060115814209 0.4140619933605194
v -0.2695310115814209 0.6347659826278687 0.4140619933605194
v -0.019531000405550003 0.6347659826278687 0.4140619933605194
v -0.2695310115814209 0.6738280057907104 0.4140619933605194
v -0.019531000405550003 0.6738280057907104 0.4140619933605194
v -0.2695310115814209 0.6972659826278687 0.4140619933605194
v -0.019531000405550003 0.6972659826278687 0.4140619933605194
v -0.2695310115814209 0.7050780057907104 0.4140619933605194
v -0.019531000405550003 0.7050780057907104 0.4140619933605194
v -0.2695310115814209 0.7441409826278687 0.4140619933605194
v -0.019531000405550003 0.7441409826278687 0.4140619933605194
v -0.2695310115814209 0.75 0.4140619933605194
v -0.019531000405550003 0.75 0.4140619933605194
v -0.5117189884185791 0.8066409826278687 0.4140619933605194
v 0.5117189884185791 0.8066409826278687 0.4140619933605194
v -0.3320310115814209 -0.7011719942092896 0.41992199420928955
v 0.3320310115814209 -0.7011719942092896 0.41992199420928955
v -0.34375 -0.6914060115814209 0.41992199420928955
v 0.34375 -0.6914060115814209 0.41992199420928955
v -0.2695310115814209 -0.6425780057907104 0.41992199420928955
v -0.019531000405550003 -0.6425780057907104 0.41992199420928955
v -0.2695310115814209 -0.6347659826278687 0.41992199420928955
v -0.019531000405550003 -0.6347659826278687 0.41992199420928955
v -0.2695310115814209 -0.5957030057907104 0.41992199420928955
v -0.019531000405550003 -0.5957030057907104 0.41992199420928955
v -0.2695310115814209 -0.5722659826278687 0.41992199420928955
v -0.019531000405550003 -0.5722659826278687 0.41992199420928955
v -0.2695310115814209 -0.5644530057907104 0.41992199420928955
v -0.019531000405550003 -0.5644530057907104 0.41992199420928955
v -0.2695310115814209 -0.5253909826278687 0.41992199420928955
v -0.019531000405550003 -0.5253909826278687 0.41992199420928955
v -0.2695310115814209 -0.5195310115814209 0.41992199420928955
v -0.019531000405550003 -0.5195310115814209 0.41992199420928955
v -0.34375 -0.484375 0.41992199420928955
v 0.34375 -0.484375 0.41992199420928955
v -0.3320310115814209 -0.47460898756980896 0.41992199420928955
v 0.3320310115814209 -0.47460898756980896 0.41992199420928955
v -0.3320310115814209 -0.4492189884185791 0.41992199420928955
v 0.3320310115814209 -0.4492189884185791 0.41992199420928955
v -0.34375 -0.43945300579071045 0.41992199420928955
v 0.34375 -0.43945300579071045 0.41992199420928955
v -0.2695310115814209 -0.3945310115814209 0.41992199420928955
v -0.019531000405550003 -0.3945310115814209 0.41992199420928955
v -0.2695310115814209 -0.38867199420928955 0.41992199420928955
v -0.019531000405550003 -0.38867199420928955 0.41992199420928955
v -0.2695310115814209 -0.3515619933605194 0.41992199420928955
v -0.019531000405550003 -0.3515619933605194 0.41992199420928955
v -0.2695310115814209 -0.328125 0.41992199420928955
v -0.019531000405550003 -0.328125 0.41992199420928955
v -0.2695310115814209 -0.3203119933605194 0.41992199420928955
v -0.019531000405550003 -0.3203119933605194 0.41992199420928955
v -0.2695310115814209 -0.28320300579071045 0.41992199420928955
v -0.019531000405550003 -0.28320300579071045 0.41992199420928955
v -0.2695310115814209 -0.2773439884185791 0.41992199420928955
v -0.019531000405550003 -0.2773439884185791 0.41992199420928955
v -0.34375 -0.23632800579071045 0.41992199420928955
v 0.34375 -0.23632800579071045 0.41992199420928955
v -0.3320310115814209 -0.2265619933605194 0.41992199420928955
v 0.3320310115814209 -0.2265619933605194 0.41992199420928955
v -0.3320310115814209 -0.20117199420928955 0.41992199420928955
v 0.3320310115814209 -0.20117199420928955 0.41992199420928955
v -0.34375 -0.1914059966802597 0.41992199420928955
v 0.34375 -0.1914059966802597 0.41992199420928955
v -0.2695310115814209 -0.140625 0.41992199420928955
v -0.019531000405550003 -0.140625 0.41992199420928955
v -0.2695310115814209 -0.13476599752902985 0.41992199420928955
v -0.019531000405550003 -0.13476599752902985 0.41992199420928955
v -0.2695310115814209 -0.09960900247097015 0.41992199420928955
v -0.019531000405550003 -0.09960900247097015 0.41992199420928955
v -0.2695310115814209 -0.07617200165987015 0.41992199420928955
v -0.019531000405550003 -0.07617200165987015 0.41992199420928955
v -0.2695310115814209 -0.06835900247097015 0.41992199420928955
v -0.019531000405550003 -0.06835900247097015 0.41992199420928955
v -0.2695310115814209 -0.029296999797225 0.41992199420928955
v -0.019531000405550003 -0.029296999797225 0.41992199420928955
v -0.2695310115814209 -0.023437999188899994 0.41992199420928955
v -0.019531000405550003 -0.023437999188899994 0.41992199420928955
v -0.34375 0.019531000405550003 0.41992199420928955
v 0.34375 0.019531000405550003 0.41992199420928955
v -0.3320310115814209 0.029296999797225 0.41992199420928955
v 0.3320310115814209 0.029296999797225 0.41992199420928955
v -0.3320310115814209 0.05859399959445 0.41992199420928955
v 0.3320310115814209 0.05859399959445 0.41992199420928955
v -0.34375 0.06835900247097015 0.41992199420928955
v 0.34375 0.06835900247097015 0.41992199420928955
v -0.2695310115814209 0.11914099752902985 0.41992199420928955
v -0.019531000405550003 0.11914099752902985 0.41992199420928955
v -0.2695310115814209 0.125 0.41992199420928955
v -0.019531000405550003 0.125 0.41992199420928955
v -0.2695310115814209 0.1640619933605194 0.41992199420928955
v -0.019531000405550003 0.1640619933605194 0.41992199420928955
v -0.2695310115814209 0.1875 0.41992199420928955
v -0.019531000405550003 0.1875 0.41992199420928955
v -0.2695310115814209 0.1953119933605194 0.41992199420928955
v -0.019531000405550003 0.1953119933605194 0.41992199420928955
v -0.2695310115814209 0.23242199420928955 0.41992199420928955
v -0.019531000405550003 0.23242199420928955 0.41992199420928955
v -0.2695310115814209 0.2382809966802597 0.41992199420928955
v -0.019531000405550003 0.2382809966802597 0.41992199420928955
v -0.34375 0.27148398756980896 0.41992199420928955
v 0.34375 0.27148398756980896 0.41992199420928955
v -0.3320310115814209 0.28125 0.41992199420928955
v 0.3320310115814209 0.28125 0.41992199420928955
v -0.3320310115814209 0.30664101243019104 0.41992199420928955
v 0.3320310115814209 0.30664101243019104 0.41992199420928955
v -0.34375 0.3164060115814209 0.41992199420928955
v 0.34375 0.3164060115814209 0.41992199420928955
v -0.2695310115814209 0.3515619933605194 0.41992199420928955
v -0.019531000405550003 0.3515619933605194 0.41992199420928955
v -0.2695310115814209 0.359375 0.41992199420928955
v -0.019531000405550003 0.359375 0.41992199420928955
v -0.2695310115814209 0.3945310115814209 0.41992199420928955
v -0.019531000405550003 0.3945310115814209 0.41992199420928955
v -0.2695310115814209 0.4179689884185791 0.41992199420928955
v -0.019531000405550003 0.4179689884185791 0.41992199420928955
v -0.2695310115814209 0.4257810115814209 0.41992199420928955
v -0.019531000405550003 0.4257810115814209 0.41992199420928955
v -0.2695310115814209 0.43945300579071045 0.41992199420928955
v -0.019531000405550003 0.43945300579071045 0.41992199420928955
v -0.2695310115814209 0.45898398756980896 0.41992199420928955
v -0.019531000405550003 0.45898398756980896 0.41992199420928955
v -0.2695310115814209 0.46679699420928955 0.41992199420928955
v -0.019531000405550003 0.46679699420928955 0.41992199420928955
v -0.2695310115814209 0.5019530057907104 0.41992199420928955
v -0.019531000405550003 0.5019530057907104 0.41992199420928955
v -0.2695310115814209 0.5078120231628418 0.41992199420928955
v -0.019531000405550003 0.5078120231628418 0.41992199420928955
v -0.34375 0.5390620231628418 0.41992199420928955
v 0.34375 0.5390620231628418 0.41992199420928955
v -0.3320310115814209 0.546875 0.41992199420928955
v 0.3320310115814209 0.546875 0.41992199420928955
v -0.3320310115814209 0.5761719942092896 0.41992199420928955
v 0.3320310115814209 0.5761719942092896 0.41992199420928955
v -0.34375 0.5859379768371582 0.41992199420928955
v 0.34375 0.5859379768371582 0.41992199420928955
v -0.2695310115814209 0.6289060115814209 0.41992199420928955
v -0.019531000405550003 0.6289060115814209 0.41992199420928955
v -0.2695310115814209 0.6347659826278687 0.41992199420928955
v -0.019531000405550003 0.6347659826278687 0.41992199420928955
v -0.2695310115814209 0.6738280057907104 0.41992199420928955
v -0.019531000405550003 0.6738280057907104 0.41992199420928955
v -0.2695310115814209 0.6972659826278687 0.41992199420928955
v -0.019531000405550003 0.6972659826278687 0.41992199420928955
v -0.2695310115814209 0.7050780057907104 0.41992199420928955
v -0.019531000405550003 0.7050780057907104 0.41992199420928955
v -0.2695310115814209 0.7441409826278687 0.41992199420928955
v -0.019531000405550003 0.7441409826278687 0.41992199420928955
v -0.2695310115814209 0.75 0.41992199420928955
v -0.019531000405550003 0.75 0.41992199420928955
v -0.34375 0.7949219942092896 0.41992199420928955
v 0.34375 0.7949219942092896 0.41992199420928955
v -0.3320310115814209 0.8046879768371582 0.41992199420928955
v 0.3320310115814209 0.8046879768371582 0.41992199420928955
v -0.3671880066394806 -0.6503909826278687 0.4257810115814209
v -0.35351601243019104 -0.6503909826278687 0.4257810115814209
v 0.35351601243019104 -0.6503909826278687 0.4257810115814209
v 0.3671880066394806 -0.6503909826278687 0.4257810115814209
v -0.3671880066394806 -0.5136719942092896 0.4257810115814209
v -0.35351601243019104 -0.5136719942092896 0.4257810115814209
v 0.35351601243019104 -0.5136719942092896 0.4257810115814209
v 0.3671880066394806 -0.5136719942092896 0.4257810115814209
v -0.3671880066394806 -0.3945310115814209 0.4257810115814209
v -0.35351601243019104 -0.3945310115814209 0.4257810115814209
v 0.35351601243019104 -0.3945310115814209 0.4257810115814209
v 0.3671880066394806 -0.3945310115814209 0.4257810115814209
v -0.3671880066394806 -0.265625 0.4257810115814209
v -0.35351601243019104 -0.265625 0.4257810115814209
v 0.35351601243019104 -0.265625 0.4257810115814209
v 0.3671880066394806 -0.265625 0.4257810115814209
v -0.3671880066394806 -0.140625 0.4257810115814209
v -0.35351601243019104 -0.140625 0.4257810115814209
v 0.35351601243019104 -0.140625 0.4257810115814209
v 0.3671880066394806 -0.140625 0.4257810115814209
v -0.3671880066394806 -0.011718999594449997 0.4257810115814209
v -0.35351601243019104 -0.011718999594449997 0.4257810115814209
v 0.35351601243019104 -0.011718999594449997 0.4257810115814209
v 0.3671880066394806 -0.011718999594449997 0.4257810115814209
v -0.3671880066394806 0.11132799834012985 0.4257810115814209
v -0.35351601243019104 0.11132799834012985 0.4257810115814209
v 0.35351601243019104 0.11132799834012985 0.4257810115814209
v 0.3671880066394806 0.11132799834012985 0.4257810115814209
v -0.3671880066394806 0.24023400247097015 0.4257810115814209
v -0.35351601243019104 0.24023400247097015 0.4257810115814209
v 0.35351601243019104 0.24023400247097015 0.4257810115814209
v 0.3671880066394806 0.24023400247097015 0.4257810115814209
v -0.3671880066394806 0.3632810115814209 0.4257810115814209
v -0.35351601243019104 0.3632810115814209 0.4257810115814209
v 0.35351601243019104 0.3632810115814209 0.4257810115814209
v 0.3671880066394806 0.3632810115814209 0.4257810115814209
v -0.3671880066394806 0.5058590173721313 0.4257810115814209
v -0.35351601243019104 0.5058590173721313 0.4257810115814209
v 0.35351601243019104 0.5058590173721313 0.4257810115814209
v 0.3671880066394806 0.5058590173721313 0.4257810115814209
v -0.3671880066394806 0.6269530057907104 0.4257810115814209
v -0.35351601243019104 0.6269530057907104 0.4257810115814209
v 0.35351601243019104 0.6269530057907104 0.4257810115814209
v 0.3671880066394806 0.6269530057907104 0.4257810115814209
v -0.3671880066394806 0.7597659826278687 0.4257810115814209
v -0.35351601243019104 0.7597659826278687 0.4257810115814209
v 0.35351601243019104 0.7597659826278687 0.4257810115814209
v 0.3671880066394806 0.7597659826278687 0.4257810115814209
v -0.4492189884185791 -0.9492189884185791 0.42773398756980896
v -0.3046880066394806 -0.9492189884185791 0.42773398756980896
v 0.3046880066394806 -0.9492189884185791 0.42773398756980896
v 0.4492189884185791 -0.9492189884185791 0.42773398756980896
v -0.3320310115814209 -0.6914060115814209 0.4296880066394806
v 0.3320310115814209 -0.6914060115814209 0.4296880066394806
v -0.2734380066394806 -0.6503909826278687 0.4296880066394806
v -0.005859000142663717 -0.6503909826278687 0.4296880066394806
v -0.3671880066394806 -0.6347659826278687 0.4296880066394806
v -0.34375 -0.6347659826278687 0.4296880066394806
v 0.34375 -0.6347659826278687 0.4296880066394806
v 0.3671880066394806 -0.6347659826278687 0.4296880066394806
v 0.04882799834012985 -0.625 0.4296880066394806
v 0.125 -0.625 0.4296880066394806
v 0.20507800579071045 -0.625 0.4296880066394806
v 0.2734380066394806 -0.625 0.4296880066394806
v 0.04296899959445 -0.6210939884185791 0.4296880066394806
v 0.1289059966802597 -0.6210939884185791 0.4296880066394806
v 0.1992190033197403 -0.6210939884185791 0.4296880066394806
v 0.28125 -0.6210939884185791 0.4296880066394806
v -0.2734380066394806 -0.5800780057907104 0.4296880066394806
v -0.019531000405550003 -0.5800780057907104 0.4296880066394806
v 0.04296899959445 -0.5449219942092896 0.4296880066394806
v 0.1289059966802597 -0.5449219942092896 0.4296880066394806
v 0.1992190033197403 -0.5449219942092896 0.4296880066394806
v 0.28125 -0.5449219942092896 0.4296880066394806
v 0.04882799834012985 -0.5390620231628418 0.4296880066394806
v 0.125 -0.5390620231628418 0.4296880066394806
v 0.20507800579071045 -0.5390620231628418 0.4296880066394806
v 0.2734380066394806 -0.5390620231628418 0.4296880066394806
v -0.3671880066394806 -0.5253909826278687 0.4296880066394806
v -0.34375 -0.5253909826278687 0.4296880066394806
v 0.34375 -0.5253909826278687 0.4296880066394806
v 0.3671880066394806 -0.5253909826278687 0.4296880066394806
v -0.2734380066394806 -0.5078120231628418 0.4296880066394806
v -0.005859000142663717 -0.5078120231628418 0.4296880066394806
v -0.3320310115814209 -0.484375 0.4296880066394806
v 0.3320310115814209 -0.484375 0.4296880066394806
v -0.3320310115814209 -0.43945300579071045 0.4296880066394806
v 0.3320310115814209 -0.43945300579071045 0.4296880066394806
v -0.2734380066394806 -0.4023439884185791 0.4296880066394806
v -0.005859000142663717 -0.4023439884185791 0.4296880066394806
v -0.3671880066394806 -0.38476601243019104 0.4296880066394806
v -0.34375 -0.38476601243019104 0.4296880066394806
v 0.34375 -0.38476601243019104 0.4296880066394806
v 0.3671880066394806 -0.38476601243019104 0.4296880066394806
v 0.0664059966802597 -0.3828119933605194 0.4296880066394806
v 0.140625 -0.3828119933605194 0.4296880066394806
v 0.2070309966802597 -0.3828119933605194 0.4296880066394806
v 0.27539101243019104 -0.3828119933605194 0.4296880066394806
v 0.06054700165987015 -0.37695300579071045 0.4296880066394806
v 0.1445309966802597 -0.37695300579071045 0.4296880066394806
v 0.20117199420928955 -0.37695300579071045 0.4296880066394806
v 0.28125 -0.37695300579071045 0.4296880066394806
v -0.2734380066394806 -0.33398398756980896 0.4296880066394806
v -0.019531000405550003 -0.33398398756980896 0.4296880066394806
v 0.06054700165987015 -0.30273398756980896 0.4296880066394806
v 0.1445309966802597 -0.30273398756980896 0.4296880066394806
v 0.20117199420928955 -0.30273398756980896 0.4296880066394806
v 0.28125 -0.30273398756980896 0.4296880066394806
v 0.0664059966802597 -0.296875 0.4296880066394806
v 0.140625 -0.296875 0.4296880066394806
v 0.2070309966802597 -0.296875 0.4296880066394806
v 0.27539101243019104 -0.296875 0.4296880066394806
v -0.3671880066394806 -0.2773439884185791 0.4296880066394806
v -0.34375 -0.2773439884185791 0.4296880066394806
v -0.2734380066394806 -0.2773439884185791 0.4296880066394806
v -0.005859000142663717 -0.2773439884185791 0.4296880066394806
v 0.34375 -0.2773439884185791 0.4296880066394806
v 0.3671880066394806 -0.2773439884185791 0.4296880066394806
v -0.3320310115814209 -0.23632800579071045 0.4296880066394806
v 0.3320310115814209 -0.23632800579071045 0.4296880066394806
v -0.3320310115814209 -0.1914059966802597 0.4296880066394806
v 0.3320310115814209 -0.1914059966802597 0.4296880066394806
v -0.2734380066394806 -0.15039099752902985 0.4296880066394806
v -0.005859000142663717 -0.15039099752902985 0.4296880066394806
v -0.3671880066394806 -0.1289059966802597 0.4296880066394806
v -0.34375 -0.1289059966802597 0.4296880066394806
v 0.34375 -0.1289059966802597 0.4296880066394806
v 0.3671880066394806 -0.1289059966802597 0.4296880066394806
v 0.04882799834012985 -0.1171879991889 0.4296880066394806
v 0.125 -0.1171879991889 0.4296880066394806
v 0.20507800579071045 -0.1171879991889 0.4296880066394806
v 0.2734380066394806 -0.1171879991889 0.4296880066394806
v 0.04296899959445 -0.11132799834012985 0.4296880066394806
v 0.1289059966802597 -0.11132799834012985 0.4296880066394806
v 0.1992190033197403 -0.11132799834012985 0.4296880066394806
v 0.28125 -0.11132799834012985 0.4296880066394806
v -0.2734380066394806 -0.0820309966802597 0.4296880066394806
v -0.019531000405550003 -0.0820309966802597 0.4296880066394806
v 0.04296899959445 -0.037108998745679855 0.4296880066394806
v 0.1289059966802597 -0.037108998745679855 0.4296880066394806
v 0.1992190033197403 -0.037108998745679855 0.4296880066394806
v 0.28125 -0.037108998745679855 0.4296880066394806
v 0.04882799834012985 -0.03125 0.4296880066394806
v 0.125 -0.03125 0.4296880066394806
v 0.20507800579071045 -0.03125 0.4296880066394806
v 0.2734380066394806 -0.03125 0.4296880066394806
v -0.3671880066394806 -0.023437999188899994 0.4296880066394806
v -0.34375 -0.023437999188899994 0.4296880066394806
v -0.2734380066394806 -0.023437999188899994 0.4296880066394806
v 0.34375 -0.023437999188899994 0.4296880066394806
v 0.3671880066394806 -0.023437999188899994 0.4296880066394806
v -0.005859000142663717 -0.011718999594449997 0.4296880066394806
v -0.3320310115814209 0.019531000405550003 0.4296880066394806
v 0.3320310115814209 0.019531000405550003 0.4296880066394806
v -0.3320310115814209 0.06835900247097015 0.4296880066394806
v 0.3320310115814209 0.06835900247097015 0.4296880066394806
v -0.2734380066394806 0.11132799834012985 0.4296880066394806
v -0.005859000142663717 0.11132799834012985 0.4296880066394806
v -0.3671880066394806 0.1210940033197403 0.4296880066394806
v -0.34375 0.1210940033197403 0.4296880066394806
v 0.34375 0.1210940033197403 0.4296880066394806
v 0.3671880066394806 0.1210940033197403 0.4296880066394806
v 0.04882799834012985 0.140625 0.4296880066394806
v 0.125 0.140625 0.4296880066394806
v 0.20507800579071045 0.140625 0.4296880066394806
v 0.2734380066394806 0.140625 0.4296880066394806
v 0.04296899959445 0.1445309966802597 0.4296880066394806
v 0.1289059966802597 0.1445309966802597 0.4296880066394806
v 0.1992190033197403 0.1445309966802597 0.4296880066394806
v 0.28125 0.1445309966802597 0.4296880066394806
v -0.2734380066394806 0.18164099752902985 0.4296880066394806
v -0.019531000405550003 0.18164099752902985 0.4296880066394806
v 0.04296899959445 0.21875 0.4296880066394806
v 0.1289059966802597 0.21875 0.4296880066394806
v 0.1992190033197403 0.21875 0.4296880066394806
v 0.28125 0.21875 0.4296880066394806
v 0.04882799834012985 0.2226559966802597 0.4296880066394806
v 0.125 0.2226559966802597 0.4296880066394806
v 0.20507800579071045 0.2226559966802597 0.4296880066394806
v 0.2734380066394806 0.2226559966802597 0.4296880066394806
v -0.3671880066394806 0.2304690033197403 0.4296880066394806
v -0.34375 0.2304690033197403 0.4296880066394806
v 0.34375 0.2304690033197403 0.4296880066394806
v 0.3671880066394806 0.2304690033197403 0.4296880066394806
v -0.2734380066394806 0.2460940033197403 0.4296880066394806
v -0.005859000142663717 0.2460940033197403 0.4296880066394806
v -0.3320310115814209 0.27148398756980896 0.4296880066394806
v 0.3320310115814209 0.27148398756980896 0.4296880066394806
v -0.3320310115814209 0.3164060115814209 0.4296880066394806
v 0.3320310115814209 0.3164060115814209 0.4296880066394806
v -0.2734380066394806 0.34375 0.4296880066394806
v -0.005859000142663717 0.34375 0.4296880066394806
v -0.3671880066394806 0.375 0.4296880066394806
v -0.34375 0.375 0.4296880066394806
v 0.34375 0.375 0.4296880066394806
v 0.3671880066394806 0.375 0.4296880066394806
v 0.0664059966802597 0.3945310115814209 0.4296880066394806
v 0.140625 0.3945310115814209 0.4296880066394806
v 0.2070309966802597 0.3945310115814209 0.4296880066394806
v 0.27539101243019104 0.3945310115814209 0.4296880066394806
v 0.06054700165987015 0.40039101243019104 0.4296880066394806
v 0.1445309966802597 0.40039101243019104 0.4296880066394806
v 0.20117199420928955 0.40039101243019104 0.4296880066394806
v 0.28125 0.40039101243019104 0.4296880066394806
v -0.2734380066394806 0.4140619933605194 0.4296880066394806
v -0.019531000405550003 0.4140619933605194 0.4296880066394806
v -0.2734380066394806 0.45117199420928955 0.4296880066394806
v -0.019531000405550003 0.45117199420928955 0.4296880066394806
v 0.06054700165987015 0.47460898756980896 0.4296880066394806
v 0.1445309966802597 0.47460898756980896 0.4296880066394806
v 0.20117199420928955 0.47460898756980896 0.4296880066394806
v 0.28125 0.47460898756980896 0.4296880066394806
v 0.0664059966802597 0.4804689884185791 0.4296880066394806
v 0.140625 0.4804689884185791 0.4296880066394806
v 0.2070309966802597 0.4804689884185791 0.4296880066394806
v 0.27539101243019104 0.4804689884185791 0.4296880066394806
v -0.3671880066394806 0.4960939884185791 0.4296880066394806
v -0.34375 0.4960939884185791 0.4296880066394806
v 0.34375 0.4960939884185791 0.4296880066394806
v 0.3671880066394806 0.4960939884185791 0.4296880066394806
v -0.2734380066394806 0.5136719942092896 0.4296880066394806
v -0.005859000142663717 0.5136719942092896 0.4296880066394806
v -0.3320310115814209 0.5390620231628418 0.4296880066394806
v 0.3320310115814209 0.5390620231628418 0.4296880066394806
v -0.3320310115814209 0.5859379768371582 0.4296880066394806
v 0.3320310115814209 0.5859379768371582 0.4296880066394806
v -0.2734380066394806 0.6210939884185791 0.4296880066394806
v -0.005859000142663717 0.6210939884185791 0.4296880066394806
v -0.3671880066394806 0.6328120231628418 0.4296880066394806
v -0.34375 0.6328120231628418 0.4296880066394806
v 0.34375 0.6328120231628418 0.4296880066394806
v 0.3671880066394806 0.6328120231628418 0.4296880066394806
v 0.04882799834012985 0.6699219942092896 0.4296880066394806
v 0.125 0.6699219942092896 0.4296880066394806
v 0.20507800579071045 0.6699219942092896 0.4296880066394806
v 0.2734380066394806 0.6699219942092896 0.4296880066394806
v 0.04296899959445 0.6738280057907104 0.4296880066394806
v 0.1289059966802597 0.6738280057907104 0.4296880066394806
v 0.1992190033197403 0.6738280057907104 0.4296880066394806
v 0.28125 0.6738280057907104 0.4296880066394806
v -0.2734380066394806 0.6914060115814209 0.4296880066394806
v -0.019531000405550003 0.6914060115814209 0.4296880066394806
v -0.3671880066394806 0.7480469942092896 0.4296880066394806
v -0.34375 0.7480469942092896 0.4296880066394806
v -0.2734380066394806 0.7480469942092896 0.4296880066394806
v 0.04296899959445 0.7480469942092896 0.4296880066394806
v 0.1289059966802597 0.7480469942092896 0.4296880066394806
v 0.1992190033197403 0.7480469942092896 0.4296880066394806
v 0.28125 0.7480469942092896 0.4296880066394806
v 0.34375 0.7480469942092896 0.4296880066394806
v 0.3671880066394806 0.7480469942092896 0.4296880066394806
v 0.04882799834012985 0.7519530057907104 0.4296880066394806
v 0.125 0.7519530057907104 0.4296880066394806
v 0.20507800579071045 0.7519530057907104 0.4296880066394806
v 0.2734380066394806 0.7519530057907104 0.4296880066394806
v -0.005859000142663717 0.7773439884185791 0.4296880066394806
v -0.3320310115814209 0.7949219942092896 0.4296880066394806
v 0.3320310115814209 0.7949219942092896 0.4296880066394806
v -0.45898398756980896 -0.9394530057907104 0.4335939884185791
v -0.296875 -0.9394530057907104 0.4335939884185791
v 0.296875 -0.9394530057907104 0.4335939884185791
v 0.45898398756980896 -0.9394530057907104 0.4335939884185791
v -0.45898398756980896 -0.8710939884185791 0.4335939884185791
v -0.296875 -0.8710939884185791 0.4335939884185791
v 0.296875 -0.8710939884185791 0.4335939884185791
v 0.45898398756980896 -0.8710939884185791 0.4335939884185791
v -0.46679699420928955 -0.8632810115814209 0.4375
v -0.2890619933605194 -0.8632810115814209 0.4375
v 0.2890619933605194 -0.8632810115814209 0.4375
v 0.46679699420928955 -0.8632810115814209 0.4375
v -0.5117189884185791 -0.8339840173721313 0.43945300579071045
v 0.5117189884185791 -0.8339840173721313 0.43945300579071045
v -0.3632810115814209 -0.7207030057907104 0.43945300579071045
v 0.3632810115814209 -0.7207030057907104 0.43945300579071045
v -0.3671880066394806 0.8125 0.43945300579071045
v 0.3671880066394806 0.8125 0.43945300579071045
v -0.43554699420928955 -0.9492189884185791 0.44335898756980896
v -0.31835898756980896 -0.9492189884185791 0.44335898756980896
v 0.31835898756980896 -0.9492189884185791 0.44335898756980896
v 0.43554699420928955 -0.9492189884185791 0.44335898756980896
v -0.4414060115814209 -0.9394530057907104 0.45117199420928955
v -0.31445300579071045 -0.9394530057907104 0.45117199420928955
v 0.31445300579071045 -0.9394530057907104 0.45117199420928955
v 0.4414060115814209 -0.9394530057907104 0.45117199420928955
v -0.4414060115814209 -0.8710939884185791 0.45117199420928955
v -0.31445300579071045 -0.8710939884185791 0.45117199420928955
v 0.31445300579071045 -0.8710939884185791 0.45117199420928955
v 0.4414060115814209 -0.8710939884185791 0.45117199420928955
v -0.4804689884185791 -0.8632810115814209 0.453125
v 0.4804689884185791 -0.8632810115814209 0.453125
v -0.5117189884185791 0.9121090173721313 0.453125
v 0.5117189884185791 0.9121090173721313 0.453125
v -0.4804689884185791 0.9492189884185791 0.453125
v 0.4804689884185791 0.9492189884185791 0.453125
v -0.4453119933605194 -0.8632810115814209 0.45898398756980896
v -0.3085939884185791 -0.8632810115814209 0.45898398756980896
v 0.3085939884185791 -0.8632810115814209 0.45898398756980896
v 0.4453119933605194 -0.8632810115814209 0.45898398756980896
v 0.04882799834012985 -0.625 0.4648439884185791
v 0.125 -0.625 0.4648439884185791
v 0.20507800579071045 -0.625 0.4648439884185791
v 0.2734380066394806 -0.625 0.4648439884185791
v 0.04296899959445 -0.6210939884185791 0.4648439884185791
v 0.1289059966802597 -0.6210939884185791 0.4648439884185791
v 0.1992190033197403 -0.6210939884185791 0.4648439884185791
v 0.28125 -0.6210939884185791 0.4648439884185791
v 0.04296899959445 -0.5449219942092896 0.4648439884185791
v 0.1289059966802597 -0.5449219942092896 0.4648439884185791
v 0.1992190033197403 -0.5449219942092896 0.4648439884185791
v 0.28125 -0.5449219942092896 0.4648439884185791
v 0.04882799834012985 -0.5390620231628418 0.4648439884185791
v 0.125 -0.5390620231628418 0.4648439884185791
v 0.20507800579071045 -0.5390620231628418 0.4648439884185791
v 0.2734380066394806 -0.5390620231628418 0.4648439884185791
v 0.0664059966802597 -0.3828119933605194 0.4648439884185791
v 0.140625 -0.3828119933605194 0.4648439884185791
v 0.2070309966802597 -0.3828119933605194 0.4648439884185791
v 0.27539101243019104 -0.3828119933605194 0.4648439884185791
v 0.06054700165987015 -0.37695300579071045 0.4648439884185791
v 0.1445309966802597 -0.37695300579071045 0.4648439884185791
v 0.20117199420928955 -0.37695300579071045 0.4648439884185791
v 0.28125 -0.37695300579071045 0.4648439884185791
v 0.06054700165987015 -0.30273398756980896 0.4648439884185791
v 0.1445309966802597 -0.30273398756980896 0.4648439884185791
v 0.20117199420928955 -0.30273398756980896 0.4648439884185791
v 0.28125 -0.30273398756980896 0.4648439884185791
v 0.0664059966802597 -0.296875 0.4648439884185791
v 0.140625 -0.296875 0.4648439884185791
v 0.2070309966802597 -0.296875 0.4648439884185791
v 0.27539101243019104 -0.296875 0.4648439884185791
v 0.04882799834012985 -0.1171879991889 0.4648439884185791
v 0.125 -0.1171879991889 0.4648439884185791
v 0.20507800579071045 -0.1171879991889 0.4648439884185791
v 0.2734380066394806 -0.1171879991889 0.4648439884185791
v 0.04296899959445 -0.11132799834012985 0.4648439884185791
v 0.1289059966802597 -0.11132799834012985 0.4648439884185791
v 0.1992190033197403 -0.11132799834012985 0.4648439884185791
v 0.28125 -0.11132799834012985 0.4648439884185791
v 0.04296899959445 -0.037108998745679855 0.4648439884185791
v 0.1289059966802597 -0.037108998745679855 0.4648439884185791
v 0.1992190033197403 -0.037108998745679855 0.4648439884185791
v 0.28125 -0.037108998745679855 0.4648439884185791
v 0.04882799834012985 -0.03125 0.4648439884185791
v 0.125 -0.03125 0.4648439884185791
v 0.20507800579071045 -0.03125 0.4648439884185791
v 0.2734380066394806 -0.03125 0.4648439884185791
v 0.04882799834012985 0.140625 0.4648439884185791
v 0.125 0.140625 0.4648439884185791
v 0.20507800579071045 0.140625 0.4648439884185791
v 0.2734380066394806 0.140625 0.4648439884185791
v 0.04296899959445 0.1445309966802597 0.4648439884185791
v 0.1289059966802597 0.1445309966802597 0.4648439884185791
v 0.1992190033197403 0.1445309966802597 0.4648439884185791
v 0.28125 0.1445309966802597 0.4648439884185791
v 0.04296899959445 0.21875 0.4648439884185791
v 0.1289059966802597 0.21875 0.4648439884185791
v 0.1992190033197403 0.21875 0.4648439884185791
v 0.28125 0.21875 0.4648439884185791
v 0.04882799834012985 0.2226559966802597 0.4648439884185791
v 0.125 0.2226559966802597 0.4648439884185791
v 0.20507800579071045 0.2226559966802597 0.4648439884185791
v 0.2734380066394806 0.2226559966802597 0.4648439884185791
v 0.0664059966802597 0.3945310115814209 0.4648439884185791
v 0.140625 0.3945310115814209 0.4648439884185791
v 0.2070309966802597 0.3945310115814209 0.4648439884185791
v 0.27539101243019104 0.3945310115814209 0.4648439884185791
v 0.06054700165987015 0.40039101243019104 0.4648439884185791
v 0.1445309966802597 0.40039101243019104 0.4648439884185791
v 0.20117199420928955 0.40039101243019104 0.4648439884185791
v 0.28125 0.40039101243019104 0.4648439884185791
v 0.06054700165987015 0.47460898756980896 0.4648439884185791
v 0.1445309966802597 0.47460898756980896 0.4648439884185791
v 0.20117199420928955 0.47460898756980896 0.4648439884185791
v 0.28125 0.47460898756980896 0.4648439884185791
v 0.0664059966802597 0.4804689884185791 0.4648439884185791
v 0.140625 0.4804689884185791 0.4648439884185791
v 0.2070309966802597 0.4804689884185791 0.4648439884185791
v 0.27539101243019104 0.4804689884185791 0.4648439884185791
v 0.04882799834012985 0.6699219942092896 0.4648439884185791
v 0.125 0.6699219942092896 0.4648439884185791
v 0.20507800579071045 0.6699219942092896 0.4648439884185791
v 0.2734380066394806 0.6699219942092896 0.4648439884185791
v 0.04296899959445 0.6738280057907104 0.4648439884185791
v 0.1289059966802597 0.6738280057907104 0.4648439884185791
v 0.1992190033197403 0.6738280057907104 0.4648439884185791
v 0.28125 0.6738280057907104 0.4648439884185791
v 0.04296899959445 0.7480469942092896 0.4648439884185791
v 0.1289059966802597 0.7480469942092896 0.4648439884185791
v 0.1992190033197403 0.7480469942092896 0.4648439884185791
v 0.28125 0.7480469942092896 0.4648439884185791
v 0.04882799834012985 0.7519530057907104 0.4648439884185791
v 0.125 0.7519530057907104 0.4648439884185791
v 0.20507800579071045 0.7519530057907104 0.4648439884185791
v 0.2734380066394806 0.7519530057907104 0.4648439884185791
v 0.04882799834012985 -0.6210939884185791 0.47070300579071045
v 0.125 -0.6210939884185791 0.47070300579071045
v 0.20507800579071045 -0.6210939884185791 0.47070300579071045
v 0.2734380066394806 -0.6210939884185791 0.47070300579071045
v 0.04882799834012985 -0.5449219942092896 0.47070300579071045
v 0.125 -0.5449219942092896 0.47070300579071045
v 0.20507800579071045 -0.5449219942092896 0.47070300579071045
v 0.2734380066394806 -0.5449219942092896 0.47070300579071045
v 0.0664059966802597 -0.37695300579071045 0.47070300579071045
v 0.140625 -0.37695300579071045 0.47070300579071045
v 0.2070309966802597 -0.37695300579071045 0.47070300579071045
v 0.27539101243019104 -0.37695300579071045 0.47070300579071045
v 0.0664059966802597 -0.30273398756980896 0.47070300579071045
v 0.140625 -0.30273398756980896 0.47070300579071045
v 0.2070309966802597 -0.30273398756980896 0.47070300579071045
v 0.27539101243019104 -0.30273398756980896 0.47070300579071045
v 0.04882799834012985 -0.11132799834012985 0.47070300579071045
v 0.125 -0.11132799834012985 0.47070300579071045
v 0.20507800579071045 -0.11132799834012985 0.47070300579071045
v 0.2734380066394806 -0.11132799834012985 0.47070300579071045
v 0.04882799834012985 -0.037108998745679855 0.47070300579071045
v 0.125 -0.037108998745679855 0.47070300579071045
v 0.20507800579071045 -0.037108998745679855 0.47070300579071045
v 0.2734380066394806 -0.037108998745679855 0.47070300579071045
v 0.04882799834012985 0.1445309966802597 0.47070300579071045
v 0.125 0.1445309966802597 0.47070300579071045
v 0.20507800579071045 0.1445309966802597 0.47070300579071045
v 0.2734380066394806 0.1445309966802597 0.47070300579071045
v 0.04882799834012985 0.21875 0.47070300579071045
v 0.125 0.21875 0.47070300579071045
v 0.20507800579071045 0.21875 0.47070300579071045
v 0.2734380066394806 0.21875 0.47070300579071045
v 0.0664059966802597 0.40039101243019104 0.47070300579071045
v 0.140625 0.40039101243019104 0.47070300579071045
v 0.2070309966802597 0.40039101243019104 0.47070300579071045
v 0.27539101243019104 0.40039101243019104 0.47070300579071045
v 0.0664059966802597 0.47460898756980896 0.47070300579071045
v 0.140625 0.47460898756980896 0.47070300579071045
v 0.2070309966802597 0.47460898756980896 0.47070300579071045
v 0.27539101243019104 0.47460898756980896 0.47070300579071045
v 0.04882799834012985 0.6738280057907104 0.47070300579071045
v 0.125 0.6738280057907104 0.47070300579071045
v 0.20507800579071045 0.6738280057907104 0.47070300579071045
v 0.2734380066394806 0.6738280057907104 0.47070300579071045
v 0.04882799834012985 0.7480469942092896 0.47070300579071045
v 0.125 0.7480469942092896 0.47070300579071045
v 0.20507800579071045 0.7480469942092896 0.47070300579071045
v 0.2734380066394806 0.7480469942092896 0.47070300579071045
v -0.4609380066394806 -0.8632810115814209 0.4726560115814209
v 0.4609380066394806 -0.8632810115814209 0.4726560115814209
v -0.5117189884185791 -0.7929689884185791 0.4726560115814209
v 0.5117189884185791 -0.7929689884185791 0.4726560115814209
v -0.5117189884185791 0.8847659826278687 0.4726560115814209
v 0.5117189884185791 0.8847659826278687 0.4726560115814209
v -0.4609380066394806 0.9492189884185791 0.4726560115814209
v 0.4609380066394806 0.9492189884185791 0.4726560115814209
v -0.3671880066394806 -0.7167969942092896 0.47851601243019104
v 0.3671880066394806 -0.7167969942092896 0.47851601243019104
v -0.3671880066394806 -0.7070310115814209 0.47851601243019104
v 0.3671880066394806 -0.7070310115814209 0.47851601243019104
v -0.3671880066394806 0.7988280057907104 0.47851601243019104
v 0.3671880066394806 0.7988280057907104 0.47851601243019104
v -0.3554689884185791 0.8085939884185791 0.47851601243019104
v 0.3554689884185791 0.8085939884185791 0.47851601243019104
v -0.4921880066394806 0.5253909826278687 0.48632800579071045
v -0.4921880066394806 0.6582030057907104 0.48632800579071045
v 0.49023398756980896 -0.1054690033197403 0.4882810115814209
v 0.49023398756980896 0.054687999188899994 0.4882810115814209
v -0.4492189884185791 -0.8378909826278687 0.4960939884185791
v 0.4492189884185791 -0.8378909826278687 0.4960939884185791
v -0.3984380066394806 -0.8183590173721313 0.4960939884185791
v -0.34375 -0.8183590173721313 0.4960939884185791
v 0.34375 -0.8183590173721313 0.4960939884185791
v 0.38867199420928955 -0.8183590173721313 0.4960939884185791
v -0.41210898756980896 -0.8105469942092896 0.4960939884185791
v -0.33007800579071045 -0.8105469942092896 0.4960939884185791
v 0.33007800579071045 -0.8105469942092896 0.4960939884185791
v 0.4023439884185791 -0.8105469942092896 0.4960939884185791
v -0.48242199420928955 -0.7929689884185791 0.4960939884185791
v 0.48242199420928955 -0.7929689884185791 0.4960939884185791
v -0.41210898756980896 -0.7597659826278687 0.4960939884185791
v -0.33007800579071045 -0.7597659826278687 0.4960939884185791
v 0.33007800579071045 -0.7597659826278687 0.4960939884185791
v 0.4023439884185791 -0.7597659826278687 0.4960939884185791
v -0.3984380066394806 -0.7519530057907104 0.4960939884185791
v -0.34375 -0.7519530057907104 0.4960939884185791
v 0.34375 -0.7519530057907104 0.4960939884185791
v 0.38867199420928955 -0.7519530057907104 0.4960939884185791
v -0.38085898756980896 -0.7246090173721313 0.4960939884185791
v 0.38085898756980896 -0.7246090173721313 0.4960939884185791
v 0.4257810115814209 -0.6621090173721313 0.4960939884185791
v 0.45117199420928955 -0.65625 0.4960939884185791
v 0.40429699420928955 -0.6503909826278687 0.4960939884185791
v 0.46289101243019104 -0.6425780057907104 0.4960939884185791
v 0.39648398756980896 -0.6289060115814209 0.4960939884185791
v 0.46289101243019104 -0.6171879768371582 0.4960939884185791
v 0.40429699420928955 -0.6035159826278687 0.4960939884185791
v 0.44726601243019104 -0.5957030057907104 0.4960939884185791
v 0.421875 -0.5917969942092896 0.4960939884185791
v 0.4257810115814209 -0.5488280057907104 0.4960939884185791
v 0.45117199420928955 -0.5429689884185791 0.4960939884185791
v 0.40429699420928955 -0.5390620231628418 0.4960939884185791
v 0.39648398756980896 -0.5214840173721313 0.4960939884185791
v 0.46289101243019104 -0.5214840173721313 0.4960939884185791
v 0.39648398756980896 -0.49804699420928955 0.4960939884185791
v 0.46289101243019104 -0.49804699420928955 0.4960939884185791
v 0.4101560115814209 -0.48242199420928955 0.4960939884185791
v 0.44726601243019104 -0.48242199420928955 0.4960939884185791
v 0.42773398756980896 -0.4765619933605194 0.4960939884185791
v 0.421875 -0.2382809966802597 0.4960939884185791
v 0.44726601243019104 -0.2382809966802597 0.4960939884185791
v 0.40429699420928955 -0.22460900247097015 0.4960939884185791
v 0.46289101243019104 -0.22460900247097015 0.4960939884185791
v 0.39648398756980896 -0.203125 0.4960939884185791
v 0.4726560115814209 -0.203125 0.4960939884185791
v 0.40429699420928955 -0.17773400247097015 0.4960939884185791
v 0.4648439884185791 -0.17773400247097015 0.4960939884185791
v 0.42382800579071045 -0.16601599752902985 0.4960939884185791
v 0.4453119933605194 -0.16601599752902985 0.4960939884185791
v 0.41601601243019104 -0.11523400247097015 0.4960939884185791
v 0.48242199420928955 -0.11523400247097015 0.4960939884185791
v 0.4101560115814209 -0.1054690033197403 0.4960939884185791
v 0.4101560115814209 0.054687999188899994 0.4960939884185791
v 0.41601601243019104 0.0625 0.4960939884185791
v 0.48242199420928955 0.0625 0.4960939884185791
v 0.421875 0.4609380066394806 0.4960939884185791
v 0.44726601243019104 0.4648439884185791 0.4960939884185791
v 0.40429699420928955 0.47460898756980896 0.4960939884185791
v 0.46289101243019104 0.4804689884185791 0.4960939884185791
v 0.39648398756980896 0.4960939884185791 0.4960939884185791
v 0.4726560115814209 0.5039060115814209 0.4960939884185791
v -0.48242199420928955 0.515625 0.4960939884185791
v -0.4609380066394806 0.515625 0.4960939884185791
v 0.40429699420928955 0.5214840173721313 0.4960939884185791
v -0.5019530057907104 0.5253909826278687 0.4960939884185791
v 0.4609380066394806 0.5253909826278687 0.4960939884185791
v -0.4335939884185791 0.5292969942092896 0.4960939884185791
v 0.421875 0.5332030057907104 0.4960939884185791
v 0.44335898756980896 0.5332030057907104 0.4960939884185791
v -0.5058590173721313 0.5351560115814209 0.4960939884185791
v -0.4179689884185791 0.5566409826278687 0.4960939884185791
v 0.4257810115814209 0.5644530057907104 0.4960939884185791
v 0.45117199420928955 0.5703120231628418 0.4960939884185791
v 0.40429699420928955 0.5742189884185791 0.4960939884185791
v 0.46289101243019104 0.5898439884185791 0.4960939884185791
v 0.39648398756980896 0.6015620231628418 0.4960939884185791
v 0.46289101243019104 0.6152340173721313 0.4960939884185791
v 0.40429699420928955 0.625 0.4960939884185791
v -0.4179689884185791 0.6289060115814209 0.4960939884185791
v 0.44726601243019104 0.6328120231628418 0.4960939884185791
v 0.421875 0.6347659826278687 0.4960939884185791
v -0.5058590173721313 0.6464840173721313 0.4960939884185791
v -0.5 0.6582030057907104 0.4960939884185791
v -0.4335939884185791 0.6582030057907104 0.4960939884185791
v -0.48242199420928955 0.671875 0.4960939884185791
v -0.4609380066394806 0.671875 0.4960939884185791
v -0.38085898756980896 0.8164060115814209 0.4960939884185791
v 0.38085898756980896 0.8164060115814209 0.4960939884185791
v -0.36914101243019104 0.8261719942092896 0.4960939884185791
v 0.36914101243019104 0.8261719942092896 0.4960939884185791
v -0.38085898756980896 0.8515620231628418 0.4960939884185791
v -0.34375 0.8515620231628418 0.4960939884185791
v 0.34375 0.8515620231628418 0.4960939884185791
v 0.38085898756980896 0.8515620231628418 0.4960939884185791
v -0.3984380066394806 0.859375 0.4960939884185791
v 0.3984380066394806 0.859375 0.4960939884185791
v -0.33007800579071045 0.8671879768371582 0.4960939884185791
v 0.33007800579071045 0.8671879768371582 0.4960939884185791
v -0.48242199420928955 0.8847659826278687 0.4960939884185791
v -0.4101560115814209 0.8847659826278687 0.4960939884185791
v 0.4101560115814209 0.8847659826278687 0.4960939884185791
v 0.48242199420928955 0.8847659826278687 0.4960939884185791
v -0.33007800579071045 0.9003909826278687 0.4960939884185791
v 0.33007800579071045 0.9003909826278687 0.4960939884185791
v -0.3984380066394806 0.9101560115814209 0.4960939884185791
v 0.3984380066394806 0.9101560115814209 0.4960939884185791
v -0.34375 0.9179689884185791 0.4960939884185791
v 0.34375 0.9179689884185791 0.4960939884185791
v -0.38085898756980896 0.921875 0.4960939884185791
v 0.38085898756980896 0.921875 0.4960939884185791
v -0.4492189884185791 0.9277340173721313 0.4960939884185791
v 0.4492189884185791 0.9277340173721313 0.4960939884185791
v -0.3984380066394806 -0.8183590173721313 0.5117189884185791
v -0.34375 -0.8183590173721313 0.5117189884185791
v 0.34375 -0.8183590173721313 0.5117189884185791
v 0.38867199420928955 -0.8183590173721313 0.5117189884185791
v -0.41210898756980896 -0.8105469942092896 0.5117189884185791
v -0.33007800579071045 -0.8105469942092896 0.5117189884185791
v 0.33007800579071045 -0.8105469942092896 0.5117189884185791
v 0.4023439884185791 -0.8105469942092896 0.5117189884185791
v -0.41210898756980896 -0.7597659826278687 0.5117189884185791
v -0.33007800579071045 -0.7597659826278687 0.5117189884185791
v 0.33007800579071045 -0.7597659826278687 0.5117189884185791
v 0.4023439884185791 -0.7597659826278687 0.5117189884185791
v -0.3984380066394806 -0.7519530057907104 0.5117189884185791
v -0.34375 -0.7519530057907104 0.5117189884185791
v 0.34375 -0.7519530057907104 0.5117189884185791
v 0.38867199420928955 -0.7519530057907104 0.5117189884185791
v 0.4257810115814209 -0.6621090173721313 0.5117189884185791
v 0.45117199420928955 -0.65625 0.5117189884185791
v 0.40429699420928955 -0.6503909826278687 0.5117189884185791
v 0.46289101243019104 -0.6425780057907104 0.5117189884185791
v 0.39648398756980896 -0.6289060115814209 0.5117189884185791
v 0.46289101243019104 -0.6171879768371582 0.5117189884185791
v 0.40429699420928955 -0.6035159826278687 0.5117189884185791
v 0.44726601243019104 -0.5957030057907104 0.5117189884185791
v 0.421875 -0.5917969942092896 0.5117189884185791
v 0.4257810115814209 -0.5488280057907104 0.5117189884185791
v 0.45117199420928955 -0.5429689884185791 0.5117189884185791
v 0.40429699420928955 -0.5390620231628418 0.5117189884185791
v 0.39648398756980896 -0.5214840173721313 0.5117189884185791
v 0.46289101243019104 -0.5214840173721313 0.5117189884185791
v 0.39648398756980896 -0.49804699420928955 0.5117189884185791
v 0.46289101243019104 -0.49804699420928955 0.5117189884185791
v 0.4101560115814209 -0.48242199420928955 0.5117189884185791
v 0.44726601243019104 -0.48242199420928955 0.5117189884185791
v 0.42773398756980896 -0.4765619933605194 0.5117189884185791
v 0.421875 -0.2382809966802597 0.5117189884185791
v 0.44726601243019104 -0.2382809966802597 0.5117189884185791
v 0.40429699420928955 -0.22460900247097015 0.5117189884185791
v 0.46289101243019104 -0.22460900247097015 0.5117189884185791
v 0.39648398756980896 -0.203125 0.5117189884185791
v 0.4726560115814209 -0.203125 0.5117189884185791
v 0.40429699420928955 -0.17773400247097015 0.5117189884185791
v 0.4648439884185791 -0.17773400247097015 0.5117189884185791
v 0.42382800579071045 -0.16601599752902985 0.5117189884185791
v 0.4453119933605194 -0.16601599752902985 0.5117189884185791
v 0.421875 0.4609380066394806 0.5117189884185791
v 0.44726601243019104 0.4648439884185791 0.5117189884185791
v 0.40429699420928955 0.47460898756980896 0.5117189884185791
v 0.46289101243019104 0.4804689884185791 0.5117189884185791
v 0.39648398756980896 0.4960939884185791 0.5117189884185791
v 0.4726560115814209 0.5039060115814209 0.5117189884185791
v 0.40429699420928955 0.5214840173721313 0.5117189884185791
v 0.4609380066394806 0.5253909826278687 0.5117189884185791
v 0.421875 0.5332030057907104 0.5117189884185791
v 0.44335898756980896 0.5332030057907104 0.5117189884185791
v 0.4257810115814209 0.5644530057907104 0.5117189884185791
v 0.45117199420928955 0.5703120231628418 0.5117189884185791
v 0.40429699420928955 0.5742189884185791 0.5117189884185791
v 0.46289101243019104 0.5898439884185791 0.5117189884185791
v 0.39648398756980896 0.6015620231628418 0.5117189884185791
v 0.46289101243019104 0.6152340173721313 0.5117189884185791
v 0.40429699420928955 0.625 0.5117189884185791
v 0.44726601243019104 0.6328120231628418 0.5117189884185791
v 0.421875 0.6347659826278687 0.5117189884185791
v -0.38085898756980896 0.8515620231628418 0.5117189884185791
v -0.34375 0.8515620231628418 0.5117189884185791
v 0.34375 0.8515620231628418 0.5117189884185791
v 0.38085898756980896 0.8515620231628418 0.5117189884185791
v -0.3984380066394806 0.859375 0.5117189884185791
v 0.3984380066394806 0.859375 0.5117189884185791
v -0.33007800579071045 0.8671879768371582 0.5117189884185791
v 0.33007800579071045 0.8671879768371582 0.5117189884185791
v -0.4101560115814209 0.8847659826278687 0.5117189884185791
v 0.4101560115814209 0.8847659826278687 0.5117189884185791
v -0.33007800579071045 0.9003909826278687 0.5117189884185791
v 0.33007800579071045 0.9003909826278687 0.5117189884185791
v -0.3984380066394806 0.9101560115814209 0.5117189884185791
v 0.3984380066394806 0.9101560115814209 0.5117189884185791
v -0.34375 0.9179689884185791 0.5117189884185791
v 0.34375 0.9179689884185791 0.5117189884185791
v -0.38085898756980896 0.921875 0.5117189884185791
v 0.38085898756980896 0.921875 0.5117189884185791
v -0.3984380066394806 -0.8105469942092896 0.515625
v -0.34375 -0.8105469942092896 0.515625
v 0.34375 -0.8105469942092896 0.515625
v 0.38867199420928955 -0.8105469942092896 0.515625
v -0.3984380066394806 -0.7597659826278687 0.515625
v -0.34375 -0.7597659826278687 0.515625
v 0.34375 -0.7597659826278687 0.515625
v 0.38867199420928955 -0.7597659826278687 0.515625
v 0.42773398756980896 -0.6542969942092896 0.515625
v 0.44726601243019104 -0.6503909826278687 0.515625
v 0.4101560115814209 -0.6464840173721313 0.515625
v 0.45507800579071045 -0.640625 0.515625
v 0.40429699420928955 -0.6289060115814209 0.515625
v 0.45507800579071045 -0.6191409826278687 0.515625
v 0.4101560115814209 -0.6074219942092896 0.515625
v 0.44335898756980896 -0.6015620231628418 0.515625
v 0.42382800579071045 -0.5976560115814209 0.515625
v 0.42773398756980896 -0.5429689884185791 0.515625
v 0.44726601243019104 -0.5371090173721313 0.515625
v 0.4101560115814209 -0.5351560115814209 0.515625
v 0.45507800579071045 -0.5234379768371582 0.515625
v 0.40429699420928955 -0.5195310115814209 0.515625
v 0.45507800579071045 -0.5019530057907104 0.515625
v 0.40429699420928955 -0.5 0.515625
v 0.4140619933605194 -0.4882810115814209 0.515625
v 0.44335898756980896 -0.4882810115814209 0.515625
v 0.42773398756980896 -0.484375 0.515625
v 0.42382800579071045 -0.23242199420928955 0.515625
v 0.44335898756980896 -0.23242199420928955 0.515625
v 0.4101560115814209 -0.22070300579071045 0.515625
v 0.4570310115814209 -0.22070300579071045 0.515625
v 0.40429699420928955 -0.203125 0.515625
v 0.4648439884185791 -0.203125 0.515625
v 0.4101560115814209 -0.18164099752902985 0.515625
v 0.45898398756980896 -0.18164099752902985 0.515625
v 0.4257810115814209 -0.171875 0.515625
v 0.44335898756980896 -0.171875 0.515625
v 0.42382800579071045 0.46875 0.515625
v 0.44335898756980896 0.47070300579071045 0.515625
v 0.4101560115814209 0.47851601243019104 0.515625
v 0.4570310115814209 0.48242199420928955 0.515625
v 0.40429699420928955 0.4960939884185791 0.515625
v 0.4609380066394806 0.5039060115814209 0.515625
v 0.4101560115814209 0.5175780057907104 0.515625
v 0.45507800579071045 0.5214840173721313 0.515625
v 0.42382800579071045 0.5273439884185791 0.515625
v 0.4414060115814209 0.5273439884185791 0.515625
v 0.42773398756980896 0.5722659826278687 0.515625
v 0.44726601243019104 0.5761719942092896 0.515625
v 0.4101560115814209 0.5800780057907104 0.515625
v 0.45507800579071045 0.5917969942092896 0.515625
v 0.40429699420928955 0.6015620231628418 0.515625
v 0.45507800579071045 0.6132810115814209 0.515625
v 0.4101560115814209 0.6210939884185791 0.515625
v 0.44335898756980896 0.6269530057907104 0.515625
v 0.42382800579071045 0.6289060115814209 0.515625
v -0.3789060115814209 0.859375 0.515625
v -0.34570300579071045 0.859375 0.515625
v 0.34570300579071045 0.859375 0.515625
v 0.3789060115814209 0.859375 0.515625
v -0.39257800579071045 0.8652340173721313 0.515625
v 0.39257800579071045 0.8652340173721313 0.515625
v -0.3359380066394806 0.8710939884185791 0.515625
v 0.3359380066394806 0.8710939884185791 0.515625
v -0.4023439884185791 0.8847659826278687 0.515625
v 0.4023439884185791 0.8847659826278687 0.515625
v -0.3359380066394806 0.9003909826278687 0.515625
v 0.3359380066394806 0.9003909826278687 0.515625
v -0.39257800579071045 0.90625 0.515625
v 0.39257800579071045 0.90625 0.515625
v -0.3789060115814209 0.9140620231628418 0.515625
v -0.34570300579071045 0.9140620231628418 0.515625
v 0.34570300579071045 0.9140620231628418 0.515625
v 0.3789060115814209 0.9140620231628418 0.515625
v 0.41601601243019104 -0.11523400247097015 0.5234379768371582
v 0.48242199420928955 -0.11523400247097015 0.5234379768371582
v 0.4101560115814209 -0.1054690033197403 0.5234379768371582
v 0.49023398756980896 -0.1054690033197403 0.5234379768371582
v 0.4101560115814209 0.054687999188899994 0.5234379768371582
v 0.49023398756980896 0.054687999188899994 0.5234379768371582
v 0.41601601243019104 0.0625 0.5234379768371582
v 0.48242199420928955 0.0625 0.5234379768371582
v -0.48242199420928955 0.515625 0.5234379768371582
v -0.4609380066394806 0.515625 0.5234379768371582
v -0.5019530057907104 0.5253909826278687 0.5234379768371582
v -0.4335939884185791 0.5292969942092896 0.5234379768371582
v -0.5058590173721313 0.5351560115814209 0.5234379768371582
v -0.4179689884185791 0.5566409826278687 0.5234379768371582
v -0.4179689884185791 0.6289060115814209 0.5234379768371582
v -0.5058590173721313 0.6464840173721313 0.5234379768371582
v -0.5 0.6582030057907104 0.5234379768371582
v -0.4335939884185791 0.6582030057907104 0.5234379768371582
v -0.48242199420928955 0.671875 0.5234379768371582
v -0.4609380066394806 0.671875 0.5234379768371582
v 0.41601601243019104 -0.1054690033197403 0.53125
v 0.48242199420928955 -0.1054690033197403 0.53125
v 0.41601601243019104 0.054687999188899994 0.53125
v 0.48242199420928955 0.054687999188899994 0.53125
v -0.4804689884185791 0.5234379768371582 0.53125
v -0.46289101243019104 0.5234379768371582 0.53125
v -0.4960939884185791 0.53125 0.53125
v -0.4375 0.5351560115814209 0.53125
v -0.49804699420928955 0.5371090173721313 0.53125
v -0.4257810115814209 0.5585939884185791 0.53125
v -0.4257810115814209 0.6269530057907104 0.53125
v -0.49804699420928955 0.6445310115814209 0.53125
v -0.49414101243019104 0.6523439884185791 0.53125
v -0.43945300579071045 0.6523439884185791 0.53125
v -0.4804689884185791 0.6640620231628418 0.53125
v -0.46289101243019104 0.6640620231628418 0.53125
v -0.48242199420928955 0.6582030057907104 -0.53125
v -0.48242199420928955 -0.6152340173721313 -0.53125
v 0.48242199420928955 -0.6152340173721313 -0.53125
v 0.48242199420928955 0.4296880066394806 -0.53125
v -0.48242199420928955 0.4296880066394806 -0.53125
vt 0.5950220227241516 0.9705590009689331
vt 0.5923799872398376 0.9698039889335632
vt 0.5923839807510376 0.9682999849319458
vt 0.5957800149917603 0.9694330096244812
vt 0.06939300149679184 0.8096550107002258
vt 0.0694819986820221 0.8130930066108704
vt 0.06684300303459167 0.8130959868431091
vt 0.06675399839878082 0.8096579909324646
vt 0.533407986164093 0.9821619987487793
vt 0.5345379710197449 0.9821649789810181
vt 0.5345379710197449 0.9832959771156311
vt 0.533407986164093 0.9832940101623535
vt 0.9860159754753113 0.459773987531662
vt 0.9860389828681946 0.4548510015010834
vt 0.9890589714050293 0.4548510015010834
vt 0.9890350103378296 0.459773987531662
vt 0.29406899213790894 0.9527739882469177
vt 0.2910510003566742 0.955411970615387
vt 0.2910510003566742 0.9276139736175537
vt 0.29406899213790894 0.9302350282669067
vt 0.045809999108314514 0.6513810157775879
vt 0.04655599966645241 0.640064001083374
vt 0.050680000334978104 0.6400830149650574
vt 0.05068900063633919 0.6521549820899963
vt 0.8435549736022949 0.7710279822349548
vt 0.8216660022735596 0.7646139860153198
vt 0.8680859804153442 0.764611005783081
vt 0.8684639930725098 0.7710260152816772
vt 0.9063130021095276 0.09167899936437607
vt 0.9063199758529663 0.08904899656772614
vt 0.9082099795341492 0.08980999886989594
vt 0.908204972743988 0.0920649990439415
vt 0.8992890119552612 0.9176250100135803
vt 0.8992289900779724 0.8695420026779175
vt 0.9003610014915466 0.8695380091667175
vt 0.9004210233688354 0.9176210165023804
vt 0.17195700109004974 0.3660840094089508
vt 0.17195099592208862 0.36456501483917236
vt 0.1813870072364807 0.3638100028038025
vt 0.18139199912548065 0.3649510145187378
vt 0.8340929746627808 0.6171299815177917
vt 0.8340929746627808 0.753866970539093
vt 0.8265690207481384 0.7562140226364136
vt 0.8265690207481384 0.61496901512146
vt 0.7911700010299683 0.9105539917945862
vt 0.7964540123939514 0.9105539917945862
vt 0.7964540123939514 0.9528239965438843
vt 0.7911700010299683 0.9528239965438843
vt 0.8796560168266296 0.9531660079956055
vt 0.8796560168266296 0.9305220246315002
vt 0.8815450072288513 0.9297749996185303
vt 0.8815450072288513 0.9543060064315796
vt 0.9023079872131348 0.8671190142631531
vt 0.9023079872131348 0.9183650016784668
vt 0.6078619956970215 0.8320810198783875
vt 0.6139219999313354 0.8339560031890869
vt 0.6139219999313354 0.8365979790687561
vt 0.604843020439148 0.8366100192070007
vt 0.9874150156974792 0.753715991973877
vt 0.987430989742279 0.7495539784431458
vt 0.9904500246047974 0.7495539784431458
vt 0.9904339909553528 0.753715991973877
vt 0.9319890141487122 0.6148189902305603
vt 0.9319890141487122 0.6920589804649353
vt 0.9252009987831116 0.6920740008354187
vt 0.9252009987831116 0.6148340106010437
vt 0.7240679860115051 0.9667879939079285
vt 0.7240679860115051 0.9743300080299377
vt 0.7229369878768921 0.9743279814720154
vt 0.7229369878768921 0.9667850136756897
vt 0.1337050050497055 0.6400830149650574
vt 0.14050699770450592 0.6521549820899963
vt 0.7794349789619446 0.29610300064086914
vt 0.7794349789619446 0.29157400131225586
vt 0.7816929817199707 0.2934649884700775
vt 0.7816929817199707 0.2961069941520691
vt 0.9804239869117737 0.6814749836921692
vt 0.9815390110015869 0.6812829971313477
vt 0.9817960262298584 0.6827700138092041
vt 0.980679988861084 0.6829630136489868
vt 0.1391810029745102 0.9443219900131226
vt 0.13616299629211426 0.9469599723815918
vt 0.13616299629211426 0.9191619753837585
vt 0.1391810029745102 0.9217829704284668
vt 0.7055739760398865 0.29157400131225586
vt 0.6995350122451782 0.277987003326416
vt 0.7131220102310181 0.2779879868030548
vt 0.7289729714393616 0.29157501459121704
vt 0.3123680055141449 0.9483010172843933
vt 0.3255769908428192 0.9483010172843933
vt 0.3255769908428192 0.972832977771759
vt 0.3123680055141449 0.9728320240974426
vt 0.8610810041427612 0.45203301310539246
vt 0.8663840293884277 0.4520919919013977
vt 0.8663840293884277 0.5798130035400391
vt 0.8610810041427612 0.5797539949417114
vt 0.9593210220336914 0.6892549991607666
vt 0.9604510068893433 0.6892579793930054
vt 0.9604510068893433 0.6903889775276184
vt 0.9593210220336914 0.6903870105743408
vt 0.04315600171685219 0.5898699760437012
vt 0.04164699837565422 0.5921339988708496
vt 0.04164300113916397 0.5392979979515076
vt 0.04315200075507164 0.5419399738311768
vt 0.990015983581543 0.5719950199127197
vt 0.9926549792289734 0.5719919800758362
vt 0.9926549792289734 0.5757650136947632
vt 0.990015983581543 0.575767993927002
vt 0.13785700500011444 0.6378189921379089
vt 0.14163899421691895 0.6506450176239014
vt 0.43544700741767883 0.8177530169487
vt 0.4282819926738739 0.8136240243911743
vt 0.4297899901866913 0.8109840154647827
vt 0.43205299973487854 0.8098480105400085
vt 0.6706889867782593 0.4634090065956116
vt 0.666916012763977 0.46717599034309387
vt 0.666916012763977 0.348470002412796
vt 0.6706889867782593 0.3522160053253174
vt 0.23396499454975128 0.302390992641449
vt 0.23094600439071655 0.3065429925918579
vt 0.23094600439071655 0.28804999589920044
vt 0.2332099974155426 0.2922010123729706
vt 0.5870959758758545 0.9732009768486023
vt 0.5893610119819641 0.9705590009689331
vt 0.5969089865684509 0.9728230237960815
vt 0.5969089865684509 0.976597011089325
vt 0.9462590217590332 0.6999710202217102
vt 0.9530519843101501 0.6999710202217102
vt 0.9530519843101501 0.7482789754867554
vt 0.9462590217590332 0.7482789754867554
vt 0.9817209839820862 0.9743260145187378
vt 0.9828519821166992 0.9743279814720154
vt 0.9828519821166992 0.975836992263794
vt 0.9817209839820862 0.9758340120315552
vt 0.3787060081958771 0.949383020401001
vt 0.3787060081958771 0.9637140035629272
vt 0.3719240128993988 0.9636989831924438
vt 0.3719240128993988 0.9493680000305176
vt 0.2380409985780716 0.9893280267715454
vt 0.24332499504089355 0.9893280267715454
vt 0.24332499504089355 0.9934800267219543
vt 0.2380409985780716 0.9934800267219543
vt 0.057757001370191574 0.7950620055198669
vt 0.06870099902153015 0.7973269820213318
vt 0.0656760036945343 0.7992179989814758
vt 0.05774100124835968 0.7973359823226929
vt 0.7229369878768921 0.9652770161628723
vt 0.7240679860115051 0.9652789831161499
vt 0.8200439810752869 0.49216100573539734
vt 0.8234390020370483 0.4955329895019531
vt 0.8227270245552063 0.4971829950809479
vt 0.818576991558075 0.49306198954582214
vt 0.08605799823999405 0.6924070119857788
vt 0.08719000220298767 0.6912750005722046
vt 0.08719000220298767 0.7067490220069885
vt 0.08605799823999405 0.7059940099716187
vt 0.024531999602913857 0.9852460026741028
vt 0.026348000392317772 0.9774379730224609
vt 0.029191000387072563 0.98055499792099
vt 0.029191000387072563 0.98785001039505
vt 0.06373800337314606 0.904367983341217
vt 0.06382700055837631 0.9002590179443359
vt 0.0694819986820221 0.9002540111541748
vt 0.06939300149679184 0.9043620228767395
vt 0.6449540257453918 0.7844859957695007
vt 0.7889660000801086 0.7843350172042847
vt 0.7901149988174438 0.7854740023612976
vt 0.643841028213501 0.7856280207633972
vt 0.0371289998292923 0.7973269820213318
vt 0.026184000074863434 0.7837399840354919
vt 0.0371289998292923 0.7837399840354919
vt 0.04618699848651886 0.7950620055198669
vt 0.8625850081443787 0.6055089831352234
vt 0.8625850081443787 0.5911679863929749
vt 0.875793993473053 0.5911669731140137
vt 0.875793993473053 0.605508029460907
vt 0.2460629940032959 0.38954898715019226
vt 0.3860749900341034 0.38954898715019226
vt 0.38495099544525146 0.39067500829696655
vt 0.2472040057182312 0.39067500829696655
vt 0.27105599641799927 0.9554659724235535
vt 0.27105599641799927 0.9276670217514038
vt 0.6417220234870911 0.4957059919834137
vt 0.6443589925765991 0.5017459988594055
vt 0.6417220234870911 0.5179569721221924
vt 0.6379539966583252 0.4956980049610138
vt 0.923321008682251 0.9731760025024414
vt 0.920678973197937 0.9716659784317017
vt 0.9210600256919861 0.9705399870872498
vt 0.9244570136070251 0.9724270105361938
vt 0.3359839916229248 0.9588220119476318
vt 0.33711400628089905 0.9588239789009094
vt 0.33711400628089905 0.9599559903144836
vt 0.3359839916229248 0.9599530100822449
vt 0.8905109763145447 0.7054070234298706
vt 0.8906930088996887 0.7087500095367432
vt 0.8887420296669006 0.7095199823379517
vt 0.8885229825973511 0.7054330110549927
vt 0.9400969743728638 0.9080680012702942
vt 0.9555450081825256 0.9081029891967773
vt 0.9555450081825256 0.952226996421814
vt 0.9400969743728638 0.952193021774292
vt 0.19583499431610107 0.6775649785995483
vt 0.2026280015707016 0.6775649785995483
vt 0.19772200286388397 0.6843580007553101
vt 0.19583499431610107 0.6820939779281616
vt 0.8132669925689697 0.18552300333976746
vt 0.8140220046043396 0.18665499985218048
vt 0.8140220046043396 0.20024199783802032
vt 0.8132669925689697 0.20099599659442902
vt 0.14074300229549408 0.945626974105835
vt 0.1373479962348938 0.9490169882774353
vt 0.847241997718811 0.9541839957237244
vt 0.847241997718811 0.9315400123596191
vt 0.8491299748420715 0.9304149746894836
vt 0.8491299748420715 0.9549469947814941
vt 0.16931499540805817 0.6551719903945923
vt 0.16931499540805817 0.36193299293518066
vt 0.17195700109004974 0.650642991065979
vt 0.72086501121521 0.9079520106315613
vt 0.7208349704742432 0.9109730124473572
vt 0.7155519723892212 0.9109309911727905
vt 0.7155809998512268 0.9079110026359558
vt 0.9535290002822876 0.9855740070343018
vt 0.9546599984169006 0.9855769872665405
vt 0.9546599984169006 0.9870849847793579
vt 0.9535290002822876 0.9870830178260803
vt 0.0772780030965805 0.904367983341217
vt 0.07734899967908859 0.9002509713172913
vt 0.08300299942493439 0.9002450108528137
vt 0.08293300122022629 0.9043620228767395
vt 0.7308530211448669 0.15684400498867035
vt 0.7372599840164185 0.15873700380325317
vt 0.7372750043869019 0.16099199652671814
vt 0.7289729714393616 0.1587280035018921
vt 0.8978610038757324 0.45766499638557434
vt 0.8967689871788025 0.5406569838523865
vt 0.8911349773406982 0.5405669808387756
vt 0.8922820091247559 0.4534260034561157
vt 0.876118004322052 0.5797690153121948
vt 0.8813999891281128 0.5797539949417114
vt 0.8814529776573181 0.5821899771690369
vt 0.8761709928512573 0.5822049975395203
vt 0.5390689969062805 0.8085489869117737
vt 0.54169100522995 0.8100919723510742
vt 0.5409349799156189 0.8108490109443665
vt 0.5390620231628418 0.8096929788589478
vt 0.9269559979438782 0.13812999427318573
vt 0.9269049763679504 0.08912000060081482
vt 0.9288169741630554 0.0890669971704483
vt 0.928866982460022 0.13732199370861053
vt 0.5672159790992737 0.9797999858856201
vt 0.568343997001648 0.9809330105781555
vt 0.568343997001648 0.9884809851646423
vt 0.5672159790992737 0.9896119832992554
vt 0.20733100175857544 0.9644010066986084
vt 0.21170400083065033 0.9639009833335876
vt 0.21157799661159515 0.965080976486206
vt 0.2080480009317398 0.9655500054359436
vt 0.6164249777793884 0.5915650129318237
vt 0.615293025970459 0.5915679931640625
vt 0.615293025970459 0.5434849858283997
vt 0.6164249777793884 0.5434809923171997
vt 0.9769589900970459 0.04767400026321411
vt 0.9751229882240295 0.04471899941563606
vt 0.9766700267791748 0.044569000601768494
vt 0.9778749942779541 0.04666300117969513
vt 0.839576005935669 0.5934339761734009
vt 0.839576005935669 0.5145750045776367
vt 0.8407599925994873 0.5153539776802063
vt 0.8407599925994873 0.5927039980888367
vt 0.42823800444602966 0.3626300096511841
vt 0.4662480056285858 0.3763200044631958
vt 0.4647409915924072 0.3793340027332306
vt 0.4271070063114166 0.36375901103019714
vt 0.9708629846572876 0.0890669971704483
vt 0.9738820195198059 0.0890669971704483
vt 0.9739069938659668 0.0925000011920929
vt 0.9708880186080933 0.0925000011920929
vt 0.2819199860095978 0.8492149710655212
vt 0.2774380147457123 0.8575800061225891
vt 0.2774380147457123 0.7208080291748047
vt 0.2819199860095978 0.7275149822235107
vt 0.708441972732544 0.9665039777755737
vt 0.7053059935569763 0.9651979804039001
vt 0.7053940296173096 0.964015007019043
vt 0.7092260122299194 0.9656109809875488
vt 0.9041230082511902 0.7054539918899536
vt 0.9043319821357727 0.7095419764518738
vt 0.898697018623352 0.7095130085945129
vt 0.8984879851341248 0.7054250240325928
vt 0.1396300047636032 0.8217430114746094
vt 0.1460459977388382 0.8217430114746094
vt 0.1460459977388382 0.9006170034408569
vt 0.1396300047636032 0.9006180167198181
vt 0.7317960262298584 0.8993780016899109
vt 0.7265369892120361 0.8993639945983887
vt 0.7265369892120361 0.8220250010490417
vt 0.7317960262298584 0.822039008140564
vt 0.014863000251352787 0.7973269820213318
vt 0.0371289998292923 0.8018559813499451
vt 0.014863000251352787 0.8018559813499451
vt 0.9230800271034241 0.7490329742431641
vt 0.9230290055274963 0.7000240087509155
vt 0.9249410033226013 0.6999710202217102
vt 0.924992024898529 0.74822598695755
vt 0.9063199758529663 0.14150799810886383
vt 0.9063130021095276 0.1388539969921112
vt 0.908204972743988 0.13848499953746796
vt 0.9082099795341492 0.14075900614261627
vt 0.5725160241127014 0.6954470276832581
vt 0.5785329937934875 0.6954590082168579
vt 0.5785329937934875 0.6999880075454712
vt 0.5725160241127014 0.6980890035629272
vt 0.03521699830889702 0.32734501361846924
vt 0.03710399940609932 0.3288539946079254
vt 0.022007999941706657 0.34998899698257446
vt 0.01559200044721365 0.3416860103607178
vt 0.09906700253486633 0.9563270211219788
vt 0.09415999799966812 0.9563279747962952
vt 0.09415999799966812 0.9121720194816589
vt 0.09906700253486633 0.9121720194816589
vt 0.09095200151205063 0.7829939723014832
vt 0.09094999730587006 0.734686017036438
vt 0.0932300016283989 0.7320349812507629
vt 0.09323199838399887 0.7837399840354919
vt 0.6242380142211914 0.9797499775886536
vt 0.6242370009422302 0.965408980846405
vt 0.6253809928894043 0.965399980545044
vt 0.6253820061683655 0.9797419905662537
vt 0.15246200561523438 0.9006170034408569
vt 0.15887700021266937 0.9089189767837524
vt 0.94685298204422 0.13737599551677704
vt 0.94685298204422 0.0890669971704483
vt 0.9479849934577942 0.0890669971704483
vt 0.9479849934577942 0.13737599551677704
vt 0.04163099825382233 0.39022400975227356
vt 0.0038980001118034124 0.3637999892234802
vt 0.005030000116676092 0.3626680076122284
vt 0.043140001595020294 0.387582004070282
vt 0.9773460030555725 0.06248600035905838
vt 0.9743279814720154 0.06249399855732918
vt 0.974370002746582 0.06001000106334686
vt 0.9773880243301392 0.06000199913978577
vt 0.7567790150642395 0.15420100092887878
vt 0.7590500116348267 0.15419800579547882
vt 0.7590500116348267 0.1587270051240921
vt 0.7567790150642395 0.15684300661087036
vt 0.8922399878501892 0.15420100092887878
vt 0.8923109769821167 0.15762999653816223
vt 0.8911269903182983 0.15760600566864014
vt 0.891074001789093 0.15493999421596527
vt 0.9734129905700684 0.43946999311447144
vt 0.9666209816932678 0.43946999311447144
vt 0.9666450023651123 0.4382860064506531
vt 0.9734370112419128 0.4382860064506531
vt 0.7767890095710754 0.18665499985218048
vt 0.7779210209846497 0.18552300333976746
vt 0.7779219746589661 0.20099599659442902
vt 0.7767890095710754 0.20024199783802032
vt 0.9758689999580383 0.0398700013756752
vt 0.9794849753379822 0.036226000636816025
vt 0.9800559878349304 0.037452999502420425
vt 0.9773010015487671 0.04046599939465523
vt 0.6416260004043579 0.014822999946773052
vt 0.6378520131111145 0.014822999946773052
vt 0.6352099776268005 0.004633000120520592
vt 0.6442670226097107 0.008030000142753124
vt 0.21004800498485565 0.9784870147705078
vt 0.20558199286460876 0.9764569997787476
vt 0.2067369967699051 0.9757320284843445
vt 0.21017299592494965 0.9772930145263672
vt 0.22322699427604675 0.9328579902648926
vt 0.22312399744987488 0.9468110203742981
vt 0.22153200209140778 0.9464769959449768
vt 0.2216300070285797 0.9332770109176636
vt 0.6521080136299133 0.29484501481056213
vt 0.6520860195159912 0.00915099959820509
vt 0.6565700173377991 0.0038980001118034124
vt 0.6565930247306824 0.29940399527549744
vt 0.2313230037689209 0.08576399832963943
vt 0.22905899584293365 0.08991499990224838
vt 0.23094600439071655 0.0733100026845932
vt 0.2332099974155426 0.0770839974284172
vt 0.518401026725769 0.9461510181427002
vt 0.5183979868888855 0.9152039885520935
vt 0.5236819982528687 0.9152039885520935
vt 0.523684024810791 0.9461510181427002
vt 0.47360900044441223 0.4258570075035095
vt 0.47360900044441223 0.4696049988269806
vt 0.46963900327682495 0.4694800078868866
vt 0.46963900327682495 0.4257330000400543
vt 0.9254469871520996 0.8497629761695862
vt 0.9295979738235474 0.8497620224952698
vt 0.9295979738235474 0.9271270036697388
vt 0.9254469871520996 0.9271280169487
vt 0.8860359787940979 0.13915599882602692
vt 0.8928179740905762 0.13917100429534912
vt 0.8912230134010315 0.140734001994133
vt 0.8859480023384094 0.14072200655937195
vt 0.8156939744949341 0.003909999970346689
vt 0.822488009929657 0.003911000210791826
vt 0.8175809979438782 0.010703999549150467
vt 0.8156939744949341 0.008438999764621258
vt 0.3992840051651001 0.39219000935554504
vt 0.3993070125579834 0.684677004814148
vt 0.3860979974269867 0.6850540041923523
vt 0.33711400628089905 0.9730309844017029
vt 0.33711400628089905 0.9798200130462646
vt 0.3359839916229248 0.9798169732093811
vt 0.3359839916229248 0.9730290174484253
vt 0.022785000503063202 0.722599983215332
vt 0.037126000970602036 0.722599983215332
vt 0.04278799891471863 0.7320349812507629
vt 0.012595999985933304 0.7320349812507629
vt 0.3610070049762726 0.9855610132217407
vt 0.36095601320266724 0.9903720021247864
vt 0.3579379916191101 0.9903609752655029
vt 0.35798901319503784 0.9855509996414185
vt 0.5503739714622498 0.899154007434845
vt 0.555633008480072 0.8991569876670837
vt 0.5558599829673767 0.9032440185546875
vt 0.5506010055541992 0.903240978717804
vt 0.4541659951210022 0.9877499938011169
vt 0.45831701159477234 0.9877499938011169
vt 0.45831701159477234 0.9930329918861389
vt 0.4541659951210022 0.9930329918861389
vt 0.4825890064239502 0.9005399942398071
vt 0.4836769998073578 0.9004719853401184
vt 0.4814150035381317 0.9046220183372498
vt 0.48070400953292847 0.9035590291023254
vt 0.6417220234870911 0.3501319885253906
vt 0.6443589925765991 0.3557949960231781
vt 0.6417220234870911 0.3716279864311218
vt 0.6379539966583252 0.35012298822402954
vt 0.8325120210647583 0.2934649884700775
vt 0.8306310176849365 0.29157400131225586
vt 0.8385559916496277 0.2893100082874298
vt 0.8385409712791443 0.29158300161361694
vt 0.3841730058193207 0.3438990116119385
vt 0.2566100060939789 0.3439039885997772
vt 0.2566100060939789 0.33409199118614197
vt 0.3841730058193207 0.3340870141983032
vt 0.9863060116767883 0.7281529903411865
vt 0.9862899780273438 0.7236350178718567
vt 0.9893090128898621 0.7236350178718567
vt 0.9893249869346619 0.7281529903411865
vt 0.881496012210846 0.4392560124397278
vt 0.881496012210846 0.3115350008010864
vt 0.8834350109100342 0.31171199679374695
vt 0.8834350109100342 0.4394330084323883
vt 0.2388709932565689 0.06462900340557098
vt 0.23396499454975128 0.06500700116157532
vt 0.22717200219631195 0.016321999952197075
vt 0.24679699540138245 0.029531000182032585
vt 0.09962800145149231 0.8172900080680847
vt 0.0994189977645874 0.9002879858016968
vt 0.09415999799966812 0.9002609848976135
vt 0.0943790003657341 0.8131120204925537
vt 0.7096030116081238 0.9735299944877625
vt 0.7101539969444275 0.9692620038986206
vt 0.7114909887313843 0.9690080285072327
vt 0.7109969854354858 0.9741169810295105
vt 0.8013389706611633 0.004687000066041946
vt 0.6651269793510437 0.004687000066041946
vt 0.6643880009651184 0.0038980001118034124
vt 0.8021090030670166 0.0038980001118034124
vt 0.913133978843689 0.979220986366272
vt 0.913133978843689 0.9743149876594543
vt 0.9146400094032288 0.9746860265731812
vt 0.9146400094032288 0.9788370132446289
vt 0.6729310154914856 0.8235880136489868
vt 0.6748160123825073 0.8262209892272949
vt 0.6661419868469238 0.8303850293159485
vt 0.6706680059432983 0.8224620223045349
vt 0.5147429704666138 0.9874560236930847
vt 0.5188949704170227 0.9874560236930847
vt 0.5188949704170227 0.9927399754524231
vt 0.5147429704666138 0.9927399754524231
vt 0.5776699781417847 0.9329959750175476
vt 0.5777940154075623 0.9484639763832092
vt 0.5728809833526611 0.9447169899940491
vt 0.5727869868278503 0.9330220222473145
vt 0.9802970290184021 0.6164479851722717
vt 0.9814130067825317 0.616254985332489
vt 0.981669008731842 0.6177430152893066
vt 0.9805529713630676 0.6179350018501282
vt 0.9785140156745911 0.3574970066547394
vt 0.9785140156745911 0.36957499384880066
vt 0.976622998714447 0.36844301223754883
vt 0.976622998714447 0.3567430078983307
vt 0.6680480241775513 0.5002300143241882
vt 0.849511981010437 0.49974098801612854
vt 0.847029983997345 0.5063040256500244
vt 0.6708469986915588 0.5067790150642395
vt 0.8498960137367249 0.993166983127594
vt 0.8487669825553894 0.9946820139884949
vt 0.8487669825553894 0.9882659912109375
vt 0.8498960137367249 0.9890149831771851
vt 0.9397850036621094 0.6631270051002502
vt 0.9397850036621094 0.6148189902305603
vt 0.9412950277328491 0.6148189902305603
vt 0.9412950277328491 0.6631270051002502
vt 0.11006499826908112 0.709755003452301
vt 0.10742399841547012 0.709755003452301
vt 0.10742399841547012 0.6625800132751465
vt 0.11006499826908112 0.6625800132751465
vt 0.17714500427246094 0.32318899035453796
vt 0.17827700078487396 0.32205700874328613
vt 0.1824049949645996 0.32734501361846924
vt 0.1805189996957779 0.3288550078868866
vt 0.6979910135269165 0.9719690084457397
vt 0.6979910135269165 0.9670630097389221
vt 0.7000799775123596 0.9679269790649414
vt 0.6991810202598572 0.9720489978790283
vt 0.9832159876823425 0.1568160057067871
vt 0.9832159876823425 0.1643580049276352
vt 0.9820860028266907 0.16435599327087402
vt 0.9820860028266907 0.15681299567222595
vt 0.6344630122184753 0.909201979637146
vt 0.6280519962310791 0.9175050258636475
vt 0.6265429854393005 0.9163780212402344
vt 0.6254119873046875 0.9133660197257996
vt 0.1485390067100525 0.967939019203186
vt 0.1485390067100525 0.9532210230827332
vt 0.15004299581050873 0.9532120227813721
vt 0.15004299581050873 0.967930018901825
vt 0.9694719910621643 0.5433149933815002
vt 0.9694700241088867 0.5285969972610474
vt 0.970615029335022 0.5285879969596863
vt 0.9706159830093384 0.5433070063591003
vt 0.06869599968194962 0.6644790172576904
vt 0.08983000367879868 0.6644790172576904
vt 0.08605699986219406 0.6765559911727905
vt 0.0713379979133606 0.6765559911727905
vt 0.17120200395584106 0.9625880122184753
vt 0.17271199822425842 0.9591910243034363
vt 0.17384999990463257 0.960319995880127
vt 0.17271800339221954 0.9629619717597961
vt 0.9585880041122437 0.5559660196304321
vt 0.971796989440918 0.555965006351471
vt 0.971796989440918 0.5782309770584106
vt 0.9585880041122437 0.5782319903373718
vt 0.130964994430542 0.6629679799079895
vt 0.1517219990491867 0.6629679799079895
vt 0.1517219990491867 0.6674969792366028
vt 0.130964994430542 0.6674969792366028
vt 0.4314430058002472 0.3464829921722412
vt 0.6130499839782715 0.34688600897789
vt 0.6127009987831116 0.3542819917201996
vt 0.4310930073261261 0.35387998819351196
vt 0.9743279814720154 0.07113400101661682
vt 0.9773460030555725 0.07112599909305573
vt 0.9773880243301392 0.07390099763870239
vt 0.974370002746582 0.07390899956226349
vt 0.9573929905891418 0.6382259726524353
vt 0.9573929905891418 0.6155809760093689
vt 0.9592919945716858 0.6148189902305603
vt 0.9592919945716858 0.6393510103225708
vt 0.9909610152244568 0.8921290040016174
vt 0.9951130151748657 0.8921290040016174
vt 0.9951130151748657 0.8974130153656006
vt 0.9909610152244568 0.8974130153656006
vt 0.8453789949417114 0.756725013256073
vt 0.8453789949417114 0.754082977771759
vt 0.8521509766578674 0.7522079944610596
vt 0.8521509766578674 0.7567369937896729
vt 0.8813999891281128 0.45203301310539246
vt 0.876118004322052 0.45204800367355347
vt 0.8761709928512573 0.44997599720954895
vt 0.8814529776573181 0.44996199011802673
vt 0.4530330002307892 0.9136580228805542
vt 0.4635860025882721 0.9151470065116882
vt 0.4635860025882721 0.9517539739608765
vt 0.4530330002307892 0.9566810131072998
vt 0.005805000197142363 0.7950620055198669
vt 0.013724000193178654 0.7992179989814758
vt 0.005789999850094318 0.7973359823226929
vt 0.2997879981994629 0.7619220018386841
vt 0.29309898614883423 0.761883020401001
vt 0.29309898614883423 0.7211380004882812
vt 0.2997879981994629 0.7211769819259644
vt 0.9393050074577332 0.0890669971704483
vt 0.9393050074577332 0.13737499713897705
vt 0.8762140274047852 0.4392710030078888
vt 0.8815490007400513 0.4416919946670532
vt 0.8762670159339905 0.44170698523521423
vt 0.9057589769363403 0.6041809916496277
vt 0.9057049751281738 0.5525320172309875
vt 0.9076279997825623 0.5551000237464905
vt 0.90767902135849 0.6033560037612915
vt 0.9646459817886353 0.5867679715156555
vt 0.9646459817886353 0.6014770269393921
vt 0.957863986492157 0.6014620065689087
vt 0.957863986492157 0.5867530107498169
vt 0.2020310014486313 0.2979069948196411
vt 0.21259799599647522 0.2979069948196411
vt 0.21260400116443634 0.30017098784446716
vt 0.20354600250720978 0.30017098784446716
vt 0.9828879833221436 0.6248090267181396
vt 0.9817720055580139 0.6250020265579224
vt 0.47881799936294556 0.9046930074691772
vt 0.47542399168014526 0.8964120149612427
vt 0.34490999579429626 0.9899309873580933
vt 0.34490999579429626 0.9819149971008301
vt 0.3483850061893463 0.9843069911003113
vt 0.3501420021057129 0.9906650185585022
vt 0.5938929915428162 0.9605050086975098
vt 0.588608980178833 0.9578629732131958
vt 0.5893570184707642 0.9567189812660217
vt 0.5942630171775818 0.9589830040931702
vt 0.7877370119094849 0.2893100082874298
vt 0.7877219915390015 0.29158300161361694
vt 0.6661630272865295 0.5945850014686584
vt 0.7163569927215576 0.5945820212364197
vt 0.718621015548706 0.5987330079078674
vt 0.6642760038375854 0.5987370014190674
vt 0.6399719715118408 0.9797499775886536
vt 0.6399710178375244 0.965408980846405
vt 0.6411150097846985 0.965399980545044
vt 0.6411160230636597 0.9797419905662537
vt 0.25352200865745544 0.9424279928207397
vt 0.25427600741386414 0.9435589909553528
vt 0.2550300061702728 0.9544979929924011
vt 0.2520110011100769 0.9544979929924011
vt 0.756784975528717 0.2961069941520691
vt 0.756784975528717 0.2934649884700775
vt 0.7590550184249878 0.29157400131225586
vt 0.7590550184249878 0.29610300064086914
vt 0.9852330088615417 0.5164589881896973
vt 0.9852039813995361 0.5093219876289368
vt 0.9882220029830933 0.5093010067939758
vt 0.9882509708404541 0.5164380073547363
vt 0.9904549717903137 0.6999850273132324
vt 0.9905539751052856 0.704060971736908
vt 0.9875400066375732 0.7040470242500305
vt 0.9874410033226013 0.6999710202217102
vt 0.473675012588501 0.3620780110359192
vt 0.5633490085601807 0.36227700114250183
vt 0.5565230250358582 0.37435901165008545
vt 0.47363099455833435 0.3741750121116638
vt 0.7024319767951965 0.9652270078659058
vt 0.06373800337314606 0.9140440225601196
vt 0.06644099950790405 0.9140059947967529
vt 0.06644099950790405 0.9566230177879333
vt 0.06373800337314606 0.9566599726676941
vt 0.6411089897155762 0.9928290247917175
vt 0.6452609896659851 0.9928290247917175
vt 0.646386981010437 0.9939650297164917
vt 0.6399710178375244 0.9939650297164917
vt 0.8703500032424927 0.7657430171966553
vt 0.8718600273132324 0.7683839797973633
vt 0.8923109769821167 0.2447900027036667
vt 0.9024900197982788 0.16478900611400604
vt 0.9024900197982788 0.24478000402450562
vt 0.31721898913383484 0.7607290148735046
vt 0.31046798825263977 0.7607529759407043
vt 0.31046798825263977 0.7200030088424683
vt 0.31721898913383484 0.7199789881706238
vt 0.9087600111961365 0.5551000237464905
vt 0.9088109731674194 0.6033560037612915
vt 0.7691550254821777 0.9101629853248596
vt 0.7691619992256165 0.9079110026359558
vt 0.7718039751052856 0.9079110026359558
vt 0.7717959880828857 0.9101629853248596
vt 0.9373940229415894 0.9623289704322815
vt 0.9517350196838379 0.9623299837112427
vt 0.9517350196838379 0.9770489931106567
vt 0.9373940229415894 0.9770479798316956
vt 0.92399001121521 0.44997599720954895
vt 0.92399001121521 0.5273150205612183
vt 0.9187309741973877 0.527301013469696
vt 0.9187309741973877 0.44996199011802673
vt 0.9790800213813782 0.929561972618103
vt 0.979246973991394 0.9264289736747742
vt 0.9822620153427124 0.9264289736747742
vt 0.9820939898490906 0.929561972618103
vt 0.8379349708557129 0.9549639821052551
vt 0.8379349708557129 0.9304320216178894
vt 0.8394460082054138 0.9293079972267151
vt 0.8394460082054138 0.9557260274887085
vt 0.6300740242004395 0.6150019764900208
vt 0.80349200963974 0.6148189902305603
vt 0.8059489727020264 0.6194369792938232
vt 0.6280069947242737 0.6196249723434448
vt 0.698186993598938 0.4924899935722351
vt 0.698186993598938 0.46807199716567993
vt 0.6997380256652832 0.4802350103855133
vt 0.6997380256652832 0.49338299036026
vt 0.4068560004234314 0.7050570249557495
vt 0.22495399415493011 0.7050570249557495
vt 0.2460860013961792 0.6850540041923523
vt 0.29223498702049255 0.9259139895439148
vt 0.2956309914588928 0.929286003112793
vt 0.5147809982299805 0.9773399829864502
vt 0.5147669911384583 0.9641450047492981
vt 0.5215590000152588 0.9641450047492981
vt 0.521573007106781 0.9773399829864502
vt 0.9818339943885803 0.6896569728851318
vt 0.98294997215271 0.6894649863243103
vt 0.9831429719924927 0.6905800104141235
vt 0.982026994228363 0.6907730102539062
vt 0.251120001077652 0.9878180027008057
vt 0.25224900245666504 0.9893280267715454
vt 0.25224900245666504 0.9934800267219543
vt 0.251120001077652 0.994234025478363
vt 0.943805992603302 0.992385983467102
vt 0.9385219812393188 0.992385983467102
vt 0.9385219812393188 0.9855930209159851
vt 0.943805992603302 0.9855930209159851
vt 0.8694249987602234 0.1337050050497055
vt 0.874705970287323 0.1336909979581833
vt 0.8747590184211731 0.13612699508666992
vt 0.8694769740104675 0.13614100217819214
vt 0.013718999922275543 0.6599540114402771
vt 0.01485699974000454 0.6599500179290771
vt 0.014857999980449677 0.6644790172576904
vt 0.013718999922275543 0.6625959873199463
vt 0.86838698387146 0.4421660006046295
vt 0.8631049990653992 0.4421660006046295
vt 0.8631359934806824 0.43983298540115356
vt 0.8684189915657043 0.43983298540115356
vt 0.8928179740905762 0.10824599862098694
vt 0.8860359787940979 0.10823100060224533
vt 0.8984649777412415 0.4041849970817566
vt 0.8931869864463806 0.4041900038719177
vt 0.8932399749755859 0.40006500482559204
vt 0.8985180258750916 0.4000590145587921
vt 0.31046798825263977 0.9717069864273071
vt 0.31046798825263977 0.9490630030632019
vt 0.9211869835853577 0.30015501379966736
vt 0.9211869835853577 0.29632601141929626
vt 0.9238139986991882 0.296207994222641
vt 0.9238139986991882 0.3000369966030121
vt 0.3695890009403229 0.8503310084342957
vt 0.3643060028553009 0.8503310084342957
vt 0.36417099833488464 0.7221530079841614
vt 0.3694539964199066 0.7221530079841614
vt 0.24113599956035614 0.28050199151039124
vt 0.2388709932565689 0.2333270013332367
vt 0.24226799607276917 0.23068499565124512
vt 0.24377800524234772 0.28352099657058716
vt 0.41265299916267395 0.9939000010490417
vt 0.41152501106262207 0.9950389862060547
vt 0.41152501106262207 0.9886230230331421
vt 0.41265299916267395 0.989749014377594
vt 0.2388010025024414 0.9299659729003906
vt 0.2520110011100769 0.9299659729003906
vt 0.2388010025024414 0.9544979929924011
vt 0.18981699645519257 0.6775519847869873
vt 0.18981699645519257 0.6801940202713013
vt 0.13247600197792053 0.6950470209121704
vt 0.14681699872016907 0.6950470209121704
vt 0.14681699872016907 0.7059919834136963
vt 0.13247600197792053 0.7059919834136963
vt 0.43843498826026917 0.9795709848403931
vt 0.43843498826026917 0.9708899855613708
vt 0.4399389922618866 0.9708939790725708
vt 0.4399389922618866 0.9795740246772766
vt 0.5565009713172913 0.42604100704193115
vt 0.5565009713172913 0.4697889983654022
vt 0.9244530200958252 0.9769499897956848
vt 0.923321008682251 0.9811009764671326
vt 0.6100360155105591 0.009720000438392162
vt 0.5919510126113892 0.031553998589515686
vt 0.45216599106788635 0.031244000419974327
vt 0.43408000469207764 0.009329999797046185
vt 0.5984219908714294 0.9724519848823547
vt 0.9557809829711914 0.11437399685382843
vt 0.9557809829711914 0.09361699968576431
vt 0.9576789736747742 0.09250099956989288
vt 0.9576789736747742 0.11552199721336365
vt 0.2135149985551834 0.9763249754905701
vt 0.21423399448394775 0.9774870276451111
vt 0.03712400048971176 0.6599500179290771
vt 0.039381999522447586 0.6599540114402771
vt 0.039381999522447586 0.6625959873199463
vt 0.03712400048971176 0.6644790172576904
vt 0.8760570287704468 0.28400498628616333
vt 0.8813390135765076 0.2839910089969635
vt 0.8813920021057129 0.28642699122428894
vt 0.8761100172996521 0.28644099831581116
vt 0.9608790278434753 0.3950760066509247
vt 0.9608650207519531 0.3818809986114502
vt 0.9620140194892883 0.38184499740600586
vt 0.9620280265808105 0.39504000544548035
vt 0.9297770261764526 0.6007879972457886
vt 0.9297260046005249 0.5525320172309875
vt 0.9308580160140991 0.5525320172309875
vt 0.9309089779853821 0.6007879972457886
vt 0.1485390067100525 0.917838990688324
vt 0.161748006939888 0.9178379774093628
vt 0.1617719978094101 0.921271026134491
vt 0.14856299757957458 0.9212719798088074
vt 0.9324460029602051 0.2884120047092438
vt 0.9323949813842773 0.23940199613571167
vt 0.9343069791793823 0.23934899270534515
vt 0.9343569874763489 0.2876049876213074
vt 0.8175140023231506 0.8706799745559692
vt 0.8227710127830505 0.8701419830322266
vt 0.8230720162391663 0.8731470108032227
vt 0.8178160190582275 0.8736850023269653
vt 0.7754679918289185 0.8220589756965637
vt 0.7754679918289185 0.8993989825248718
vt 0.770209014415741 0.8993840217590332
vt 0.770209014415741 0.8220450282096863
vt 0.3302929997444153 0.7607290148735046
vt 0.3302929997444153 0.7199789881706238
vt 0.33711400628089905 0.719989001750946
vt 0.33711400628089905 0.7607390284538269
vt 0.41830700635910034 0.9455369710922241
vt 0.41830700635910034 0.9602450132369995
vt 0.41152501106262207 0.9602299928665161
vt 0.41152501106262207 0.9455220103263855
vt 0.379269003868103 0.7199789881706238
vt 0.3845509886741638 0.7199789881706238
vt 0.38459599018096924 0.7221530079841614
vt 0.37931299209594727 0.7221530079841614
vt 0.21467000246047974 0.9664859771728516
vt 0.2166379988193512 0.9694539904594421
vt 0.36112698912620544 0.9740830063819885
vt 0.3479270040988922 0.9741119742393494
vt 0.3479270040988922 0.951882004737854
vt 0.36112698912620544 0.9518529772758484
vt 0.8947499990463257 0.926360011100769
vt 0.8977699875831604 0.926360011100769
vt 0.897773027420044 0.9297739863395691
vt 0.8947539925575256 0.9297739863395691
vt 0.005799999926239252 0.6667439937591553
vt 0.005785000044852495 0.6644880175590515
vt 0.6753510236740112 0.1575549989938736
vt 0.6678209900856018 0.15676599740982056
vt 0.68442302942276 0.15676599740982056
vt 0.6844069957733154 0.1575549989938736
vt 0.11396700143814087 0.9077900052070618
vt 0.11623100191354752 0.908922016620636
vt 0.11622299998998642 0.9100419878959656
vt 0.1132040023803711 0.9089109897613525
vt 0.14943499863147736 0.3924899995326996
vt 0.14944200217723846 0.3649519979953766
vt 0.15887799859046936 0.3660840094089508
vt 0.15472100675106049 0.3932479918003082
vt 0.9900640249252319 0.7710130214691162
vt 0.9911969900131226 0.7698850035667419
vt 0.994970977306366 0.7698850035667419
vt 0.996101975440979 0.7710130214691162
vt 0.9620220065116882 0.7243599891662598
vt 0.9620220065116882 0.738690972328186
vt 0.9608479738235474 0.7387179732322693
vt 0.9608479738235474 0.7243859767913818
vt 0.3887160122394562 0.9491389989852905
vt 0.3887160122394562 0.9713690280914307
vt 0.38726499676704407 0.9722129702568054
vt 0.38726499676704407 0.9484760165214539
vt 0.1956149935722351 0.00880999956279993
vt 0.19790500402450562 0.003898999886587262
vt 0.20771700143814087 0.017486000433564186
vt 0.2020310014486313 0.017489999532699585
vt 0.8969699740409851 0.5447369813919067
vt 0.8913360238075256 0.5446469783782959
vt 0.005051999818533659 0.6513810157775879
vt 0.04315999895334244 0.6377999782562256
vt 0.17271199822425842 0.9008219838142395
vt 0.18026000261306763 0.9008229970932007
vt 0.18026000261306763 0.9491310119628906
vt 0.17271199822425842 0.9491310119628906
vt 0.8108130097389221 0.6066510081291199
vt 0.8108130097389221 0.6028220057487488
vt 0.8134400248527527 0.6027039885520935
vt 0.8134400248527527 0.6065329909324646
vt 0.616441011428833 0.017653999850153923
vt 0.6021239757537842 0.051941998302936554
vt 0.9479809999465942 0.20250600576400757
vt 0.9479809999465942 0.15419800579547882
vt 0.9491130113601685 0.15419800579547882
vt 0.9491130113601685 0.20250600576400757
vt 0.8032649755477905 0.5934349894523621
vt 0.8021849989891052 0.5927109718322754
vt 0.8019199967384338 0.5153610110282898
vt 0.8032649755477905 0.5145750045776367
vt 0.7993069887161255 0.2893100082874298
vt 0.8094969987869263 0.29157400131225586
vt 0.8076040148735046 0.2934649884700775
vt 0.7992920279502869 0.29158300161361694
vt 0.7968369722366333 0.9079110026359558
vt 0.7911760210990906 0.9079110026359558
vt 0.9448040127754211 0.5173590183258057
vt 0.9441109895706177 0.5161610245704651
vt 0.9437329769134521 0.5096539855003357
vt 0.9467440247535706 0.5098419785499573
vt 0.6417220234870911 0.44705599546432495
vt 0.6443589925765991 0.4530960023403168
vt 0.6417220234870911 0.4689289927482605
vt 0.6379539966583252 0.44704699516296387
vt 0.8274149894714355 0.915573000907898
vt 0.8221589922904968 0.9161109924316406
vt 0.4787749946117401 0.9057580232620239
vt 0.8808010220527649 0.9798219799995422
vt 0.8808000087738037 0.9654809832572937
vt 0.8875929713249207 0.9654809832572937
vt 0.8875939846038818 0.9798219799995422
vt 0.2045149952173233 0.8149420022964478
vt 0.21208399534225464 0.8168169856071472
vt 0.21208399534225464 0.8194580078125
vt 0.2026280015707016 0.8194699883460999
vt 0.33711400628089905 0.9512820243835449
vt 0.3359839916229248 0.9512789845466614
vt 0.9620360136032104 0.3477639853954315
vt 0.9620220065116882 0.3345690071582794
vt 0.9688140153884888 0.3345690071582794
vt 0.968828022480011 0.3477639853954315
vt 0.22794699668884277 0.3676590025424957
vt 0.2358749955892563 0.40992799401283264
vt 0.22153200209140778 0.37558498978614807
vt 0.9620360136032104 0.37139299511909485
vt 0.9620220065116882 0.35819798707962036
vt 0.9688140153884888 0.35819798707962036
vt 0.968828022480011 0.37139299511909485
vt 0.615293025970459 0.6474499702453613
vt 0.615293025970459 0.5993660092353821
vt 0.6164249777793884 0.5993630290031433
vt 0.6164249777793884 0.6474469900131226
vt 0.5927609801292419 0.98226398229599
vt 0.5878549814224243 0.9811319708824158
vt 0.5886059999465942 0.979993999004364
vt 0.5923799872398376 0.9811260104179382
vt 0.22839899361133575 0.946861982345581
vt 0.22818100452423096 0.9526330232620239
vt 0.2229059934616089 0.9525820016860962
vt 0.03521699830889702 0.03183100000023842
vt 0.03710399940609932 0.029566999524831772
vt 0.04052399843931198 0.034846000373363495
vt 0.03939199820160866 0.03635599836707115
vt 0.9554790258407593 0.9545329809188843
vt 0.9400309920310974 0.9544990062713623
vt 0.6993820071220398 0.47918200492858887
vt 0.8189749717712402 0.4788599908351898
vt 0.818576991558075 0.47991499304771423
vt 0.2230910062789917 0.9276919960975647
vt 0.22153200209140778 0.9288370013237
vt 0.43544700741767883 0.8964999914169312
vt 0.43205299973487854 0.9047970175743103
vt 0.4297899901866913 0.9036719799041748
vt 0.4282819926738739 0.9006609916687012
vt 0.9400699734687805 0.8110129833221436
vt 0.9400659799575806 0.7668570280075073
vt 0.9555400013923645 0.7668570280075073
vt 0.9555429816246033 0.8110129833221436
vt 0.9559069871902466 0.15419800579547882
vt 0.9559069871902466 0.20250600576400757
vt 0.11093900352716446 0.966687023639679
vt 0.11093900352716446 0.9595170021057129
vt 0.11245500296354294 0.9598900079727173
vt 0.11245500296354294 0.9663059711456299
vt 0.8385469913482666 0.974819004535675
vt 0.8374149799346924 0.974819004535675
vt 0.8374149799346924 0.9736869931221008
vt 0.8385469913482666 0.9736869931221008
vt 0.9317830204963684 0.5397740006446838
vt 0.9317319989204407 0.535423994064331
vt 0.9347500205039978 0.535423994064331
vt 0.9348009824752808 0.5397740006446838
vt 0.8845120072364807 0.09447500109672546
vt 0.8845120072364807 0.007313999813050032
vt 0.8856959939002991 0.007338999770581722
vt 0.8856959939002991 0.09449899941682816
vt 0.190871000289917 0.9053840041160583
vt 0.18981699645519257 0.9061149954795837
vt 0.18981699645519257 0.8272659778594971
vt 0.190871000289917 0.8280450105667114
vt 0.9633399844169617 0.9211990237236023
vt 0.9633399844169617 0.9080510139465332
vt 0.970130980014801 0.908033013343811
vt 0.970130980014801 0.921180009841919
vt 0.8122450113296509 0.5153539776802063
vt 0.8175230026245117 0.5153480172157288
vt 0.8175230026245117 0.5926979780197144
vt 0.8122450113296509 0.5927039980888367
vt 0.5262449979782104 0.896336019039154
vt 0.5326600074768066 0.8964179754257202
vt 0.5378360152244568 0.9047880172729492
vt 0.5194519758224487 0.896248996257782
vt 0.39141398668289185 0.8604769706726074
vt 0.39141398668289185 0.9377170205116272
vt 0.38726499676704407 0.9377260208129883
vt 0.38726499676704407 0.8604859709739685
vt 0.8993179798126221 0.8552150130271912
vt 0.8993179798126221 0.7722049951553345
vt 0.9045959711074829 0.7680490016937256
vt 0.9045959711074829 0.8552089929580688
vt 0.22536900639533997 0.3619549870491028
vt 0.22163499891757965 0.36192700266838074
vt 0.970130980014801 0.9316239953041077
vt 0.9633399844169617 0.9316419959068298
vt 0.9633610248565674 0.9302120208740234
vt 0.9701520204544067 0.9301940202713013
vt 0.8243749737739563 0.008440000005066395
vt 0.8323209881782532 0.003898999886587262
vt 0.8323209881782532 0.006541000213474035
vt 0.9802970290184021 0.6393510103225708
vt 0.9802970290184021 0.6355779767036438
vt 0.9829360246658325 0.635574996471405
vt 0.9829360246658325 0.6393479704856873
vt 0.9850770235061646 0.0470069982111454
vt 0.9867129921913147 0.0438230000436306
vt 0.988207995891571 0.04405900090932846
vt 0.986083984375 0.04793199896812439
vt 0.03712499886751175 0.6924070119857788
vt 0.03787999972701073 0.6912750005722046
vt 0.03788100183010101 0.7067490220069885
vt 0.037126000970602036 0.7059940099716187
vt 0.6610820293426514 0.9823769927024841
vt 0.6622099876403809 0.9835100173950195
vt 0.6622099876403809 0.9903029799461365
vt 0.6610820293426514 0.9910569787025452
vt 0.12039799988269806 0.6697610020637512
vt 0.12038300186395645 0.6675059795379639
vt 0.12907199561595917 0.6656129956245422
vt 0.01559200044721365 0.09448199719190598
vt 0.014088000170886517 0.09674499928951263
vt 0.005030000116676092 0.09674499928951263
vt 0.005024000070989132 0.09448199719190598
vt 0.2020310014486313 0.34168699383735657
vt 0.1956149935722351 0.34999001026153564
vt 0.5236719846725464 0.9480469822883606
vt 0.5183889865875244 0.9480469822883606
vt 0.9612720012664795 0.0038980001118034124
vt 0.9744809865951538 0.0038980001118034124
vt 0.9744809865951538 0.028429999947547913
vt 0.9612720012664795 0.028428999707102776
vt 0.5855900049209595 0.976980984210968
vt 0.5855900049209595 0.9724519848823547
vt 0.5870959758758545 0.9773520231246948
vt 0.8521509766578674 0.6148319840431213
vt 0.8555470108985901 0.6148319840431213
vt 0.8540380001068115 0.6216250061988831
vt 0.8521509766578674 0.6193609833717346
vt 0.9466480016708374 0.07439299672842026
vt 0.9417650103569031 0.07815299928188324
vt 0.9417650103569031 0.06268499791622162
vt 0.9466480016708374 0.06269799917936325
vt 0.9620389938354492 0.3245199918746948
vt 0.9688209891319275 0.3245350122451782
vt 0.9687770009040833 0.32531800866127014
vt 0.961995005607605 0.32530298829078674
vt 0.9852330088615417 0.506085991859436
vt 0.9882509708404541 0.5060660243034363
vt 0.09533099830150604 0.9773179888725281
vt 0.09531799703836441 0.964123010635376
vt 0.10210900008678436 0.964123010635376
vt 0.10212299972772598 0.9773179888725281
vt 0.9767680168151855 0.4107249975204468
vt 0.979781985282898 0.4107309877872467
vt 0.9796289801597595 0.4142259955406189
vt 0.9766150116920471 0.41422000527381897
vt 0.7900440096855164 0.910552978515625
vt 0.7900440096855164 0.9528229832649231
vt 0.8859480023384094 0.10640300065279007
vt 0.8912230134010315 0.10641500353813171
vt 0.9637020230293274 0.19196699559688568
vt 0.9704930186271667 0.1919489949941635
vt 0.9705250263214111 0.1931850016117096
vt 0.963733971118927 0.19320300221443176
vt 0.7318639755249023 0.9637929797172546
vt 0.7462049722671509 0.9637929797172546
vt 0.746213972568512 0.9652969837188721
vt 0.7318729758262634 0.9652969837188721
vt 0.24377800524234772 0.22653299570083618
vt 0.24679699540138245 0.32729899883270264
vt 0.8707889914512634 0.9182249903678894
vt 0.8696569800376892 0.9182279706001282
vt 0.8696569800376892 0.8701450228691101
vt 0.8707889914512634 0.8701419830322266
vt 0.7248209714889526 0.18627800047397614
vt 0.7259529829025269 0.1851460039615631
vt 0.7259529829025269 0.19797800481319427
vt 0.7248209714889526 0.1972229927778244
vt 0.8762140274047852 0.31154999136924744
vt 0.5326099991798401 0.9475989937782288
vt 0.5393919944763184 0.9476140141487122
vt 0.5394359827041626 0.9487169981002808
vt 0.5326539874076843 0.9487019777297974
vt 0.8611339926719666 0.44996199011802673
vt 0.8664360046386719 0.4500199854373932
vt 0.985427975654602 0.10830499976873398
vt 0.9869189858436584 0.11546900123357773
vt 0.981702983379364 0.11468099802732468
vt 0.981702983379364 0.10774300247430801
vt 0.23323699831962585 0.45483899116516113
vt 0.23587900400161743 0.4525749981403351
vt 0.23589099943637848 0.6118379831314087
vt 0.2332489937543869 0.6103289723396301
vt 0.9862250089645386 0.03954700008034706
vt 0.9839010238647461 0.03728099912405014
vt 0.984449028968811 0.036226000636816025
vt 0.9874619841575623 0.03897999972105026
vt 0.1215130016207695 0.968949019908905
vt 0.12302199751138687 0.9663069844245911
vt 0.1245260015130043 0.9666879773139954
vt 0.12226100265979767 0.970084011554718
vt 0.9860150218009949 0.44996100664138794
vt 0.9890339970588684 0.44996100664138794
vt 0.9339190125465393 0.7482879757881165
vt 0.9339190125465393 0.6999790072441101
vt 0.9369540214538574 0.6999710202217102
vt 0.9369540214538574 0.7490339875221252
vt 0.2277050018310547 0.9653850197792053
vt 0.22883599996566772 0.9653869867324829
vt 0.22883599996566772 0.9668959975242615
vt 0.2277050018310547 0.9668939709663391
vt 0.5919510126113892 0.3268510103225708
vt 0.5907769799232483 0.32574599981307983
vt 0.5907769799232483 0.032712001353502274
vt 0.9584329724311829 0.5336009860038757
vt 0.9452589750289917 0.5327780246734619
vt 0.9599180221557617 0.510666012763977
vt 0.3998720049858093 0.8503310084342957
vt 0.39458999037742615 0.8503310084342957
vt 0.3944549858570099 0.7221530079841614
vt 0.39973700046539307 0.7221530079841614
vt 0.41497400403022766 0.8526809811592102
vt 0.4096919894218445 0.8526809811592102
vt 0.40973201394081116 0.8503310084342957
vt 0.41501399874687195 0.8503310084342957
vt 0.6717789769172668 0.31938600540161133
vt 0.668383002281189 0.3227759897708893
vt 0.666916012763977 0.322174996137619
vt 0.6706889867782593 0.31803199648857117
vt 0.9286180138587952 0.15421199798583984
vt 0.9286180138587952 0.23155200481414795
vt 0.9233589768409729 0.23153699934482574
vt 0.9233589768409729 0.15419800579547882
vt 0.8897799849510193 0.7680799961090088
vt 0.8900259733200073 0.764611005783081
vt 0.8914340138435364 0.7653549909591675
vt 0.8911139965057373 0.7680490016937256
vt 0.6164069771766663 0.9483709931373596
vt 0.6152750253677368 0.9483739733695984
vt 0.6152750253677368 0.9002910256385803
vt 0.6164069771766663 0.9002879858016968
vt 0.6736419796943665 0.8227670192718506
vt 0.6706240177154541 0.8212659955024719
vt 0.9912220239639282 0.586027979850769
vt 0.9911940097808838 0.5895100235939026
vt 0.9881749749183655 0.5895190238952637
vt 0.9882029891014099 0.5860369801521301
vt 0.8253179788589478 0.5934339761734009
vt 0.8253179788589478 0.5145750045776367
vt 0.8265029788017273 0.5153539776802063
vt 0.8265029788017273 0.5927039980888367
vt 0.4662480056285858 0.5196319818496704
vt 0.4662480056285858 0.5739399790763855
vt 0.4647409915924072 0.5765759944915771
vt 0.4647409915924072 0.51698899269104
vt 0.9688040018081665 0.3962070047855377
vt 0.962011992931366 0.3962070047855377
vt 0.9688190221786499 0.39504000544548035
vt 0.1479489952325821 0.6939150094985962
vt 0.1479489952325821 0.7067469954490662
vt 0.8610810041427612 0.6055179834365845
vt 0.8610810041427612 0.5911769866943359
vt 0.8775449991226196 0.29488199949264526
vt 0.881263017654419 0.2942369878292084
vt 0.881263017654419 0.3007340133190155
vt 0.8760570287704468 0.30163800716400146
vt 0.9782530069351196 0.47284701466560364
vt 0.9793829917907715 0.4728490114212036
vt 0.9793829917907715 0.47398099303245544
vt 0.9782530069351196 0.4739780128002167
vt 0.08182399719953537 0.912198007106781
vt 0.08188900351524353 0.9140400290489197
vt 0.06637600064277649 0.9121639728546143
vt 0.4524179995059967 0.8177160024642944
vt 0.4524179995059967 0.8964629769325256
vt 0.44525301456451416 0.8964790105819702
vt 0.44525301456451416 0.8177310228347778
vt 0.40946000814437866 0.0574520006775856
vt 0.3939859867095947 0.029525000602006912
vt 0.4136109948158264 0.016315000131726265
vt 0.4136109948158264 0.0574520006775856
vt 0.1817760020494461 0.960319995880127
vt 0.18328499794006348 0.9629619717597961
vt 0.18328599631786346 0.9693779945373535
vt 0.17762400209903717 0.9584329724311829
vt 0.41060400009155273 0.37558498978614807
vt 0.410629004240036 0.6997730135917664
vt 0.10743100196123123 0.6599500179290771
vt 0.11007200181484222 0.6599500179290771
vt 0.9397850036621094 0.6736159920692444
vt 0.9399669766426086 0.6709240078926086
vt 0.9448509812355042 0.6709370017051697
vt 0.9446679949760437 0.6736299991607666
vt 0.6416299939155579 0.06388600170612335
vt 0.6378560066223145 0.06388600170612335
vt 0.6416280269622803 0.04237399995326996
vt 0.6442710161209106 0.05747000128030777
vt 0.628711998462677 0.9555410146713257
vt 0.6487060189247131 0.9554880261421204
vt 0.6498910188674927 0.9575449824333191
vt 0.6276320219039917 0.9576050043106079
vt 0.9863070249557495 0.3429259955883026
vt 0.9863060116767883 0.33311399817466736
vt 0.9893249869346619 0.33311399817466736
vt 0.989326000213623 0.3429259955883026
vt 0.005028000101447105 0.955394983291626
vt 0.011819999665021896 0.955394983291626
vt 0.011838000267744064 0.9568679928779602
vt 0.005047000013291836 0.9568679928779602
vt 0.8306310176849365 0.29610300064086914
vt 0.8094969987869263 0.29610300064086914
vt 0.15887199342250824 0.6517660021781921
vt 0.14943699538707733 0.6532760262489319
vt 0.14944200217723846 0.6517760157585144
vt 0.15887799859046936 0.650642991065979
vt 0.23691299557685852 0.9537349939346313
vt 0.23691299557685852 0.9310910105705261
vt 0.03939199820160866 0.32205599546432495
vt 0.04052399843931198 0.32318899035453796
vt 0.9812449812889099 0.4348970055580139
vt 0.9812610149383545 0.4314889907836914
vt 0.984279990196228 0.4314889907836914
vt 0.9842640161514282 0.4348970055580139
vt 0.10747800022363663 0.7718530297279358
vt 0.10742399841547012 0.7202050089836121
vt 0.10935500264167786 0.7227550148963928
vt 0.1094060018658638 0.7710099816322327
vt 0.9277849793434143 0.9385110139846802
vt 0.9145849943161011 0.938539981842041
vt 0.914454996585846 0.934952974319458
vt 0.9276549816131592 0.934922993183136
vt 0.17761799693107605 0.9569270014762878
vt 0.18252399563789368 0.9591910243034363
vt 0.6029559969902039 0.694703996181488
vt 0.604843020439148 0.694703996181488
vt 0.6029559969902039 0.8366100192070007
vt 0.968163013458252 0.8893319964408875
vt 0.9613710045814514 0.8893319964408875
vt 0.9613950252532959 0.8881480097770691
vt 0.9681869745254517 0.8881480097770691
vt 0.5136100053787231 0.9863200187683105
vt 0.5200269818305969 0.9863200187683105
vt 0.8456979990005493 0.3500959873199463
vt 0.8464940190315247 0.35174301266670227
vt 0.8291400074958801 0.35179001092910767
vt 0.8234390020370483 0.3501560091972351
vt 0.19311200082302094 0.9731130003929138
vt 0.19310300052165985 0.9644420146942139
vt 0.1961210072040558 0.9644420146942139
vt 0.19613100588321686 0.9731130003929138
vt 0.9802970290184021 0.6679059863090515
vt 0.9829360246658325 0.6679030060768127
vt 0.9829360246658325 0.671675980091095
vt 0.9802970290184021 0.6716790199279785
vt 0.879656970500946 0.9798300266265869
vt 0.8796560168266296 0.9654889702796936
vt 0.9246460199356079 0.3094780147075653
vt 0.9246460199356079 0.38681700825691223
vt 0.9193869829177856 0.38680300116539
vt 0.9193869829177856 0.3094640076160431
vt 0.1847890019416809 0.9625880122184753
vt 0.604761004447937 0.09682700037956238
vt 0.604761004447937 0.2522070109844208
vt 0.6021239757537842 0.253710001707077
vt 0.6021239757537842 0.0945580005645752
vt 0.8291400074958801 0.4629819989204407
vt 0.8280289769172668 0.46343401074409485
vt 0.8280289769172668 0.35148999094963074
vt 0.9593210220336914 0.6805809736251831
vt 0.9604510068893433 0.6805840134620667
vt 0.9604510068893433 0.682092010974884
vt 0.9593210220336914 0.6820899844169617
vt 0.7033029794692993 0.2961069941520691
vt 0.7033029794692993 0.2934649884700775
vt 0.7055739760398865 0.29610300064086914
vt 0.9373940229415894 0.9081060290336609
vt 0.9373940229415894 0.9522299766540527
vt 0.9759830236434937 0.8583890199661255
vt 0.9765409827232361 0.8550419807434082
vt 0.9781360030174255 0.854856014251709
vt 0.9774540066719055 0.8589460253715515
vt 0.0038980001118034124 0.25374799966812134
vt 0.005024000070989132 0.2537490129470825
vt 0.005024000070989132 0.2979060113430023
vt 0.0038980001118034124 0.29790499806404114
vt 0.779429018497467 0.15419800579547882
vt 0.7816879749298096 0.15420100092887878
vt 0.7816879749298096 0.15684300661087036
vt 0.779429018497467 0.1587270051240921
vt 0.9608650207519531 0.40751200914382935
vt 0.961031973361969 0.40400201082229614
vt 0.9640460014343262 0.40400201082229614
vt 0.9638789892196655 0.40751200914382935
vt 0.6416379809379578 0.16389699280261993
vt 0.6378639936447144 0.16389699280261993
vt 0.6416360139846802 0.1420080065727234
vt 0.6442790031433105 0.15785899758338928
vt 0.3235040009021759 0.9877989888191223
vt 0.3235040009021759 0.980629026889801
vt 0.3246360123157501 0.980629026889801
vt 0.3246360123157501 0.9877989888191223
vt 0.5569970011711121 0.9761390089988708
vt 0.5569970011711121 0.9629920125007629
vt 0.5581600069999695 0.9630979895591736
vt 0.5581600069999695 0.9762459993362427
vt 0.037491001188755035 0.7829939723014832
vt 0.03748900070786476 0.734686017036438
vt 0.8856080174446106 0.003900999901816249
vt 0.8844410181045532 0.004639999940991402
vt 0.5870919823646545 0.9521899819374084
vt 0.5870919823646545 0.9389809966087341
vt 0.6010569930076599 0.9355840086936951
vt 0.6010569930076599 0.956341028213501
vt 0.5272619724273682 0.817467987537384
vt 0.5287539958953857 0.8182299733161926
vt 0.5277559757232666 0.8955879807472229
vt 0.15172700583934784 0.8003439903259277
vt 0.14078199863433838 0.7867580056190491
vt 0.15172599256038666 0.7867580056190491
vt 0.1596519947052002 0.7980800271034241
vt 0.03712499886751175 0.6765559911727905
vt 0.022783000022172928 0.6765559911727905
vt 0.05485900118947029 0.8146169781684875
vt 0.054854001849889755 0.9016460180282593
vt 0.04617999866604805 0.8975200057029724
vt 0.04619099944829941 0.818789005279541
vt 0.7469779849052429 0.2893100082874298
vt 0.7469630241394043 0.29158300161361694
vt 0.09460599720478058 0.8096550107002258
vt 0.09723600000143051 0.809669017791748
vt 0.09700900316238403 0.8131260275840759
vt 0.2956309914588928 0.953702986240387
vt 0.29223498702049255 0.9570930004119873
vt 0.9103400111198425 0.29099801182746887
vt 0.910286009311676 0.23934899270534515
vt 0.9122089743614197 0.24191699922084808
vt 0.9122599959373474 0.2901729941368103
vt 0.9605309963226318 0.27775201201438904
vt 0.9605159759521484 0.26304998993873596
vt 0.9616649746894836 0.2630139887332916
vt 0.961679995059967 0.2777169942855835
vt 0.07133899629116058 0.6924070119857788
vt 0.07133899629116058 0.7059940099716187
vt 0.1906690001487732 0.6637060046195984
vt 0.1943719983100891 0.6629769802093506
vt 0.1943719983100891 0.6687330007553101
vt 0.18918800354003906 0.6697530150413513
vt 0.9608479738235474 0.7146390080451965
vt 0.9676390290260315 0.7146210074424744
vt 0.9676600098609924 0.7158210277557373
vt 0.9608690142631531 0.7158390283584595
vt 0.8815410137176514 0.926360011100769
vt 0.8922610282897949 0.5552160143852234
vt 0.8975449800491333 0.5551779866218567
vt 0.8978840112686157 0.6023529767990112
vt 0.8926010131835938 0.6023910045623779
vt 0.9160569906234741 0.13812999427318573
vt 0.9160060286521912 0.08912000060081482
vt 0.917926013469696 0.08904899656772614
vt 0.917976975440979 0.13730500638484955
vt 0.9578199982643127 0.586027979850769
vt 0.964601993560791 0.5860430002212524
vt 0.014088000170886517 0.049945998936891556
vt 0.01559200044721365 0.051833998411893845
vt 0.005024000070989132 0.051833998411893845
vt 0.005030000116676092 0.049945998936891556
vt 0.8813390135765076 0.15626999735832214
vt 0.8832780122756958 0.15644699335098267
vt 0.8832780122756958 0.284168004989624
vt 0.03585999831557274 0.9669970273971558
vt 0.03585999831557274 0.9564290046691895
vt 0.03736399859189987 0.9564329981803894
vt 0.03736399859189987 0.9670000076293945
vt 0.6947919726371765 0.49588000774383545
vt 0.6955879926681519 0.49752599000930786
vt 0.9814910292625427 0.04798299819231033
vt 0.9816370010375977 0.049538999795913696
vt 0.8194010257720947 0.8589619994163513
vt 0.8194010257720947 0.7657470107078552
vt 0.8216660022735596 0.8604720234870911
vt 0.968455970287323 0.2552179992198944
vt 0.9616640210151672 0.2552179992198944
vt 0.961679995059967 0.2540520131587982
vt 0.9684720039367676 0.2540520131587982
vt 0.9904549717903137 0.7090219855308533
vt 0.9874410033226013 0.709007978439331
vt 0.8383139967918396 0.9183970093727112
vt 0.8382629752159119 0.8701419830322266
vt 0.8393949866294861 0.8701419830322266
vt 0.8394460082054138 0.9183970093727112
vt 0.37866199016571045 0.9648749828338623
vt 0.3718799948692322 0.9648600220680237
vt 0.40719500184059143 0.34918200969696045
vt 0.4136109948158264 0.340501993894577
vt 0.41929399967193604 0.34053799510002136
vt 0.4094809889793396 0.3541249930858612
vt 0.1374650001525879 0.9884849786758423
vt 0.13232100009918213 0.9898719787597656
vt 0.13395699858665466 0.9825270175933838
vt 0.1374650001525879 0.9801999926567078
vt 0.2997879981994629 0.8566160202026367
vt 0.29054298996925354 0.7667589783668518
vt 0.9768199920654297 0.8334749937057495
vt 0.9768199920654297 0.8203269839286804
vt 0.9779840111732483 0.8204330205917358
vt 0.9779840111732483 0.8335809707641602
vt 0.13247700035572052 0.7222210168838501
vt 0.14681799709796906 0.7222210168838501
vt 0.15172399580478668 0.7350530028343201
vt 0.1275710016489029 0.7350530028343201
vt 0.9708880186080933 0.11552099883556366
vt 0.07134000211954117 0.722599983215332
vt 0.08605899661779404 0.722599983215332
vt 0.06567899882793427 0.7320349812507629
vt 0.4647409915924072 0.6237180233001709
vt 0.4662480056285858 0.6263610124588013
vt 0.42823800444602966 0.6511390209197998
vt 0.4271070063114166 0.6500049829483032
vt 0.13097000122070312 0.8003439903259277
vt 0.12757299840450287 0.7867580056190491
vt 0.3246369957923889 0.9889310002326965
vt 0.3235040009021759 0.9889310002326965
vt 0.628711998462677 0.9277430176734924
vt 0.6256939768791199 0.9303810000419617
vt 0.6242370009422302 0.9298160076141357
vt 0.6276320219039917 0.9264259934425354
vt 0.14681600034236908 0.6795740127563477
vt 0.13247500360012054 0.6795740127563477
vt 0.7289729714393616 0.2961040139198303
vt 0.7308530211448669 0.2934660017490387
vt 0.7308530211448669 0.2961080074310303
vt 0.5957769751548767 0.9796159863471985
vt 0.982276976108551 0.02613300085067749
vt 0.982276976108551 0.022360000759363174
vt 0.9849159717559814 0.0223580002784729
vt 0.9849159717559814 0.026131000369787216
vt 0.3707920014858246 0.9836390018463135
vt 0.37075498700141907 0.9803169965744019
vt 0.3737730085849762 0.9803169965744019
vt 0.3738099932670593 0.9836390018463135
vt 0.8175140023231506 0.7562389969825745
vt 0.8175140023231506 0.6149939894676208
vt 0.8447080254554749 0.6065340042114258
vt 0.8420810103416443 0.606652021408081
vt 0.8420810103416443 0.6028220057487488
vt 0.8447080254554749 0.6027039885520935
vt 0.9853280186653137 0.007424999959766865
vt 0.9853090047836304 0.014561999589204788
vt 0.9822909832000732 0.014561999589204788
vt 0.9823099970817566 0.007424999959766865
vt 0.6344630122184753 0.8304550051689148
vt 0.6254119873046875 0.8263300061225891
vt 0.7691550254821777 0.9001150131225586
vt 0.7691550254821777 0.8212659955024719
vt 0.9443889856338501 0.4138759970664978
vt 0.9443889856338501 0.36556801199913025
vt 0.9455209970474243 0.36556801199913025
vt 0.9455209970474243 0.4138759970664978
vt 0.20771700143814087 0.3001669943332672
vt 0.20771700143814087 0.34168198704719543
vt 0.12302199751138687 0.9598910212516785
vt 0.12377099692821503 0.9595170021057129
vt 0.7093480229377747 0.18514500558376312
vt 0.7104799747467041 0.18627800047397614
vt 0.7104799747467041 0.1972229927778244
vt 0.7093480229377747 0.1979770064353943
vt 0.8465110063552856 0.14581599831581116
vt 0.8465110063552856 0.14128699898719788
vt 0.8480209708213806 0.13902199268341064
vt 0.852927029132843 0.14581599831581116
vt 0.9121819734573364 0.7516189813613892
vt 0.9121270179748535 0.6999710202217102
vt 0.9140499830245972 0.7025390267372131
vt 0.9141010046005249 0.750793993473053
vt 0.009145000018179417 0.9888089895248413
vt 0.0038980001118034124 0.9893479943275452
vt 0.005594000220298767 0.9812849760055542
vt 0.009145000018179417 0.9790250062942505
vt 0.9169049859046936 0.9720439910888672
vt 0.9161540269851685 0.9709179997444153
vt 0.7553880214691162 0.991811990737915
vt 0.7542589902877808 0.9929500222206116
vt 0.7542589902877808 0.98540198802948
vt 0.7553880214691162 0.9861509799957275
vt 0.9530689716339111 0.36556801199913025
vt 0.9530689716339111 0.4138759970664978
vt 0.014088000170886517 0.252238005399704
vt 0.01559200044721365 0.2537490129470825
vt 0.005030000116676092 0.252238005399704
vt 0.23811699450016022 0.2933329939842224
vt 0.2388709932565689 0.3016360104084015
vt 0.9317860007286072 0.44996199011802673
vt 0.9359369874000549 0.44996100664138794
vt 0.9359369874000549 0.5273270010948181
vt 0.9317860007286072 0.5273270010948181
vt 0.9725009799003601 0.6148200035095215
vt 0.9725009799003601 0.6393510103225708
vt 0.8156939744949341 0.14581599831581116
vt 0.8156939744949341 0.14128699898719788
vt 0.8175809979438782 0.13902300596237183
vt 0.822488009929657 0.14581599831581116
vt 0.8965179920196533 0.992904007434845
vt 0.895389974117279 0.9940419793128967
vt 0.895389974117279 0.9876260161399841
vt 0.8965179920196533 0.988752007484436
vt 0.9633619785308838 0.906620979309082
vt 0.9701520204544067 0.9066029787063599
vt 0.616441011428833 0.3001289963722229
vt 0.616441011428833 0.3416140079498291
vt 0.604761004447937 0.3265030086040497
vt 0.604761004447937 0.30010300874710083
vt 0.9295979738235474 0.9395279884338379
vt 0.9295979738235474 0.960250973701477
vt 0.9277849793434143 0.9614940285682678
vt 0.4678809940814972 0.8176810145378113
vt 0.4678809940814972 0.8964279890060425
vt 0.461093008518219 0.8964430093765259
vt 0.461093008518219 0.8176959753036499
vt 0.703249990940094 0.8993890285491943
vt 0.703249990940094 0.8220490217208862
vt 0.7044860124588013 0.8212659955024719
vt 0.7044860124588013 0.9001150131225586
vt 0.6717789769172668 0.46476298570632935
vt 0.668383002281189 0.4681529998779297
vt 0.8100550174713135 0.0038980001118034124
vt 0.8100550174713135 0.006539999973028898
vt 0.19790500402450562 0.35413700342178345
vt 0.0656760036945343 0.8018590211868286
vt 0.06870099902153015 0.8018559813499451
vt 0.533407986164093 0.9731109738349915
vt 0.5345379710197449 0.9731130003929138
vt 0.5345379710197449 0.9746220111846924
vt 0.533407986164093 0.9746189713478088
vt 0.45325198769569397 0.0324070006608963
vt 0.45325198769569397 0.32544100284576416
vt 0.45216599106788635 0.326541006565094
vt 0.09417399764060974 0.9773719906806946
vt 0.09415999799966812 0.9641770124435425
vt 0.8374149799346924 0.989408016204834
vt 0.837414026260376 0.9826149940490723
vt 0.8385469913482666 0.9826149940490723
vt 0.8385469913482666 0.989408016204834
vt 0.9616749882698059 0.5118200182914734
vt 0.9603360295295715 0.5325000286102295
vt 0.8325120210647583 0.2961069941520691
vt 0.0529789999127388 0.8119919896125793
vt 0.050710998475551605 0.8108590245246887
vt 0.21259799599647522 0.05183500051498413
vt 0.21259799599647522 0.09448300302028656
vt 0.2020310014486313 0.09448300302028656
vt 0.2020310014486313 0.05183500051498413
vt 0.9802970290184021 0.6487749814987183
vt 0.9814130067825317 0.6485829949378967
vt 0.981669008731842 0.6500710248947144
vt 0.9805529713630676 0.6502630114555359
vt 0.9688040018081665 0.34894800186157227
vt 0.962011992931366 0.34894800186157227
vt 0.8490930199623108 0.34670600295066833
vt 0.8490930199623108 0.32228899002075195
vt 0.8506439924240112 0.3216800093650818
vt 0.8506439924240112 0.3479749858379364
vt 0.23358799517154694 0.34918901324272156
vt 0.23134399950504303 0.3541310131549835
vt 0.22153200209140778 0.34054601192474365
vt 0.22717200219631195 0.34050899744033813
vt 0.9796450138092041 0.7029659748077393
vt 0.9796450138092041 0.7097539901733398
vt 0.9785150289535522 0.7097520232200623
vt 0.9785150289535522 0.7029629945755005
vt 0.48070400953292847 0.8108710050582886
vt 0.4825890064239502 0.8135039806365967
vt 0.47542399168014526 0.8176649808883667
vt 0.47881799936294556 0.8097450137138367
vt 0.4836769998073578 0.813435971736908
vt 0.4814150035381317 0.8100500106811523
vt 0.9145849943161011 0.9615240097045898
vt 0.7460500001907349 0.8993780016899109
vt 0.7407910227775574 0.8993639945983887
vt 0.7407910227775574 0.8220239877700806
vt 0.7460500001907349 0.822039008140564
vt 0.9056569933891296 0.5273169875144958
vt 0.9056569933891296 0.44996699690818787
vt 0.9109349846839905 0.44996199011802673
vt 0.9109349846839905 0.5273119807243347
vt 0.5502060055732727 0.9761580228805542
vt 0.5570279955863953 0.9773759841918945
vt 0.5502369999885559 0.9773939847946167
vt 0.8238630294799805 0.6065340042114258
vt 0.8212360143661499 0.606652021408081
vt 0.8212360143661499 0.6028220057487488
vt 0.8238630294799805 0.6027039885520935
vt 0.45991799235343933 0.8956270217895508
vt 0.45991799235343933 0.818386971950531
vt 0.6128829717636108 0.9773190021514893
vt 0.612188994884491 0.9732459783554077
vt 0.6138049960136414 0.9734950065612793
vt 0.6143730282783508 0.9768279790878296
vt 0.06567099690437317 0.6599540114402771
vt 0.06869599968194962 0.6599500179290771
vt 0.06567099690437317 0.6625959873199463
vt 0.6355509757995605 0.9083799719810486
vt 0.6355509757995605 0.8311399817466736
vt 0.6257529854774475 0.9875460267066956
vt 0.6299039721488953 0.9875460267066956
vt 0.6299039721488953 0.9928290247917175
vt 0.6257529854774475 0.9928290247917175
vt 0.6353600025177002 0.31011199951171875
vt 0.6444029808044434 0.3101319968700409
vt 0.6443589925765991 0.3109149932861328
vt 0.6277809739112854 0.3108789920806885
vt 0.1761070042848587 0.6784390211105347
vt 0.17686200141906738 0.677308976650238
vt 0.17686200141906738 0.792041003704071
vt 0.1761070042848587 0.7909070253372192
vt 0.13368600606918335 0.38571399450302124
vt 0.05065999925136566 0.38571399450302124
vt 0.050666000694036484 0.36193299293518066
vt 0.1404850035905838 0.36268699169158936
vt 0.7016779780387878 0.964102029800415
vt 0.6411089897155762 0.9875460267066956
vt 0.6452599763870239 0.9875460267066956
vt 0.4271070063114166 0.9005979895591736
vt 0.4271070063114166 0.8135610222816467
vt 0.5204690098762512 0.8173810243606567
vt 0.5336769819259644 0.817550003528595
vt 0.9622340202331543 0.8214300274848938
vt 0.9622340202331543 0.8357610106468201
vt 0.955452024936676 0.8357459902763367
vt 0.955452024936676 0.8214150071144104
vt 0.9790800213813782 0.9085739850997925
vt 0.980197012424469 0.9083939790725708
vt 0.9804379940032959 0.909883975982666
vt 0.9793199896812439 0.9100639820098877
vt 0.02694699913263321 0.8188160061836243
vt 0.02694699913263321 0.8975629806518555
vt 0.02015800029039383 0.8975780010223389
vt 0.02015800029039383 0.8188310265541077
vt 0.20771700143814087 0.049943000078201294
vt 0.20354600250720978 0.04994700103998184
vt 0.438977986574173 0.033854998648166656
vt 0.438977986574173 0.3261350095272064
vt 0.4276750087738037 0.3411949872970581
vt 0.4276750087738037 0.017235999926924706
vt 0.9704930186271667 0.17767399549484253
vt 0.9716569781303406 0.17778100073337555
vt 0.9716569781303406 0.19205500185489655
vt 0.009956000372767448 0.01748500019311905
vt 0.01559200044721365 0.017489999532699585
vt 0.009956000372767448 0.049942001700401306
vt 0.4179370105266571 0.9939000010490417
vt 0.4179370105266571 0.989749014377594
vt 0.8483870029449463 0.9804620146751404
vt 0.8483859896659851 0.9661210179328918
vt 0.8551790118217468 0.9661210179328918
vt 0.855180025100708 0.9804620146751404
vt 0.1961289942264557 0.9203130006790161
vt 0.19499599933624268 0.9203109741210938
vt 0.19499799609184265 0.9191780090332031
vt 0.19613100588321686 0.9191799759864807
vt 0.9893239736557007 0.3567500114440918
vt 0.9893239736557007 0.36655598878860474
vt 0.9863100051879883 0.36654898524284363
vt 0.9863100051879883 0.3567430078983307
vt 0.21548299491405487 0.9656190276145935
vt 0.8664360046386719 0.5822489857673645
vt 0.8611339926719666 0.5821899771690369
vt 0.4662480056285858 0.42421698570251465
vt 0.4662480056285858 0.4721130132675171
vt 0.4647409915924072 0.47474899888038635
vt 0.4647409915924072 0.4219509959220886
vt 0.8080729842185974 0.9922119975090027
vt 0.8073189854621887 0.9869310259819031
vt 0.8126000165939331 0.987671971321106
vt 0.8126000165939331 0.9929559826850891
vt 0.2677130103111267 0.917227029800415
vt 0.2677130103111267 0.8691440224647522
vt 0.2696419954299927 0.8666549921035767
vt 0.2696419954299927 0.9181190133094788
vt 0.05066300183534622 0.8096550107002258
vt 0.008466999977827072 0.8109440207481384
vt 0.008423999883234501 0.8097490072250366
vt 0.23773899674415588 0.2793689966201782
vt 0.23396499454975128 0.2333270013332367
vt 0.9701520204544067 0.9223799705505371
vt 0.9633619785308838 0.9223989844322205
vt 0.2045149952173233 0.6820939779281616
vt 0.21208399534225464 0.6775529980659485
vt 0.21208399534225464 0.6801949739456177
vt 0.05594300106167793 0.9015780091285706
vt 0.05594300106167793 0.8145419955253601
vt 0.14943699538707733 0.3638109862804413
vt 0.15887199342250824 0.36456501483917236
vt 0.5424100160598755 0.813510000705719
vt 0.5412859916687012 0.9006800055503845
vt 0.4155069887638092 0.06010900065302849
vt 0.41929399967193604 0.01635199971497059
vt 0.607243001461029 0.5153059959411621
vt 0.6038470268249512 0.5126640200614929
vt 0.607243001461029 0.38245800137519836
vt 0.6091300249099731 0.3620780110359192
vt 0.8242040276527405 0.8730300068855286
vt 0.8285470008850098 0.9154559969902039
vt 0.9794650077819824 0.18936100602149963
vt 0.979511022567749 0.18548500537872314
vt 0.9825299978256226 0.18548500537872314
vt 0.9824830293655396 0.18936100602149963
vt 0.3198220133781433 0.7656149864196777
vt 0.31046798825263977 0.855459988117218
vt 0.8317810297012329 0.5153480172157288
vt 0.8317810297012329 0.5926979780197144
vt 0.5394359827041626 0.963047981262207
vt 0.5326539874076843 0.9630330204963684
vt 0.5897340178489685 0.9340749979019165
vt 0.60030198097229 0.9340739846229553
vt 0.9036710262298584 0.09167899936437607
vt 0.9036779999732971 0.08904899656772614
vt 0.2565540075302124 0.7215610146522522
vt 0.2565540075302124 0.8575789928436279
vt 0.2557710111141205 0.8582900166511536
vt 0.2557710111141205 0.720766007900238
vt 0.34490999579429626 0.7607269883155823
vt 0.34490999579429626 0.7199820280075073
vt 0.35174500942230225 0.7199789881706238
vt 0.35174500942230225 0.7607240080833435
vt 0.967848002910614 0.15547500550746918
vt 0.9719979763031006 0.1553730070590973
vt 0.9722949862480164 0.16705599427223206
vt 0.9645400047302246 0.15894900262355804
vt 0.8900079727172852 0.8552280068397522
vt 0.8912439942359924 0.855197012424469
vt 0.23396499454975128 0.7267860174179077
vt 0.22905899584293365 0.7267850041389465
vt 0.23396499454975128 0.7199919819831848
vt 0.23585200309753418 0.7245209813117981
vt 0.8296189904212952 0.9661539793014526
vt 0.8296189904212952 0.9804850220680237
vt 0.8228369951248169 0.9804700016975403
vt 0.8228369951248169 0.966139018535614
vt 0.7318639755249023 0.9863020181655884
vt 0.7379069924354553 0.9863020181655884
vt 0.7372000217437744 0.9874680042266846
vt 0.7330510020256042 0.9876360297203064
vt 0.40719500184059143 0.008012999780476093
vt 0.4094809889793396 0.0038980001118034124
vt 0.1824049949645996 0.031831998378038406
vt 0.7980350255966187 0.9863749742507935
vt 0.7995229959487915 0.9931780099868774
vt 0.7943140268325806 0.992347002029419
vt 0.7943140268325806 0.9857810139656067
vt 0.38497400283813477 0.6839169859886169
vt 0.9812610149383545 0.4269599914550781
vt 0.9812319874763489 0.42396000027656555
vt 0.9842510223388672 0.42396000027656555
vt 0.984279990196228 0.4269599914550781
vt 0.9278650283813477 0.6015949845314026
vt 0.9278140068054199 0.5525850057601929
vt 0.24304400384426117 0.719980001449585
vt 0.24304400384426117 0.7226219773292542
vt 0.257532000541687 0.9893280267715454
vt 0.257532000541687 0.9934800267219543
vt 0.9688209891319275 0.31020399928092957
vt 0.9620389938354492 0.31018900871276855
vt 0.9186949729919434 0.5438780188560486
vt 0.9186949729919434 0.5351129770278931
vt 0.9222469925880432 0.537090003490448
vt 0.9239360094070435 0.5445489883422852
vt 0.013724000193178654 0.8018590211868286
vt 0.943274974822998 0.0038980001118034124
vt 0.9504449963569641 0.0038980001118034124
vt 0.9504449963569641 0.052205998450517654
vt 0.943274974822998 0.052205998450517654
vt 0.7843170166015625 0.8993840217590332
vt 0.7832630276679993 0.9001150131225586
vt 0.7832630276679993 0.8212659955024719
vt 0.7843170166015625 0.8220450282096863
vt 0.8234390020370483 0.3189780116081238
vt 0.8200439810752869 0.32236799597740173
vt 0.818576991558075 0.3217659890651703
vt 0.8227270245552063 0.31762298941612244
vt 0.9828069806098938 0.9538319706916809
vt 0.9829440116882324 0.9567360281944275
vt 0.9799299836158752 0.9566890001296997
vt 0.9797940254211426 0.9537850022315979
vt 0.847241997718811 0.9184589982032776
vt 0.8472409844398499 0.8701509833335876
vt 0.8506529927253723 0.8701419830322266
vt 0.8506529927253723 0.9192050099372864
vt 0.9790899753570557 0.9340879917144775
vt 0.9821040034294128 0.9340879917144775
vt 0.2680380046367645 0.9528440237045288
vt 0.26997700333595276 0.9571530222892761
vt 0.2665809988975525 0.9537820219993591
vt 0.746213972568512 0.9785069823265076
vt 0.7318729758262634 0.9785060286521912
vt 0.3718799948692322 0.9482660293579102
vt 0.37866199016571045 0.9482809901237488
vt 0.22153200209140778 0.8618850111961365
vt 0.22153200209140778 0.8592429757118225
vt 0.22717200219631195 0.857367992401123
vt 0.22717200219631195 0.8618969917297363
vt 0.8435549736022949 0.815559983253479
vt 0.8684639930725098 0.8155590295791626
vt 0.8680859804153442 0.8604679703712463
vt 0.8175140023231506 0.7683889865875244
vt 0.8175140023231506 0.8555660247802734
vt 0.9167439937591553 0.08125399798154831
vt 0.9167439937591553 0.0039029999170452356
vt 0.9220219850540161 0.0038980001118034124
vt 0.9220219850540161 0.08124800026416779
vt 0.80349200963974 0.8132879734039307
vt 0.6300740242004395 0.8134710192680359
vt 0.6280069947242737 0.8086609840393066
vt 0.8059489727020264 0.8084729909896851
vt 0.818576991558075 0.3349139988422394
vt 0.6997380256652832 0.33523398637771606
vt 0.6997380256652832 0.32208600640296936
vt 0.7055739760398865 0.1587270051240921
vt 0.7248209714889526 0.1708039939403534
vt 0.7104799747467041 0.1708039939403534
vt 0.5969120264053345 0.9803770184516907
vt 0.4271099865436554 0.9585689902305603
vt 0.4271070063114166 0.915922999382019
vt 0.42976099252700806 0.9159150123596191
vt 0.4297640025615692 0.9585610032081604
vt 0.6164069771766663 0.8924890160560608
vt 0.6152750253677368 0.8924919962882996
vt 0.6152750253677368 0.8444089889526367
vt 0.6164069771766663 0.844406008720398
vt 0.05277400091290474 0.9416130185127258
vt 0.0497560016810894 0.9442510008811951
vt 0.0497560016810894 0.9164530038833618
vt 0.05277400091290474 0.9190739989280701
vt 0.8072749972343445 0.9528160095214844
vt 0.8073880076408386 0.9105470180511475
vt 0.808525025844574 0.9105589985847473
vt 0.8085579872131348 0.9528279900550842
vt 0.024531999602913857 0.9670000076293945
vt 0.024531999602913857 0.9564319849014282
vt 0.026048000901937485 0.9564290046691895
vt 0.026048000901937485 0.9669960141181946
vt 0.8490930199623108 0.46766600012779236
vt 0.8456979990005493 0.4642939865589142
vt 0.8464940190315247 0.4629350006580353
vt 0.8506439924240112 0.46668100357055664
vt 0.42899298667907715 0.8101660013198853
vt 0.8807880282402039 0.917818009853363
vt 0.8807880282402039 0.8697350025177002
vt 0.882673978805542 0.8671000003814697
vt 0.882673978805542 0.9185649752616882
vt 0.9666299819946289 0.42396000027656555
vt 0.9734219908714294 0.42396000027656555
vt 0.08983000367879868 0.6599500179290771
vt 0.9213410019874573 0.3972429931163788
vt 0.921347975730896 0.39461299777030945
vt 0.92399001121521 0.39461299777030945
vt 0.9239829778671265 0.3972429931163788
vt 0.428617000579834 0.9682520031929016
vt 0.43842899799346924 0.9682520031929016
vt 0.4286229908466339 0.9708899855613708
vt 0.982994019985199 0.9611899852752686
vt 0.9828069806098938 0.9654229879379272
vt 0.9797940254211426 0.9653769731521606
vt 0.9799799919128418 0.961143970489502
vt 0.16325199604034424 0.9532110095024109
vt 0.16325299441814423 0.967930018901825
vt 0.8465110063552856 0.003909999970346689
vt 0.852927029132843 0.003911000210791826
vt 0.8480209708213806 0.010703999549150467
vt 0.8465110063552856 0.008438999764621258
vt 0.009956000372767448 0.2522349953651428
vt 0.009956000372767448 0.09674099832773209
vt 0.05330299958586693 0.9057279825210571
vt 0.05296900123357773 0.9046639800071716
vt 0.9911969900131226 0.7646009922027588
vt 0.994970977306366 0.7646009922027588
vt 0.005783999804407358 0.8112620115280151
vt 0.006581000052392483 0.8120790123939514
vt 0.005073000211268663 0.8147199749946594
vt 0.0038980001118034124 0.8146569728851318
vt 0.18403400480747223 0.9697589874267578
vt 0.49679800868034363 0.8091530203819275
vt 0.514054000377655 0.8172979950904846
vt 0.49518799781799316 0.9869120121002197
vt 0.4966740012168884 0.9933570027351379
vt 0.491472989320755 0.9924759864807129
vt 0.491472989320755 0.986283004283905
vt 0.9665319919586182 0.06111999973654747
vt 0.9665319919586182 0.07545100152492523
vt 0.9597499966621399 0.07543600350618362
vt 0.9597499966621399 0.06110500171780586
vt 0.1378369927406311 0.38684698939323425
vt 0.14161700010299683 0.36381998658180237
vt 0.20859499275684357 0.42270299792289734
vt 0.2066890001296997 0.42006099224090576
vt 0.20642399787902832 0.36571601033210754
vt 0.2120780050754547 0.36193299293518066
vt 0.5565009713172913 0.5218340158462524
vt 0.5606459975242615 0.5199570059776306
vt 0.5606459975242615 0.5742639899253845
vt 0.5565009713172913 0.5719919800758362
vt 0.7497190237045288 0.9079110026359558
vt 0.7599089741706848 0.9079110026359558
vt 0.7599030137062073 0.9105539917945862
vt 0.7516000270843506 0.9105539917945862
vt 0.6417220234870911 0.546995997428894
vt 0.6443589925765991 0.553413987159729
vt 0.6417220234870911 0.5684930086135864
vt 0.6379539966583252 0.5469880104064941
vt 0.8914340138435364 0.858161985874176
vt 0.8902729749679565 0.8593050241470337
vt 0.2508389949798584 0.9174190163612366
vt 0.2508389949798584 0.8693349957466125
vt 0.2519710063934326 0.8693320155143738
vt 0.2519710063934326 0.9174150228500366
vt 0.9608790278434753 0.37144601345062256
vt 0.9608650207519531 0.35825100541114807
vt 0.8718600273132324 0.8555619716644287
vt 0.8703500032424927 0.8589580059051514
vt 0.602200984954834 0.5589569807052612
vt 0.6029589772224426 0.5578230023384094
vt 0.6029589772224426 0.6725550293922424
vt 0.602200984954834 0.6714249849319458
vt 0.4530330002307892 0.9866139888763428
vt 0.45944899320602417 0.9866139888763428
vt 0.852927029132843 0.010703999549150467
vt 0.852927029132843 0.13902300596237183
vt 0.1617719978094101 0.9442920088768005
vt 0.14856299757957458 0.9442930221557617
vt 0.6479079723358154 0.965399980545044
vt 0.6479089856147766 0.9797419905662537
vt 0.5817099809646606 0.3658519983291626
vt 0.5817099809646606 0.6523079872131348
vt 0.5749160051345825 0.6511759757995605
vt 0.5749160051345825 0.36660701036453247
vt 0.003911999985575676 0.9700980186462402
vt 0.0038980001118034124 0.9569029808044434
vt 0.005059999879449606 0.9700629711151123
vt 0.9696890115737915 0.6918540000915527
vt 0.9682469964027405 0.6817659735679626
vt 0.9726279973983765 0.6803910136222839
vt 0.9726279973983765 0.6857270002365112
vt 0.761040985584259 0.9632750153541565
vt 0.761040985584259 0.977607011795044
vt 0.7542589902877808 0.9775919914245605
vt 0.7542589902877808 0.9632599949836731
vt 0.9790779948234558 0.7881919741630554
vt 0.9820730090141296 0.788569986820221
vt 0.9799649715423584 0.79933100938797
vt 0.9790779948234558 0.80035799741745
vt 0.14943499863147736 0.4374009966850281
vt 0.15472100675106049 0.43664899468421936
vt 0.8633430004119873 0.7446119785308838
vt 0.8686460256576538 0.7446709871292114
vt 0.868698000907898 0.7471070289611816
vt 0.8633959889411926 0.747048020362854
vt 0.9211869835853577 0.287665992975235
vt 0.9211869835853577 0.23935799300670624
vt 0.9245989918708801 0.23934899270534515
vt 0.9245989918708801 0.2884120047092438
vt 0.8047459721565247 0.910539984703064
vt 0.8047599792480469 0.9079110026359558
vt 0.8074020147323608 0.9079179763793945
vt 0.8885229825973511 0.6182839870452881
vt 0.8887420296669006 0.6148260235786438
vt 0.8906930088996887 0.6155650019645691
vt 0.8905109763145447 0.618257999420166
vt 0.9926930069923401 0.3173750042915344
vt 0.9874600172042847 0.3180440068244934
vt 0.9891989827156067 0.31181100010871887
vt 0.9926930069923401 0.3094640076160431
vt 0.21146899461746216 0.8272659778594971
vt 0.21146899461746216 0.9045060276985168
vt 0.2039259970188141 0.9045230150222778
vt 0.2039259970188141 0.8272830247879028
vt 0.9781209826469421 0.7446590065956116
vt 0.9788730144500732 0.7457929849624634
vt 0.979619026184082 0.7567430138587952
vt 0.9765999913215637 0.7567430138587952
vt 0.10743100196123123 0.7124090194702148
vt 0.11007200181484222 0.7124090194702148
vt 0.09209399670362473 0.7992179989814758
vt 0.08983500301837921 0.7973269820213318
vt 0.09776099771261215 0.7950620055198669
vt 0.09774599969387054 0.7973359823226929
vt 0.09208899736404419 0.6599540114402771
vt 0.09208899736404419 0.6625959873199463
vt 0.3926610052585602 0.8504189848899841
vt 0.3925260007381439 0.7222409844398499
vt 0.7835680246353149 0.5153579711914062
vt 0.7888460159301758 0.5153689980506897
vt 0.7886070013046265 0.5927180051803589
vt 0.7833290100097656 0.5927079916000366
vt 0.9688040018081665 0.3725770115852356
vt 0.962011992931366 0.3725770115852356
vt 0.12679800391197205 0.8217440247535706
vt 0.13321399688720703 0.8217440247535706
vt 0.13321399688720703 0.9006180167198181
vt 0.12679800391197205 0.9006189703941345
vt 0.5606459975242615 0.42454200983047485
vt 0.5606459975242615 0.4724380075931549
vt 0.8938819766044617 0.41387298703193665
vt 0.8938819766044617 0.43538498878479004
vt 0.8912310004234314 0.43765199184417725
vt 0.8912310004234314 0.4119879901409149
vt 0.4014739990234375 0.9875569939613342
vt 0.4014729857444763 0.9800090193748474
vt 0.40260499715805054 0.9800090193748474
vt 0.4026060104370117 0.9875569939613342
vt 0.9176509976387024 0.849776029586792
vt 0.9176509976387024 0.9271159768104553
vt 0.9123920202255249 0.9271020293235779
vt 0.9123920202255249 0.8497620224952698
vt 0.9723619818687439 0.16969500482082367
vt 0.964818000793457 0.1698790043592453
vt 0.9593729972839355 0.05089399963617325
vt 0.9661639928817749 0.05087599903345108
vt 0.9661960005760193 0.052111998200416565
vt 0.9594050049781799 0.05212999880313873
vt 0.9795920252799988 0.575901985168457
vt 0.9795920252799988 0.5720850229263306
vt 0.9822199940681458 0.5719919800758362
vt 0.9822199940681458 0.5758090019226074
vt 0.3359839916229248 0.9715200066566467
vt 0.33711400628089905 0.9715229868888855
vt 0.18015600740909576 0.892300009727478
vt 0.1748970001935959 0.8922860026359558
vt 0.1748970001935959 0.8149470090866089
vt 0.18015600740909576 0.8149610161781311
vt 0.22717200219631195 0.17520800232887268
vt 0.23094600439071655 0.09444399923086166
vt 0.23396499454975128 0.09746299684047699
vt 0.24000400304794312 0.1752070039510727
vt 0.9830800294876099 0.6259250044822693
vt 0.9819639921188354 0.6261169910430908
vt 0.006581000052392483 0.9047669768333435
vt 0.005783999804407358 0.9058340191841125
vt 0.0038980001118034124 0.9016929864883423
vt 0.005073000211268663 0.9017559885978699
vt 0.6006789803504944 0.9574729800224304
vt 0.4019150137901306 0.9491090178489685
vt 0.38858601450920105 0.9455509781837463
vt 0.4017849862575531 0.9455220103263855
vt 0.8014870285987854 0.14568300545215607
vt 0.8022590279579163 0.1464020013809204
vt 0.8913019895553589 0.40004101395606995
vt 0.8913019895553589 0.3128809928894043
vt 0.8932399749755859 0.3129040002822876
vt 0.8783810138702393 0.7539269924163818
vt 0.8783810138702393 0.7173320055007935
vt 0.8803319931030273 0.7173159718513489
vt 0.8803319931030273 0.7531560063362122
vt 0.6979910135269165 0.8993750214576721
vt 0.6979910135269165 0.822035014629364
vt 0.07051999866962433 0.9667739868164062
vt 0.07051999866962433 0.9811050295829773
vt 0.06373800337314606 0.9810900092124939
vt 0.06373800337314606 0.9667590260505676
vt 0.22153200209140778 0.7199789881706238
vt 0.22717200219631195 0.7199919819831848
vt 0.22717200219631195 0.7245209813117981
vt 0.22153200209140778 0.7226210236549377
vt 0.029007000848650932 0.9443070292472839
vt 0.029007000848650932 0.9165089726448059
vt 0.5072609782218933 0.8172109723091125
vt 0.5130370259284973 0.8961660265922546
vt 0.5062440037727356 0.8960790038108826
vt 0.3477970063686371 0.948294997215271
vt 0.3609960079193115 0.9482660293579102
vt 0.8612160086631775 0.43990400433540344
vt 0.8610810041427612 0.31172600388526917
vt 0.8630009889602661 0.3116550147533417
vt 0.18139199912548065 0.6641039848327637
vt 0.18139199912548065 0.8052539825439453
vt 0.33711400628089905 0.9809510111808777
vt 0.3359839916229248 0.9809489846229553
vt 0.15246200561523438 0.8217419981956482
vt 0.15887700021266937 0.813817024230957
vt 0.16038699448108673 0.8149489760398865
vt 0.16151900589466095 0.8175899982452393
vt 0.7889660000801086 0.6451039910316467
vt 0.6449540257453918 0.645255982875824
vt 0.643841028213501 0.644133985042572
vt 0.7901149988174438 0.6439800262451172
vt 0.5136240124702454 0.9773929715156555
vt 0.5136100053787231 0.9641979932785034
vt 0.9317860007286072 0.42396000027656555
vt 0.9366859793663025 0.42398399114608765
vt 0.9367769956588745 0.4266760051250458
vt 0.931876003742218 0.4266520142555237
vt 0.4763149917125702 0.9788179993629456
vt 0.4763140082359314 0.9644759893417358
vt 0.4831070005893707 0.9644759893417358
vt 0.4831080138683319 0.9788179993629456
vt 0.6164069771766663 0.9599980115890503
vt 0.6137800216674805 0.9601160287857056
vt 0.6137800216674805 0.9562870264053345
vt 0.6164069771766663 0.9561690092086792
vt 0.8243749737739563 0.14128699898719788
vt 0.8323209881782532 0.14316199719905853
vt 0.8323209881782532 0.1458040028810501
vt 0.9354389905929565 0.23934899270534515
vt 0.9354900121688843 0.2876049876213074
vt 0.8858929872512817 0.6182770133018494
vt 0.8861119747161865 0.6148189902305603
vt 0.9664890170097351 0.0766109973192215
vt 0.9597070217132568 0.07659599930047989
vt 0.37381601333618164 0.9726700186729431
vt 0.37376898527145386 0.976170003414154
vt 0.3707500100135803 0.976170003414154
vt 0.3707970082759857 0.9726700186729431
vt 0.9259660243988037 0.9769560098648071
vt 0.9244570136070251 0.9822390079498291
vt 0.5041750073432922 0.9563490152359009
vt 0.5041750073432922 0.9137030243873596
vt 0.5090810060501099 0.9137030243873596
vt 0.5090810060501099 0.9563490152359009
vt 0.32241299748420715 0.9115729928016663
vt 0.32241299748420715 0.8632649779319763
vt 0.3246920108795166 0.8632559776306152
vt 0.3246920108795166 0.912319004535675
vt 0.9605860114097595 0.46463000774383545
vt 0.9673770070075989 0.4646120071411133
vt 0.9673979878425598 0.46581199765205383
vt 0.9606069922447205 0.465829998254776
vt 0.8682839870452881 0.3116550147533417
vt 0.602200984954834 0.9217609763145447
vt 0.602200984954834 0.8444110155105591
vt 0.6074789762496948 0.8444049954414368
vt 0.6074789762496948 0.9217560291290283
vt 0.23472000658512115 0.08425399661064148
vt 0.23811699450016022 0.07821600139141083
vt 0.2388709932565689 0.08425399661064148
vt 0.6408740282058716 0.9091879725456238
vt 0.6396999955177307 0.9083709716796875
vt 0.6396999955177307 0.8311309814453125
vt 0.6408740282058716 0.8304409980773926
vt 0.9593729972839355 0.027682000771164894
vt 0.9593729972839355 0.005036999937146902
vt 0.025988999754190445 0.9191470146179199
vt 0.024531999602913857 0.918205976486206
vt 0.027928000316023827 0.9148160219192505
vt 0.8325070142745972 0.15684300661087036
vt 0.8385360240936279 0.15873600542545319
vt 0.8385519981384277 0.16099099814891815
vt 0.8306260108947754 0.1587270051240921
vt 0.47516998648643494 0.9866219758987427
vt 0.4815860092639923 0.9866219758987427
vt 0.4808320105075836 0.9877579808235168
vt 0.4766800105571747 0.9877579808235168
vt 0.8548139929771423 0.14128699898719788
vt 0.9367079734802246 0.43837299942970276
vt 0.9317860007286072 0.4421220123767853
vt 0.9700300097465515 0.8334929943084717
vt 0.9700300097465515 0.8203449845314026
vt 0.9324420094490051 0.3094640076160431
vt 0.9365929961204529 0.3094640076160431
vt 0.9365929961204529 0.3868289887905121
vt 0.9324420094490051 0.3868289887905121
vt 0.3359839916229248 0.9497699737548828
vt 0.33711400628089905 0.9497730135917664
vt 0.07734899967908859 0.8172410130500793
vt 0.08300299942493439 0.8130850195884705
vt 0.11093900352716446 0.9892839789390564
vt 0.11093900352716446 0.9801440238952637
vt 0.1145009994506836 0.9821019768714905
vt 0.11618299782276154 0.9899269938468933
vt 0.06382700055837631 0.8172500133514404
vt 0.9724419713020325 0.6003770232200623
vt 0.9724410176277161 0.5860360264778137
vt 0.9735850095748901 0.586027979850769
vt 0.9735860228538513 0.6003689765930176
vt 0.11541400104761124 0.9470160007476807
vt 0.11433500051498413 0.9490789771080017
vt 0.11208000034093857 0.9047709703445435
vt 0.1207600012421608 0.9006189703941345
vt 0.31461700797080994 0.8632559776306152
vt 0.31461700797080994 0.940496027469635
vt 0.31046798825263977 0.9405050277709961
vt 0.31046798825263977 0.8632649779319763
vt 0.5565230250358582 0.6285480260848999
vt 0.5633490085601807 0.6515399813652039
vt 0.473675012588501 0.6520950198173523
vt 0.47363099455833435 0.6283649802207947
vt 0.9900569915771484 0.9406399726867676
vt 0.9926959872245789 0.9406369924545288
vt 0.9926959872245789 0.9444109797477722
vt 0.9900569915771484 0.9444130063056946
vt 0.1132040023803711 0.8141850233078003
vt 0.11622299998998642 0.8126760125160217
vt 0.11623100191354752 0.8138200044631958
vt 0.11396700143814087 0.81495201587677
vt 0.19498400390148163 0.9278590083122253
vt 0.19611600041389465 0.9278609752655029
vt 0.9715549945831299 0.1376670002937317
vt 0.9715539813041687 0.12332600355148315
vt 0.9726979732513428 0.12331800162792206
vt 0.9726999998092651 0.1376589983701706
vt 0.9688050150871277 0.38184499740600586
vt 0.8947539925575256 0.9543060064315796
vt 0.8962649703025818 0.9418590068817139
vt 0.8962649703025818 0.9550679922103882
vt 0.23396499454975128 0.28050199151039124
vt 0.23094600439071655 0.28352099657058716
vt 0.23094600439071655 0.23068499565124512
vt 0.20773500204086304 0.34696298837661743
vt 0.2016959935426712 0.3541330099105835
vt 0.7836629748344421 0.6012300252914429
vt 0.7844150066375732 0.6023579835891724
vt 0.7851619720458984 0.6068750023841858
vt 0.7821429967880249 0.6068750023841858
vt 0.40418800711631775 0.3676590025424957
vt 0.7072510123252869 0.9762300252914429
vt 0.7080069780349731 0.9773690104484558
vt 0.9633399844169617 0.9447900056838989
vt 0.970130980014801 0.9447720050811768
vt 0.7204989790916443 0.9536190032958984
vt 0.7152159810066223 0.9535769820213318
vt 0.21260400116443634 0.09674599766731262
vt 0.20354600250720978 0.09674599766731262
vt 0.4689300060272217 0.3627209961414337
vt 0.46963900327682495 0.37406501173973083
vt 0.21260400116443634 0.04994700103998184
vt 0.9701290130615234 0.7791420221328735
vt 0.9701290130615234 0.7659940123558044
vt 0.9712929725646973 0.7661010026931763
vt 0.9712929725646973 0.7792479991912842
vt 0.7822480201721191 0.955839991569519
vt 0.7796059846878052 0.9558410048484802
vt 0.7795990109443665 0.9528089761734009
vt 0.7822409868240356 0.9528089761734009
vt 0.9400539994239807 0.7646009922027588
vt 0.9555270075798035 0.7646009922027588
vt 0.9637020230293274 0.17769299447536469
vt 0.8762670159339905 0.3094780147075653
vt 0.8815490007400513 0.3094640076160431
vt 0.6845539808273315 0.29779699444770813
vt 0.6754980087280273 0.29779699444770813
vt 0.2665809988975525 0.9792910218238831
vt 0.2665809988975525 0.9649500250816345
vt 0.279790997505188 0.9649490118026733
vt 0.279790997505188 0.9792900085449219
vt 0.6025729775428772 0.9567300081253052
vt 0.6018189787864685 0.9586169719696045
vt 0.5976600050926208 0.9318100214004517
vt 0.5980439782142639 0.9303119778633118
vt 0.6014410257339478 0.9329540133476257
vt 0.9569770097732544 0.12440600246191025
vt 0.9569770097732544 0.13873699307441711
vt 0.9557809829711914 0.13877800107002258
vt 0.9557809829711914 0.12444599717855453
vt 0.022784000262618065 0.6924070119857788
vt 0.022785000503063202 0.7059940099716187
vt 0.045159999281167984 0.9877970218658447
vt 0.04520000144839287 0.9805989861488342
vt 0.048218000680208206 0.9806119799613953
vt 0.04817799851298332 0.9878100156784058
vt 0.8807839751243591 0.9887589812278748
vt 0.8860679864883423 0.9887589812278748
vt 0.8860679864883423 0.9929109811782837
vt 0.8807839751243591 0.9929109811782837
vt 0.18139199912548065 0.9008229970932007
vt 0.18139199912548065 0.9491310119628906
vt 0.5872139930725098 0.6999890208244324
vt 0.5853270292282104 0.6954600214958191
vt 0.5944049954414368 0.6954479813575745
vt 0.5944049954414368 0.6980900168418884
vt 0.18981699645519257 0.8194580078125
vt 0.18981699645519257 0.816815972328186
vt 0.19583499431610107 0.8149409890174866
vt 0.19583499431610107 0.8194699883460999
vt 0.6517249941825867 0.9528499841690063
vt 0.6532859802246094 0.9541550278663635
vt 0.8970199823379517 0.9407250285148621
vt 0.5502060055732727 0.9551960229873657
vt 0.5502060055732727 0.9110400080680847
vt 0.5551120042800903 0.9110400080680847
vt 0.5551120042800903 0.9551960229873657
vt 0.9443889856338501 0.35777199268341064
vt 0.9443889856338501 0.3094640076160431
vt 0.9455209970474243 0.3094640076160431
vt 0.9455209970474243 0.35777199268341064
vt 0.09786800295114517 0.9869670271873474
vt 0.09935200214385986 0.9930570125579834
vt 0.09415999799966812 0.9921200275421143
vt 0.09415999799966812 0.9862980246543884
vt 0.8363940119743347 0.9192230105400085
vt 0.836342990398407 0.870212972164154
vt 0.4271070063114166 0.3540160059928894
vt 0.7821429967880249 0.5934339761734009
vt 0.7821429967880249 0.5145750045776367
vt 0.4925979971885681 0.8128730058670044
vt 0.5012249946594238 0.8171370029449463
vt 0.5002059936523438 0.8960019946098328
vt 0.491472989320755 0.9000419974327087
vt 0.7624490261077881 0.2168480008840561
vt 0.7767900228500366 0.2168480008840561
vt 0.7816960215568542 0.226282998919487
vt 0.7549009919166565 0.226282998919487
vt 0.23879800736904144 0.9265519976615906
vt 0.25200700759887695 0.9265519976615906
vt 0.9826920032501221 0.2973119914531708
vt 0.982653021812439 0.29018500447273254
vt 0.9856709837913513 0.2901790142059326
vt 0.9857109785079956 0.29730600118637085
vt 0.009956000372767448 0.34168100357055664
vt 0.01976799964904785 0.35413599014282227
vt 0.8076090216636658 0.2779879868030548
vt 0.8211960196495056 0.2779879868030548
vt 0.15398000180721283 0.6656129956245422
vt 0.15963199734687805 0.6675059795379639
vt 0.15964700281620026 0.6697610020637512
vt 0.956911027431488 0.12331800162792206
vt 0.9636930227279663 0.12333299964666367
vt 0.9637590050697327 0.12442100048065186
vt 0.11736100167036057 0.9708359837532043
vt 0.11735499650239944 0.9723489880561829
vt 0.24945500493049622 0.032954998314380646
vt 0.2490610033273697 0.027643999084830284
vt 0.25171899795532227 0.031067000702023506
vt 0.6123239994049072 0.00430000014603138
vt 0.6158739924430847 0.00445199990645051
vt 0.7943140268325806 0.9632660150527954
vt 0.8086559772491455 0.9632660150527954
vt 0.8086559772491455 0.9779850244522095
vt 0.7943140268325806 0.9779850244522095
vt 0.965982973575592 0.7551959753036499
vt 0.9608479738235474 0.7566140294075012
vt 0.9624890089035034 0.7496330142021179
vt 0.965982973575592 0.747285008430481
vt 0.9708840250968933 0.9694129824638367
vt 0.9633409976959229 0.969211995601654
vt 0.9634079933166504 0.9665740132331848
vt 0.9711639881134033 0.9584839940071106
vt 0.688959002494812 0.8993890285491943
vt 0.688959002494812 0.8220490217208862
vt 0.6901950240135193 0.8212659955024719
vt 0.6901950240135193 0.9001150131225586
vt 0.951587975025177 0.2876580059528351
vt 0.951587975025177 0.23934899270534515
vt 0.9527199864387512 0.23934899270534515
vt 0.9527199864387512 0.2876580059528351
vt 0.9648399949073792 0.22468100488185883
vt 0.9648249745368958 0.2103549987077713
vt 0.9659820199012756 0.21030199527740479
vt 0.9659969806671143 0.2246280014514923
vt 0.18064400553703308 0.9712650179862976
vt 0.17498299479484558 0.9712650179862976
vt 0.9785150289535522 0.7018319964408875
vt 0.9796450138092041 0.7018340229988098
vt 0.5729110240936279 0.930338978767395
vt 0.5777940154075623 0.9303119778633118
vt 0.7624480128288269 0.18665499985218048
vt 0.7624480128288269 0.20024199783802032
vt 0.9820799827575684 0.2009740024805069
vt 0.9794520139694214 0.2010670006275177
vt 0.9794520139694214 0.19724999368190765
vt 0.9820799827575684 0.19715699553489685
vt 0.9759830236434937 0.8987540006637573
vt 0.9771770238876343 0.8974080085754395
vt 0.9813249707221985 0.8975930213928223
vt 0.982026994228363 0.8987540006637573
vt 0.205268993973732 0.9725769758224487
vt 0.6242370009422302 0.8052690029144287
vt 0.6242370009422302 0.6234019994735718
vt 0.3641270101070404 0.7199789881706238
vt 0.3694089949131012 0.7199789881706238
vt 0.4095970094203949 0.7221530079841614
vt 0.4148789942264557 0.7221530079841614
vt 0.8100550174713135 0.14580300450325012
vt 0.8100550174713135 0.14316099882125854
vt 0.8228369951248169 0.953823983669281
vt 0.8228369951248169 0.9311789870262146
vt 0.8247249722480774 0.9304320216178894
vt 0.8247249722480774 0.9549639821052551
vt 0.668383002281189 0.49257001280784607
vt 0.6717789769172668 0.49594199657440186
vt 0.6706889867782593 0.4975929856300354
vt 0.666916012763977 0.4934709966182709
vt 0.7613149881362915 0.18552300333976746
vt 0.7613160014152527 0.20099599659442902
vt 0.9374129772186279 0.8203269839286804
vt 0.942313015460968 0.8203499913215637
vt 0.9424039721488953 0.8230429887771606
vt 0.9375029802322388 0.8230190277099609
vt 0.8629649877548218 0.3094640076160431
vt 0.8682479858398438 0.3094640076160431
vt 0.9166060090065002 0.6008489727973938
vt 0.9166060090065002 0.5525410175323486
vt 0.9200180172920227 0.5525320172309875
vt 0.9200180172920227 0.6015949845314026
vt 0.19609999656677246 0.9758229851722717
vt 0.19308100640773773 0.9758229851722717
vt 0.23805800080299377 0.9800140261650085
vt 0.2380570024251938 0.96567302942276
vt 0.24484999477863312 0.96567302942276
vt 0.2448509931564331 0.9800140261650085
vt 0.09774100035429001 0.6644880175590515
vt 0.09775599837303162 0.6667439937591553
vt 0.07983099669218063 0.9874429702758789
vt 0.08398299664258957 0.9874429702758789
vt 0.08398299664258957 0.9927269816398621
vt 0.07983099669218063 0.9927269816398621
vt 0.9906330108642578 0.4013969898223877
vt 0.9905959963798523 0.40489599108695984
vt 0.9875779747962952 0.4049049913883209
vt 0.9876139760017395 0.4014059901237488
vt 0.8985180258750916 0.3170489966869354
vt 0.9907490015029907 0.9149060249328613
vt 0.9896159768104553 0.9149060249328613
vt 0.9896159768104553 0.9133960008621216
vt 0.9907490015029907 0.9133960008621216
vt 0.5502060055732727 0.9630100131034851
vt 0.40372899174690247 0.9501270055770874
vt 0.40372899174690247 0.9700959920883179
vt 0.4019150137901306 0.9713389873504639
vt 0.979781985282898 0.40432000160217285
vt 0.9767680168151855 0.40431299805641174
vt 0.9796640276908875 0.31284099817276
vt 0.9766449928283691 0.31284099817276
vt 0.9766169786453247 0.3094640076160431
vt 0.979636013507843 0.3094640076160431
vt 0.8046330213546753 0.9528089761734009
vt 0.11048699915409088 0.7227550148963928
vt 0.11053799837827682 0.7710099816322327
vt 0.9910069704055786 0.8035359978675842
vt 0.9898689985275269 0.80240797996521
vt 0.9959070086479187 0.80240797996521
vt 0.9947810173034668 0.8035359978675842
vt 0.013747000135481358 0.8975920081138611
vt 0.008466999977827072 0.9058930277824402
vt 0.8110610246658325 0.5934339761734009
vt 0.8110610246658325 0.5145750045776367
vt 0.24113599956035614 0.20766399800777435
vt 0.24113599956035614 0.17671699821949005
vt 0.24226799607276917 0.22162699699401855
vt 0.9633389711380005 0.7791609764099121
vt 0.9701610207557678 0.780377984046936
vt 0.9633700251579285 0.7803969979286194
vt 0.39136001467704773 0.03294900059700012
vt 0.3890959918498993 0.03106199949979782
vt 0.3917219936847687 0.02763799950480461
vt 0.961995005607605 0.3567430078983307
vt 0.9687870144844055 0.3567430078983307
vt 0.0457880012691021 0.3626680076122284
vt 0.04653700068593025 0.3856950104236603
vt 0.588608980178833 0.9329550266265869
vt 0.5938929915428162 0.930312991142273
vt 0.5942630171775818 0.9318100214004517
vt 0.4136109948158264 0.08764400333166122
vt 0.4155069887638092 0.08577200025320053
vt 0.34490999579429626 0.9741190075874329
vt 0.3457069993019104 0.9696609973907471
vt 0.3464759886264801 0.968550980091095
vt 0.22905899584293365 0.8551040291786194
vt 0.23396499454975128 0.8551040291786194
vt 0.7968369722366333 0.9554650187492371
vt 0.7911760210990906 0.9554650187492371
vt 0.15172700583934784 0.804872989654541
vt 0.13097000122070312 0.804872989654541
vt 0.1104540005326271 0.779649019241333
vt 0.1104540005326271 0.8045579791069031
vt 0.10931800305843353 0.8038039803504944
vt 0.10931800305843353 0.7804039716720581
vt 0.36224299669265747 0.8604779839515686
vt 0.36601701378822327 0.8604769706726074
vt 0.36601701378822327 0.9378420114517212
vt 0.36224299669265747 0.9378430247306824
vt 0.9958620071411133 0.8985480070114136
vt 0.9898229837417603 0.8985480070114136
vt 0.5397379994392395 0.9036800265312195
vt 0.5424100160598755 0.9006819725036621
vt 0.5404700040817261 0.9048089981079102
vt 0.976622998714447 0.3459460139274597
vt 0.976622998714447 0.3342460095882416
vt 0.9785100221633911 0.33311399817466736
vt 0.9785100221633911 0.34519100189208984
vt 0.08473200350999832 0.993861973285675
vt 0.07831600308418274 0.993861973285675
vt 0.04654499888420105 0.4925000071525574
vt 0.04314899817109108 0.4943870007991791
vt 0.043143998831510544 0.4400410056114197
vt 0.0465410016477108 0.4423060119152069
vt 0.19772200286388397 0.8126770257949829
vt 0.2026280015707016 0.6843580007553101
vt 0.2026280015707016 0.8126770257949829
vt 0.9063140153884888 0.3868190050125122
vt 0.9063140153884888 0.3094690144062042
vt 0.9115920066833496 0.3094640076160431
vt 0.9115920066833496 0.3868139982223511
vt 0.9701290130615234 0.7896220088005066
vt 0.9633389711380005 0.7896400094032288
vt 0.9633600115776062 0.7882109880447388
vt 0.9701499938964844 0.7881919741630554
vt 0.7821459770202637 0.98614901304245
vt 0.7847849726676941 0.9861459732055664
vt 0.7847849726676941 0.9899190068244934
vt 0.7821459770202637 0.9899219870567322
vt 0.9555310010910034 0.8125309944152832
vt 0.9400579929351807 0.8125309944152832
vt 0.22836600244045258 0.9277430176734924
vt 0.22850200533866882 0.9329079985618591
vt 0.16038699448108673 0.907787024974823
vt 0.1611340045928955 0.9089069962501526
vt 0.15886899828910828 0.9100390076637268
vt 0.033358000218868256 0.8975489735603333
vt 0.03180599957704544 0.8967329859733582
vt 0.03180599957704544 0.8194929957389832
vt 0.033358000218868256 0.818801999092102
vt 0.8283630013465881 0.18665499985218048
vt 0.829118013381958 0.18552300333976746
vt 0.829118013381958 0.20099599659442902
vt 0.8283630013465881 0.20024199783802032
vt 0.9515770077705383 0.0038980001118034124
vt 0.9515770077705383 0.052205998450517654
vt 0.8482189774513245 0.1549610048532486
vt 0.8531200289726257 0.15419800579547882
vt 0.8531200289726257 0.29345500469207764
vt 0.8482189774513245 0.29270899295806885
vt 0.026041999459266663 0.953790009021759
vt 0.035854000598192215 0.9537910223007202
vt 0.9374160170555115 0.8110219836235046
vt 0.9374129772186279 0.7668660283088684
vt 0.3847309947013855 0.8503310084342957
vt 0.3794479966163635 0.8503310084342957
vt 0.1805189996957779 0.02956799976527691
vt 0.17714500427246094 0.03484699875116348
vt 0.8456979990005493 0.4954729974269867
vt 0.8464940190315247 0.4971190094947815
vt 0.5811349749565125 0.6658170223236084
vt 0.5812900066375732 0.68128502368927
vt 0.5763689875602722 0.6775479912757874
vt 0.5762509703636169 0.6658530235290527
vt 0.698186993598938 0.3226960003376007
vt 0.6947919726371765 0.31932398676872253
vt 0.6955879926681519 0.31796500086784363
vt 0.9901800155639648 0.5563079714775085
vt 0.9901800155639648 0.5525349974632263
vt 0.9928190112113953 0.5525320172309875
vt 0.9928190112113953 0.5563049912452698
vt 0.9569230079650879 0.21030199527740479
vt 0.9570289850234985 0.21299399435520172
vt 0.952127993106842 0.21299900114536285
vt 0.9520220160484314 0.21030700206756592
vt 0.6611959934234619 0.9083240032196045
vt 0.6601079702377319 0.9091449975967407
vt 0.6601079702377319 0.8303980231285095
vt 0.6611959934234619 0.8310840129852295
vt 0.8947499990463257 0.9576849937438965
vt 0.8815410137176514 0.9576849937438965
vt 0.2215380072593689 0.45483899116516113
vt 0.22155000269412994 0.6103289723396301
vt 0.9239829778671265 0.4395120143890381
vt 0.9213410019874573 0.4395120143890381
vt 0.665274977684021 0.14568300545215607
vt 0.9299489855766296 0.0890669971704483
vt 0.9300000071525574 0.13732199370861053
vt 0.1207600012421608 0.821744978427887
vt 0.11208000034093857 0.8175939917564392
vt 0.11541400104761124 0.9192180037498474
vt 0.1123960018157959 0.9218549728393555
vt 0.11093900352716446 0.9212899804115295
vt 0.11433500051498413 0.917900025844574
vt 0.37946900725364685 0.8604769706726074
vt 0.37946900725364685 0.9377170205116272
vt 0.3738130033016205 0.9377300143241882
vt 0.3738130033016205 0.8604900240898132
vt 0.9712839722633362 0.931693971157074
vt 0.9712839722633362 0.9448419809341431
vt 0.011851999908685684 0.9700629711151123
vt 0.6280080080032349 0.9185699820518494
vt 0.6257449984550476 0.9174450039863586
vt 0.18201200664043427 0.984969973564148
vt 0.1820569932460785 0.9801959991455078
vt 0.18507499992847443 0.9801959991455078
vt 0.185029998421669 0.984969973564148
vt 0.25570499897003174 0.9682899713516235
vt 0.25570499897003174 0.975832998752594
vt 0.2545740008354187 0.9758300185203552
vt 0.2545740008354187 0.968288004398346
vt 0.862339973449707 0.9549469947814941
vt 0.8623359799385071 0.958325982093811
vt 0.8491269946098328 0.958325982093811
vt 0.5725160241127014 0.8373519778251648
vt 0.5725160241127014 0.8347100019454956
vt 0.5785329937934875 0.8328359723091125
vt 0.5785329937934875 0.8373649716377258
vt 0.9401860237121582 0.15419800579547882
vt 0.9401860237121582 0.23143799602985382
vt 0.9364140033721924 0.23144599795341492
vt 0.9364140033721924 0.15420599281787872
vt 0.2369139939546585 0.9800220131874084
vt 0.23691299557685852 0.9656810164451599
vt 0.16151900589466095 0.36193200945854187
vt 0.16151900589466095 0.6551719903945923
vt 0.5183860063552856 0.9137030243873596
vt 0.5236700177192688 0.9137030243873596
vt 0.9817060232162476 0.8119710087776184
vt 0.9790779948234558 0.812063992023468
vt 0.9790779948234558 0.8082470297813416
vt 0.9817060232162476 0.8081539869308472
vt 0.9527760148048401 0.4383539855480194
vt 0.9527760148048401 0.4266569912433624
vt 0.9576770067214966 0.4266520142555237
vt 0.9576770067214966 0.4421220123767853
vt 0.717540979385376 0.8993780016899109
vt 0.717540979385376 0.822039008140564
vt 0.7187409996986389 0.8212659955024719
vt 0.7187409996986389 0.9001150131225586
vt 0.35444700717926025 0.7656149864196777
vt 0.34490999579429626 0.8554199934005737
vt 0.6277809739112854 0.3127639889717102
vt 0.6277809739112854 0.6035360097885132
vt 0.6242370009422302 0.6070230007171631
vt 0.6242370009422302 0.3094640076160431
vt 0.5393919944763184 0.9642080068588257
vt 0.5326099991798401 0.9641929864883423
vt 0.2039259970188141 0.9682430028915405
vt 0.2053000032901764 0.9688599705696106
vt 0.9633389711380005 0.8027880191802979
vt 0.9701290130615234 0.8027700185775757
vt 0.9701499938964844 0.8039699792861938
vt 0.9633600115776062 0.803987979888916
vt 0.4365350008010864 0.8956789970397949
vt 0.4365350008010864 0.8184390068054199
vt 0.2550260126590729 0.957876980304718
vt 0.25200700759887695 0.957876980304718
vt 0.6257449984550476 0.8228729963302612
vt 0.6265429854393005 0.8236899971961975
vt 0.6242370009422302 0.8262670040130615
vt 0.2643499970436096 0.7286589741706848
vt 0.2651050090789795 0.7275270223617554
vt 0.2651050090789795 0.8494240045547485
vt 0.2643499970436096 0.8482919931411743
vt 0.6759039759635925 0.9131889939308167
vt 0.6748160123825073 0.9132570028305054
vt 0.6759039759635925 0.8261529803276062
vt 0.15886899828910828 0.8126720190048218
vt 0.1611340045928955 0.8141819834709167
vt 0.8584489822387695 0.9184589982032776
vt 0.8584489822387695 0.8701509833335876
vt 0.861860990524292 0.8701419830322266
vt 0.861860990524292 0.9192050099372864
vt 0.6679700016975403 0.29851600527763367
vt 0.9151819944381714 0.7025390267372131
vt 0.9152330160140991 0.750793993473053
vt 0.19306999444961548 0.9513030052185059
vt 0.1960880011320114 0.951295018196106
vt 0.19613100588321686 0.954069972038269
vt 0.19311200082302094 0.9540780186653137
vt 0.6611070036888123 0.9297990202903748
vt 0.6743159890174866 0.9297980070114136
vt 0.6743159890174866 0.9520649909973145
vt 0.6611070036888123 0.9520660042762756
vt 0.7691550254821777 0.9636359810829163
vt 0.7834960222244263 0.9636369943618774
vt 0.7835050225257874 0.9651409983634949
vt 0.7691640257835388 0.9651409983634949
vt 0.17271800339221954 0.9693779945373535
vt 0.17422200739383698 0.9724000096321106
vt 0.17120300233364105 0.9697589874267578
vt 0.8641210198402405 0.9804620146751404
vt 0.8641200065612793 0.9661210179328918
vt 0.8709120154380798 0.9661210179328918
vt 0.8709139823913574 0.9804620146751404
vt 0.6564800143241882 0.3094640076160431
vt 0.6564800143241882 0.604761004447937
vt 0.6521989703178406 0.5993120074272156
vt 0.6521989703178406 0.3138209879398346
vt 0.9792299866676331 0.9381499886512756
vt 0.9822440147399902 0.9381499886512756
vt 0.05070599913597107 0.9057999849319458
vt 0.5804200172424316 0.8305720090866089
vt 0.5804200172424316 0.702252984046936
vt 0.5853270292282104 0.702252984046936
vt 0.5853270292282104 0.8305720090866089
vt 0.43163299560546875 0.9058629870414734
vt 0.42899298667907715 0.9047380089759827
vt 0.04655199870467186 0.5883600115776062
vt 0.0465489998459816 0.5445820093154907
vt 0.20354600250720978 0.2522389888763428
vt 0.21260400116443634 0.2522389888763428
vt 0.21259799599647522 0.2537499964237213
vt 0.2020310014486313 0.2537499964237213
vt 0.9873049855232239 0.12821300327777863
vt 0.9872879981994629 0.12331800162792206
vt 0.9903069734573364 0.12331800162792206
vt 0.9903240203857422 0.12821300327777863
vt 0.9826920032501221 0.2866849899291992
vt 0.9857109785079956 0.2866789996623993
vt 0.698186993598938 0.3471130132675171
vt 0.2680380046367645 0.930305004119873
vt 0.2665809988975525 0.929364025592804
vt 0.26997700333595276 0.9259740114212036
vt 0.9872879981994629 0.14394700527191162
vt 0.9872879981994629 0.140174001455307
vt 0.9899269938468933 0.14017100632190704
vt 0.9899269938468933 0.14394399523735046
vt 0.22153200209140778 0.0163589995354414
vt 0.23134399950504303 0.0039049999322742224
vt 0.23358799517154694 0.00801900029182434
vt 0.7329959869384766 0.8212659955024719
vt 0.7329959869384766 0.9001150131225586
vt 0.39441001415252686 0.7199789881706238
vt 0.39969301223754883 0.7199789881706238
vt 0.7767879962921143 0.1708039939403534
vt 0.7624469995498657 0.1708039939403534
vt 0.9585760235786438 0.07546199858188629
vt 0.9585760235786438 0.06113100051879883
vt 0.9774079918861389 0.5285879969596863
vt 0.9774090051651001 0.5433070063591003
vt 0.822488009929657 0.13902300596237183
vt 0.8094919919967651 0.1587270051240921
vt 0.828361988067627 0.1708039939403534
vt 0.8140209913253784 0.1708039939403534
vt 0.7984259724617004 0.8993840217590332
vt 0.7973719835281372 0.9001150131225586
vt 0.7973719835281372 0.8212659955024719
vt 0.7984259724617004 0.8220450282096863
vt 0.9881749749183655 0.6059730052947998
vt 0.9881749749183655 0.6021999716758728
vt 0.9908139705657959 0.6021980047225952
vt 0.9908139705657959 0.6059709787368774
vt 0.13134300708770752 0.6939150094985962
vt 0.1313440054655075 0.7067469954490662
vt 0.5853270292282104 0.8373649716377258
vt 0.9792360067367554 0.7763209939002991
vt 0.9790989756584167 0.7737680077552795
vt 0.9821130037307739 0.7737680077552795
vt 0.9822499752044678 0.7763209939002991
vt 0.40692099928855896 0.7121840119361877
vt 0.22501899302005768 0.7121840119361877
vt 0.9190580248832703 0.08904899656772614
vt 0.9191089868545532 0.13730500638484955
vt 0.9654880166053772 0.4383389949798584
vt 0.9654729962348938 0.4240129888057709
vt 0.491472989320755 0.9784870147705078
vt 0.491472989320755 0.9641460180282593
vt 0.5058150291442871 0.9641450047492981
vt 0.5058150291442871 0.9784860014915466
vt 0.6256939768791199 0.9529200196266174
vt 0.016011999920010567 0.3541330099105835
vt 0.009972999803721905 0.34696200489997864
vt 0.13911199569702148 0.9711499810218811
vt 0.13911199569702148 0.9568750262260437
vt 0.1402750015258789 0.9569810032844543
vt 0.1402750015258789 0.9712560176849365
vt 0.5502060055732727 0.8161560297012329
vt 0.5554569959640503 0.8120089769363403
vt 0.7122820019721985 0.8993639945983887
vt 0.7122820019721985 0.8220250010490417
vt 0.9673770070075989 0.48827600479125977
vt 0.9673770070075989 0.4736259877681732
vt 0.968529999256134 0.4736950099468231
vt 0.968529999256134 0.48834601044654846
vt 0.9862899780273438 0.7334470152854919
vt 0.9893090128898621 0.7334470152854919
vt 0.6487060189247131 0.9276890158653259
vt 0.7691619992256165 0.9558410048484802
vt 0.7691550254821777 0.9528089761734009
vt 0.7717959880828857 0.9528089761734009
vt 0.7718039751052856 0.955839991569519
vt 0.6942520141601562 0.28930899500846863
vt 0.6942369937896729 0.29158300161361694
vt 0.9377949833869934 0.13737499713897705
vt 0.9377949833869934 0.0890669971704483
vt 0.4689300060272217 0.6512290239334106
vt 0.46963900327682495 0.6282550096511841
vt 0.7289729714393616 0.1541990041732788
vt 0.7308530211448669 0.15420199930667877
vt 0.6536970138549805 0.9091590046882629
vt 0.6525220274925232 0.9083430171012878
vt 0.6525220274925232 0.8311030268669128
vt 0.6536970138549805 0.830411970615387
vt 0.19613100588321686 0.8280590176582336
vt 0.19613100588321686 0.9053980112075806
vt 0.668383002281189 0.34719300270080566
vt 0.6717789769172668 0.35056498646736145
vt 0.862339973449707 0.9304149746894836
vt 0.7835050225257874 0.9783499836921692
vt 0.7691640257835388 0.9783499836921692
vt 0.7606710195541382 0.991811990737915
vt 0.7606710195541382 0.9861509799957275
vt 0.6661630272865295 0.5145789980888367
vt 0.7163569927215576 0.5145750045776367
vt 0.3695490062236786 0.8526809811592102
vt 0.3642669916152954 0.8526809811592102
vt 0.18918800354003906 0.3645760118961334
vt 0.1959809958934784 0.3653300106525421
vt 0.19598700106143951 0.36646199226379395
vt 0.189193993806839 0.36570701003074646
vt 0.29244399070739746 0.9163010120391846
vt 0.2923929989337921 0.8680449724197388
vt 0.29352501034736633 0.8680449724197388
vt 0.2935760021209717 0.9163010120391846
vt 0.961978018283844 0.7236350178718567
vt 0.9687600135803223 0.7236499786376953
vt 0.9688040018081665 0.7243750095367432
vt 0.2905240058898926 0.9171259999275208
vt 0.2904700040817261 0.8654770255088806
vt 0.5606669783592224 0.6266720294952393
vt 0.5644789934158325 0.6504110097885132
vt 0.9036779999732971 0.14150799810886383
vt 0.9036710262298584 0.1388539969921112
vt 0.9317860007286072 0.4003309905529022
vt 0.9348040223121643 0.4003309905529022
vt 0.934840977191925 0.40289899706840515
vt 0.9318220019340515 0.40289899706840515
vt 0.2039259970188141 0.9123259782791138
vt 0.21151100099086761 0.912319004535675
vt 0.21151100099086761 0.9560980200767517
vt 0.2039259970188141 0.9561060070991516
vt 0.9911959767341614 0.9328420162200928
vt 0.991195023059845 0.9275580048561096
vt 0.9953470230102539 0.9275580048561096
vt 0.9953470230102539 0.9328420162200928
vt 0.961995005607605 0.3094640076160431
vt 0.9687770009040833 0.3094789981842041
vt 0.30250298976898193 0.9135609865188599
vt 0.3013710081577301 0.9135640263557434
vt 0.3013710081577301 0.8654800057411194
vt 0.30250298976898193 0.8654770255088806
vt 0.9633389711380005 0.7660130262374878
vt 0.9633700251579285 0.764618992805481
vt 0.9701610207557678 0.7646009922027588
vt 0.8375830054283142 0.6148189902305603
vt 0.8375830054283142 0.7568150162696838
vt 0.564054012298584 0.800383985042572
vt 0.4271070063114166 0.8007529973983765
vt 0.4271070063114166 0.660260021686554
vt 0.564054012298584 0.6598910093307495
vt 0.7055739760398865 0.15419800579547882
vt 0.025988999754190445 0.9416859745979309
vt 0.027928000316023827 0.9459949731826782
vt 0.024531999602913857 0.9426230192184448
vt 0.8760570287704468 0.15628400444984436
vt 0.883338987827301 0.452210009098053
vt 0.883338987827301 0.5799310207366943
vt 0.2958900034427643 0.9882220029830933
vt 0.3000420033931732 0.9882220029830933
vt 0.3000420033931732 0.9935060143470764
vt 0.2958900034427643 0.9935060143470764
vt 0.961014986038208 0.41609901189804077
vt 0.9608759880065918 0.4124149978160858
vt 0.963890016078949 0.4124149978160858
vt 0.9640290141105652 0.41609901189804077
vt 0.7560999989509583 0.8993840217590332
vt 0.755046010017395 0.9001150131225586
vt 0.755046010017395 0.8212659955024719
vt 0.7560999989509583 0.8220450282096863
vt 0.910286009311676 0.15420299768447876
vt 0.9155640006065369 0.15419800579547882
vt 0.9155640006065369 0.2315479964017868
vt 0.910286009311676 0.23155300319194794
vt 0.6416339874267578 0.11521200090646744
vt 0.6378600001335144 0.11521200090646744
vt 0.6416320204734802 0.09294500201940536
vt 0.6442750096321106 0.10917399823665619
vt 0.18139199912548065 0.6517750024795532
vt 0.5384269952774048 0.9158459901809692
vt 0.539933979511261 0.9365479946136475
vt 0.538441002368927 0.9370459914207458
vt 0.5368790030479431 0.9155910015106201
vt 0.8761100172996521 0.15421199798583984
vt 0.8813920021057129 0.15419800579547882
vt 0.7016990184783936 0.9869660139083862
vt 0.7031819820404053 0.993054986000061
vt 0.6979910135269165 0.9921180009841919
vt 0.6979910135269165 0.9862970113754272
vt 0.9876139760017395 0.40977099537849426
vt 0.9906330108642578 0.4097619950771332
vt 0.9871799945831299 0.4973050057888031
vt 0.9871950149536133 0.4931420087814331
vt 0.9902139902114868 0.4931420087814331
vt 0.9901990294456482 0.4973050057888031
vt 0.855180025100708 0.9931660294532776
vt 0.855180025100708 0.9890149831771851
vt 0.8097190260887146 0.6232069730758667
vt 0.8097190260887146 0.8050739765167236
vt 0.607679009437561 0.9782199859619141
vt 0.6135960221290588 0.9811930060386658
vt 0.6083920001983643 0.9820939898490906
vt 0.8844410181045532 0.1392109990119934
vt 0.8844410181045532 0.10828500241041183
vt 0.2071550041437149 0.5155419707298279
vt 0.20692099630832672 0.46761301159858704
vt 0.2088010013103485 0.46497100591659546
vt 0.2120780050754547 0.5177909731864929
vt 0.05066300183534622 0.9068639874458313
vt 0.9817720055580139 0.6573290228843689
vt 0.9828879833221436 0.6571369767189026
vt 0.9830800294876099 0.658253014087677
vt 0.9819639921188354 0.6584450006484985
vt 0.607496976852417 0.544609010219574
vt 0.607496976852417 0.6857590079307556
vt 0.968455970287323 0.2788830101490021
vt 0.9616640210151672 0.2788830101490021
vt 0.9684720039367676 0.2777169942855835
vt 0.8540380001068115 0.7499439716339111
vt 0.8555470108985901 0.756738007068634
vt 0.837414026260376 0.966139018535614
vt 0.8385459780693054 0.966139018535614
vt 0.23589399456977844 0.6559939980506897
vt 0.23325499892234802 0.684677004814148
vt 0.23325300216674805 0.6582589745521545
vt 0.7007480263710022 0.9751560091972351
vt 0.7040870189666748 0.9769560098648071
vt 0.06373800337314606 0.9889000058174133
vt 0.0697769969701767 0.9889000058174133
vt 0.06864500045776367 0.9900360107421875
vt 0.06487099826335907 0.9900360107421875
vt 0.7240279912948608 0.985164999961853
vt 0.7240579724311829 0.9888820052146912
vt 0.7210389971733093 0.9888820052146912
vt 0.7210100293159485 0.985164999961853
vt 0.9688040018081665 0.7387059926986694
vt 0.9687600135803223 0.7394890189170837
vt 0.961978018283844 0.7394739985466003
vt 0.19598700106143951 0.6510300040245056
vt 0.189193993806839 0.6521620154380798
vt 0.16151900589466095 0.9047669768333435
vt 0.853285014629364 0.3186669945716858
vt 0.853285014629364 0.49597400426864624
vt 0.6996170282363892 0.9759169816970825
vt 0.22063300013542175 0.9869120121002197
vt 0.22211900353431702 0.9933580160140991
vt 0.2169180065393448 0.9924759864807129
vt 0.2169180065393448 0.986283004283905
vt 0.6661419868469238 0.9091320037841797
vt 0.9554790258407593 0.9066370129585266
vt 0.9400309920310974 0.9066029787063599
vt 0.9810810089111328 0.5630800127983093
vt 0.9821979999542236 0.5628939867019653
vt 0.982384979724884 0.5640100240707397
vt 0.9812679886817932 0.564195990562439
vt 0.2039259970188141 0.972802996635437
vt 0.6642749905586243 0.4964829981327057
vt 0.6642749905586243 0.31917598843574524
vt 0.8401169776916504 0.14580300450325012
vt 0.8401169776916504 0.14316099882125854
vt 0.9805219769477844 0.9175159931182861
vt 0.9816399812698364 0.9173359870910645
vt 0.9818199872970581 0.9184539914131165
vt 0.9807019829750061 0.9186339974403381
vt 0.21595099568367004 0.973701000213623
vt 0.20642399787902832 0.668254017829895
vt 0.20642399787902832 0.5271040201187134
vt 0.207177996635437 0.5263460278511047
vt 0.207177996635437 0.6690059900283813
vt 0.9613800048828125 0.8734449744224548
vt 0.968172013759613 0.8734449744224548
vt 0.7038559913635254 0.97850102186203
vt 0.6242370009422302 0.9133039712905884
vt 0.19608600437641144 0.9900339841842651
vt 0.19495399296283722 0.9900339841842651
vt 0.19495399296283722 0.9885249733924866
vt 0.19608600437641144 0.9885249733924866
vt 0.5644789934158325 0.36378800868988037
vt 0.5606669783592224 0.3766309916973114
vt 0.921347975730896 0.4421660006046295
vt 0.9199489951133728 0.4417940080165863
vt 0.9200739860534668 0.43952101469039917
vt 0.8306260108947754 0.15419800579547882
vt 0.8325070142745972 0.15420100092887878
vt 0.627685010433197 0.30013900995254517
vt 0.6276839971542358 0.2982519865036011
vt 0.6442899703979492 0.2982519865036011
vt 0.6442899703979492 0.30013900995254517
vt 0.9593729972839355 0.03624400123953819
vt 0.9661639928817749 0.036226000636816025
vt 0.9133409857749939 0.24191699922084808
vt 0.9133920073509216 0.2901729941368103
vt 0.7795990109443665 0.9101629853248596
vt 0.7822409868240356 0.9101629853248596
vt 0.9701520204544067 0.9459710121154785
vt 0.9633610248565674 0.9459900259971619
vt 0.5976600050926208 0.9589830040931702
vt 0.5980439782142639 0.9605039954185486
vt 0.8075979948043823 0.15420100092887878
vt 0.8094919919967651 0.15419800579547882
vt 0.8075990080833435 0.15684300661087036
vt 0.9576539993286133 0.08906800299882889
vt 0.9605860114097595 0.48829400539398193
vt 0.9605860114097595 0.4736439883708954
vt 0.0798719972372055 0.9795759916305542
vt 0.07985900342464447 0.9667590260505676
vt 0.08514100313186646 0.9667590260505676
vt 0.08515500277280807 0.9795759916305542
vt 0.8276510238647461 0.9178239703178406
vt 0.8175140023231506 0.918861985206604
vt 0.961995005607605 0.3803730010986328
vt 0.9687870144844055 0.3803730010986328
vt 0.822488009929657 0.010703999549150467
vt 0.2538889944553375 0.8668069839477539
vt 0.2538889944553375 0.918271005153656
vt 0.5855900049209595 0.9386159777641296
vt 0.913133978843689 0.9627439975738525
vt 0.913133978843689 0.9378769993782043
vt 0.7706390023231506 0.98683100938797
vt 0.7743499875068665 0.9861459732055664
vt 0.7743499875068665 0.9922720193862915
vt 0.7691550254821777 0.9932309985160828
vt 0.1290770024061203 0.804876983165741
vt 0.1290770024061203 0.8022350072860718
vt 0.2343430072069168 0.2193630039691925
vt 0.22717200219631195 0.20955100655555725
vt 0.24000400304794312 0.20954999327659607
vt 0.23849399387836456 0.2193630039691925
vt 0.4068939983844757 0.3619549870491028
vt 0.4107080101966858 0.36192700266838074
vt 0.03938800096511841 0.7992179989814758
vt 0.04617200046777725 0.7973359823226929
vt 0.18507100641727448 0.9892849922180176
vt 0.18205299973487854 0.9892849922180176
vt 0.5331709980964661 0.9374290108680725
vt 0.5316089987754822 0.9159740209579468
vt 0.1204029992222786 0.7980800271034241
vt 0.12038800120353699 0.8003529906272888
vt 0.9497849941253662 0.8497620224952698
vt 0.9524270296096802 0.8497620224952698
vt 0.9524270296096802 0.8980709910392761
vt 0.9497849941253662 0.8980699777603149
vt 0.003920000046491623 0.6502479910850525
vt 0.04165000095963478 0.6347799897193909
vt 0.9768519997596741 0.8347110152244568
vt 0.9700610041618347 0.834729015827179
vt 0.1123960018157959 0.9443939924240112
vt 0.11093900352716446 0.9457070231437683
vt 0.6736419796943665 0.917339026927948
vt 0.6729310154914856 0.9162750244140625
vt 0.8686460256576538 0.6169499754905701
vt 0.8633430004119873 0.6168910264968872
vt 0.8633959889411926 0.6148189902305603
vt 0.868698000907898 0.6148779988288879
vt 0.38839399814605713 0.9886829853057861
vt 0.38726499676704407 0.9898210167884827
vt 0.38726499676704407 0.9800090193748474
vt 0.38839399814605713 0.9811350107192993
vt 0.9637069702148438 0.95489102602005
vt 0.9678559899330139 0.9550020098686218
vt 0.9712820053100586 0.7896919846534729
vt 0.9712820053100586 0.802839994430542
vt 0.2774919867515564 0.9180790185928345
vt 0.2774380147457123 0.8664299845695496
vt 0.2793610095977783 0.8689979910850525
vt 0.2794109880924225 0.9172539710998535
vt 0.9254649877548218 0.7646009922027588
vt 0.9296169877052307 0.7646009922027588
vt 0.9296169877052307 0.8419659733772278
vt 0.9254649877548218 0.841966986656189
vt 0.9108999967575073 0.5441470146179199
vt 0.9056569933891296 0.5447319746017456
vt 0.9073259830474854 0.5370290279388428
vt 0.9108999967575073 0.5351129770278931
vt 0.8796560168266296 0.9178209900856018
vt 0.8796560168266296 0.869737982749939
vt 0.022007999941706657 0.008809000253677368
vt 0.9387040138244629 0.6008409857749939
vt 0.9387040138244629 0.5525320172309875
vt 0.9402139782905579 0.5525320172309875
vt 0.9402139782905579 0.6008409857749939
vt 0.982276976108551 0.0038980001118034124
vt 0.9852949976921082 0.0038980001118034124
vt 0.9446589946746826 0.3000369966030121
vt 0.9420329928398132 0.30015501379966736
vt 0.9420329928398132 0.29632601141929626
vt 0.9446589946746826 0.296207994222641
vt 0.008423999883234501 0.9069579839706421
vt 0.0898360013961792 0.8018559813499451
vt 0.09209399670362473 0.8018590211868286
vt 0.632174015045166 0.965399980545044
vt 0.6321750283241272 0.9797419905662537
vt 0.1373479962348938 0.9178379774093628
vt 0.14074300229549408 0.921209990978241
vt 0.8472430109977722 0.9804710149765015
vt 0.8472409844398499 0.9661300182342529
vt 0.08188900351524353 0.9566569924354553
vt 0.08182399719953537 0.9589629769325256
vt 0.06637600064277649 0.9589290022850037
vt 0.960237979888916 0.8882009983062744
vt 0.9602230191230774 0.8734980225563049
vt 0.8783810138702393 0.7054049968719482
vt 0.8785989880561829 0.7094929814338684
vt 0.588608980178833 0.9694330096244812
vt 0.9817209839820862 0.9829999804496765
vt 0.9828519821166992 0.9830020070075989
vt 0.9828519821166992 0.9841340184211731
vt 0.9817209839820862 0.9841309785842896
vt 0.8979089856147766 0.5525320172309875
vt 0.8922479748725891 0.552573025226593
vt 0.5386160016059875 0.9392960071563721
vt 0.5333470106124878 0.9396790266036987
vt 0.9871789813041687 0.48824700713157654
vt 0.990198016166687 0.48824700713157654
vt 0.6242370009422302 0.9542329907417297
vt 0.2677200138568878 0.9870870113372803
vt 0.27187100052833557 0.9870870113372803
vt 0.27187100052833557 0.9923700094223022
vt 0.2677200138568878 0.9923700094223022
vt 0.9882029891014099 0.594402015209198
vt 0.9912220239639282 0.5943930149078369
vt 0.3629539906978607 0.952892005443573
vt 0.3629539906978607 0.9728609919548035
vt 0.18139199912548065 0.8141779899597168
vt 0.18139199912548065 0.8930270075798035
vt 0.8316580057144165 0.606652021408081
vt 0.8316580057144165 0.6028220057487488
vt 0.8342850208282471 0.6027039885520935
vt 0.8342850208282471 0.6065329909324646
vt 0.3579379916191101 0.9819149971008301
vt 0.36095601320266724 0.9819250106811523
vt 0.9803779721260071 0.586027979850769
vt 0.9803789854049683 0.6003689765930176
vt 0.8548139929771423 0.008440000005066395
vt 0.8616290092468262 0.003898999886587262
vt 0.8616290092468262 0.006539999973028898
vt 0.6837000250816345 0.9559969902038574
vt 0.6837000250816345 0.9079139828681946
vt 0.684831976890564 0.9079110026359558
vt 0.684831976890564 0.9559940099716187
vt 0.47360900044441223 0.5216500163078308
vt 0.47360900044441223 0.5718089938163757
vt 0.36237698793411255 0.8504189848899841
vt 0.36224299669265747 0.7222409844398499
vt 0.8912310004234314 0.40340399742126465
vt 0.23396499454975128 0.8618980050086975
vt 0.616441011428833 0.09685300290584564
vt 0.616441011428833 0.25223299860954285
vt 0.6517249941825867 0.9303110241889954
vt 0.6498910188674927 0.9263659715652466
vt 0.6532859802246094 0.9297379851341248
vt 0.9374449849128723 0.8988069891929626
vt 0.9373940229415894 0.8497980237007141
vt 0.9392970204353333 0.8497620224952698
vt 0.9393479824066162 0.8980180025100708
vt 0.474249005317688 0.8955950140953064
vt 0.474249005317688 0.8183550238609314
vt 0.5817040205001831 0.36472100019454956
vt 0.5749099850654602 0.36547601222991943
vt 0.8911269903182983 0.2447659969329834
vt 0.23879800736904144 0.957876980304718
vt 0.7969070076942444 0.5927339792251587
vt 0.796642005443573 0.5153840184211731
vt 0.11395899951457977 0.9568750262260437
vt 0.12037400156259537 0.9568750262260437
vt 0.12037999927997589 0.9580039978027344
vt 0.11471900343894958 0.9580039978027344
vt 0.9608650207519531 0.3245469927787781
vt 0.9608650207519531 0.3102149963378906
vt 0.4530330002307892 0.9788179993629456
vt 0.4530330002307892 0.964477002620697
vt 0.4673739969730377 0.9644759893417358
vt 0.4673739969730377 0.9788169860839844
vt 0.7796059846878052 0.9079110026359558
vt 0.7822480201721191 0.9079110026359558
vt 0.72086501121521 0.9558849930763245
vt 0.7152040004730225 0.9558410048484802
vt 0.7549030184745789 0.2779879868030548
vt 0.7681120038032532 0.2779879868030548
vt 0.01559200044721365 0.2979060113430023
vt 0.014088000170886517 0.30017000436782837
vt 0.005030000116676092 0.30017000436782837
vt 0.5872139930725098 0.8328359723091125
vt 0.8189749717712402 0.33611199259757996
vt 0.6993820071220398 0.3364349901676178
vt 0.39983201026916504 0.8526809811592102
vt 0.39454999566078186 0.8526809811592102
vt 0.5944049954414368 0.8347110152244568
vt 0.5944049954414368 0.837352991104126
vt 0.552827000617981 0.8120070099830627
vt 0.553039014339447 0.8085489869117737
vt 0.5556679964065552 0.808551013469696
vt 0.21732600033283234 0.9743329882621765
vt 0.9438350200653076 0.5060660243034363
vt 0.9468460083007812 0.5062540173530579
vt 0.2179819941520691 0.9692419767379761
vt 0.8616290092468262 0.14316199719905853
vt 0.8616290092468262 0.1458040028810501
vt 0.24722599983215332 0.6839169859886169
vt 0.2875860035419464 0.9792910218238831
vt 0.2875860035419464 0.9649500250816345
vt 0.3007960021495819 0.9649490118026733
vt 0.3007960021495819 0.9792900085449219
vt 0.9903249740600586 0.1776770055294037
vt 0.9929640293121338 0.17767399549484253
vt 0.9929640293121338 0.18144699931144714
vt 0.9903249740600586 0.1814499944448471
vt 0.9621679782867432 0.8369359970092773
vt 0.9553859829902649 0.836920976638794
vt 0.2729969918727875 0.9935060143470764
vt 0.2665809988975525 0.9935060143470764
vt 0.9605309963226318 0.25408700108528137
vt 0.9605159759521484 0.2393849939107895
vt 0.9616649746894836 0.23934899270534515
vt 0.6610820293426514 0.9598609805107117
vt 0.6758009791374207 0.9598619937896729
vt 0.6758009791374207 0.9745810031890869
vt 0.6610820293426514 0.9745799899101257
vt 0.6280519962310791 0.8225569725036621
vt 0.6280080080032349 0.8213610053062439
vt 0.7374129891395569 0.9927470088005066
vt 0.7332649827003479 0.9929149746894836
vt 0.5314800143241882 0.9630590081214905
vt 0.5314800143241882 0.9487280249595642
vt 0.6025729775428772 0.9352189898490906
vt 0.9373940229415894 0.9935250282287598
vt 0.9373940229415894 0.9848440289497375
vt 0.1485390067100525 0.9839289784431458
vt 0.15034499764442444 0.9757350087165833
vt 0.15324300527572632 0.9788020253181458
vt 0.15324300527572632 0.9864500164985657
vt 0.23691299557685852 0.9180099964141846
vt 0.23691299557685852 0.8697019815444946
vt 0.24070200324058533 0.8696929812431335
vt 0.24070200324058533 0.9187570214271545
vt 0.931833028793335 0.4134550094604492
vt 0.9348520040512085 0.4134550094604492
vt 0.5155450105667114 0.8180599808692932
vt 0.5145480036735535 0.8954190015792847
vt 0.2332099974155426 0.3140900135040283
vt 0.23811699450016022 0.31522199511528015
vt 0.7210170030593872 0.9923279881477356
vt 0.7240359783172607 0.9923279881477356
vt 0.4271070063114166 0.9795740246772766
vt 0.4271070063114166 0.9708939790725708
vt 0.4286229908466339 0.9795709848403931
vt 0.07926800101995468 0.7837399840354919
vt 0.9673269987106323 0.03633200004696846
vt 0.9673269987106323 0.050981998443603516
vt 0.28049299120903015 0.8689979910850525
vt 0.2805429995059967 0.9172539710998535
vt 0.0038980001118034124 0.945701003074646
vt 0.003898999886587262 0.9147539734840393
vt 0.01673099957406521 0.9147539734840393
vt 0.01672999933362007 0.945701003074646
vt 0.3276180028915405 0.7656210064888
vt 0.33711400628089905 0.8554459810256958
vt 0.08293300122022629 0.8096550107002258
vt 0.08036399632692337 0.813086986541748
vt 0.08029399812221527 0.8096579909324646
vt 0.4310930073261261 0.0038980001118034124
vt 0.4271070063114166 0.0040339999832212925
vt 0.564041018486023 0.9200980067253113
vt 0.5629079937934875 0.9200980067253113
vt 0.5629079937934875 0.9185879826545715
vt 0.564041018486023 0.9185879826545715
vt 0.8992289900779724 0.8593230247497559
vt 0.9045069813728333 0.8593180179595947
vt 0.8931509852409363 0.30946600437164307
vt 0.8957899808883667 0.3094640076160431
vt 0.8958789706230164 0.3129020035266876
vt 0.9608790278434753 0.34781700372695923
vt 0.9608650207519531 0.33462199568748474
vt 0.8798649907112122 0.8552280068397522
vt 0.8796560168266296 0.7752469778060913
vt 0.24226799607276917 0.08651799708604813
vt 0.24226799607276917 0.07632800191640854
vt 0.23691299557685852 0.9878180027008057
vt 0.23691299557685852 0.994234025478363
vt 0.9633399844169617 0.9871630072593689
vt 0.9633399844169617 0.9772740006446838
vt 0.9668779969215393 0.9795740246772766
vt 0.9685900211334229 0.9877570271492004
vt 0.13232100009918213 0.9711679816246033
vt 0.13914400339126587 0.9723860025405884
vt 0.13235299289226532 0.9724040031433105
vt 0.9600200057029724 0.5070769786834717
vt 0.04014600068330765 0.8187869787216187
vt 0.04014600068330765 0.8975340127944946
vt 0.8336499929428101 0.2779879868030548
vt 0.9676390290260315 0.6999710202217102
vt 0.9687910079956055 0.7000399827957153
vt 0.9687910079956055 0.7146909832954407
vt 0.8953909873962402 0.9798300266265869
vt 0.895389974117279 0.9654889702796936
vt 0.8965340256690979 0.9654809832572937
vt 0.8965349793434143 0.9798219799995422
vt 0.9597070217132568 0.06000199913978577
vt 0.9664890170097351 0.06001700088381767
vt 0.9043319821357727 0.6224560141563416
vt 0.8987069725990295 0.6182770133018494
vt 0.88714998960495 0.7680799961090088
vt 0.887395977973938 0.764611005783081
vt 0.01183599978685379 0.9712290167808533
vt 0.005044999998062849 0.9712290167808533
vt 0.46963900327682495 0.5215250253677368
vt 0.46963900327682495 0.5716840028762817
vt 0.9447489976882935 0.7482789754867554
vt 0.9447489976882935 0.6999710202217102
vt 0.727927029132843 0.5945850014686584
vt 0.7717049717903137 0.5945820212364197
vt 0.7743470072746277 0.5987330079078674
vt 0.7264170050621033 0.5987370014190674
vt 0.874705970287323 0.005969999823719263
vt 0.8766459822654724 0.006147000007331371
vt 0.8766459822654724 0.1338679939508438
vt 0.43163299560546875 0.8086529970169067
vt 0.22155700623989105 0.6997730135917664
vt 0.9793829917907715 0.4811460077762604
vt 0.9782530069351196 0.4811440110206604
vt 0.4808320105075836 0.9930409789085388
vt 0.4766800105571747 0.9930409789085388
vt 0.9036710262298584 0.0039029999170452356
vt 0.9089490175247192 0.0038980001118034124
vt 0.9089490175247192 0.08124800026416779
vt 0.9036710262298584 0.08125399798154831
vt 0.9874140024185181 0.7446590065956116
vt 0.9904339909553528 0.7446590065956116
vt 0.8925830125808716 0.44996199011802673
vt 0.8952119946479797 0.4500029981136322
vt 0.894910991191864 0.45346799492836
vt 0.8665680289268494 0.8623430132865906
vt 0.8231670260429382 0.8623470067977905
vt 0.37751901149749756 0.8504189848899841
vt 0.3773840069770813 0.7222409844398499
vt 0.9161499738693237 0.9818559885025024
vt 0.9199240207672119 0.9826110005378723
vt 0.6872889995574951 0.35217198729515076
vt 0.6884419918060303 0.3518660068511963
vt 0.6884419918060303 0.463809996843338
vt 0.6872889995574951 0.46336400508880615
vt 0.012597999535501003 0.7837399840354919
vt 0.6979910135269165 0.9562190175056458
vt 0.6979910135269165 0.9079110026359558
vt 0.6991230249404907 0.9079110026359558
vt 0.6991230249404907 0.9562190175056458
vt 0.6472859978675842 0.8304259777069092
vt 0.6472859978675842 0.9091730117797852
vt 0.6645429730415344 0.3012259900569916
vt 0.6643880009651184 0.15419800579547882
vt 0.0705839991569519 0.6912750005722046
vt 0.07058499753475189 0.7067490220069885
vt 0.9833459854125977 0.8557299971580505
vt 0.9826639890670776 0.8598210215568542
vt 0.3157080113887787 0.9892879724502563
vt 0.31046798825263977 0.9898989796638489
vt 0.3121429979801178 0.9825620055198669
vt 0.3157080113887787 0.9806280136108398
vt 0.19306999444961548 0.9407849907875061
vt 0.1960880011320114 0.9407770037651062
vt 0.17421700060367584 0.9802029728889465
vt 0.17421700060367584 0.9900079965591431
vt 0.17120200395584106 0.9900019764900208
vt 0.17120200395584106 0.9801959991455078
vt 0.2215539962053299 0.6582589745521545
vt 0.6649680137634277 0.9083150029182434
vt 0.6649680137634277 0.8310750126838684
vt 0.4933210015296936 0.9030849933624268
vt 0.49557098746299744 0.9042459726333618
vt 0.4787749946117401 0.8085489869117737
vt 0.9863060116767883 0.39018499851226807
vt 0.9863049983978271 0.3803730010986328
vt 0.9893239736557007 0.3803730010986328
vt 0.9893249869346619 0.39018499851226807
vt 0.8629760146141052 0.9804710149765015
vt 0.862975001335144 0.9661300182342529
vt 0.11358699947595596 0.9689480066299438
vt 0.9316099882125854 0.30015501379966736
vt 0.9316099882125854 0.29632601141929626
vt 0.934237003326416 0.296207994222641
vt 0.934237003326416 0.3000369966030121
vt 0.9673770070075989 0.44996199011802673
vt 0.9685289859771729 0.45003101229667664
vt 0.9685289859771729 0.464682012796402
vt 0.8979089856147766 0.604993999004364
vt 0.8926249742507935 0.6050320267677307
vt 0.968455970287323 0.23934899270534515
vt 0.04163900017738342 0.49702900648117065
vt 0.041634999215602875 0.4373989999294281
vt 0.2426459938287735 0.33409199118614197
vt 0.2426459938287735 0.3439050018787384
vt 0.6078619956970215 0.6992329955101013
vt 0.6139219999313354 0.6946920156478882
vt 0.6139219999313354 0.6973339915275574
vt 0.5568689703941345 0.8092849850654602
vt 0.5566930174827576 0.8119779825210571
vt 0.19495399296283722 0.9858829975128174
vt 0.19608600437641144 0.9858829975128174
vt 0.5215489864349365 0.9785240292549133
vt 0.514756977558136 0.9785240292549133
vt 0.9121270179748535 0.6921749711036682
vt 0.9121270179748535 0.6148250102996826
vt 0.9174050092697144 0.6148189902305603
vt 0.9174050092697144 0.6921690106391907
vt 0.15398499369621277 0.8022350072860718
vt 0.15963700413703918 0.8003529906272888
vt 0.9790880084037781 0.7688649892807007
vt 0.9821029901504517 0.7688649892807007
vt 0.5568689703941345 0.8991270065307617
vt 0.8140230178833008 0.2168480008840561
vt 0.8283640146255493 0.2168480008840561
vt 0.8336480259895325 0.226282998919487
vt 0.8076069951057434 0.226282998919487
vt 0.3464759886264801 0.9512190222740173
vt 0.06568100303411484 0.7837399840354919
vt 0.9417650103569031 0.052205998450517654
vt 0.9417650103569031 0.0038980001118034124
vt 0.8072749972343445 0.9554700255393982
vt 0.8086550235748291 0.9551020264625549
vt 0.1986290067434311 0.36193299293518066
vt 0.1986290067434311 0.6551809906959534
vt 0.8783810138702393 0.6254249811172485
vt 0.9796370267868042 0.32229501008987427
vt 0.9766179919242859 0.32229501008987427
vt 0.9766460061073303 0.319256991147995
vt 0.9796649813652039 0.319256991147995
vt 0.25352200865745544 0.9292190074920654
vt 0.9896159768104553 0.9066029787063599
vt 0.9907479882240295 0.9066029787063599
vt 0.667493999004364 0.9835100173950195
vt 0.667493999004364 0.9903029799461365
vt 0.9585630297660828 0.552532970905304
vt 0.9717720150947571 0.5525320172309875
vt 0.6069849729537964 0.9741470217704773
vt 0.8490930199623108 0.49208301305770874
vt 0.8506439924240112 0.49297600984573364
vt 0.2696419954299927 0.7207459807395935
vt 0.2696419954299927 0.8577380180358887
vt 0.7613589763641357 0.8220589756965637
vt 0.7613589763641357 0.8993989825248718
vt 0.9566900134086609 0.6014879941940308
vt 0.9566900134086609 0.5867800116539001
vt 0.7419229745864868 0.9559940099716187
vt 0.7407910227775574 0.9559969902038574
vt 0.7407910227775574 0.9079139828681946
vt 0.7419229745864868 0.9079110026359558
vt 0.6021239757537842 0.29783400893211365
vt 0.9836030006408691 0.21793599426746368
vt 0.983676016330719 0.22157099843025208
vt 0.9806579947471619 0.22157999873161316
vt 0.980584979057312 0.21794399619102478
vt 0.9573929905891418 0.6709309816360474
vt 0.9573929905891418 0.648285984992981
vt 0.9592919945716858 0.647146999835968
vt 0.9592919945716858 0.6716780066490173
vt 0.8911349773406982 0.5552229881286621
vt 0.8914719820022583 0.6020209789276123
vt 0.8036850094795227 0.8220589756965637
vt 0.8036850094795227 0.8993989825248718
vt 0.33711400628089905 0.863241970539093
vt 0.33711400628089905 0.9404820203781128
vt 0.33296599984169006 0.9404910206794739
vt 0.33296599984169006 0.8632509708404541
vt 0.7599030137062073 0.9528239965438843
vt 0.7516000270843506 0.9528239965438843
vt 0.5984219908714294 0.9769799709320068
vt 0.11244899779558182 0.970084011554718
vt 0.9794909954071045 0.12331800162792206
vt 0.9794930219650269 0.1376589983701706
vt 0.7895770072937012 0.8220589756965637
vt 0.7895770072937012 0.8993989825248718
vt 0.01976799964904785 0.0038980001118034124
vt 0.6242600083351135 0.3016679883003235
vt 0.6242370009422302 0.0038980001118034124
vt 0.6276620030403137 0.007275000214576721
vt 0.6417220234870911 0.3980279862880707
vt 0.6443589925765991 0.40369099378585815
vt 0.6417220234870911 0.42027899622917175
vt 0.6379539966583252 0.3980199992656708
vt 0.862975001335144 0.9882670044898987
vt 0.8641039729118347 0.9894000291824341
vt 0.8641039729118347 0.9935510158538818
vt 0.862975001335144 0.9946820139884949
vt 0.49452000856399536 0.8102570176124573
vt 0.9530689716339111 0.3094640076160431
vt 0.9530689716339111 0.35777199268341064
vt 0.968163013458252 0.8656489849090576
vt 0.9613710045814514 0.8656489849090576
vt 0.9613950252532959 0.8644649982452393
vt 0.9681869745254517 0.8644649982452393
vt 0.9605159759521484 0.2866789996623993
vt 0.974856972694397 0.2866789996623993
vt 0.974856972694397 0.30139800906181335
vt 0.9605159759521484 0.30139800906181335
vt 0.34905800223350525 0.8632209897041321
vt 0.34905800223350525 0.9404609799385071
vt 0.34490999579429626 0.9404699802398682
vt 0.34490999579429626 0.8632299900054932
vt 0.8693869709968567 0.9894000291824341
vt 0.8693869709968567 0.9935510158538818
vt 0.8801310062408447 0.8593040108680725
vt 0.43842899799346924 0.9822160005569458
vt 0.428617000579834 0.9822160005569458
vt 0.980584979057312 0.21306000649929047
vt 0.9806579947471619 0.21030999720096588
vt 0.983676016330719 0.21030199527740479
vt 0.9836030006408691 0.21305200457572937
vt 0.761040985584259 0.910552978515625
vt 0.761040985584259 0.9528229832649231
vt 0.9203050136566162 0.9841269850730896
vt 0.3707500100135803 0.9637259840965271
vt 0.3707500100135803 0.9493950009346008
vt 0.1813870072364807 0.6532750129699707
vt 0.17195099592208862 0.6517660021781921
vt 0.964601993560791 0.602636992931366
vt 0.9578199982643127 0.6026219725608826
vt 0.7599089741706848 0.9554650187492371
vt 0.7497190237045288 0.9554650187492371
vt 0.9575710296630859 0.42396000027656555
vt 0.9526699781417847 0.4239650070667267
vt 0.861050009727478 0.284637987613678
vt 0.860916018486023 0.1564600020647049
vt 0.8628439903259277 0.15637099742889404
vt 0.862978994846344 0.2845489978790283
vt 0.3846909999847412 0.8526819944381714
vt 0.37940800189971924 0.8526819944381714
vt 0.2807930111885071 0.9908620119094849
vt 0.2807930111885071 0.9870889782905579
vt 0.2834320068359375 0.9870870113372803
vt 0.2834320068359375 0.9908599853515625
vt 0.9763249754905701 0.49626898765563965
vt 0.9763249754905701 0.4924519956111908
vt 0.9789530038833618 0.49235799908638
vt 0.9789530038833618 0.49617499113082886
vt 0.5502060055732727 0.9851899743080139
vt 0.551334023475647 0.9863229990005493
vt 0.551334023475647 0.9919840097427368
vt 0.5502060055732727 0.9927380084991455
vt 0.09962800145149231 0.9043759703636169
vt 0.09436900168657303 0.9043490290641785
vt 0.9546599984169006 0.9897249937057495
vt 0.9535290002822876 0.9897220134735107
vt 0.9605860114097595 0.4499799907207489
vt 0.41152501106262207 0.9808269739151001
vt 0.41152501106262207 0.968055009841919
vt 0.41680601239204407 0.9680410027503967
vt 0.41680601239204407 0.9808130264282227
vt 0.12907199561595917 0.662971019744873
vt 0.6837000250816345 0.8993750214576721
vt 0.6837000250816345 0.822035014629364
vt 0.9063140153884888 0.4391390085220337
vt 0.9063140153884888 0.3946149945259094
vt 0.907480001449585 0.3953849971294403
vt 0.907480001449585 0.438400000333786
vt 0.9298179745674133 0.0038980001118034124
vt 0.9339690208435059 0.0038980001118034124
vt 0.9339690208435059 0.0812629982829094
vt 0.9298179745674133 0.0812629982829094
vt 0.17827700078487396 0.03635700047016144
vt 0.4452250003814697 0.9604560136795044
vt 0.429751992225647 0.9604560136795044
vt 0.44523701071739197 0.9585610032081604
vt 0.5566179752349854 0.9863229990005493
vt 0.5566179752349854 0.9919840097427368
vt 0.9910069704055786 0.7881919741630554
vt 0.9947810173034668 0.7881919741630554
vt 0.9947810173034668 0.7934759855270386
vt 0.9910069704055786 0.7934759855270386
vt 0.9727650284767151 0.22581200301647186
vt 0.9659730195999146 0.22581200301647186
vt 0.9727889895439148 0.2246280014514923
vt 0.9725009799003601 0.647146999835968
vt 0.9725009799003601 0.6716790199279785
vt 0.8911349773406982 0.45337599515914917
vt 0.8912129998207092 0.4506840109825134
vt 0.6947919726371765 0.35050299763679504
vt 0.2256689965724945 0.2076759934425354
vt 0.9637590050697327 0.13875199854373932
vt 0.8958749771118164 0.01449699979275465
vt 0.8958749771118164 0.0944880023598671
vt 0.4095520079135895 0.7199789881706238
vt 0.41483500599861145 0.7199789881706238
vt 0.9898759722709656 0.19729399681091309
vt 0.9925150275230408 0.19729100167751312
vt 0.9925150275230408 0.20106500387191772
vt 0.9898759722709656 0.2010670006275177
vt 0.23585200309753418 0.8573690056800842
vt 0.1961130052804947 0.9293699860572815
vt 0.19498099386692047 0.9293680191040039
vt 0.863851010799408 0.9296680092811584
vt 0.863851010799408 0.9560859799385071
vt 0.6416450142860413 0.2608889937400818
vt 0.6378710269927979 0.2608889937400818
vt 0.6416429877281189 0.23937800526618958
vt 0.6442859768867493 0.2552280128002167
vt 0.9774140119552612 0.8921290040016174
vt 0.981561005115509 0.8923149704933167
vt 0.602200984954834 0.8358550071716309
vt 0.602200984954834 0.6954590082168579
vt 0.6680480241775513 0.31540998816490173
vt 0.849511981010437 0.31492099165916443
vt 0.4452340006828308 0.9159150123596191
vt 0.429747998714447 0.9136580228805542
vt 0.44522199034690857 0.9136580228805542
vt 0.9860889911651611 0.2678300142288208
vt 0.9891030192375183 0.2678369879722595
vt 0.988972008228302 0.2728259861469269
vt 0.9859579801559448 0.27281999588012695
vt 0.17120200395584106 0.9491310119628906
vt 0.17120200395584106 0.9008219838142395
vt 0.4751709997653961 0.9788259863853455
vt 0.47516998648643494 0.9644849896430969
vt 0.8957859873771667 0.09859699755907059
vt 0.8856080174446106 0.09860700368881226
vt 0.15398499369621277 0.804876983165741
vt 0.018605999648571014 0.896763026714325
vt 0.018605999648571014 0.8195229768753052
vt 0.7104799747467041 0.21345099806785583
vt 0.7248209714889526 0.21345199644565582
vt 0.7323690056800842 0.226283997297287
vt 0.6995350122451782 0.226282000541687
vt 0.13232100009918213 0.9568930268287659
vt 0.952127993106842 0.22469599545001984
vt 0.9570289850234985 0.2284640073776245
vt 0.10209900140762329 0.9785019755363464
vt 0.09530699998140335 0.9785019755363464
vt 0.8694249987602234 0.00598399993032217
vt 0.9437329769134521 0.4982700049877167
vt 0.9437329769134521 0.44996199011802673
vt 0.9452419877052307 0.44996199011802673
vt 0.9452419877052307 0.4982700049877167
vt 0.5895050168037415 0.5202109813690186
vt 0.5895050168037415 0.37755098938941956
vt 0.5944110155105591 0.5153049826622009
vt 0.5944110155105591 0.5224760174751282
vt 0.9447950124740601 0.23934899270534515
vt 0.9447950124740601 0.2876569926738739
vt 0.7877169847488403 0.15873600542545319
vt 0.7877320051193237 0.16099099814891815
vt 0.9832159876823425 0.16549000144004822
vt 0.9820860028266907 0.16548700630664825
vt 0.870585024356842 0.617127001285553
vt 0.870585024356842 0.7448480129241943
vt 0.7062940001487732 0.9079110026359558
vt 0.7062940001487732 0.9562190175056458
vt 0.868323028087616 0.4522689878940582
vt 0.868323028087616 0.579990029335022
vt 0.8076040148735046 0.2961069941520691
vt 0.8948789834976196 0.15419800579547882
vt 0.8949499726295471 0.15762700140476227
vt 0.92399001121521 0.4421660006046295
vt 0.968455970287323 0.2630139887332916
vt 0.7472500205039978 0.8212659955024719
vt 0.7472500205039978 0.9001150131225586
vt 0.9872890114784241 0.13237500190734863
vt 0.9903079867362976 0.13237500190734863
vt 0.9608479738235474 0.6999890208244324
vt 0.6483740210533142 0.9083520174026489
vt 0.6483740210533142 0.8311120271682739
vt 0.20771700143814087 0.09674199670553207
vt 0.20771700143814087 0.252236008644104
vt 0.022028999403119087 0.6912750005722046
vt 0.022029999643564224 0.7067490220069885
vt 0.3936780095100403 0.988681972026825
vt 0.3936780095100403 0.9811339974403381
vt 0.9482759833335876 0.8980699777603149
vt 0.9482759833335876 0.8497620224952698
vt 0.9824709892272949 0.17767399549484253
vt 0.9825249910354614 0.18133799731731415
vt 0.9795070290565491 0.18133799731731415
vt 0.9794520139694214 0.17767399549484253
vt 0.7794340252876282 0.2779879868030548
vt 0.9477620124816895 0.552532970905304
vt 0.9477620124816895 0.6008409857749939
vt 0.9260730147361755 0.6999710202217102
vt 0.9261239767074585 0.74822598695755
vt 0.8930609822273254 0.2589850127696991
vt 0.8930609822273254 0.25747600197792053
vt 0.8942610025405884 0.2567029893398285
vt 0.8930609822273254 0.2948249876499176
vt 0.9484649896621704 0.6631280183792114
vt 0.9484649896621704 0.6148200035095215
vt 0.9495970010757446 0.6148200035095215
vt 0.9495970010757446 0.6631280183792114
vt 0.9694719910621643 0.5207930207252502
vt 0.9694700241088867 0.5060740113258362
vt 0.970615029335022 0.5060660243034363
vt 0.9706159830093384 0.5207840204238892
vt 0.2545740008354187 0.9671559929847717
vt 0.25570499897003174 0.9671589732170105
vt 0.0038980001118034124 0.05183300003409386
vt 0.0038980001118034124 0.094480000436306
vt 0.009956000372767448 0.3001660108566284
vt 0.4026060104370117 0.9886890053749084
vt 0.4014739990234375 0.9886890053749084
vt 0.21208399534225464 0.5255870223045349
vt 0.21208399534225464 0.6697559952735901
vt 0.9795920252799988 0.5541449785232544
vt 0.9807090163230896 0.5539590120315552
vt 0.9809569716453552 0.5554479956626892
vt 0.9798409938812256 0.5556340217590332
vt 0.8456979990005493 0.31891798973083496
vt 0.8464940190315247 0.3175579905509949
vt 0.8628000020980835 0.15419800579547882
vt 0.8680819869041443 0.15419800579547882
vt 0.8681269884109497 0.15637099742889404
vt 0.9566900134086609 0.5770840048789978
vt 0.9566900134086609 0.5570819973945618
vt 0.22883599996566772 0.9736840128898621
vt 0.2277050018310547 0.9736819863319397
vt 0.5378130078315735 0.9059079885482788
vt 0.954255998134613 0.8357869982719421
vt 0.954255998134613 0.8214560151100159
vt 0.973160982131958 0.09892699867486954
vt 0.9724090099334717 0.1000640019774437
vt 0.6443589925765991 0.3128010034561157
vt 0.9766150116920471 0.4013969898223877
vt 0.9796289801597595 0.4014039933681488
vt 0.7469729781150818 0.16099099814891815
vt 0.7469580173492432 0.15873600542545319
vt 0.727927029132843 0.5145779848098755
vt 0.7717049717903137 0.5145750045776367
vt 0.9636930227279663 0.1399260014295578
vt 0.956911027431488 0.1399109959602356
vt 0.9910069704055786 0.8088200092315674
vt 0.9947819709777832 0.8088200092315674
vt 0.961995005607605 0.33311399817466736
vt 0.9687870144844055 0.33311399817466736
vt 0.8694769740104675 0.003911999985575676
vt 0.8747590184211731 0.0038980001118034124
vt 0.9045069813728333 0.764611005783081
vt 0.9019569754600525 0.7680519819259644
vt 0.9018679857254028 0.7646139860153198
vt 0.615293025970459 0.6793929934501648
vt 0.615293025970459 0.6559939980506897
vt 0.6164289712905884 0.6552450060844421
vt 0.6164289712905884 0.680154025554657
vt 0.40002501010894775 0.3438990116119385
vt 0.40002501010894775 0.33408600091934204
vt 0.2665809988975525 0.9172300100326538
vt 0.2665809988975525 0.869147002696991
vt 0.28267401456832886 0.8480830192565918
vt 0.28267401456832886 0.728643000125885
vt 0.8046330213546753 0.9554629921913147
vt 0.5168790221214294 0.9461600184440613
vt 0.5168769955635071 0.9152129888534546
vt 0.24304400384426117 0.8592439889907837
vt 0.24304400384426117 0.8618860244750977
vt 0.22153200209140778 0.8697010278701782
vt 0.2291170060634613 0.8696929812431335
vt 0.2291170060634613 0.919888973236084
vt 0.22153200209140778 0.9198960065841675
vt 0.6417220234870911 0.5960239768028259
vt 0.6443589925765991 0.6028180122375488
vt 0.6353170275688171 0.6061930060386658
vt 0.6379539966583252 0.596015989780426
vt 0.5736280083656311 0.9809330105781555
vt 0.5736280083656311 0.9884809851646423
vt 0.8247219920158386 0.9270179867744446
vt 0.8379309773445129 0.9270179867744446
vt 0.013747000135481358 0.8188449740409851
vt 0.045159999281167984 0.9773120284080505
vt 0.04817799851298332 0.9773250222206116
vt 0.5895050168037415 0.5442320108413696
vt 0.5944049954414368 0.5434809923171997
vt 0.5944049954414368 0.6876509785652161
vt 0.5895050168037415 0.6868929862976074
vt 0.9347569942474365 0.5445489883422852
vt 0.9317389726638794 0.5445489883422852
vt 0.8682219982147217 0.28690001368522644
vt 0.8629400134086609 0.28690001368522644
vt 0.868261992931366 0.2845489978790283
vt 0.035854000598192215 0.9696419835090637
vt 0.026041999459266663 0.9696419835090637
vt 0.8491269946098328 0.9270009994506836
vt 0.8623359799385071 0.9270009994506836
vt 0.9488940238952637 0.552532970905304
vt 0.9488940238952637 0.6008409857749939
vt 0.6942520141601562 0.16099099814891815
vt 0.6942369937896729 0.1587350070476532
vt 0.7033029794692993 0.15684300661087036
vt 0.8460379838943481 0.5153480172157288
vt 0.8460379838943481 0.5926979780197144
vt 0.6416410207748413 0.21295900642871857
vt 0.6378669738769531 0.21295900642871857
vt 0.6416400074958801 0.19069300591945648
vt 0.6442829966545105 0.20729799568653107
vt 0.6706680059432983 0.9174110293388367
vt 0.4955480098724365 0.9053660035133362
vt 0.49292099475860596 0.90420001745224
vt 0.06864500045776367 0.9953200221061707
vt 0.06487099826335907 0.9953200221061707
vt 0.8379309773445129 0.9583430290222168
vt 0.8247219920158386 0.9583430290222168
vt 0.8239650130271912 0.9931809902191162
vt 0.8228369951248169 0.9946960210800171
vt 0.8228369951248169 0.9882810115814209
vt 0.8239650130271912 0.9890289902687073
vt 0.2256689965724945 0.1767289936542511
vt 0.9712839722633362 0.9081019759178162
vt 0.9712839722633362 0.9212499856948853
vt 0.9613800048828125 0.8497620224952698
vt 0.968172013759613 0.8497620224952698
vt 0.7993019819259644 0.16099099814891815
vt 0.7992870211601257 0.15873600542545319
vt 0.05775199830532074 0.6667439937591553
vt 0.057735998183488846 0.6644880175590515
vt 0.9432849884033203 0.2876569926738739
vt 0.9432849884033203 0.23934899270534515
vt 0.8623970150947571 0.2954240143299103
vt 0.866100013256073 0.29469600319862366
vt 0.866100013256073 0.30045101046562195
vt 0.860916018486023 0.301472008228302
vt 0.9673979878425598 0.4894759953022003
vt 0.9606069922447205 0.4894939959049225
vt 0.9871789813041687 0.4761370122432709
vt 0.9872230291366577 0.47136300802230835
vt 0.9902420043945312 0.47136300802230835
vt 0.9901970028877258 0.4761370122432709
vt 0.9553859829902649 0.8203269839286804
vt 0.9621679782867432 0.8203420042991638
vt 0.5629079937934875 0.9110400080680847
vt 0.5640400052070618 0.9110400080680847
vt 0.24226799607276917 0.30390000343322754
vt 0.24226799607276917 0.2914460003376007
vt 0.8912310004234314 0.31020599603652954
vt 0.5944110155105591 0.38245800137519836
vt 0.5974310040473938 0.5126630067825317
vt 0.6306530237197876 0.9939650297164917
vt 0.6242370009422302 0.9939650297164917
vt 0.22905899584293365 0.22653399407863617
vt 0.5725160241127014 0.9225170016288757
vt 0.5725160241127014 0.8451669812202454
vt 0.5777940154075623 0.8451610207557678
vt 0.5777940154075623 0.9225109815597534
vt 0.21373599767684937 0.051833998411893845
vt 0.21373599767684937 0.09448099881410599
vt 0.054336000233888626 0.9425430297851562
vt 0.05094100162386894 0.9459329843521118
vt 0.9437329769134521 0.5339019894599915
vt 0.9153990149497986 0.9829949736595154
vt 0.7372750043869019 0.2893109917640686
vt 0.7372599840164185 0.2915840148925781
vt 0.49637898802757263 0.9563490152359009
vt 0.491472989320755 0.9563490152359009
vt 0.491472989320755 0.9137030243873596
vt 0.49637898802757263 0.9137030243873596
vt 0.9774079918861389 0.5060660243034363
vt 0.9774090051651001 0.5207840204238892
vt 0.888247013092041 0.0038980001118034124
vt 0.8883349895477295 0.007335999980568886
vt 0.9959070086479187 0.7946119904518127
vt 0.9898689985275269 0.7946119904518127
vt 0.8989350199699402 0.6148189902305603
vt 0.9015640020370483 0.6148329973220825
vt 0.9013370275497437 0.6182900071144104
vt 0.9727740287780762 0.21030199527740479
vt 0.9423360228538513 0.8347390294075012
vt 0.9374129772186279 0.8384889960289001
vt 0.6856279969215393 0.9652770161628723
vt 0.6867579817771912 0.9652789831161499
vt 0.6867579817771912 0.9664099812507629
vt 0.6856279969215393 0.9664080142974854
vt 0.05094100162386894 0.9147539734840393
vt 0.054336000233888626 0.9181249737739563
vt 0.7033029794692993 0.15420100092887878
vt 0.8292490243911743 0.993179976940155
vt 0.8292490243911743 0.9890289902687073
vt 0.9033269882202148 0.9654809832572937
vt 0.903328001499176 0.9798219799995422
vt 0.9527900218963623 0.44996199011802673
vt 0.9527900218963623 0.4982700049877167
vt 0.960237979888916 0.8645179867744446
vt 0.9602230191230774 0.8498150110244751
vt 0.4440779983997345 0.8956620097160339
vt 0.4440779983997345 0.8184220194816589
vt 0.9446679949760437 0.685325026512146
vt 0.9397850036621094 0.689083993434906
vt 0.18063800036907196 0.9724000096321106
vt 0.8401169776916504 0.0038980001118034124
vt 0.8401169776916504 0.006539999973028898
vt 0.2508389949798584 0.8590109944343567
vt 0.2508389949798584 0.7199789881706238
vt 0.9024189710617065 0.2488970011472702
vt 0.8922399878501892 0.24890699982643127
vt 0.6851900219917297 0.9857760071754456
vt 0.6889140009880066 0.985164999961853
vt 0.6889140009880066 0.9920349717140198
vt 0.6837000250816345 0.9928900003433228
vt 0.6708469986915588 0.3099380135536194
vt 0.847029983997345 0.3094640076160431
vt 0.4118170142173767 0.8604769706726074
vt 0.4118170142173767 0.9377170205116272
vt 0.40766799449920654 0.9377260208129883
vt 0.40766799449920654 0.8604859709739685
vt 0.20541100203990936 0.9869670271873474
vt 0.20912200212478638 0.986283004283905
vt 0.20912200212478638 0.9924089908599854
vt 0.2039259970188141 0.9933680295944214
vt 0.15398000180721283 0.662971019744873
vt 0.21373599767684937 0.2537490129470825
vt 0.21373599767684937 0.2979060113430023
vt 0.8453789949417114 0.6148189902305603
vt 0.8453789949417114 0.6174610257148743
vt 0.9900569915771484 0.9264289736747742
vt 0.9960960149765015 0.9264289736747742
vt 0.9841359853744507 0.8506370186805725
vt 0.9789260029792786 0.8497620224952698
vt 0.9018020033836365 0.9929029941558838
vt 0.9018020033836365 0.988752007484436
vt 0.8796560168266296 0.9876260161399841
vt 0.8796560168266296 0.9940419793128967
vt 0.5722740292549133 0.6553270220756531
vt 0.5722740292549133 0.3620780110359192
vt 0.9348210096359253 0.41616499423980713
vt 0.931801974773407 0.41616499423980713
vt 0.19306600093841553 0.9618740081787109
vt 0.19608500599861145 0.9618740081787109
vt 0.41327300667762756 0.00392800010740757
vt 0.419310986995697 0.011099000461399555
vt 0.5855900049209595 0.9225170016288757
vt 0.5855900049209595 0.8451669812202454
vt 0.5908679962158203 0.8451610207557678
vt 0.5908679962158203 0.9225109815597534
vt 0.5314800143241882 0.9140859842300415
vt 0.5367500185966492 0.9137030243873596
vt 0.9404299855232239 0.8497620224952698
vt 0.9404799938201904 0.8980180025100708
vt 0.6610820293426514 0.9263669848442078
vt 0.6742910146713257 0.9263659715652466
vt 0.046167001128196716 0.6644880175590515
vt 0.046181999146938324 0.6667439937591553
vt 0.01673699915409088 0.9476000070571899
vt 0.0039049999322742224 0.9476000070571899
vt 0.988972008228302 0.26302099227905273
vt 0.9859579801559448 0.2630139887332916
vt 0.6867579817771912 0.9739530086517334
vt 0.6856279969215393 0.973950982093811
vt 0.891074001789093 0.24775999784469604
vt 0.9820860028266907 0.15530399978160858
vt 0.9832159876823425 0.15530699491500854
vt 0.7144250273704529 0.9109209775924683
vt 0.7140899896621704 0.9535670280456543
vt 0.5817040205001831 0.6534410119056702
vt 0.5749099850654602 0.6526859998703003
vt 0.03938800096511841 0.8018590211868286
vt 0.8881270289421082 0.7539269924163818
vt 0.8881270289421082 0.7180740237236023
vt 0.9002040028572083 0.7180730104446411
vt 0.9002040028572083 0.7539259791374207
vt 0.4078029990196228 0.8504189848899841
vt 0.40766799449920654 0.7222409844398499
vt 0.2943800091743469 0.9870859980583191
vt 0.3007960021495819 0.9870859980583191
vt 0.19311200082302094 0.9383010268211365
vt 0.19613100588321686 0.9382929801940918
vt 0.9792540073394775 0.7646009922027588
vt 0.9822679758071899 0.7646009922027588
vt 0.07832899689674377 0.9796469807624817
vt 0.07831600308418274 0.9668300151824951
vt 0.982026994228363 0.8632799983024597
vt 0.9768170118331909 0.862405002117157
vt 0.941910982131958 0.06000199913978577
vt 0.9467939734458923 0.0600150004029274
vt 0.7329959869384766 0.9559940099716187
vt 0.7318639755249023 0.9559969902038574
vt 0.7318639755249023 0.9079139828681946
vt 0.7329959869384766 0.9079110026359558
vt 0.5764070153236389 0.6631590127944946
vt 0.5812900066375732 0.6631230115890503
vt 0.1959809958934784 0.6525409817695618
vt 0.18918800354003906 0.6532959938049316
vt 0.11093900352716446 0.9047589898109436
vt 0.8385469913482666 0.9905400276184082
vt 0.8374149799346924 0.9905400276184082
vt 0.9123920202255249 0.841966986656189
vt 0.9123920202255249 0.7646160125732422
vt 0.9176700115203857 0.764611005783081
vt 0.9176700115203857 0.8419610261917114
vt 0.6062179803848267 0.9692010283470154
vt 0.6114220023155212 0.9682999849319458
vt 0.6706240177154541 0.9184759855270386
vt 0.9902380108833313 0.48045098781585693
vt 0.9872199892997742 0.48045098781585693
vt 0.33405598998069763 0.982105016708374
vt 0.33405598998069763 0.970035970211029
vt 0.2526470124721527 0.9792490005493164
vt 0.25264599919319153 0.9656720161437988
vt 0.637116014957428 0.263154000043869
vt 0.6371139883995056 0.23598100244998932
vt 0.6378690004348755 0.23786799609661102
vt 0.6371049880981445 0.11709900200366974
vt 0.6371030211448669 0.08917099982500076
vt 0.637857973575592 0.0914359986782074
vt 0.1930920034646988 0.9304969906806946
vt 0.6371110081672668 0.18654100596904755
vt 0.6371089816093445 0.16616199910640717
vt 0.5672159790992737 0.9565790295600891
vt 0.5766469836235046 0.9563680291175842
vt 0.5769019722938538 0.9672979712486267
vt 0.5672780275344849 0.9592170119285583
vt 0.9687259793281555 0.6797879934310913
vt 0.9709699749946594 0.6794750094413757
vt 0.9801579713821411 0.16551199555397034
vt 0.9801579713821411 0.15419800579547882
vt 0.6279119849205017 0.605334997177124
vt 0.9877300262451172 0.2459069937467575
vt 0.9880260229110718 0.24699999392032623
vt 0.9859560132026672 0.24949899315834045
vt 0.9859560132026672 0.23934899270534515
vt 0.6378729939460754 0.287308007478714
vt 0.6416469812393188 0.2891939878463745
vt 0.19306699931621552 0.990788996219635
vt 0.3939859867095947 0.3272930085659027
vt 0.40946000814437866 0.08764400333166122
vt 0.3973830044269562 0.3325769901275635
vt 0.6371070146560669 0.1382340043783188
vt 0.6371009945869446 0.06577300280332565
vt 0.637099027633667 0.039354998618364334
vt 0.6378539800643921 0.04048699885606766
vt 0.9818199872970581 0.9066029787063599
vt 0.5314800143241882 0.9829409718513489
vt 0.5314800143241882 0.9720039963722229
vt 0.6371999979019165 0.37501299381256104
vt 0.6371999979019165 0.39575499296188354
vt 0.6371999979019165 0.3478589951992035
vt 0.8930609822273254 0.3004840016365051
vt 0.891074001789093 0.29560598731040955
vt 0.8942610025405884 0.30122101306915283
vt 0.055677998811006546 0.9566580057144165
vt 0.05540600046515465 0.9683420062065125
vt 0.04937100037932396 0.9681950211524963
vt 0.04630900174379349 0.953790009021759
vt 0.6417220234870911 0.32184699177742004
vt 0.6379539966583252 0.32372400164604187
vt 0.33405598998069763 0.962240993976593
vt 0.33405598998069763 0.9482870101928711
vt 0.6370970010757446 0.01708799973130226
vt 0.5617979764938354 0.5173050165176392
vt 0.5617979764938354 0.47506600618362427
vt 0.5617979764938354 0.42226698994636536
vt 0.6378620266914368 0.1401209980249405
vt 0.9516019821166992 0.9920099973678589
vt 0.9516019821166992 0.9848440289497375
vt 0.9797940254211426 0.9841560125350952
vt 0.9797940254211426 0.9732189774513245
vt 0.6276860237121582 0.005371999926865101
vt 0.9573929905891418 0.6919199824333191
vt 0.9573929905891418 0.6794750094413757
vt 0.04605500027537346 0.9647200107574463
vt 0.045159999281167984 0.9537979960441589
vt 0.9875540137290955 0.8268839716911316
vt 0.9879480004310608 0.8283420205116272
vt 0.9857789874076843 0.8304759860038757
vt 0.9857789874076843 0.8203269839286804
vt 0.6837000250816345 0.977370023727417
vt 0.6837000250816345 0.9637929797172546
vt 0.6371129751205444 0.2152239978313446
vt 0.6378660202026367 0.18880599737167358
vt 0.9835420250892639 0.09638799726963043
vt 0.983909010887146 0.09785199910402298
vt 0.981702983379364 0.0999469980597496
vt 0.981702983379364 0.0890669971704483
vt 0.7202919721603394 0.2779879868030548
vt 0.7323690056800842 0.277989000082016
vt 0.14011000096797943 0.3913699984550476
vt 0.14794999361038208 0.7210890054702759
vt 0.32241201400756836 0.9303269982337952
vt 0.32430699467658997 0.9201149940490723
vt 0.32430699467658997 0.9337210059165955
vt 0.2388709932565689 0.09821800142526627
vt 0.24226799607276917 0.09557600319385529
vt 0.1313450038433075 0.7210890054702759
vt 0.6371999979019165 0.47269099950790405
vt 0.6371999979019165 0.4447830021381378
vt 0.9633409976959229 0.9537860155105591
vt 0.4011569917201996 0.07971899956464767
vt 0.6057339906692505 0.5258730053901672
vt 0.6079980134963989 0.5224760174751282
vt 0.6091300249099731 0.5356860160827637
vt 0.8132659792900085 0.17231300473213196
vt 0.5906239748001099 0.32169899344444275
vt 0.589493989944458 0.32320401072502136
vt 0.30267301201820374 0.7199789881706238
vt 0.38681501150131226 0.3325769901275635
vt 0.494922012090683 0.32299500703811646
vt 0.45423001050949097 0.3229050040245056
vt 0.9831429719924927 0.6794750094413757
vt 0.23094600439071655 0.06840299814939499
vt 0.9408329725265503 0.4421660006046295
vt 0.3198220133781433 0.855417013168335
vt 0.9486290216445923 0.44213199615478516
vt 0.24377800524234772 0.07104499638080597
vt 0.24226799607276917 0.06651599705219269
vt 0.07926599681377411 0.7346770167350769
vt 0.6371999979019165 0.42441698908805847
vt 0.9763249754905701 0.46017399430274963
vt 0.9782189726829529 0.44996199011802673
vt 0.9782189726829529 0.46356698870658875
vt 0.3430890142917633 0.39405301213264465
vt 0.3838469982147217 0.39405301213264465
vt 0.23056800663471222 0.22162799537181854
vt 0.6379539966583252 0.5703709721565247
vt 0.8309910297393799 0.22893300652503967
vt 0.8211939930915833 0.22892500460147858
vt 0.8291170001029968 0.17231300473213196
vt 0.7896040081977844 0.16099999845027924
vt 0.6442670226097107 0.004633000120520592
vt 0.5974310040473938 0.38510000705718994
vt 0.6038470268249512 0.38510000705718994
vt 0.6442779898643494 0.15106500685214996
vt 0.9765869975090027 0.7131710052490234
vt 0.9765869975090027 0.6999710202217102
vt 0.19306600093841553 0.9836180210113525
vt 0.7259529829025269 0.2123190015554428
vt 0.7779200077056885 0.17231300473213196
vt 0.03787900134921074 0.6780660152435303
vt 0.5722749829292297 0.6813510060310364
vt 0.6443589925765991 0.5085350275039673
vt 0.08719100058078766 0.7214679718017578
vt 0.8625900149345398 0.5900449752807617
vt 0.022028999403119087 0.6780660152435303
vt 0.2819199860095978 0.8586339950561523
vt 0.5617979764938354 0.5768929719924927
vt 0.6379539966583252 0.4708069860935211
vt 0.4188860058784485 0.42750200629234314
vt 0.4189769923686981 0.4347119927406311
vt 0.4188860058784485 0.447968989610672
vt 0.6059749722480774 0.7014979720115662
vt 0.6443589925765991 0.3625830113887787
vt 0.1930920034646988 0.913910984992981
vt 0.6443589925765991 0.45988398790359497
vt 0.6923499703407288 0.16099999845027924
vt 0.2257779985666275 0.97747802734375
vt 0.778285026550293 0.22893300652503967
vt 0.7681099772453308 0.22892500460147858
vt 0.9719979763031006 0.9694780111312866
vt 0.7794169783592224 0.22893300652503967
vt 0.24377800524234772 0.28804901242256165
vt 0.03635700047016144 0.734686017036438
vt 0.7259529829025269 0.1719370037317276
vt 0.6442710161209106 0.05105400085449219
vt 0.3543739914894104 0.8554250001907349
vt 0.10742399841547012 0.7909730076789856
vt 0.7613160014152527 0.21571500599384308
vt 0.24377800524234772 0.09142400324344635
vt 0.9873719811439514 0.068401999771595
vt 0.9851840138435364 0.07051599770784378
vt 0.9870870113372803 0.06730599701404572
vt 0.9851840138435364 0.06000199913978577
vt 0.05573900043964386 0.9695159792900085
vt 0.9762669801712036 0.24993999302387238
vt 0.9781609773635864 0.23934899270534515
vt 0.9781609773635864 0.25295498967170715
vt 0.11849600076675415 0.6697700023651123
vt 0.494922012090683 0.0359949991106987
vt 0.45423001050949097 0.03590400144457817
vt 0.30267301201820374 0.8576819896697998
vt 0.6062179803848267 0.9805639982223511
vt 0.17686200141906738 0.8037409782409668
vt 0.24836400151252747 0.39405301213264465
vt 0.24723200500011444 0.3951849937438965
vt 0.17686200141906738 0.8063820004463196
vt 0.24226799607276917 0.3129580020904541
vt 0.23094600439071655 0.31144899129867554
vt 0.6443589925765991 0.41047900915145874
vt 0.2539680004119873 0.3325819969177246
vt 0.2452870011329651 0.3325830101966858
vt 0.2332340031862259 0.40804100036621094
vt 0.10742399841547012 0.8026729822158813
vt 0.6379539966583252 0.3731290102005005
vt 0.6443589925765991 0.5598250031471252
vt 0.4041759967803955 0.08500199764966965
vt 0.6371999979019165 0.5715000033378601
vt 0.6442819833755493 0.20050500333309174
vt 0.6371999979019165 0.32673901319503784
vt 0.7300900220870972 0.22893400490283966
vt 0.7202919721603394 0.22892500460147858
vt 0.6029589772224426 0.5461230278015137
vt 0.6029589772224426 0.5434809923171997
vt 0.6379539966583252 0.5194569826126099
vt 0.6371999979019165 0.5217180252075195
vt 0.616441011428833 0.05008799955248833
vt 0.604761004447937 0.05006200075149536
vt 0.8132680058479309 0.21571500599384308
vt 0.6059749722480774 0.8298159837722778
vt 0.946461021900177 0.8385329842567444
vt 0.2651050090789795 0.7199789881706238
vt 0.24377800524234772 0.30880600214004517
vt 0.13898800313472748 0.6348000168800354
vt 0.9830800294876099 0.6148189902305603
vt 0.950780987739563 0.07817699760198593
vt 0.38681501150131226 0.34540900588035583
vt 0.3973830044269562 0.34540799260139465
vt 0.6371999979019165 0.54510098695755
vt 0.7779219746589661 0.21571500599384308
vt 0.6371999979019165 0.4938099980354309
vt 0.45309901237487793 0.3213939964771271
vt 0.8931270241737366 0.41198599338531494
vt 0.9479809999465942 0.2284729927778244
vt 0.7450709939002991 0.16099999845027924
vt 0.5735859870910645 0.970766007900238
vt 0.6371179819107056 0.2842879891395569
vt 0.03788100183010101 0.7214679718017578
vt 0.15057699382305145 0.7377030253410339
vt 0.15170900523662567 0.7377030253410339
vt 0.17686200141906738 0.6656100153923035
vt 0.17686200141906738 0.6629679799079895
vt 0.6371999979019165 0.5937510132789612
vt 0.595920979976654 0.37189000844955444
vt 0.5944110155105591 0.3752869963645935
vt 0.022029999643564224 0.7214679718017578
vt 0.1479479968547821 0.6807060241699219
vt 0.5672159790992737 0.9720039963722229
vt 0.5675510168075562 0.9709010124206543
vt 0.7929570078849792 0.6027039885520935
vt 0.7940999865531921 0.6042060256004333
vt 0.7929570078849792 0.6068750023841858
vt 0.4011569917201996 0.06575500220060349
vt 0.4041759967803955 0.06009399890899658
vt 0.9841359853744507 0.8621050119400024
vt 0.9763249754905701 0.47136300802230835
vt 0.05573900043964386 0.9540200233459473
vt 0.08718899637460709 0.6780660152435303
vt 0.8291190266609192 0.21571500599384308
vt 0.0705839991569519 0.6780660152435303
vt 0.7210100293159485 0.977370023727417
vt 0.9830800294876099 0.647146999835968
vt 0.987076997756958 0.5355100035667419
vt 0.9852049946784973 0.5387380123138428
vt 0.9852049946784973 0.5285879969596863
vt 0.04805399850010872 0.6667529940605164
vt 0.9488009810447693 0.6891090273857117
vt 0.589493989944458 0.03620399907231331
vt 0.0038980001118034124 0.6667529940605164
vt 0.9806780219078064 0.8793050050735474
vt 0.9883059859275818 0.8710759878158569
vt 0.9857590198516846 0.8811420202255249
vt 0.9723619818687439 0.15419800579547882
vt 0.3276180028915405 0.8554220199584961
vt 0.9763249754905701 0.4845629930496216
vt 0.5687789916992188 0.9485120177268982
vt 0.5617979764938354 0.3796510100364685
vt 0.9883059859275818 0.8843330144882202
vt 0.9637020230293274 0.16987000405788422
vt 0.8088269829750061 0.9857890009880066
vt 0.8110899925231934 0.9857810139656067
vt 0.4764319956302643 0.9566789865493774
vt 0.47528600692749023 0.9517530202865601
vt 0.8404229879379272 0.16099999845027924
vt 0.5314800143241882 0.9398040175437927
vt 0.7613149881362915 0.17231300473213196
vt 0.5906239748001099 0.037337999790906906
vt 0.9765999913215637 0.7334700226783752
vt 0.9784939885139465 0.7236350178718567
vt 0.9784939885139465 0.7368630170822144
vt 0.6443589925765991 0.6062129735946655
vt 0.7131220102310181 0.22892500460147858
vt 0.6029589772224426 0.6868969798088074
vt 0.6029589772224426 0.6842550039291382
vt 0.6442859768867493 0.24843500554561615
vt 0.6379539966583252 0.4221560060977936
vt 0.8321229815483093 0.22893300652503967
vt 0.2904700040817261 0.8565700054168701
vt 0.2257779985666275 0.9639009833335876
vt 0.09962800145149231 0.6667529940605164
vt 0.801895022392273 0.604220986366272
vt 0.8030179738998413 0.6027039885520935
vt 0.8030179738998413 0.6068750023841858
vt 0.1407800018787384 0.7376940250396729
vt 0.8625900149345398 0.6066499948501587
vt 0.13134300708770752 0.6807060241699219
vt 0.7210100293159485 0.9637929797172546
vt 0.5617979764938354 0.6240350008010864
vt 0.6442750096321106 0.10238000005483627
vt 0.2452870011329651 0.34541401267051697
vt 0.2539680004119873 0.34541401267051697
vt 0.982384979724884 0.5525320172309875
vt 0.5777940154075623 0.9563069939613342
vt 0.16151900589466095 0.6697700023651123
vt 0.16322700679302216 0.9841349720954895
vt 0.16103899478912354 0.9862490296363831
vt 0.16294200718402863 0.9830390214920044
vt 0.16103899478912354 0.9757350087165833
vt 0.9766150116920471 0.39020898938179016
vt 0.9785090088844299 0.3803730010986328
vt 0.9785090088844299 0.3936010003089905
vt 0.891074001789093 0.25901100039482117
vt 0.7093480229377747 0.2123190015554428
vt 0.3849799931049347 0.3951849937438965
vt 0.2651050090789795 0.8588590025901794
vt 0.15004800260066986 0.9520879983901978
vt 0.02618199959397316 0.7346770167350769
vt 0.7312219738960266 0.22893400490283966
vt 0.4189769923686981 0.39471501111984253
vt 0.4189769923686981 0.41970598697662354
vt 0.418503999710083 0.40325799584388733
vt 0.7973999977111816 0.16099999845027924
vt 0.9762669801712036 0.2728489935398102
vt 0.9781619906425476 0.2630139887332916
vt 0.9781619906425476 0.2766200006008148
vt 0.08981800079345703 0.734686017036438
vt 0.13898499310016632 0.592153012752533
vt 0.1401129961013794 0.4362809956073761
vt 0.2819199860095978 0.7199789881706238
vt 0.595920979976654 0.5258730053901672
vt 0.6008269786834717 0.5281370282173157
vt 0.9873729944229126 0.5366029739379883
vt 0.7093480229377747 0.1719360053539276
vt 0.07058499753475189 0.7214679718017578
vt 0.4189769923686981 0.4557650089263916
vt 0.4189769923686981 0.3869189918041229
vt 0.418503999710083 0.3783760070800781
vt 0.4189769923686981 0.36192700266838074
vt 0.05584900081157684 0.6667529940605164
vt 0.45309901237487793 0.037032999098300934
vt 0.22153399884700775 0.40804100036621094
vt 0.9759830236434937 0.8819800019264221
vt 0.4189769923686981 0.4635609984397888
vt 0.4189769923686981 0.47135600447654724
o mesh_input
f 1798/1 1800/2 1726/3 1724/4
f 631/5 583/6 582/7 630/8
f 1108/9 972/10 974/11 1110/12
f 1760/13 1764/14 1679/15 1674/16
f 1394/17 1166/18 1167/19 1395/20
f 596/21 561/22 516/23 514/24
f 558/25 649/26 650/27 559/28
f 672/29 636/30 614/31 650/32
f 926/33 927/34 1039/35 1038/36
f 187/37 201/38 203/39 189/40
f 1573/41 1572/42 1390/43 1391/44
f 217/45 216/46 220/47 221/48
f 697/49 696/50 684/51 685/52
f 1038/36 1039/35 1267/53 1264/54
f 766/55 837/56 836/57 762/58
f 1710/59 1712/60 1604/61 1602/62
f 502/63 430/64 432/65 504/66
f 888/67 890/68 986/69 984/70
f 514/24 516/23 295/71 194/72
f 1262/73 1263/74 1137/75 1136/76
f 955/77 1083/78 1085/79 957/80
f 290/81 228/82 229/83 291/84
f 1309/85 1306/86 1320/87 1333/88
f 1397/89 1401/90 1400/91 1396/92
f 824/93 1095/94 1094/95 823/96
f 1058/97 938/98 940/99 1060/100
f 621/101 657/102 661/103 625/104
f 1160/105 1161/106 881/107 880/108
f 194/72 295/71 233/109 182/110
f 551/111 591/112 615/113 651/114
f 99/115 77/116 78/117 100/118
f 1607/119 1605/120 1613/121 1610/122
f 1796/123 1799/124 1797/125 1795/126
f 945/127 947/128 946/129 944/130
f 1010/131 906/132 908/133 1012/134
f 1317/135 1325/136 1487/137 1483/138
f 485/139 484/140 488/141 489/142
f 1168/143 1173/144 1117/145 980/146
f 982/147 886/148 888/67 984/70
f 686/149 704/150 698/151 676/152
f 1188/153 1192/154 1191/155 1187/156
f 1096/157 1157/158 877/159 826/160
f 254/161 316/162 317/163 255/164
f 164/165 165/166 161/167 160/168
f 1359/169 1356/170 1360/171 1372/172
f 1529/173 1533/174 1532/175 1528/176
f 172/177 750/178 734/179 180/180
f 712/181 713/182 1167/19 1166/18
f 864/183 804/184 868/185 1144/186
f 1827/187 1829/188 1755/189 1753/190
f 992/191 896/192 898/193 994/194
f 322/195 266/196 256/197 318/198
f 133/199 45/200 47/201 135/202
f 807/203 813/204 809/205 806/206
f 1280/207 1284/208 1283/209 1279/210
f 228/82 290/81 330/211 268/212
f 95/213 94/214 86/215 87/216
f 181/217 191/218 187/37 185/219
f 234/220 208/221 209/222 235/223
f 1076/224 948/225 950/226 1078/227
f 242/228 304/229 305/230 243/231
f 1154/232 1091/233 1339/234 1334/235
f 531/236 308/237 309/238 575/239
f 764/240 978/241 980/242 766/243
f 664/244 628/245 610/246 646/247
f 1286/248 1287/249 1055/250 1054/251
f 550/252 509/253 511/254 551/255
f 1734/256 1736/257 1810/258 1808/259
f 1074/260 946/261 947/262 1075/263
f 1709/264 1711/265 1785/266 1783/267
f 348/268 518/269 450/270 378/271
f 717/272 618/273 654/274 737/275
f 336/276 340/277 277/278 274/279
f 338/280 178/281 724/282 690/283
f 1819/284 1820/285 1746/286 1745/287
f 320/288 258/289 259/290 321/291
f 524/292 526/293 356/294 354/295
f 406/296 407/297 479/298 478/299
f 1345/300 1359/169 1358/301 1344/302
f 1356/303 1357/304 1105/305 1104/306
f 632/307 668/308 649/309 612/310
f 859/311 795/312 794/313 858/314
f 21/315 23/316 27/317 25/318
f 152/319 153/320 157/321 156/322
f 994/323 995/324 1199/325 1198/326
f 1534/327 1538/328 1470/329 1466/330
f 356/294 358/331 238/332 354/295
f 896/333 897/334 899/335 898/336
f 673/337 742/338 722/339 637/340
f 1695/341 1583/342 1587/343 1699/344
f 1135/345 1243/346 1242/347 1134/348
f 620/349 568/350 566/351 606/352
f 1220/353 1438/354 1442/355 1224/356
f 1256/357 1260/358 1259/359 1255/360
f 1713/361 1715/362 1789/363 1787/364
f 883/365 1163/366 1391/367 831/368
f 1727/369 1728/370 1802/371 1801/372
f 1861/373 1862/374 1878/375 1877/376
f 55/377 57/378 21/379 8/380
f 1645/381 1640/382 1654/383 1652/384
f 1850/385 1852/386 1632/387 1631/388
f 530/389 531/390 574/391 570/392
f 475/393 479/394 407/395 403/396
f 1853/397 1577/398 1634/399 1855/400
f 783/401 789/402 785/403 782/404
f 884/405 976/406 752/407 750/178
f 956/408 958/409 1086/410 1084/411
f 1352/412 1361/413 1371/414 1343/415
f 1635/416 1636/417 1738/418 1737/419
f 295/420 294/421 232/422 233/423
f 458/424 462/425 463/426 459/427
f 323/428 321/429 259/430 286/431
f 840/432 768/433 844/434 1120/435
f 1145/436 1297/437 1302/438 1062/439
f 1585/440 1586/441 1592/442 1591/443
f 1751/444 1753/445 1657/446 1655/447
f 1000/448 1001/449 1203/450 1202/451
f 1660/452 1659/453 1681/454 1667/455
f 517/456 296/457 297/458 563/459
f 1815/460 1817/461 1743/462 1741/463
f 193/464 715/465 727/466 177/467
f 1750/468 1752/469 1826/470 1824/471
f 605/472 565/473 519/474 641/475
f 466/476 470/477 471/478 467/479
f 128/480 40/481 68/482 129/483
f 907/484 1011/485 1013/486 909/487
f 444/488 445/489 443/490 442/491
f 84/492 1404/493 1386/494 102/495
f 413/496 365/497 367/498 417/499
f 906/500 907/501 909/502 908/503
f 670/504 671/505 675/506 674/507
f 58/508 56/509 20/510 22/511
f 1740/512 1742/513 1816/514 1814/515
f 922/516 924/517 1036/518 1034/519
f 359/520 239/521 281/522 301/523
f 1421/524 1425/525 1517/526 1513/527
f 1512/528 1516/529 1424/530 1420/531
f 1174/532 1196/533 1189/534 1183/535
f 1759/536 1761/537 1835/538 1833/539
f 1376/540 1380/541 706/542 702/543
f 1209/544 1233/545 1232/546 1208/547
f 1407/548 81/549 83/550 1409/551
f 1582/552 1694/553 1698/554 1586/555
f 290/556 291/557 331/558 330/559
f 403/560 407/561 406/562 402/563
f 880/564 881/565 829/566 828/567
f 979/568 765/569 767/570 981/571
f 556/572 506/573 442/574 440/575
f 1340/576 1345/300 1157/577 1096/578
f 600/579 602/580 722/581 720/582
f 895/583 897/334 896/333 894/584
f 775/585 1000/448 1002/586 778/587
f 1170/588 1171/589 983/590 982/591
f 1181/592 1187/593 1423/594 1419/595
f 1884/596 17/597 48/598 49/599
f 1013/486 1015/600 911/601 909/487
f 286/431 260/602 372/603 323/428
f 980/604 1117/605 837/606 766/607
f 1857/608 1859/609 1875/610 1873/611
f 1137/75 1263/74 1268/612 1040/613
f 315/614 319/615 257/616 253/617
f 1528/618 1532/619 1456/620 1452/621
f 677/622 680/623 691/624 687/625
f 1132/626 1133/627 1241/628 1240/629
f 1672/630 1673/631 1759/632 1758/633
f 1622/634 1624/635 1732/636 1730/637
f 515/638 195/639 296/640 517/641
f 1818/642 1820/285 1819/284 1817/461
f 145/643 121/644 123/645 149/646
f 386/647 390/648 354/649 352/650
f 559/28 650/27 614/651 590/652
f 302/653 568/350 446/654 303/655
f 596/656 598/657 718/658 716/659
f 982/591 983/590 887/660 886/661
f 659/662 623/663 622/664 658/665
f 1551/666 1555/667 1554/668 1550/669
f 472/670 400/671 401/672 473/673
f 1615/674 1617/675 1725/676 1723/677
f 93/678 92/679 78/680 79/681
f 1690/682 1691/683 1565/684 1564/685
f 334/686 335/687 345/688 344/689
f 752/407 1406/690 80/691 174/692
f 1395/20 1167/19 1377/693 1399/694
f 1444/695 1445/696 1227/697 1226/698
f 959/699 1087/700 1089/701 961/702
f 541/703 493/704 497/705 543/706
f 430/707 431/708 433/709 432/710
f 787/711 1022/712 1024/713 790/714
f 1159/715 1347/716 1346/717 1158/718
f 817/719 1090/720 1092/721 820/722
f 1576/723 1577/398 1853/397 1851/724
f 265/725 264/726 326/727 327/728
f 1392/729 1393/730 1397/89 1396/92
f 879/731 1159/732 1158/733 878/734
f 832/735 1114/736 1115/737 833/738
f 1616/739 1619/740 1621/741 1614/742
f 389/743 353/744 355/745 393/746
f 682/747 686/748 687/625 683/749
f 867/750 807/203 806/206 866/751
f 1216/752 1222/753 1221/754 1215/755
f 1780/756 1781/757 1707/758 1706/759
f 530/389 304/760 308/761 531/390
f 1824/471 1826/470 1825/762 1823/763
f 103/764 173/765 751/766 1387/767
f 1797/125 1798/1 1724/4 1722/768
f 114/769 230/770 270/771 106/772
f 1801/372 1803/773 1729/774 1727/369
f 1366/775 1163/776 1162/777 1365/778
f 811/779 1066/780 1068/781 814/782
f 1540/783 1541/784 1477/785 1476/786
f 1032/787 1033/788 921/789 920/790
f 330/791 334/792 272/793 268/794
f 1218/795 1219/796 1011/797 1010/798
f 233/799 232/800 206/801 207/802
f 488/803 416/804 417/805 489/806
f 597/807 717/808 719/809 599/810
f 1183/811 1189/812 1425/813 1421/814
f 997/815 770/816 773/817 999/818
f 1808/259 1810/258 1809/819 1807/820
f 701/821 705/822 1379/823 1375/824
f 706/825 709/826 692/827 688/828
f 1341/829 1097/830 1158/718 1346/717
f 1389/831 1567/832 761/833 759/834
f 278/835 236/836 206/837 232/838
f 205/839 188/840 186/841 199/842
f 519/843 453/844 457/845 521/846
f 1467/847 1471/848 1539/849 1535/850
f 1381/851 707/852 699/853 1385/854
f 1/855 60/856 62/857 3/858
f 308/237 246/859 247/860 309/238
f 596/21 716/861 617/862 561/22
f 971/863 973/864 972/865 970/866
f 863/867 1143/868 1142/869 862/870
f 103/764 63/871 144/872 173/765
f 914/873 915/874 917/875 916/876
f 361/877 405/878 477/879 533/880
f 1270/881 1275/882 1141/883 1046/884
f 246/885 216/46 217/45 247/886
f 158/887 162/888 276/889 273/890
f 856/891 792/892 860/893 1136/894
f 206/801 210/895 211/896 207/802
f 286/431 259/430 223/897 260/602
f 1450/898 1454/899 1254/900 1248/901
f 814/902 869/903 868/904 810/905
f 894/906 896/192 992/191 990/907
f 1460/908 1461/909 1261/910 1260/911
f 102/912 172/177 143/913 62/914
f 1428/915 1429/916 1193/917 1192/918
f 898/919 899/920 995/921 994/922
f 1717/923 1718/924 1792/925 1791/926
f 1658/927 1663/928 1865/929 1862/374
f 8/930 6/931 53/932 55/933
f 47/201 51/934 139/935 135/202
f 345/688 342/936 680/937 677/938
f 1859/939 1861/373 1877/376 1875/940
f 377/941 261/942 287/943 325/944
f 132/945 134/946 46/947 44/948
f 917/875 919/949 918/950 916/876
f 1756/951 1757/952 1831/953 1830/954
f 963/955 1099/956 1101/957 965/958
f 1708/959 1710/960 1602/961 1600/962
f 312/963 578/964 580/965 314/966
f 433/967 375/968 549/969 505/970
f 1350/971 1351/972 1497/973 1496/974
f 458/975 459/976 387/977 386/978
f 368/979 370/980 250/981 366/982
f 484/983 412/984 416/985 488/986
f 328/987 553/988 595/989 329/990
f 84/991 102/912 62/914 60/992
f 1465/993 1281/994 1285/995 1469/996
f 791/997 789/402 855/998 854/999
f 866/1000 1146/1001 1147/1002 867/1003
f 1784/1004 1786/1005 1712/1006 1710/1007
f 1363/1008 1369/1009 1368/1010 1362/1011
f 548/1012 503/1013 505/1014 549/1015
f 1203/1016 1003/1017 1126/1018 1208/547
f 13/1019 38/1020 39/1021 14/1022
f 20/510 24/1023 26/1024 22/511
f 1629/1025 1848/1026 1850/385 1631/388
f 333/1027 337/1028 336/1029 332/1030
f 1721/1031 1723/1032 1796/123 1794/1033
f 831/1034 835/1035 833/1036 830/1037
f 69/1038 43/1039 131/1040 130/1041
f 1503/1042 1362/1043 1368/1044 1507/1045
f 1759/632 1673/631 1675/1046 1761/1047
f 1492/1048 1493/1049 1331/1050 1330/1051
f 1766/1052 1682/1053 1686/1054 1770/1055
f 249/1056 217/45 221/48 251/1057
f 1849/1058 1630/1059 1576/723 1851/724
f 1312/1060 1478/1061 1482/1062 1316/1063
f 1469/1064 1473/1065 1541/1066 1537/1067
f 1614/742 1621/741 1623/1068 1599/1069
f 1102/1070 966/1071 967/1072 1103/1073
f 1326/1074 1330/1075 1329/1076 1325/1077
f 1000/448 775/585 776/1078 1001/449
f 1447/1079 1245/1080 1249/1081 1451/1082
f 1095/94 824/93 827/1083 1097/1084
f 882/1085 830/1086 1113/1087 1162/1088
f 125/1089 147/1090 151/1091 129/1092
f 1788/1093 1790/1094 1716/1095 1714/1096
f 1842/1097 1844/1098 1772/1099 1768/1100
f 1679/15 1764/14 1768/1101 1684/1102
f 986/1103 987/1104 1185/1105 1184/1106
f 1070/1107 942/1108 944/1109 1072/1110
f 173/765 175/1111 191/1112 181/1113
f 105/1114 109/1115 273/890 269/1116
f 784/1117 1020/1118 1021/1119 785/1120
f 805/1121 1062/1122 1064/1123 808/1124
f 111/1125 93/1126 79/1127 101/1128
f 456/1129 384/1130 385/1131 457/1132
f 572/1133 624/1134 608/1135 576/1136
f 1030/1137 918/1138 919/1139 1031/1140
f 619/1141 605/472 641/475 655/1142
f 1753/1143 1755/1144 1660/1145 1657/1146
f 356/1147 526/1148 466/1149 394/1150
f 630/1151 634/1152 670/1153 666/1154
f 1290/1155 1472/1156 1476/786 1294/1157
f 1222/753 1226/1158 1225/1159 1221/754
f 1453/1160 1457/1161 1533/174 1529/173
f 873/1162 1153/1163 1090/1164 817/1165
f 1004/1166 900/1167 902/1168 1006/1169
f 31/1170 33/1171 121/644 119/1172
f 549/1173 375/1174 376/1175 550/1176
f 1665/1177 1666/1178 1678/1179 1664/1180
f 1843/1181 1847/1182 1846/1183 1839/1184
f 668/308 672/29 650/32 649/309
f 884/405 1560/1185 1562/1186 976/406
f 675/506 639/1187 638/1188 674/507
f 119/1189 145/1190 144/1191 118/1192
f 875/1193 1155/1194 879/1195 819/1196
f 710/1197 1164/1198 1374/1199 700/1200
f 1698/1201 1702/1202 1592/1203 1586/1204
f 1505/1205 1364/1206 1370/1207 1509/1208
f 1275/882 1297/437 1296/1209 1274/1210
f 196/1211 194/1212 182/1213 184/1214
f 695/1215 694/1216 682/747 683/749
f 57/1217 56/509 58/508 59/1218
f 1719/1219 1720/1220 1612/1221 1611/1222
f 1238/1223 1239/1224 1027/1225 1026/1226
f 271/1227 275/1228 337/1229 333/1230
f 1765/1231 1769/1232 1843/1181 1839/1184
f 761/1233 763/1234 762/58 760/1235
f 1254/1236 1454/1237 1458/1238 1258/1239
f 526/1240 528/1241 470/477 466/476
f 1380/1242 1384/1243 757/1244 706/1245
f 1706/1246 1707/1247 1597/1248 1596/1249
f 1144/1250 1145/1251 865/1252 864/1253
f 1526/1254 1530/1255 1454/899 1450/898
f 510/1256 436/1257 437/1258 511/1259
f 1769/1232 1773/1260 1847/1182 1843/1181
f 126/1261 130/1262 152/1263 148/1264
f 756/1265 748/1266 749/1267 757/1244
f 1054/1268 934/1269 936/1270 1056/1271
f 1148/1272 1149/1273 1309/85 1308/1274
f 153/1275 133/199 135/202 157/1276
f 1882/1277 1883/1278 1867/1279 1866/1280
f 45/1281 16/1282 19/1283 47/1284
f 1266/1285 1139/1286 1138/1287 1265/1288
f 1656/1289 1659/1290 1754/1291 1752/1292
f 859/1293 1139/1294 863/1295 795/1296
f 1007/1297 1009/1298 905/1299 903/1300
f 1480/1301 1481/1302 1545/1303 1544/1304
f 1110/1305 1111/1306 1371/414 1360/171
f 628/1307 580/965 578/964 610/1308
f 1877/1309 1878/1310 1879/1311 1876/1312
f 368/979 540/1313 490/1314 418/1315
f 1229/1316 1218/1317 1230/1318 1234/1319
f 1346/717 1365/778 1364/1320 1355/1321
f 577/1322 311/1323 361/1324 533/1325
f 1236/1326 1241/628 1133/627 1024/1327
f 563/459 619/1328 618/1329 562/1330
f 1166/18 1394/17 1398/1331 1376/1332
f 1204/1333 1205/1334 1005/1335 1004/1336
f 1538/1337 1539/1338 1475/1339 1474/1340
f 1182/1341 1188/153 1187/156 1181/1342
f 849/1343 1129/1344 1018/1345 781/1346
f 1278/1347 1462/1348 1466/1349 1282/1350
f 702/1351 706/825 688/828 684/51
f 223/1352 222/1353 224/1354 225/1355
f 1184/1356 1185/1357 989/1358 988/1359
f 1415/1360 1177/1361 1181/592 1419/595
f 30/1362 1886/1363 10/1364 31/1365
f 1066/780 1067/1366 1305/1367 1304/1368
f 1778/1369 1779/1370 1705/1371 1704/1372
f 272/1373 334/686 344/689 288/1374
f 1782/1375 1784/1004 1710/1007 1708/1376
f 266/1377 612/1378 649/26 226/1379
f 1361/1380 1502/1381 1506/1382 1367/1383
f 1624/635 1626/1384 1734/1385 1732/636
f 1082/1386 1083/1387 955/1388 954/1389
f 1487/137 1325/136 1329/1390 1491/1391
f 1578/1392 1588/1393 1560/1394 1558/1395
f 1047/1396 803/1397 862/1398 1142/1399
f 600/579 200/1400 554/1401 602/580
f 1432/1402 1433/1403 1521/1404 1520/1405
f 1214/1406 1220/1407 1231/1408 1205/1409
f 270/771 274/279 110/1410 106/772
f 1180/1411 1186/1412 1199/325 1171/1413
f 674/1414 638/1415 723/1416 743/1417
f 1207/1418 1204/1419 1218/1317 1229/1316
f 901/1420 1005/1421 1007/1297 903/1300
f 711/1422 695/1423 683/1424 701/1425
f 1208/547 1232/546 1223/1426 1217/1427
f 1332/1428 1333/88 1153/1429 1152/1430
f 1792/925 1794/1033 1793/1431 1791/926
f 858/1432 1138/1433 1139/1434 859/1435
f 1645/1436 1648/1437 1746/1438 1744/1439
f 1390/43 834/1440 835/1441 1391/44
f 852/1442 853/1443 1133/1444 1132/1445
f 1670/1446 1671/1447 1757/1448 1756/1449
f 529/1450 359/520 301/523 567/1451
f 417/805 367/1452 539/1453 489/806
f 928/1454 929/1455 931/1456 930/1457
f 49/599 70/1458 72/1459 24/1023
f 1844/1098 1845/1460 1770/1461 1772/1099
f 1314/1462 1318/1463 1317/1464 1313/1465
f 816/1466 817/1467 820/1468 822/1469
f 1272/1470 1273/1471 1049/1472 1048/1473
f 1025/1474 791/1475 854/1476 1134/1477
f 1829/188 1828/1478 1754/1479 1755/189
f 427/1480 372/1481 373/1482 429/1483
f 931/1456 933/1484 932/1485 930/1457
f 42/1486 1887/1487 16/1282 43/1488
f 1607/119 1610/122 1609/1489 1608/1490
f 491/1491 495/1492 423/1493 419/1494
f 331/558 335/1495 334/1496 330/559
f 780/1497 781/1498 784/1499 786/1500
f 397/1501 357/1502 359/1503 401/1504
f 1497/973 1351/972 1355/1505 1501/1506
f 71/1507 73/1508 141/1509 138/1510
f 231/1511 115/1512 107/1513 271/1227
f 547/1514 373/1515 374/1516 548/1517
f 398/1518 470/1519 528/1520 358/1521
f 109/1522 91/1523 77/116 99/115
f 851/1524 783/401 782/404 850/1525
f 72/1459 74/1526 26/1024 24/1023
f 1116/1527 1117/145 1173/144 1172/1528
f 1104/1529 968/1530 970/1531 1106/1532
f 735/1533 745/1534 753/1535 751/766
f 1548/1536 1549/1537 1493/1049 1492/1048
f 1029/1538 1031/1539 919/1540 917/1541
f 229/1542 113/1543 105/1114 269/1116
f 1296/1209 1297/437 1145/436 1144/1544
f 609/1545 577/1322 533/1325 645/1546
f 9/1547 11/1548 12/1549 1885/1550
f 935/1551 1055/1552 1057/1553 937/1554
f 1256/1555 1456/1556 1460/908 1260/911
f 1402/1557 1403/1558 1413/1559 1412/1560
f 1579/1561 1559/1562 1561/1563 1589/1564
f 916/1565 918/1566 1030/1567 1028/1568
f 613/1569 589/1570 546/1571 648/1572
f 587/1573 589/1570 613/1569 635/1574
f 107/1513 111/1575 275/1228 271/1227
f 422/1576 423/1577 495/1578 494/1579
f 420/1580 492/1581 493/1582 421/1583
f 1314/1584 1480/1301 1484/1585 1318/1586
f 860/1587 861/1588 1141/1589 1140/1590
f 374/1516 431/1591 503/1592 548/1517
f 1856/1593 1857/1594 1873/1595 1872/1596
f 1119/1597 1175/1598 1174/532 1118/1599
f 401/1600 359/520 529/1450 473/1601
f 419/1602 423/1603 422/1604 418/1605
f 1388/1606 758/1607 760/1608 1566/1609
f 748/1610 730/1611 731/1612 749/1613
f 327/1614 552/1615 554/1616 202/1617
f 1744/1618 1746/286 1820/285 1818/642
f 387/1619 391/1620 390/648 386/647
f 325/944 329/1621 595/1622 591/112
f 540/1313 538/1623 646/247 542/1624
f 1319/1625 1327/1626 1489/1627 1485/1628
f 893/1629 989/1630 991/1631 895/1632
f 539/1633 367/1634 369/1635 541/1636
f 62/857 64/1637 29/1638 3/858
f 885/1639 977/1640 1563/1641 1561/1642
f 1478/1061 1479/1643 1543/1644 1542/1645
f 63/1646 4/1647 30/1362 65/1648
f 388/1649 389/743 393/746 392/1650
f 1482/1651 1486/1652 1324/1653 1316/1654
f 973/1655 1109/1656 1111/1657 975/1658
f 1585/1659 1591/1660 1701/1661 1697/1662
f 1809/819 1810/258 1736/257 1735/1663
f 823/96 1094/95 1096/1664 826/1665
f 622/1666 626/1667 662/1668 658/1669
f 205/1670 199/1671 264/1672 265/1673
f 1060/1674 1061/1675 1301/1676 1300/1677
f 663/1678 645/1546 647/1679 667/1680
f 1618/1681 1620/1682 1619/740 1616/739
f 1350/971 1496/974 1500/1683 1354/1684
f 815/1685 813/204 871/1686 870/1687
f 309/1688 311/1323 577/1322 575/1689
f 186/841 188/840 202/1690 200/1691
f 542/1624 578/1692 312/1693 370/980
f 1575/1694 1664/1180 1678/1179 1562/1695
f 1686/1696 1682/1697 1687/1698 1691/1699
f 236/1700 238/1701 210/895 206/801
f 1733/1702 1735/1703 1627/1704 1625/1705
f 514/1706 196/1707 598/657 596/656
f 466/1149 467/1708 395/1709 394/1150
f 1249/1081 1255/1710 1455/1711 1451/1082
f 1879/1311 1878/1310 1881/1712 1880/1713
f 672/29 673/1714 637/1715 636/30
f 714/1716 192/1717 176/1718 726/1719
f 601/1720 721/1721 723/1722 603/1723
f 709/1724 731/1725 732/1726 692/1727
f 306/1728 572/1133 576/1136 310/1729
f 776/1730 773/1731 777/1732 779/1733
f 1285/1734 1291/1735 1473/1736 1469/1737
f 532/1738 534/1739 478/1740 474/1741
f 1562/1695 1678/1179 1690/1742 1564/1743
f 7/1744 3/858 12/1549 24/1023 20/510
f 1085/79 1087/700 959/699 957/80
f 874/1745 818/1746 1091/1747 1154/1748
f 750/178 752/407 744/1749 734/179
f 1722/1750 1724/1751 1616/1752 1614/1753
f 1252/1754 1253/1755 1033/788 1032/787
f 779/1733 777/1732 847/1756 846/1757
f 493/704 492/1758 496/1759 497/705
f 1353/1760 1362/1043 1503/1042 1499/1761
f 1002/1762 1125/1763 845/1764 778/1765
f 1156/1766 1157/577 1345/300 1344/302
f 937/1767 939/1768 938/1769 936/1770
f 429/1771 373/1772 547/1773 501/1774
f 707/1775 689/1776 679/1777 699/1778
f 1636/1779 1638/1780 1740/1781 1738/1782
f 1102/1783 1103/1784 1357/1785 1356/1786
f 1613/1787 1615/674 1723/677 1721/1788
f 696/1789 712/181 702/1790 684/1791
f 1537/1067 1541/1066 1540/1792 1536/1793
f 1479/1794 1313/1795 1317/135 1483/138
f 840/1796 841/1797 769/1798 768/1799
f 226/1379 438/1800 439/1801 227/1802
f 588/1803 612/1378 266/1377 322/1804
f 426/1805 498/1806 499/1807 427/1808
f 27/1809 26/1810 74/1811 75/1812
f 678/1813 346/1814 347/1815 679/1777
f 1310/1816 1334/235 1327/1817 1319/1818
f 1791/926 1793/1431 1719/1819 1717/923
f 142/1820 146/1821 122/1822 120/1823
f 1008/1824 904/1825 905/1826 1009/1827
f 292/1828 230/1829 231/1830 293/1831
f 660/1832 664/1833 646/1834 644/1835
f 753/1535 175/1111 81/549 1407/548
f 1692/1836 1693/1837 1775/1838 1774/1839
f 1817/461 1819/284 1745/287 1743/462
f 1401/1840 1379/1841 1383/1842 1411/1843
f 639/1844 615/113 591/112 595/1622
f 1016/1845 1017/1846 1231/1847 1230/1848
f 1442/355 1443/1849 1225/1850 1224/356
f 1175/1598 1197/1851 1196/533 1174/532
f 667/1852 631/1853 630/1854 666/1855
f 1699/1856 1703/1857 1781/757 1777/1858
f 1640/1859 1645/1860 1744/1861 1742/1862
f 1513/527 1517/526 1516/1863 1512/1864
f 819/1865 825/1866 821/1867 818/1868
f 38/1020 42/1486 69/1869 67/1870
f 311/1323 309/1688 247/1871 283/1872
f 453/844 452/1873 456/1874 457/845
f 631/1875 611/1876 579/1877 583/1878
f 1846/1183 1847/1182 1773/1260 1771/1879
f 644/1880 646/247 538/1623 536/1881
f 866/1882 806/1883 1063/1884 1146/1885
f 1215/1886 1221/1887 1439/1888 1435/1889
f 265/1890 327/1614 202/1617 188/1891
f 219/1892 253/1893 257/1894 204/1895
f 316/1896 254/1897 258/1898 320/1899
f 245/1900 244/1901 214/1902 215/1903
f 872/1904 816/1905 876/1906 1152/1907
f 310/1729 282/1908 244/1909 306/1728
f 960/1910 961/1911 1089/1912 1088/1913
f 1516/1914 1517/1915 1429/916 1428/915
f 321/429 323/428 589/1570 587/1573
f 439/1801 324/1916 267/1917 227/1802
f 163/1918 169/1919 168/1920 162/1921
f 1720/1220 1722/1750 1614/1753 1612/1221
f 522/1922 524/1923 462/425 458/424
f 820/1468 821/1867 824/1924 823/1925
f 268/794 272/793 108/1926 104/1927
f 1452/621 1456/620 1256/1928 1250/1929
f 737/1930 743/1931 741/1932 739/1933
f 1556/1934 1557/1935 1509/1208 1508/1936
f 257/1937 256/1938 198/1939 204/1940
f 1355/1941 1364/1942 1505/1943 1501/1944
f 335/1945 339/1946 342/1947 345/1948
f 184/1214 182/1213 204/1949 198/1950
f 799/1951 1044/1952 1046/1953 802/1954
f 1008/1955 1009/1956 1219/1957 1218/1958
f 664/1833 665/1959 629/1960 628/1961
f 584/1962 632/1963 612/1964 588/1965
f 981/1966 767/1967 838/1968 1118/1969
f 508/1970 434/1971 436/1972 510/1973
f 346/1974 343/1975 340/1976 336/1977
f 635/1978 671/505 670/504 634/1979
f 1121/1980 1195/1981 1200/1982 996/1983
f 1197/1851 1123/1984 1122/1985 1196/533
f 1234/1986 1235/1987 1021/1119 1020/1118
f 1243/346 1266/1285 1265/1288 1242/347
f 474/1988 475/1989 403/1990 402/1991
f 1188/1992 1424/1993 1428/915 1192/918
f 520/1994 522/1995 352/1996 350/1997
f 304/760 242/1998 246/1999 308/761
f 1649/2000 1661/2001 1575/2002 1574/2003
f 1051/2004 1053/2005 933/2006 931/2007
f 464/2008 392/2009 393/2010 465/2011
f 732/1726 733/2012 693/2013 692/1727
f 1244/2014 1446/2015 1450/2016 1248/2017
f 871/2018 1151/2019 1150/2020 870/2021
f 1082/2022 954/2023 956/408 1084/411
f 382/2024 383/2025 455/2026 454/2027
f 1634/2028 1638/2029 1636/2030 1633/2031
f 911/601 1015/600 1017/2032 913/2033
f 285/2034 255/2035 317/2036 313/2037
f 1875/610 1877/1309 1876/1312 1874/2038
f 1377/2039 1381/851 1403/2040 1399/2041
f 192/2042 193/464 177/467 176/2043
f 936/1270 938/98 1058/97 1056/1271
f 324/2044 590/2045 592/2046 326/727
f 1785/266 1787/364 1786/1005 1784/1004
f 442/2047 506/2048 507/2049 444/2050
f 398/1518 399/2051 471/2052 470/1519
f 1251/2053 1257/2054 1457/2055 1453/2056
f 843/2057 771/2058 770/2059 842/2060
f 114/2061 115/2062 231/1830 230/1829
f 534/2063 536/1881 364/2064 362/2065
f 1375/824 1379/823 1401/2066 1397/2067
f 1338/2068 1339/2069 1093/2070 1092/721
f 730/1611 724/2071 725/2072 731/1612
f 1086/410 958/409 960/2073 1088/2074
f 528/2075 642/2076 606/2077 566/2078
f 978/241 764/240 765/569 979/568
f 747/2079 746/2080 754/2081 755/2082
f 1524/2083 1525/2084 1445/696 1444/695
f 751/766 173/765 181/1113 735/1533
f 146/2085 147/2086 125/2087 124/2088
f 1436/2089 1440/2090 1222/2091 1216/2092
f 836/2093 837/2094 1117/2095 1116/2096
f 790/2097 853/2098 852/2099 786/1500
f 1010/798 1011/797 907/2100 906/2101
f 746/2080 164/165 160/168 754/2081
f 584/1962 585/2102 633/2103 632/1963
f 1439/1888 1221/1887 1225/2104 1443/2105
f 1743/2106 1745/2107 1647/2108 1643/2109
f 1823/763 1825/762 1751/2110 1749/2111
f 143/2112 147/2113 146/2114 142/2115
f 1080/2116 1081/2117 1323/2118 1322/2119
f 1176/2120 1414/2121 1418/2122 1180/2123
f 820/722 1092/721 1093/2070 821/2124
f 412/2125 484/2126 485/2127 413/2128
f 1648/2129 1652/384 1651/2130 1647/2131
f 357/2132 397/2133 469/2134 527/2135
f 292/2136 293/2137 333/1027 332/1030
f 115/2062 97/2138 89/2139 107/2140
f 1146/2141 1063/2142 1303/2143 1298/2144
f 536/2145 538/2146 486/2147 482/2148
f 822/1469 820/1468 823/1925 826/2149
f 124/2088 125/2087 66/2150 36/2151
f 1212/2152 1213/2153 1433/1403 1432/1402
f 459/2154 463/2155 391/2156 387/2157
f 988/2158 892/2159 894/906 990/907
f 304/229 530/2160 571/2161 305/230
f 1068/2162 1149/2163 869/2164 814/2165
f 316/162 544/2166 583/6 317/163
f 1552/2167 1556/2168 1504/2169 1500/2170
f 589/1570 323/428 372/603 546/1571
f 112/2171 228/82 268/212 104/2172
f 278/835 298/2173 348/2174 236/836
f 492/2175 420/2176 424/2177 496/2178
f 328/2179 203/2180 555/2181 553/2182
f 1120/2183 1121/2184 841/2185 840/2186
f 616/2187 652/2188 640/2189 604/2190
f 1107/2191 1109/1656 973/1655 971/2192
f 1518/2193 1522/2194 1438/2195 1434/2196
f 1476/786 1477/785 1295/2197 1294/1157
f 689/2198 688/828 678/2199 679/2200
f 1617/2201 1615/2202 1622/2203 1620/1682
f 72/1459 80/2204 82/2205 74/1526
f 771/2058 777/1732 773/1731 770/2059
f 757/2206 749/2207 709/2208 706/2209
f 102/912 1386/2210 750/178 172/177
f 1813/2211 1815/460 1741/463 1739/2212
f 1280/2213 1281/994 1465/993 1464/2214
f 209/222 208/221 212/2215 213/2216
f 12/1549 11/1548 36/2217 37/2218
f 59/1218 58/508 22/511 23/316
f 597/2219 562/2220 618/273 717/272
f 29/1638 28/2221 9/1547 1885/1550
f 1448/2222 1449/2223 1529/2224 1528/2225
f 616/2226 617/2227 653/2228 652/2229
f 46/947 134/946 136/2230 48/2231
f 1312/1060 1313/2232 1479/1643 1478/1061
f 1001/449 776/1078 779/2233 1003/2234
f 758/2235 1388/2236 1389/831 759/834
f 1521/2237 1525/2238 1524/2239 1520/2240
f 1874/2038 1876/1312 1860/2241 1858/2242
f 1880/1713 1882/2243 1866/2244 1864/2245
f 1437/2246 1441/2247 1525/2248 1521/2249
f 1354/2250 1363/1008 1362/1011 1353/2251
f 1771/2252 1773/2253 1689/2254 1687/2255
f 469/2256 468/2257 472/2258 473/2259
f 972/865 973/864 975/2260 974/2261
f 803/2262 801/2263 863/2264 862/2265
f 864/2266 865/2267 805/2268 804/2269
f 1164/1198 1392/2270 1396/2271 1374/1199
f 688/828 692/827 681/2272 678/2199
f 151/2273 155/2274 154/2275 150/2276
f 962/2277 963/2278 965/2279 964/2280
f 850/2281 782/2282 1019/2283 1130/2284
f 1322/2285 1323/2286 1083/1387 1082/1386
f 1563/1641 1407/548 1409/551 1565/2287
f 360/2288 532/2289 474/1988 402/1991
f 576/2290 532/2291 360/2292 310/2293
f 1248/2294 1254/2295 1267/2296 1239/2297
f 700/2298 704/2299 686/748 682/747
f 160/168 161/167 75/1812 74/1811
f 1686/2300 1688/2301 1772/2302 1770/2303
f 73/2304 25/318 27/317 75/2305
f 1275/882 1272/2306 1286/2307 1297/437
f 1130/2308 1019/2309 1235/2310 1232/546
f 1433/2311 1213/2312 1217/2313 1437/2246
f 1838/2314 1842/1097 1768/1100 1764/2315
f 1571/2316 1667/455 1669/2317 1573/2318
f 85/2319 61/2320 63/871 103/764
f 1535/2321 1539/2322 1538/2323 1534/2324
f 1097/2325 827/2326 878/2327 1158/2328
f 690/2329 728/2330 729/2331 691/2332
f 390/2333 462/2334 524/2335 354/2336
f 958/2337 959/2338 961/2339 960/2340
f 1546/2341 1547/2342 1491/2343 1490/2344
f 1835/538 1841/2345 1837/2346 1833/539
f 1026/2347 914/2348 916/1565 1028/1568
f 128/480 129/483 151/2349 150/2350
f 1250/2351 1256/357 1255/360 1249/2352
f 868/2353 869/2354 1149/2355 1148/2356
f 533/2357 477/2358 481/2359 535/2360
f 1802/371 1804/2361 1803/773 1801/372
f 82/2362 1408/2363 754/2081 160/168
f 1113/2364 830/2365 833/738 1115/737
f 808/1124 1064/1123 1065/2366 809/2367
f 848/2368 849/2369 781/1498 780/1497
f 97/2370 96/2371 88/2372 89/2373
f 90/2374 108/2375 98/2376 76/2377
f 1246/2378 1250/2351 1249/2352 1245/2379
f 154/2380 155/2381 137/2382 136/2383
f 1091/2384 818/2385 821/2124 1093/2070
f 1030/2386 1031/2387 1253/2388 1252/2389
f 1592/2390 1702/2391 1706/1246 1596/1249
f 1498/2392 1502/2393 1361/2394 1352/2395
f 1122/1985 997/2396 1201/2397 1196/533
f 411/2398 415/2399 414/2400 410/2401
f 1714/2402 1716/2403 1608/2404 1606/2405
f 326/727 592/2046 552/2406 327/728
f 943/2407 1071/2408 1073/2409 945/2410
f 1638/1780 1640/1859 1742/1862 1740/1781
f 1314/1584 1315/2411 1481/1302 1480/1301
f 1167/2412 713/2413 703/2414 1377/2039
f 1676/2415 1682/1053 1766/1052 1762/2416
f 1683/2417 1767/2418 1771/2419 1687/2420
f 661/2421 665/1959 664/1833 660/1832
f 1026/1226 1027/1225 915/2422 914/2423
f 381/2424 349/2425 351/2426 385/2427
f 371/2428 251/2429 285/2034 313/2037
f 352/2430 522/2431 458/975 386/978
f 1631/2432 1632/2433 1667/455 1625/2434
f 1246/2435 1448/2222 1452/2436 1250/2437
f 1570/2438 1572/2439 1668/2440 1666/1178
f 1425/2441 1189/2442 1193/917 1429/916
f 559/28 590/652 324/1916 439/1801
f 640/2189 642/2076 524/292 522/1995
f 637/340 722/339 602/2443 593/2444
f 1865/2445 1867/2446 1883/2447 1881/1712
f 1588/1393 1641/2448 1574/2449 1560/1394
f 705/822 708/2450 748/2451 756/2452
f 772/2453 773/1731 776/1730 775/2454
f 220/47 254/2455 255/2456 221/48
f 1207/1418 1229/1316 1228/2457 1206/2458
f 558/2459 559/2460 557/2461 556/2462
f 451/2463 455/2464 383/2465 379/2466
f 402/563 406/562 362/2467 360/2468
f 284/2469 312/1693 314/2470 252/2471
f 506/2472 512/2473 513/2474 507/2475
f 410/2401 414/2400 366/2476 364/2477
f 581/2478 629/2479 633/2480 585/2481
f 808/2482 809/205 812/2483 811/2484
f 434/2485 508/2486 509/2487 435/2488
f 1417/2489 1179/2490 1183/2491 1421/2492
f 1136/2493 1137/2494 857/2495 856/2496
f 40/2497 128/2498 132/945 44/948
f 1646/2499 1650/2500 1861/373 1859/939
f 238/332 280/2501 240/2502 210/2503
f 365/2504 413/2505 485/2506 537/2507
f 1290/2508 1294/2509 1293/2510 1289/2511
f 938/1769 939/1768 941/2512 940/2513
f 727/2514 747/2515 165/2516 177/2517
f 1697/2518 1701/2519 1779/1370 1775/1838
f 150/2520 154/2521 134/946 132/945
f 772/2522 998/2523 999/818 773/817
f 6/931 5/2524 52/2525 53/932
f 704/150 1378/2526 1382/2527 698/151
f 116/2528 28/2529 64/2530 117/2531
f 337/2532 275/2533 289/2534 347/1815
f 882/2535 1162/2536 1163/2537 883/2538
f 157/2539 139/2540 138/2541 156/2542
f 385/2543 351/2544 521/2545 457/2546
f 685/52 689/2198 707/2547 703/2548
f 66/2549 125/1089 129/1092 68/2550
f 662/2551 663/2552 667/1852 666/1855
f 714/2553 715/465 193/464 192/2042
f 1054/251 1055/250 935/2554 934/2555
f 604/2190 640/2189 518/2556 564/2557
f 113/2558 95/2559 87/2560 105/2561
f 498/2562 426/2563 428/2564 500/2565
f 1464/2214 1465/993 1537/2566 1536/2567
f 1508/1936 1509/1208 1370/1207 1369/2568
f 239/521 213/2569 243/2570 281/522
f 1651/2571 1652/2572 1748/2573 1747/2574
f 964/2575 966/2576 1102/2577 1100/2578
f 87/216 91/2579 109/2580 105/2581
f 856/2582 857/2583 793/2584 792/2585
f 452/2586 380/2587 384/2588 456/2589
f 1550/2590 1554/2591 1502/2393 1498/2392
f 184/1214 186/841 190/2592 180/2593
f 1632/387 1852/386 1854/2594 1633/2595
f 844/2596 845/2597 1125/2598 1124/2599
f 67/2600 126/2601 127/2602 39/2603
f 414/2604 486/2605 538/2606 366/2607
f 601/1720 603/1723 555/2608 201/2609
f 1568/2610 1570/2611 1666/2612 1598/2613
f 1455/1711 1255/1710 1259/2614 1459/2615
f 1732/2616 1734/256 1808/259 1806/2617
f 1178/2618 1416/2619 1420/2620 1182/2621
f 437/2622 377/941 551/111 511/2623
f 687/625 691/624 708/2624 705/2625
f 623/2626 607/2627 567/1451 571/2628
f 681/2629 693/2630 341/2631 343/2632
f 297/2633 299/2634 565/473 563/2635
f 656/2636 620/2637 606/2077 642/2076
f 1052/2638 1053/2639 1287/2640 1286/2641
f 1389/831 1388/2236 1566/2642 1567/832
f 538/1623 540/1313 368/979 366/982
f 1048/1473 1049/1472 929/2643 928/2644
f 1580/2645 1692/2646 1696/2647 1584/2648
f 885/1639 751/766 753/1535 977/1640
f 1374/2649 1378/2650 704/2651 700/2652
f 1501/2653 1505/2654 1557/2655 1553/2656
f 1832/2657 1837/2346 1763/2658 1758/2659
f 1484/2660 1488/2661 1326/2662 1318/2663
f 7/2664 20/2665 56/2666 54/2667
f 1610/2668 1613/1787 1721/1788 1718/2669
f 283/1872 249/2670 361/1324 311/1323
f 796/2671 797/2672 800/2673 799/2674
f 261/942 225/2675 263/2676 287/943
f 569/2677 621/101 625/104 573/2678
f 41/2679 40/2680 15/2681 1888/2682
f 13/1019 1887/1487 42/1486 38/1020
f 1731/2683 1733/2684 1625/2685 1623/2686
f 1684/2687 1768/2688 1772/2302 1688/2301
f 337/2532 347/1815 346/1814 336/2689
f 713/182 697/2690 685/2691 703/2692
f 842/2693 1122/2694 1123/2695 843/2696
f 667/1680 647/1679 611/1876 631/1875
f 1881/1712 1883/2447 1882/2243 1880/1713
f 1563/2697 1565/2698 1691/2699 1681/454
f 406/296 478/299 534/2700 362/2701
f 8/930 21/315 25/318 1886/1363 4/1647
f 652/2188 656/2636 642/2076 640/2189
f 1019/2702 782/2703 785/1120 1021/1119
f 1839/1184 1846/1183 1841/2345 1835/538
f 236/836 352/1996 354/295 238/332
f 1242/347 1265/1288 1257/2704 1251/2705
f 1435/1889 1439/1888 1523/2706 1519/2707
f 1420/531 1424/530 1188/2708 1182/2709
f 786/1500 784/1499 787/2710 790/2097
f 1276/2711 1298/2144 1291/2712 1285/2713
f 425/2714 371/2715 543/2716 497/2717
f 874/2718 1154/2719 1155/2720 875/2721
f 1212/2722 1216/752 1215/755 1211/2723
f 712/181 696/1789 697/2690 713/182
f 792/2585 793/2584 796/2671 798/2724
f 1601/2725 1603/2726 1711/2727 1709/2728
f 318/198 584/1962 588/1965 322/195
f 80/691 1406/690 1408/2729 82/2730
f 10/1364 1886/1363 13/1019 14/1022
f 988/1359 989/1358 893/2731 892/2732
f 1522/2733 1523/2734 1443/1849 1442/355
f 1519/2735 1523/2736 1522/2737 1518/2738
f 710/1197 694/2739 695/1423 711/1422
f 73/2304 75/2305 83/2740 81/2741
f 287/943 263/2676 329/1621 325/944
f 1430/2742 1431/2743 1519/2744 1518/2745
f 294/421 295/420 516/2746 560/2747
f 414/2604 415/2748 487/2749 486/2605
f 795/312 801/2263 797/2672 794/313
f 1494/2750 1495/2751 1551/2752 1550/2753
f 1749/2754 1751/444 1655/447 1653/2755
f 710/1197 711/1422 1165/2756 1164/1198
f 619/2757 655/2758 654/2759 618/2760
f 1304/2761 1309/85 1149/1273 1068/2762
f 892/2763 893/2764 895/583 894/584
f 553/2182 555/2181 603/2765 594/2766
f 1335/2767 1155/2768 1154/232 1334/235
f 353/2769 389/2770 461/2771 523/2772
f 504/2773 432/2774 433/967 505/970
f 112/2171 113/2558 229/83 228/82
f 92/2775 110/2776 100/118 78/117
f 370/980 312/1693 284/2469 250/981
f 86/215 90/2777 91/2579 87/216
f 1582/552 1583/342 1695/341 1694/553
f 1553/2656 1557/2655 1556/2778 1552/2779
f 426/2780 427/1480 429/1483 428/2781
f 448/2782 449/2783 319/615 315/614
f 829/2784 1112/2785 1114/736 832/735
f 716/2786 718/2787 738/2788 736/2789
f 1098/2790 1099/2791 963/2792 962/2793
f 1463/2794 1279/2795 1283/2796 1467/847
f 1342/2797 1343/2798 1099/2791 1098/2790
f 262/2799 189/2800 203/2180 328/2179
f 1387/767 751/766 885/1639 1561/1642
f 632/307 633/2801 669/2802 668/308
f 1701/2803 1591/2804 1595/2805 1705/2806
f 446/2807 569/2808 573/2809 447/2810
f 404/2811 405/2812 409/2813 408/2814
f 1495/2815 1349/2816 1353/1760 1499/1761
f 986/2817 890/2818 891/2819 987/2820
f 1449/2223 1247/2821 1251/2822 1453/2823
f 1572/42 1573/41 1669/2824 1668/2825
f 724/2826 178/2827 179/2828 725/2829
f 1311/2830 1335/2767 1334/235 1310/1816
f 96/2831 114/2061 106/2832 88/2833
f 1066/780 811/779 812/2834 1067/1366
f 15/2681 17/597 1884/596 1888/2682
f 978/241 979/568 1169/2835 1168/2836
f 490/2837 494/2838 495/2839 491/2840
f 1652/2841 1654/2842 1750/2843 1748/2844
f 409/2845 363/2846 535/2847 481/2848
f 490/2849 491/2850 419/2851 418/2852
f 867/2853 1147/2854 871/2855 807/2856
f 185/219 187/37 189/40 183/2857
f 1876/2858 1879/2859 1863/2860 1860/2861
f 1067/1366 812/2834 815/2862 1069/2863
f 842/2864 770/2865 997/2866 1122/2867
f 1607/2868 1608/2404 1716/2403 1715/2869
f 1739/2870 1741/2871 1639/2872 1637/2873
f 412/2874 413/496 417/499 416/2875
f 161/167 755/2082 1409/2876 83/2877
f 1816/514 1818/642 1817/461 1815/460
f 1641/2878 1856/1593 1858/2879 1644/2880
f 1851/724 1853/397 1871/2881 1869/2882
f 241/2883 245/2884 215/2885 211/2886
f 283/1872 247/1871 217/2887 249/2670
f 939/2888 1059/2889 1061/2890 941/2891
f 169/1919 179/2892 178/2893 168/1920
f 1288/2894 1470/2895 1474/1340 1292/2896
f 828/567 829/566 832/2897 834/2898
f 1101/957 1103/2899 967/2900 965/958
f 155/2901 174/692 140/2902 137/2903
f 1812/2904 1814/515 1813/2211 1811/2905
f 676/152 344/689 345/688 677/938
f 1318/1463 1326/1074 1325/1077 1317/1464
f 518/2906 520/2907 454/2908 450/2909
f 1617/2910 1618/2911 1726/2912 1725/2913
f 1471/848 1289/2914 1293/2915 1475/2916
f 738/2788 740/2917 742/2918 736/2789
f 528/2075 566/2078 300/2919 358/331
f 1411/1843 1412/1560 1559/2920 1558/2921
f 1738/2922 1740/512 1814/515 1812/2904
f 858/2923 794/2924 1041/2925 1138/2926
f 565/473 299/2634 349/2927 519/474
f 43/2928 45/200 133/199 131/2929
f 925/2930 1037/2931 1039/2932 927/2933
f 1730/2934 1732/2616 1806/2617 1804/2361
f 60/2935 61/2936 78/117 77/116
f 872/2937 873/2938 817/1467 816/1466
f 897/2939 993/2940 995/2941 899/2942
f 1804/2361 1806/2617 1805/2943 1803/773
f 715/2944 714/2945 726/2946 727/2947
f 1458/1238 1459/2948 1259/2949 1258/1239
f 1737/2950 1738/2922 1812/2904 1811/2905
f 281/522 243/2570 305/2951 301/523
f 949/2952 1077/2953 1079/2954 951/2955
f 195/639 183/2956 234/2957 296/640
f 1742/513 1744/1618 1818/642 1816/514
f 114/2061 96/2831 97/2138 115/2062
f 627/2958 609/2959 645/2960 663/2552
f 1761/537 1765/1231 1839/1184 1835/538
f 1299/2961 1147/2962 1146/2141 1298/2144
f 1567/2963 1569/2964 763/2965 761/2966
f 1244/2014 1245/2967 1447/2968 1446/2015
f 1004/1336 1005/1335 901/2969 900/2970
f 653/2228 657/2971 656/2972 652/2229
f 1280/2213 1464/2214 1468/2973 1284/2974
f 1872/2975 1874/2038 1858/2242 1856/2976
f 1143/2977 1277/2978 1276/2711 1142/2979
f 332/2980 336/276 274/279 270/771
f 1348/2981 1349/2982 1495/2751 1494/2750
f 1854/2983 1855/2984 1634/2985 1633/2986
f 211/896 210/895 240/2987 241/2988
f 1473/2989 1291/2990 1295/2197 1477/785
f 788/2991 785/403 789/402 791/997
f 1088/1913 1089/1912 1337/2992 1336/2993
f 1862/2994 1865/2445 1881/1712 1878/1310
f 275/1228 111/1575 101/2995 289/2996
f 865/2997 1145/2998 1062/2999 805/3000
f 1124/3001 1125/3002 1207/1418 1206/2458
f 1628/3003 1630/3004 1629/3005 1627/3006
f 1404/3007 1558/3008 1560/1185 1386/2210
f 1161/3009 1359/169 1372/172 1112/3010
f 1747/2574 1749/3011 1653/3012 1651/2571
f 1860/2861 1863/2860 1661/3013 1649/3014
f 1202/3015 1207/1418 1125/3002 1002/3016
f 951/3017 953/3018 952/3019 950/3020
f 88/2372 92/679 93/678 89/2373
f 736/3021 742/338 657/102 653/3022
f 1212/2152 1432/1402 1436/3023 1216/3024
f 84/492 288/1374 698/151 1404/493
f 94/3025 112/2171 104/2172 86/3026
f 299/2634 297/2633 235/3027 279/3028
f 1045/3029 800/3030 803/3031 1047/3032
f 435/3033 376/3034 377/3035 437/3036
f 729/2331 730/3037 708/3038 691/2332
f 1416/2619 1417/2489 1513/3039 1512/3040
f 1306/3041 1307/3042 1071/3043 1070/3044
f 483/3045 487/3046 415/3047 411/3048
f 1627/3006 1629/3005 1631/2432 1625/2434
f 1069/3049 815/3050 870/3051 1150/3052
f 912/3053 913/3054 1017/1846 1016/1845
f 1/855 5/2524 6/931 2/3055
f 920/3056 921/3057 923/3058 922/3059
f 1670/1446 1756/1449 1760/3060 1674/3061
f 1650/2500 1658/927 1862/374 1861/373
f 876/3062 877/3063 1157/3064 1156/3065
f 251/2429 221/3066 255/2035 285/2034
f 1194/3067 1195/1981 1121/1980 1120/3068
f 1466/330 1470/329 1288/3069 1282/3070
f 291/84 229/83 269/3071 331/3072
f 1542/3073 1546/3074 1486/1652 1482/1651
f 35/3075 39/3076 127/3077 123/645
f 1530/3078 1531/3079 1459/2948 1458/1238
f 319/3080 318/198 256/197 257/3081
f 1806/2617 1808/259 1807/820 1805/2943
f 649/26 558/25 438/1800 226/1379
f 1723/1032 1725/3082 1799/124 1796/123
f 1014/3083 910/3084 912/3085 1016/3086
f 258/3087 222/1353 223/1352 259/3088
f 1661/3013 1863/2860 1864/3089 1662/3090
f 288/1374 344/689 676/152 698/151
f 1741/2871 1743/3091 1643/3092 1639/2872
f 1775/1838 1779/1370 1778/1369 1774/1839
f 1711/265 1713/361 1787/364 1785/266
f 694/2739 710/1197 700/1200 682/3093
f 395/3094 399/3095 398/3096 394/3097
f 1659/3098 1660/1145 1755/1144 1754/3099
f 1165/3100 711/3101 701/821 1375/824
f 382/2024 454/2027 520/3102 350/3103
f 1814/515 1816/514 1815/460 1813/2211
f 1178/2618 1179/2490 1417/2489 1416/2619
f 855/3104 1135/3105 1134/3106 854/3107
f 1737/419 1739/3108 1637/3109 1635/416
f 1500/2170 1504/2169 1363/3110 1354/3111
f 827/3112 825/1866 879/3113 878/3114
f 974/3115 975/3116 1111/3117 1110/3118
f 544/3119 316/1896 320/1899 545/3120
f 1372/3121 1373/3122 1115/737 1114/736
f 267/3123 324/2044 326/727 264/726
f 768/1799 769/1798 772/2453 774/3124
f 1783/267 1785/266 1784/1004 1782/1375
f 67/3125 69/3126 130/1262 126/1261
f 810/905 808/2482 811/2484 814/902
f 552/1615 593/2444 602/2443 554/1616
f 1393/3127 1165/2756 1375/3128 1397/3129
f 1320/3130 1321/3131 1077/3132 1076/3133
f 2/3055 6/931 8/930 4/1647
f 372/603 427/3134 499/3135 546/1571
f 717/3136 737/1930 739/1933 719/3137
f 638/1415 594/2766 603/2765 723/1416
f 300/3138 566/351 568/350 302/653
f 683/749 687/625 705/2625 701/3139
f 404/3140 476/3141 477/879 405/878
f 564/2557 518/2556 348/2174 298/2173
f 1762/3142 1766/3143 1840/3144 1836/3145
f 1241/628 1263/74 1262/73 1240/629
f 1499/1761 1503/1042 1555/3146 1551/3147
f 1543/3148 1547/3149 1546/3150 1542/3151
f 656/2972 657/2971 621/3152 620/3153
f 212/2215 242/3154 243/3155 213/2216
f 1752/469 1754/1479 1828/1478 1826/470
f 1241/628 1238/3156 1252/3157 1263/74
f 18/3158 50/3159 51/3160 19/1283
f 1825/762 1827/187 1753/190 1751/2110
f 798/2724 796/2671 799/2674 802/3161
f 678/1813 681/3162 343/3163 346/1814
f 781/3164 1018/3165 1020/1118 784/1117
f 802/3161 861/3166 860/3167 798/2724
f 560/2747 561/3168 617/3169 616/3170
f 1803/773 1805/2943 1731/3171 1729/774
f 273/890 276/889 339/3172 335/3173
f 1807/820 1809/819 1735/1663 1733/3174
f 826/2149 877/3175 876/3176 822/1469
f 190/3177 744/1749 752/407 174/692
f 1057/1553 1059/2889 939/2888 937/1554
f 1545/3178 1549/3179 1548/3180 1544/3181
f 1128/3182 1129/3183 849/3184 848/3185
f 121/644 33/1171 35/3075 123/645
f 1489/1627 1327/1626 1331/3186 1493/3187
f 394/3097 398/3096 358/3188 356/3189
f 1554/3190 1555/3191 1507/3192 1506/1382
f 1511/3193 1515/3194 1514/3195 1510/3196
f 745/1534 191/1112 175/1111 753/1535
f 529/1450 567/1451 607/2627 643/3197
f 655/1142 641/475 643/3197 659/3198
f 474/1741 478/1740 479/3199 475/3200
f 1451/1082 1455/1711 1531/3201 1527/3202
f 1879/1311 1880/1713 1864/2245 1863/3203
f 1745/2107 1746/1438 1648/1437 1647/2108
f 431/708 374/3204 375/3205 433/709
f 597/2219 515/638 517/641 562/2220
f 1046/3206 1141/3207 861/3208 802/3209
f 1074/3210 1075/3211 1321/3212 1320/3213
f 1704/3214 1705/2806 1595/2805 1594/3215
f 542/1624 646/247 610/246 578/1692
f 364/2064 536/1881 482/3216 410/3217
f 1826/470 1828/1478 1827/187 1825/762
f 1589/1564 1601/3218 1600/3219 1599/1069
f 1724/3220 1726/2912 1618/2911 1616/3221
f 1694/3222 1695/3223 1777/1858 1776/3224
f 1195/1981 1184/3225 1198/326 1200/1982
f 1786/1005 1788/1093 1714/1096 1712/1006
f 1446/2015 1447/2968 1527/3226 1526/3227
f 1070/3044 1071/3043 943/3228 942/3229
f 1411/1843 1383/1842 1384/1243 1412/1560
f 1718/924 1721/1031 1794/1033 1792/925
f 1869/3230 1871/3231 1870/3232 1868/3233
f 515/3234 597/807 599/810 197/3235
f 623/3236 571/2161 570/3237 622/3238
f 1405/3239 1387/767 1561/1642 1559/3240
f 887/3241 983/3242 985/3243 889/3244
f 262/3245 328/987 329/990 263/3246
f 636/3247 637/3248 593/3249 592/2046
f 1532/3250 1533/3251 1461/909 1460/908
f 306/1728 307/3252 447/3253 572/1133
f 1643/3254 1647/2131 1651/2130 1653/3255
f 537/3256 485/139 489/142 539/3257
f 59/1218 23/316 21/315 57/1217
f 1024/3258 1133/3259 853/3260 790/3261
f 1210/3262 1430/2742 1434/3263 1214/3264
f 1347/716 1366/775 1365/778 1346/717
f 269/1116 273/890 335/3173 331/3265
f 535/3266 363/3267 365/2504 537/2507
f 1297/437 1286/2307 1300/3268 1302/438
f 1462/1348 1463/3269 1535/3270 1534/3271
f 1536/3272 1540/3273 1472/3274 1468/3275
f 1431/3276 1211/3277 1215/1886 1435/1889
f 545/3278 320/288 321/291 587/3279
f 572/1133 573/3280 625/3281 624/1134
f 521/2545 351/2544 353/2769 523/2772
f 1363/3282 1504/3283 1508/1936 1369/2568
f 1173/144 1195/1981 1194/3067 1172/1528
f 1838/2314 1836/3145 1840/3144 1842/1097
f 582/3284 586/3285 634/1152 630/1151
f 942/3286 943/3287 945/127 944/130
f 303/3288 307/3289 245/3290 241/3291
f 1022/712 1023/3292 1237/3293 1236/3294
f 675/3295 651/114 615/113 639/1844
f 140/2902 174/692 80/691 72/3296
f 902/1168 904/3297 1008/3298 1006/1169
f 482/2148 486/2147 487/3299 483/3300
f 1811/2905 1813/2211 1739/2212 1737/2950
f 482/3301 483/3302 411/3303 410/3304
f 1712/60 1714/3305 1606/3306 1604/61
f 112/2171 94/3025 95/2559 113/2558
f 575/239 627/3307 626/3308 574/3309
f 800/2673 797/2672 801/2263 803/2262
f 226/1379 227/1802 199/3310 198/3311
f 1200/3312 1201/3313 999/818 998/2523
f 804/2269 805/2268 808/2482 810/905
f 544/3119 545/3120 586/3285 582/3284
f 1822/3314 1824/471 1823/763 1821/3315
f 159/3316 163/3317 162/3318 158/3319
f 1345/300 1342/3320 1356/170 1359/169
f 900/3321 901/3322 903/3323 902/3324
f 525/3325 355/3326 357/2132 527/2135
f 1598/3327 1599/3328 1567/832 1566/2642
f 1178/3329 1182/1341 1181/1342 1177/3330
f 1866/1280 1867/1279 1665/3331 1664/3332
f 1003/3333 779/3334 846/3335 1126/3336
f 1580/2645 1581/3337 1693/3338 1692/2646
f 1587/3339 1593/3340 1703/3341 1699/3342
f 70/3343 137/2903 140/2902 72/3296
f 349/2927 381/3344 453/3345 519/474
f 282/3346 310/2293 360/2292 248/3347
f 635/1574 613/1569 648/1572 671/3348
f 1696/3349 1700/3350 1590/3351 1584/3352
f 1544/3353 1548/3354 1488/2661 1484/2660
f 659/3198 643/3197 607/2627 623/2626
f 1834/3355 1831/953 1836/3145 1838/2314
f 839/3356 1119/3357 1118/3358 838/3359
f 1414/2121 1415/3360 1511/3361 1510/3362
f 224/1354 262/3363 263/3364 225/1355
f 1506/1382 1507/3192 1368/3365 1367/1383
f 629/2479 665/3366 669/3367 633/2480
f 1579/1561 1589/1564 1593/3368 1587/3369
f 767/3370 763/1234 839/3371 838/3372
f 560/2747 616/3170 604/3373 564/3374
f 347/1815 289/2534 699/1778 679/1777
f 1079/2954 1081/3375 953/3376 951/2955
f 1222/3377 1440/3378 1444/695 1226/698
f 1383/1842 756/1265 757/1244 1384/1243
f 380/3379 452/3380 453/3381 381/3382
f 1129/3383 1229/1316 1234/1319 1018/3384
f 1603/2726 1605/3385 1713/3386 1711/2727
f 1666/1178 1668/2440 1690/1742 1678/1179
f 1/855 3/858 7/1744 5/2524
f 294/421 560/2747 564/3374 298/3387
f 1728/370 1730/2934 1804/2361 1802/371
f 1282/3388 1288/3389 1301/3390 1273/3391
f 1379/823 705/822 756/2452 1383/3392
f 1173/144 1170/3393 1184/3225 1195/1981
f 934/3394 935/3395 937/1767 936/1770
f 624/3396 660/1832 644/1835 608/3397
f 734/3398 744/3399 740/2917 738/2788
f 318/198 319/3080 449/3400 584/1962
f 1672/3401 1758/3402 1763/3403 1677/3404
f 661/103 657/102 742/338 665/3366
f 686/748 676/3405 677/622 687/625
f 1073/2409 1075/3406 947/3407 945/2410
f 503/1013 502/3408 504/3409 505/1014
f 1398/3410 1402/3411 1380/541 1376/540
f 1641/2878 1642/3412 1857/1594 1856/1593
f 108/2375 272/1373 288/1374 98/2376
f 1400/3413 1401/1840 1411/1843 1410/3414
f 693/2630 725/3415 179/3416 341/2631
f 480/3417 408/3418 409/2845 481/2848
f 1419/595 1423/594 1515/3419 1511/3420
f 784/1499 785/403 788/2991 787/2710
f 1080/3421 952/3422 953/3423 1081/3424
f 156/3425 138/1510 141/1509 175/1111
f 1727/3426 1729/3427 1621/3428 1619/3429
f 1394/3430 1395/3431 1399/3432 1398/3433
f 260/3434 223/1352 225/1355 261/3435
f 496/3436 424/3437 425/2714 497/2717
f 684/51 688/828 689/2198 685/52
f 468/3438 396/3439 400/3440 472/3441
f 214/1902 218/3442 219/3443 215/1903
f 1793/1431 1795/126 1720/3444 1719/1819
f 1787/364 1789/363 1788/1093 1786/1005
f 716/861 736/3021 653/3022 617/862
f 1760/3445 1756/951 1830/954 1834/3355
f 1434/2196 1438/2195 1220/3446 1214/3447
f 500/3448 428/3449 429/1771 501/1774
f 1834/3355 1838/2314 1764/2315 1760/3445
f 61/3450 60/856 1/855 2/3055
f 1599/3451 1667/3452 1571/3453 1569/2964
f 1564/685 1565/684 755/2082 754/2081
f 848/3454 780/3455 852/3456 1128/3457
f 523/3458 461/3459 465/3460 525/3461
f 608/3462 644/1880 532/2291 576/2290
f 965/2279 967/3463 966/3464 964/2280
f 1186/3465 1422/3466 1426/3467 1190/3468
f 1795/126 1797/125 1722/768 1720/3444
f 1527/3469 1531/3470 1530/3471 1526/3472
f 460/3473 388/3474 392/3475 464/3476
f 461/3459 460/3477 464/3478 465/3460
f 307/3252 306/1728 244/1909 245/3479
f 1776/3224 1780/756 1702/3480 1698/3481
f 1620/3482 1622/3483 1730/3484 1728/3485
f 248/3486 250/3487 218/3442 214/1902
f 1821/3315 1823/763 1749/2111 1747/3488
f 1483/138 1487/137 1547/3489 1543/3490
f 183/2857 195/3491 197/3492 185/219
f 1423/594 1187/593 1191/3493 1427/3494
f 219/3443 218/3442 252/3495 253/3496
f 149/3497 127/2602 126/2601 148/3498
f 1268/3499 1269/3500 1043/3501 1042/3502
f 769/3503 996/3504 998/2523 772/2522
f 301/523 305/2951 571/2628 567/1451
f 850/3505 1130/3506 1131/3507 851/3508
f 847/3509 1127/3510 1126/3511 846/3512
f 546/3513 499/3514 501/3515 547/3516
f 296/457 234/3517 235/3518 297/458
f 950/226 952/3519 1080/3520 1078/227
f 1842/1097 1840/3144 1845/1460 1844/1098
f 1176/2120 1177/3521 1415/3360 1414/2121
f 1629/3522 1630/3523 1849/3524 1848/3525
f 1392/2270 1164/1198 1165/2756 1393/3127
f 1127/3526 1209/544 1208/547 1126/1018
f 671/3348 648/1572 651/114 675/3295
f 390/2333 391/3527 463/3528 462/2334
f 438/3529 558/3530 556/3531 440/3532
f 467/3533 471/3534 399/3535 395/3536
f 7/1744 54/3537 52/2525 5/2524
f 28/3538 116/3539 120/1823 32/3540
f 499/3514 498/3541 500/3542 501/3515
f 379/3543 383/3544 382/3545 378/3546
f 2/3055 4/1647 63/1646 61/3450
f 1324/3547 1486/3548 1490/2344 1328/3549
f 1399/3432 1403/3550 1402/3551 1398/3433
f 575/239 577/3552 609/3553 627/3307
f 110/2776 274/3554 159/3316 100/118
f 1589/1564 1561/1563 1576/3555 1630/3004
f 1217/2313 1223/3556 1441/2247 1437/2246
f 314/966 580/965 448/3557 315/3558
f 1063/3559 806/3560 809/2367 1065/2366
f 1152/3561 1153/3562 873/3563 872/3564
f 774/3124 772/2453 775/2454 778/3565
f 969/3566 1105/3567 1107/2191 971/2192
f 91/2579 90/2777 76/3568 77/3569
f 843/3570 1123/3571 847/3572 771/3573
f 477/2358 476/3574 480/3575 481/2359
f 1380/1242 1402/1557 1412/1560 1384/1243
f 758/3576 759/3577 761/1233 760/1235
f 289/2534 85/3578 1405/3579 699/1778
f 34/3580 122/1822 124/3581 36/3582
f 313/2037 317/2036 583/1878 579/1877
f 1765/3583 1680/3584 1685/3585 1769/3586
f 968/3587 969/3588 971/863 970/866
f 1520/3589 1524/3590 1440/2090 1436/2089
f 253/3591 252/3592 314/966 315/3558
f 1872/2975 1873/611 1875/610 1874/2038
f 1228/2457 1229/1316 1129/3383 1128/3593
f 369/1635 421/3594 493/3595 541/1636
f 1316/3596 1324/3597 1337/3598 1307/3599
f 1210/3262 1211/3600 1431/2743 1430/2742
f 71/3601 138/2541 139/2540 51/3602
f 1326/3603 1488/3604 1492/1048 1330/1051
f 1022/712 787/711 788/3605 1023/3292
f 141/1509 73/1508 81/549 175/1111
f 886/3606 887/3607 889/3608 888/3609
f 1668/3610 1669/3611 1671/3612 1670/3613
f 1246/2435 1247/2821 1449/2223 1448/2222
f 1558/1395 1559/1562 1579/1561 1578/1392
f 957/3614 959/2338 958/2337 956/3615
f 120/1823 122/1822 34/3580 32/3540
f 1138/1287 1041/3616 1269/3617 1265/1288
f 1036/518 924/517 926/3618 1038/3619
f 1044/1952 1045/3029 1271/3620 1270/3621
f 903/3323 905/3622 904/3623 902/3324
f 1094/95 1095/94 1341/3624 1340/3625
f 1140/3626 1141/883 1275/882 1274/1210
f 563/2635 565/473 605/472 619/1141
f 620/349 621/3627 569/3628 568/350
f 627/2958 663/2552 662/2551 626/3629
f 1474/1340 1475/1339 1293/3630 1292/2896
f 422/1576 494/1579 542/3631 370/3632
f 1777/1858 1781/757 1780/756 1776/3224
f 1729/3633 1731/2683 1623/2686 1621/3634
f 1278/1347 1279/3635 1463/3269 1462/1348
f 393/3636 355/3326 525/3325 465/3637
f 37/2218 66/3638 68/3639 41/2679
f 1766/3143 1770/1461 1845/1460 1840/3144
f 1350/3640 1354/2250 1353/2251 1349/3641
f 434/3642 435/3033 437/3036 436/3643
f 948/3644 949/3645 951/3017 950/3020
f 1626/3646 1628/3647 1736/3648 1734/3649
f 1263/74 1252/3157 1264/3650 1268/612
f 923/3058 925/3651 924/3652 922/3059
f 1667/455 1681/454 1691/2699 1669/2317
f 1104/306 1105/305 969/3653 968/3654
f 513/3655 557/3656 559/3657 445/3658
f 910/3659 911/3660 913/3661 912/3662
f 1510/3663 1514/3664 1422/3665 1418/3666
f 22/511 26/1024 27/317 23/316
f 1098/3667 962/3668 964/2575 1100/2578
f 991/1631 993/2940 897/2939 895/1632
f 33/3669 10/1364 14/1022 35/3670
f 50/3159 25/318 73/2304 71/3671
f 929/3672 1049/3673 1051/2004 931/2007
f 726/2946 746/3674 747/3675 727/2947
f 921/3676 1033/3677 1035/3678 923/3679
f 1403/1558 1381/3680 1385/3681 1413/1559
f 1735/1703 1736/3648 1628/3647 1627/1704
f 1041/3682 794/3683 797/3684 1043/3501
f 712/3685 1166/3686 1376/540 702/543
f 944/1109 946/3687 1074/3688 1072/1110
f 250/981 284/2469 252/2471 218/3689
f 1485/1628 1489/1627 1549/3690 1545/3691
f 274/279 277/278 163/3692 159/3693
f 824/1924 821/1867 825/1866 827/3112
f 760/1608 762/3694 1568/2610 1566/1609
f 1284/208 1290/2508 1289/2511 1283/209
f 1757/3695 1671/3696 1676/2415 1762/2416
f 1237/3697 1025/3698 1134/348 1242/347
f 446/3699 447/3700 307/3289 303/3288
f 1441/2247 1223/3556 1227/3701 1445/3702
f 380/3703 381/2424 385/2427 384/3704
f 812/2483 809/205 813/204 815/1685
f 909/502 911/3660 910/3659 908/503
f 1457/3705 1257/3706 1261/910 1461/909
f 1023/3292 788/3605 791/3707 1025/3708
f 639/3709 595/989 594/3710 638/3711
f 440/3712 441/3713 439/3714 438/3715
f 1584/3716 1590/3717 1588/1393 1578/1392
f 940/3718 941/3719 1061/1675 1060/1674
f 342/3720 338/280 690/283 680/3721
f 624/3396 625/3722 661/2421 660/1832
f 669/2802 673/1714 672/29 668/308
f 12/1549 37/2218 41/2679 1888/2682
f 1386/2210 1560/1185 884/405 750/178
f 570/392 574/391 626/1667 622/1666
f 654/2759 655/2758 659/662 658/665
f 1868/3723 1870/3724 1852/386 1850/385
f 778/3565 845/3725 844/3726 774/3124
f 448/3727 581/3728 585/3729 449/3730
f 880/3731 828/3732 1390/3733 1160/3734
f 509/253 508/3735 510/3736 511/254
f 1763/3403 1767/2418 1683/2417 1677/3404
f 106/3737 110/3738 92/679 88/2372
f 543/3739 579/1877 611/1876 647/1679
f 1769/3740 1685/3741 1689/2254 1773/2253
f 177/3742 165/3743 164/3744 176/3745
f 1600/962 1601/3746 1709/3747 1708/959
f 793/3748 1040/3749 1042/3502 796/3750
f 1774/1839 1778/1369 1700/3751 1696/3752
f 104/3753 108/3754 90/2777 86/215
f 924/3652 925/3651 927/3755 926/3756
f 526/293 524/292 642/2076 528/2075
f 1305/3757 1069/3758 1150/3759 1310/1816
f 450/270 451/3760 379/3761 378/271
f 851/3762 1131/3763 855/3764 783/3765
f 279/3028 237/3766 349/2927 299/2634
f 282/3346 248/3347 214/3767 244/3768
f 908/133 910/3084 1014/3083 1012/134
f 450/2909 454/2908 455/3769 451/3770
f 89/2373 93/678 111/3771 107/3772
f 421/3773 369/3774 371/3775 425/3776
f 551/111 377/941 325/944 591/112
f 1277/2978 1299/2961 1298/2144 1276/2711
f 1708/1376 1709/264 1783/267 1782/1375
f 1577/3777 1563/2697 1681/454 1634/2028
f 1496/974 1497/973 1553/3778 1552/3779
f 1426/3467 1427/3780 1191/3781 1190/3468
f 1271/3782 1047/3783 1142/2979 1276/2711
f 1169/3784 981/3785 1118/1599 1174/532
f 954/3786 955/3787 957/3614 956/3615
f 841/3788 1121/3789 996/3790 769/3791
f 1348/2981 1494/2750 1498/3792 1352/3793
f 1609/3794 1610/3795 1718/3796 1717/3797
f 1481/3798 1315/3799 1319/1625 1485/1628
f 1805/2943 1807/820 1733/3174 1731/3171
f 985/3243 987/3800 891/3801 889/3244
f 1606/3802 1608/1490 1609/1489 1611/3803
f 636/3247 592/2046 590/2045 614/3804
f 1669/3611 1672/3805 1682/1697 1676/3806
f 796/3750 1042/3502 1043/3501 797/3684
f 418/1605 422/1604 370/3807 368/3808
f 1589/1564 1630/3004 1624/3809 1622/2203
f 396/3810 468/3811 469/3812 397/3813
f 16/1282 1887/1487 18/3158 19/1283
f 32/3814 34/3815 11/1548 9/1547
f 230/1829 292/1828 332/3816 270/3817
f 109/1115 99/3818 158/887 273/890
f 1748/3819 1750/468 1824/471 1822/3314
f 1153/1429 1333/88 1338/3820 1090/3821
f 144/3822 145/3823 149/3824 148/3825
f 1418/3666 1422/3665 1186/3826 1180/3827
f 248/3347 364/2064 366/982 250/981
f 543/3739 371/2428 313/2037 579/1877
f 628/1307 629/3828 581/3829 580/965
f 1035/3678 1037/2931 925/2930 923/3679
f 378/3546 382/3545 350/3830 348/3831
f 587/3279 635/3832 634/3833 586/3834
f 54/3537 56/509 57/1217 55/933
f 1490/2344 1491/2343 1329/3835 1328/3549
f 136/2383 137/2382 70/3836 48/3837
f 1048/3838 928/3839 930/3840 1050/3841
f 293/1831 231/1830 271/3842 333/3843
f 1151/3844 1311/2830 1310/1816 1150/3759
f 420/3845 421/3773 425/3776 424/3846
f 165/166 747/2079 755/2082 161/167
f 1468/3275 1472/3274 1290/3847 1284/3848
f 889/3608 891/3849 890/3850 888/3609
f 1514/3851 1515/3852 1427/3780 1426/3467
f 376/1175 435/3853 509/3854 550/1176
f 65/3855 31/3856 119/1189 118/1192
f 1837/2346 1841/2345 1767/3857 1763/2658
f 875/3858 819/1865 818/1868 874/3859
f 176/1718 164/3860 746/3861 726/1719
f 241/3862 240/3863 302/653 303/655
f 881/3864 1161/3865 1112/3866 829/3867
f 1405/3579 85/3578 103/3868 1387/3869
f 977/1640 753/1535 1407/548 1563/1641
f 476/3870 404/3871 408/3872 480/3873
f 857/3874 1137/3875 1040/3876 793/3877
f 976/406 1562/1186 1406/690 752/407
f 1233/545 1131/3878 1130/2308 1232/546
f 970/1531 972/10 1108/9 1106/1532
f 1790/1094 1789/363 1715/362 1716/1095
f 1800/2 1799/124 1725/3082 1726/3
f 44/3879 46/3880 17/597 15/2681
f 883/3881 831/1034 830/1037 882/3882
f 158/3319 99/115 100/118 159/3316
f 1747/3488 1748/3819 1822/3314 1821/3315
f 1757/952 1762/3142 1836/3145 1831/953
f 405/2812 361/3883 363/3884 409/2813
f 1619/3429 1620/3482 1728/3485 1727/3426
f 1663/3885 1665/3331 1867/1279 1865/3886
f 396/3887 397/1501 401/1504 400/3888
f 527/3889 469/2256 473/2259 529/3890
f 739/1933 741/1932 745/3891 735/3892
f 1590/3893 1700/3894 1704/3214 1594/3215
f 1703/3895 1593/3896 1597/1248 1707/1247
f 1562/1695 1564/1743 1408/3897 1406/3898
f 430/3899 502/3900 503/3901 431/3902
f 1644/3903 1858/3904 1860/2861 1649/3014
f 1076/3133 1077/3132 949/3905 948/3906
f 1794/1033 1796/123 1795/126 1793/1431
f 1396/3907 1400/3908 1378/2650 1374/2649
f 1162/777 1113/3909 1373/3910 1365/778
f 1848/3911 1849/3912 1869/3230 1868/3233
f 800/3030 1045/3029 1044/1952 799/1951
f 1675/3913 1680/3584 1765/3583 1761/3914
f 930/3840 932/3915 1052/3916 1050/3841
f 1309/85 1333/88 1332/1428 1308/1274
f 1758/2659 1759/536 1833/539 1832/2657
f 1654/2842 1656/1289 1752/1292 1750/2843
f 280/3917 300/3138 302/653 240/3863
f 1032/3918 920/3919 922/516 1034/519
f 180/180 190/3177 174/692 172/177
f 237/3920 209/222 213/2216 239/3921
f 743/1931 723/3922 721/3923 741/1932
f 1358/301 1359/169 1161/3009 1160/3924
f 444/3925 507/3926 513/3927 445/3928
f 1302/3929 1303/3930 1065/2366 1064/1123
f 540/3931 542/3932 494/2838 490/2837
f 1378/2526 1400/3413 1410/3414 1382/2527
f 1693/3338 1581/3337 1585/3933 1697/3934
f 358/331 300/2919 280/2501 238/332
f 703/2414 707/852 1381/851 1377/2039
f 1605/3385 1607/3935 1715/3936 1713/3386
f 1870/3937 1871/3938 1855/2984 1854/2983
f 1662/3939 1864/3940 1866/1280 1664/3332
f 1841/2345 1846/1183 1771/1879 1767/3857
f 131/1040 153/3941 152/3942 130/1041
f 1052/3943 932/3944 933/3945 1053/3946
f 116/2528 117/2531 143/3947 142/3948
f 742/2918 740/2917 720/3949 722/3950
f 298/2173 278/835 232/838 294/3951
f 915/3952 1027/3953 1029/1538 917/1541
f 1283/2796 1289/2914 1471/848 1467/847
f 53/932 52/2525 54/3537 55/933
f 388/3954 460/3955 461/3956 389/3957
f 1642/3412 1646/3958 1859/3959 1857/1594
f 279/3028 235/3027 209/3960 237/3766
f 1717/3797 1719/3961 1611/3962 1609/3794
f 76/2377 98/2376 84/492 60/2935
f 1084/411 1086/410 1336/3963 1322/3964
f 1100/2578 1102/2577 1356/3965 1342/3966
f 523/2772 525/3325 641/475 521/2545
f 1123/3571 1197/3967 1209/3968 1127/3969
f 1147/2854 1299/3970 1311/3971 1151/3972
f 1107/2191 1105/3567 1357/3973 1109/1656
f 147/1090 143/913 172/177 151/1091
f 1243/3974 1569/2964 1571/3453 1266/3975
f 166/3976 338/3977 339/3978 167/3979
f 248/3347 360/2292 362/2065 364/2064
f 260/602 375/1174 374/1516 373/1515
f 151/1091 172/177 174/692 155/2901
f 198/1939 256/1938 266/3980 226/3981
f 1034/519 1036/518 1264/3982 1252/3983
f 1390/3733 1572/3984 1570/2611 1160/3734
f 236/836 348/2174 350/1997 352/1996
f 1589/1564 1615/2202 1613/121 1605/120
f 1029/3985 1027/3986 1239/3987 1031/3988
f 548/1517 549/1173 648/1572 547/1514
f 763/2965 1569/2964 1119/3989 839/3990
f 1343/415 1341/829 1346/717 1349/3641
f 1079/2954 1077/2953 1321/3991 1081/3375
f 1598/3992 1642/3993 1641/2448 1594/3994
f 1277/3995 1266/3975 1571/3453 1299/3970
f 1155/1194 1335/3996 1347/3997 1159/3998
f 991/1631 989/1630 1185/3999 993/2940
f 1106/1532 1108/9 1360/4000 1356/4001
f 1206/4002 1228/4003 1568/2610 1194/4004
f 441/4005 443/4006 445/3658 439/4007
f 170/4008 169/4009 277/4010 341/4011
f 762/3694 836/4012 1116/4013 1568/2610
f 1311/3971 1299/3970 1571/3453 1335/3996
f 537/2507 539/1633 645/1546 535/3266
f 990/907 992/191 1198/4014 1184/4015
f 237/3766 353/2769 351/2544 349/2927
f 1366/4016 1347/3997 1571/3453 1163/366
f 183/2956 220/4017 216/4018 212/4019
f 1139/1294 1266/3975 1277/3995 1143/4020
f 1078/227 1080/3520 1322/4021 1320/4022
f 1012/134 1014/3083 1230/4023 1218/4024
f 79/1127 61/2936 85/3578 101/1128
f 1391/367 1163/366 1571/3453 1573/4025
f 1056/1271 1058/97 1300/4026 1286/4027
f 340/4028 343/4029 341/4011 277/4010
f 249/2670 365/2504 363/3267 361/1324
f 1073/4030 1071/4031 1307/4032 1075/4033
f 1050/3841 1052/3916 1286/4034 1272/4035
f 1405/3579 1559/2920 1413/1559 1385/3681
f 1404/493 1382/2527 1410/3414 1558/2921
f 1131/3763 1233/4036 1243/3974 1135/4037
f 985/4038 983/4039 1171/4040 987/4041
f 1333/88 1322/4042 1336/4043 1338/3820
f 1209/3968 1197/3967 1569/2964 1233/4036
f 61/2936 79/1127 78/117
f 1701/2519 1705/1371 1779/1370
f 188/1891 205/4044 265/1890
f 1220/1407 1224/4045 1231/1408
f 1053/4046 1273/4047 1287/4048
f 1623/1068 1625/2434 1667/455
f 539/1633 541/1636 647/1679
f 1168/143 1171/1413 1170/3393
f 1633/2031 1635/4049 1637/4050
f 1205/1409 1210/4051 1214/1406
f 14/1022 39/1021 35/3670
f 1136/894 1274/4052 1262/4053
f 708/3038 730/3037 748/4054
f 1598/3992 1666/1178 1650/4055
f 1329/1076 1330/1075 1334/235
f 1684/4056 1688/4057 1690/4058
f 1300/3268 1301/3390 1302/438
f 1276/2711 1285/2713 1281/4059
f 187/4060 191/1112 201/4061
f 74/1811 82/2362 160/168
f 3/858 29/1638 1885/1550
f 541/1636 543/3739 647/1679
f 996/3504 1200/3312 998/2523
f 1076/224 1078/227 1320/4022
f 1465/993 1469/996 1537/2566
f 1066/780 1304/1368 1068/781
f 600/579 720/582 744/4062
f 1591/443 1599/1069 1595/4063
f 1239/2297 1242/347 1245/2379
f 1264/3650 1267/2296 1268/612
f 601/4064 745/1534 721/4065
f 1298/2144 1303/2143 1301/3390
f 1262/4053 1274/4052 1570/2611
f 260/602 261/942 375/1174
f 1085/79 1323/4066 1087/700
f 1640/382 1656/4067 1654/383
f 1562/1695 1574/2449 1575/1694
f 212/4019 246/1999 242/1998
f 1640/382 1681/454 1656/4067
f 1205/1409 1211/2723 1210/4051
f 36/2151 66/2150 37/4068
f 237/3766 239/521 355/3326
f 194/4069 196/1707 514/1706
f 38/4070 67/2600 39/2603
f 1655/4071 1657/4072 1667/455
f 1171/1413 1199/325 1185/4073
f 1128/3457 1240/4074 1228/4003
f 988/2158 990/907 1184/4015
f 1103/4075 1343/4076 1357/4077
f 598/4078 734/179 718/4079
f 1788/1093 1789/363 1790/1094
f 1273/3391 1276/2711 1279/210
f 1797/125 1799/124 1798/1
f 1624/3809 1630/3004 1626/4080
f 876/1906 1156/4081 1152/1907
f 1059/4082 1287/4083 1301/3390
f 1294/2509 1295/4084 1298/2144
f 10/1364 33/3669 31/1365
f 978/241 1168/2836 980/242
f 1041/3616 1043/4085 1269/3617
f 831/368 1391/367 835/4086
f 1677/4087 1683/4088 1682/1697
f 795/1296 863/1295 801/4089
f 539/1633 647/1679 645/1546
f 1120/435 1206/4002 1194/4004
f 1028/1568 1252/4090 1238/4091
f 1081/3375 1321/3991 1323/4092
f 249/2670 367/1634 365/2504
f 144/872 148/1264 173/765
f 754/2081 1408/2363 1564/685
f 135/202 139/935 157/1276
f 992/191 994/194 1198/4014
f 1324/3597 1328/4093 1337/3598
f 553/988 594/3710 595/989
f 1260/358 1261/4094 1265/1288
f 1656/4067 1681/454 1659/453
f 1346/717 1350/3640 1349/3641
f 1369/1009 1370/4095 1373/3910
f 28/2529 29/4096 64/2530
f 804/184 810/4097 868/185
f 1190/4098 1191/155 1199/325
f 84/492 98/2376 288/1374
f 1228/4003 1240/4074 1568/2610
f 1457/1161 1461/4099 1533/174
f 1346/717 1351/4100 1350/3640
f 1202/3015 1205/1409 1204/1419
f 166/4101 178/281 338/280
f 1094/95 1340/3625 1096/1664
f 189/2800 222/4102 220/4017
f 1643/3254 1653/3255 1655/4071
f 530/2160 570/3237 571/2161
f 860/893 1140/4103 1136/894
f 134/946 154/2521 136/2230
f 1687/4104 1689/4105 1691/4106
f 763/1234 767/3370 765/4107
f 665/3366 742/338 669/3367
f 768/433 774/4108 844/434
f 525/3325 643/3197 641/475
f 1848/1026 1868/3723 1850/385
f 1040/3749 1268/3499 1042/3502
f 1109/1656 1357/3973 1371/4109
f 792/892 798/4110 860/893
f 1191/155 1196/533 1199/325
f 658/1669 662/1668 743/1417
f 1487/137 1491/1391 1547/3489
f 1422/3466 1514/3851 1426/3467
f 1067/4111 1069/3758 1305/3757
f 1091/2384 1093/2070 1339/2069
f 527/2135 529/1450 643/3197
f 1265/1288 1269/3617 1267/2296
f 550/1176 551/111 651/114
f 1072/1110 1074/3688 1320/4112
f 1320/87 1322/4042 1333/88
f 1037/4113 1253/4114 1267/2296
f 680/4115 690/2329 691/2332
f 847/3572 1123/3571 1127/3969
f 1136/894 1140/4103 1274/4052
f 755/2082 1565/684 1409/2876
f 17/597 46/3880 48/598
f 448/3557 580/965 581/3829
f 1037/4113 1267/2296 1039/4116
f 1599/1069 1612/4117 1614/742
f 546/1571 547/1514 648/1572
f 1109/4118 1371/414 1111/1306
f 518/2556 640/2189 520/1994
f 666/1154 670/1153 743/1417
f 1327/1817 1334/235 1331/4119
f 520/1994 640/2189 522/1995
f 1479/1794 1483/138 1543/3490
f 1337/3598 1339/234 1338/3820
f 819/1196 879/1195 825/4120
f 201/2609 555/2608 203/4121
f 506/4122 556/2462 557/2461
f 1239/2297 1245/2379 1244/4123
f 1048/3838 1050/3841 1272/4035
f 1633/2031 1637/4050 1639/4124
f 1633/2031 1639/4124 1667/455
f 1364/1320 1365/778 1370/4095
f 249/2670 251/2429 367/1634
f 1049/4125 1273/4126 1051/4127
f 1365/778 1373/3910 1370/4095
f 1051/4127 1273/4126 1053/4128
f 1566/1609 1568/2610 1598/2613
f 1000/448 1202/451 1002/586
f 549/1173 651/114 648/1572
f 184/1214 198/1950 186/841
f 1464/2214 1536/2567 1468/2973
f 1672/3805 1677/4087 1682/1697
f 1632/2433 1633/2031 1667/455
f 1291/2712 1298/2144 1295/4084
f 116/3539 142/1820 120/1823
f 1198/326 1199/325 1200/1982
f 163/4129 277/4010 169/4009
f 987/4130 1171/4131 1185/4132
f 1001/4133 1003/1017 1203/1016
f 599/4134 719/4135 735/1533
f 204/1895 211/2886 215/2885
f 190/4136 600/579 744/4062
f 446/654 568/350 569/3628
f 1463/2794 1467/847 1535/850
f 1574/4137 1641/2878 1644/2880
f 1504/3283 1556/1934 1508/1936
f 725/2072 732/4138 731/1612
f 1589/1564 1622/2203 1615/2202
f 439/4007 445/3658 559/3657
f 180/180 196/4139 184/4140
f 1086/410 1088/2074 1336/3963
f 725/2072 733/4141 732/4138
f 1599/1069 1600/3219 1602/4142
f 1589/1564 1603/4143 1601/3218
f 239/521 357/2132 355/3326
f 780/3455 786/4144 852/3456
f 1480/1301 1544/1304 1484/1585
f 447/3253 573/3280 572/1133
f 662/1668 666/1154 743/1417
f 1595/4063 1599/1069 1598/3992
f 1596/4145 1597/4146 1599/1069
f 62/914 143/913 117/4147
f 506/4122 557/2461 512/4148
f 1591/443 1596/4145 1599/1069
f 1471/848 1475/2916 1539/849
f 123/645 127/3077 149/646
f 1440/3378 1524/2083 1444/695
f 1120/435 1124/4149 1206/4002
f 816/1905 822/4150 876/1906
f 1446/2015 1526/3227 1450/2016
f 1598/3992 1646/4151 1642/3993
f 180/180 598/4078 196/4139
f 1152/1907 1156/4081 1344/4152
f 783/3765 855/3764 789/4153
f 1186/1412 1190/4098 1199/325
f 863/1295 1139/1294 1143/4020
f 1083/78 1323/4066 1085/79
f 1172/4154 1194/4004 1568/2610
f 1087/4155 1323/4156 1337/3598
f 855/3764 1131/3763 1135/4037
f 1439/1888 1443/2105 1523/2706
f 531/236 575/239 574/3309
f 170/4157 171/4158 179/2892
f 1849/1058 1851/724 1869/2882
f 75/1812 161/167 83/2877
f 1494/2750 1550/2753 1498/3792
f 1144/186 1148/4159 1308/4160
f 63/871 65/4161 118/4162
f 1273/3391 1279/210 1278/4163
f 1273/3391 1301/3390 1287/4083
f 212/4019 216/4018 246/1999
f 762/58 764/4164 766/55
f 48/3837 70/3836 49/4165
f 693/2630 733/4166 725/3415
f 1599/1069 1604/4167 1612/4117
f 1447/1079 1451/1082 1527/3202
f 1604/4167 1606/3802 1612/4117
f 1239/2297 1267/2296 1253/4114
f 868/185 1148/4159 1144/186
f 525/3325 527/2135 643/3197
f 1334/235 1339/234 1337/3598
f 1455/1711 1459/2615 1531/3201
f 182/110 233/109 207/4168
f 1011/485 1219/4169 1013/486
f 1013/486 1219/4169 1015/600
f 544/2166 582/7 583/6
f 42/4170 43/1039 69/1038
f 1853/397 1855/400 1871/2881
f 516/2746 561/3168 560/2747
f 119/1172 121/644 145/643
f 1578/1392 1581/4171 1580/4172
f 1112/2785 1372/3121 1114/736
f 220/4017 222/4102 254/1897
f 1332/4173 1344/4152 1570/2611
f 844/434 1124/4149 1120/435
f 1258/4174 1259/359 1267/2296
f 191/1112 745/1534 601/4064
f 1144/186 1308/4160 1296/4175
f 721/4065 745/1534 741/4176
f 1368/1010 1373/3910 1371/414
f 1574/2003 1644/4177 1649/2000
f 1578/1392 1580/4172 1584/3716
f 50/4178 71/3601 51/3602
f 1431/3276 1435/1889 1519/2707
f 1591/443 1592/442 1596/4145
f 762/58 763/1234 764/4164
f 1023/4179 1025/3698 1237/3697
f 1368/1010 1369/1009 1373/3910
f 167/3979 339/3978 276/4180
f 1688/4057 1691/1699 1690/4058
f 1119/3989 1569/2964 1175/4181
f 1367/4182 1368/1010 1371/414
f 1626/4080 1630/3004 1628/3003
f 1015/4183 1231/1408 1017/4184
f 11/1548 34/3815 36/2217
f 724/2071 729/4185 728/4186
f 1344/4152 1358/4187 1570/2611
f 658/1669 743/1417 737/275
f 1669/3611 1675/4188 1673/4189
f 1343/415 1348/4190 1352/412
f 1335/3996 1571/3453 1347/3997
f 1208/547 1212/2722 1211/2723
f 1231/1408 1232/546 1235/2310
f 1223/1426 1232/546 1227/4191
f 1371/414 1373/3910 1372/172
f 1832/2657 1833/539 1837/2346
f 1423/594 1427/3494 1515/3419
f 162/4192 168/4193 276/4180
f 186/4194 200/4195 190/4196
f 1658/4197 1666/1178 1663/4198
f 251/2429 369/1635 367/1634
f 1645/381 1652/384 1648/2129
f 1575/4199 1662/3939 1664/3332
f 180/180 734/179 598/4078
f 1004/1166 1006/1169 1204/4200
f 763/1234 765/4107 764/4164
f 170/4008 341/4011 171/4201
f 699/1778 1405/3579 1385/3681
f 1259/359 1260/358 1265/1288
f 1189/534 1196/533 1193/4202
f 1462/1348 1534/3271 1466/1349
f 1296/4175 1308/4160 1570/2611
f 1174/532 1178/3329 1177/3330
f 1288/3389 1292/4203 1301/3390
f 1594/3994 1595/4063 1598/3992
f 1361/413 1367/4182 1371/414
f 122/1822 146/1821 124/3581
f 1226/1158 1227/4191 1232/546
f 1174/532 1179/4204 1178/3329
f 1438/354 1522/2733 1442/355
f 532/2291 644/1880 534/2063
f 1018/3165 1234/1986 1020/1118
f 984/70 986/69 1184/4205
f 534/2063 644/1880 536/1881
f 1057/1553 1287/4206 1059/2889
f 1330/1075 1331/4119 1334/235
f 1032/3918 1034/519 1252/3983
f 1346/717 1355/1321 1351/4100
f 1225/1159 1232/546 1231/1408
f 1292/4203 1293/2510 1301/3390
f 1274/4052 1296/4175 1570/2611
f 19/1283 51/3160 47/1284
f 1852/386 1870/3724 1854/2594
f 1503/1042 1507/1045 1555/3146
f 1010/131 1012/134 1218/4024
f 1270/881 1273/3391 1272/2306
f 1082/2022 1084/411 1322/3964
f 1424/1993 1516/1914 1428/915
f 1441/2247 1445/3702 1525/2248
f 1022/712 1236/3294 1024/713
f 1415/1360 1419/595 1511/3420
f 1116/4013 1172/4154 1568/2610
f 1233/4036 1569/2964 1243/3974
f 1007/4207 1205/4208 1009/4209
f 1113/3909 1115/4210 1373/3910
f 549/1173 550/1176 651/114
f 30/4211 31/3856 65/3855
f 181/1113 197/4212 599/4134
f 1191/155 1192/154 1196/533
f 654/274 658/1669 737/275
f 1095/4213 1097/830 1341/829
f 1680/4214 1691/4215 1685/4216
f 4/1647 1886/1363 30/1362
f 709/1724 749/4217 731/1725
f 1270/881 1272/2306 1275/882
f 195/4218 515/3234 197/3235
f 1006/1169 1218/4219 1204/4200
f 1340/576 1343/415 1342/3320
f 1702/3480 1780/756 1706/759
f 1414/2121 1510/3362 1418/2122
f 239/521 359/520 357/2132
f 85/3578 289/2534 101/1128
f 40/481 41/4220 68/482
f 183/2956 208/4221 234/2957
f 1685/4216 1691/4215 1689/4222
f 681/4223 692/1727 693/2013
f 1486/3548 1546/2341 1490/2344
f 1062/1122 1302/3929 1064/1123
f 1599/1069 1602/4142 1604/4167
f 183/2956 189/2800 220/4017
f 131/2929 133/199 153/1275
f 1589/1564 1605/120 1603/4143
f 1307/3599 1310/1816 1313/1465
f 227/4224 267/4225 264/1672
f 1044/1952 1270/3621 1046/1953
f 1412/1560 1413/1559 1559/2920
f 441/4226 442/574 443/4227
f 1063/2142 1065/4228 1303/2143
f 871/2855 1147/2854 1151/3972
f 1579/1561 1585/440 1581/4171
f 1006/1169 1008/3298 1218/4219
f 60/2935 77/116 76/2377
f 1293/2510 1298/2144 1301/3390
f 1242/347 1246/2378 1245/2379
f 167/3979 276/4180 168/4193
f 1308/4160 1332/4173 1570/2611
f 1575/4229 1661/3013 1662/3090
f 183/2956 212/4019 208/4221
f 1578/1392 1579/1561 1581/4171
f 1310/1816 1314/1462 1313/1465
f 1242/347 1247/4230 1246/2378
f 1456/1556 1532/3250 1460/908
f 1196/533 1201/2397 1199/325
f 181/1113 185/4231 197/4212
f 1236/1326 1239/2297 1238/3156
f 1599/1069 1623/1068 1667/455
f 1104/1529 1106/1532 1356/4001
f 1031/4232 1239/4233 1253/4234
f 698/151 1382/2527 1404/493
f 1634/2028 1681/454 1640/382
f 1432/1402 1520/1405 1436/3023
f 828/3732 834/4235 1390/3733
f 1497/973 1501/1506 1553/3778
f 1340/576 1342/3320 1345/300
f 1254/2295 1258/4174 1267/2296
f 1682/1697 1683/4088 1687/1698
f 1199/325 1201/2397 1200/1982
f 545/3278 587/3279 586/3834
f 1639/4124 1655/4071 1667/455
f 1307/3599 1337/3598 1321/4236
f 261/942 376/1175 375/1174
f 1276/2711 1281/4059 1280/207
f 1590/3717 1594/3994 1641/2448
f 166/4237 167/4238 178/2893
f 771/3573 847/3572 777/4239
f 879/1195 1155/1194 1159/3998
f 1224/4045 1225/1159 1231/1408
f 261/942 377/941 376/1175
f 1505/1205 1509/1208 1557/1935
f 15/2681 40/2680 44/3879
f 1152/1907 1344/4152 1332/4173
f 1360/171 1371/414 1372/172
f 1304/2761 1306/86 1309/85
f 852/3456 1132/4240 1128/3457
f 1059/4082 1301/3390 1061/4241
f 152/1263 156/3425 175/1111
f 200/1400 202/4242 554/1401
f 449/3400 585/2102 584/1962
f 1496/974 1552/3779 1500/1683
f 1072/1110 1320/4112 1306/4243
f 997/2396 999/4244 1201/2397
f 1257/2704 1265/1288 1261/4094
f 1336/4043 1337/3598 1338/3820
f 1237/3697 1242/347 1239/2297
f 1606/3802 1611/3803 1612/4117
f 1028/1568 1030/1567 1252/4090
f 720/4245 740/4246 744/4247
f 1703/1857 1707/758 1781/757
f 1205/1409 1231/1408 1219/4248
f 1328/4093 1329/1076 1337/3598
f 148/1264 152/1263 175/1111
f 1449/4249 1453/1160 1529/173
f 1589/1564 1597/4146 1593/3368
f 1058/97 1060/100 1300/4026
f 1208/547 1213/4250 1212/2722
f 984/70 1184/4205 1170/4251
f 148/1264 175/1111 173/765
f 724/2071 730/1611 729/4185
f 1236/1326 1238/3156 1241/628
f 1340/576 1341/829 1343/415
f 16/1282 45/1281 43/1488
f 1293/2510 1294/2509 1298/2144
f 1090/720 1338/2068 1092/721
f 552/2406 592/2046 593/3249
f 1276/2711 1280/207 1279/210
f 1271/3782 1276/2711 1273/3391
f 9/1547 28/2221 32/3814
f 189/2800 224/4252 222/4102
f 1108/9 1110/12 1360/4000
f 1694/3222 1776/3224 1698/3481
f 251/2429 371/2428 369/1635
f 1304/2761 1305/3757 1307/3599
f 1695/3223 1699/1856 1777/1858
f 1700/3751 1778/1369 1704/1372
f 1561/1563 1563/2697 1577/3777
f 191/1112 601/4064 201/4061
f 1472/1156 1540/783 1476/786
f 1589/1564 1599/1069 1597/4146
f 1270/881 1271/3782 1273/3391
f 1433/2311 1437/2246 1521/2249
f 1208/547 1217/1427 1213/4250
f 807/2856 871/2855 813/4253
f 1579/1561 1583/4254 1582/4255
f 1301/3390 1303/2143 1302/438
f 1669/3611 1673/4189 1672/3805
f 222/4102 258/1898 254/1897
f 1481/3798 1485/1628 1545/3691
f 186/841 198/1950 199/842
f 1686/1696 1691/1699 1688/4057
f 1014/3083 1016/3086 1230/4023
f 1634/2028 1640/382 1638/2029
f 1033/3677 1253/4256 1035/3678
f 1410/3414 1411/1843 1558/2921
f 338/3977 342/4257 339/3978
f 1203/1016 1208/547 1205/1409
f 1035/3678 1253/4256 1037/2931
f 1171/1413 1174/532 1177/3330
f 1827/187 1828/1478 1829/188
f 1019/2309 1021/4258 1235/2310
f 440/575 442/574 441/4226
f 1099/4259 1343/4260 1101/4261
f 1101/4261 1343/4260 1103/4262
f 1259/359 1265/1288 1267/2296
f 1009/4263 1205/4264 1219/4265
f 1236/1326 1237/3697 1239/2297
f 512/4266 557/3656 513/3655
f 169/1919 170/4157 179/2892
f 1307/3599 1312/4267 1316/3596
f 718/4079 734/179 738/4268
f 1168/143 1170/3393 1173/144
f 167/4238 168/1920 178/2893
f 519/474 521/2545 641/475
f 1036/518 1038/3619 1264/3982
f 171/4269 341/2631 179/3416
f 533/1325 535/3266 645/1546
f 1650/4055 1666/1178 1658/4197
f 1425/525 1429/4270 1517/526
f 1598/3992 1650/4055 1646/4151
f 669/3367 742/338 673/337
f 1343/415 1349/3641 1348/4190
f 260/602 373/1515 372/603
f 1579/1561 1587/3369 1583/4254
f 1343/415 1371/414 1357/4271
f 1160/3734 1570/2611 1358/4187
f 1087/4155 1337/3598 1089/4272
f 1205/1409 1208/547 1211/2723
f 1240/4074 1262/4053 1570/2611
f 1582/4255 1586/441 1585/440
f 204/1895 215/2885 219/1892
f 1669/4273 1691/4274 1675/4275
f 1175/4181 1569/2964 1197/3967
f 1015/4183 1219/4248 1231/1408
f 1633/2031 1636/2030 1635/4049
f 1026/2347 1028/1568 1238/4091
f 1307/3599 1313/1465 1312/4267
f 190/4136 200/1400 600/579
f 1128/3457 1132/4240 1240/4074
f 1830/954 1831/953 1834/3355
f 199/1671 227/4224 264/1672
f 1887/1487 25/318 18/3158
f 189/2800 262/2799 224/4252
f 1045/4276 1047/3783 1271/3782
f 1639/4124 1643/3254 1655/4071
f 1075/4277 1307/4278 1321/4279
f 1239/2297 1244/4123 1248/2294
f 1174/532 1183/535 1179/4204
f 1579/1561 1582/4255 1585/440
f 993/4280 1199/325 995/324
f 1588/1393 1590/3717 1641/2448
f 182/110 211/4281 204/4282
f 690/283 724/282 728/4283
f 237/3766 355/3326 353/2769
f 1674/4284 1679/4285 1690/4058
f 1560/1394 1574/2449 1562/1695
f 1417/2489 1421/2492 1513/3039
f 1305/3757 1310/1816 1307/3599
f 1005/4286 1205/4208 1007/4207
f 832/2897 833/1036 834/2898
f 1310/1816 1315/4287 1314/1462
f 1231/1408 1235/2310 1234/1319
f 833/1036 835/1035 834/2898
f 1202/3015 1204/1419 1207/1418
f 128/2498 150/2520 132/945
f 182/110 207/4168 211/4281
f 1617/2201 1620/1682 1618/1681
f 1171/1413 1176/4288 1180/1411
f 1169/3784 1174/532 1171/1413
f 12/4289 1888/4289 1884/4289 24/4289
f 1488/3604 1548/1536 1492/1048
f 1055/1552 1287/4206 1057/1553
f 63/871 118/4162 144/872
f 1329/1076 1334/235 1337/3598
f 1098/3667 1100/2578 1342/3966
f 1267/2296 1269/3617 1268/612
f 1240/4074 1570/2611 1568/2610
f 1192/154 1193/4202 1196/533
f 1448/2222 1528/2225 1452/2436
f 1470/2895 1538/1337 1474/1340
f 1168/143 1169/3784 1171/1413
f 1668/4290 1674/4291 1690/4292
f 1454/1237 1530/3078 1458/1238
f 1230/1318 1231/1408 1234/1319
f 1054/1268 1056/1271 1286/4027
f 1502/1381 1554/3190 1506/1382
f 1489/1627 1493/3187 1549/3690
f 1669/3611 1676/3806 1671/3612
f 1430/2742 1518/2745 1434/3263
f 1567/2963 1599/3451 1569/2964
f 1495/2815 1499/1761 1551/3147
f 1478/1061 1542/1645 1482/1062
f 979/4293 981/3785 1169/3784
f 1304/2761 1307/3599 1306/86
f 1663/4198 1666/1178 1665/1177
f 1171/1413 1177/3330 1176/4288
f 517/456 563/459 562/1330
f 1225/1159 1226/1158 1232/546
f 993/4280 1185/4073 1199/325
f 1321/4236 1337/3598 1323/4156
f 670/1153 674/1414 743/1417
f 1202/3015 1203/1016 1205/1409
f 1798/1 1799/124 1800/2
f 1273/3391 1278/4163 1282/3388
f 1692/1836 1774/1839 1696/3752
f 1693/1837 1697/2518 1775/1838
f 1416/2619 1512/3040 1420/2620
f 982/147 984/70 1170/4251
f 181/1113 599/4134 735/1533
f 1242/347 1251/2705 1247/4230
f 1070/1107 1072/1110 1306/4243
f 1679/4285 1684/4056 1690/4058
f 1657/4072 1660/452 1667/455
f 1561/1563 1577/3777 1576/3555
f 1668/3610 1670/3613 1674/4284
f 719/4135 739/4294 735/1533
f 1310/1816 1319/1818 1315/4287
f 1473/2989 1477/785 1541/784
f 62/914 117/4147 64/4295
f 1675/4296 1691/4215 1680/4214
f 1884/596 49/599 24/1023
f 3/4297 1885/4297 12/4297
f 50/3159 18/3158 25/318
f 1886/4298 25/4298 1887/4298 13/4298
