mtllib material.mtl
s 0
usemtl Material
v 0.0 -0.43945300579071045 -0.9492189884185791
v -0.15039099752902985 -0.4101560115814209 -0.9492189884185791
v 0.15039099752902985 -0.4101560115814209 -0.9492189884185791
v 0.0 -0.39257800579071045 -0.9492189884185791
v -0.13085900247097015 -0.36523398756980896 -0.9492189884185791
v 0.13085900247097015 -0.36523398756980896 -0.9492189884185791
v -0.2890619933605194 -0.31054699420928955 -0.9492189884185791
v 0.2890619933605194 -0.31054699420928955 -0.9492189884185791
v -0.25195300579071045 -0.27929699420928955 -0.9492189884185791
v 0.25195300579071045 -0.27929699420928955 -0.9492189884185791
v -0.36523398756980896 -0.1601559966802597 -0.9492189884185791
v 0.36523398756980896 -0.1601559966802597 -0.9492189884185791
v -0.31835898756980896 -0.1484380066394806 -0.9492189884185791
v 0.31835898756980896 -0.1484380066394806 -0.9492189884185791
v 0.0 -0.11523400247097015 -0.9492189884185791
v -0.017578000202775 -0.11132799834012985 -0.9492189884185791
v 0.017578000202775 -0.11132799834012985 -0.9492189884185791
v -0.03320299834012985 -0.10351599752902985 -0.9492189884185791
v 0.03320299834012985 -0.10351599752902985 -0.9492189884185791
v -0.046875 -0.0898440033197403 -0.9492189884185791
v 0.046875 -0.0898440033197403 -0.9492189884185791
v -0.054687999188899994 -0.07226599752902985 -0.9492189884185791
v 0.054687999188899994 -0.07226599752902985 -0.9492189884185791
v 0.0 -0.05859399959445 -0.9492189884185791
v -0.056641001254320145 -0.05078100040555 -0.9492189884185791
v 0.056641001254320145 -0.05078100040555 -0.9492189884185791
v -0.05078100040555 -0.03320299834012985 -0.9492189884185791
v 0.05078100040555 -0.03320299834012985 -0.9492189884185791
v -0.041016001254320145 -0.017578000202775 -0.9492189884185791
v 0.041016001254320145 -0.017578000202775 -0.9492189884185791
v -0.025390999391674995 -0.005859000142663717 -0.9492189884185791
v 0.025390999391674995 -0.005859000142663717 -0.9492189884185791
v -0.0078119998797774315 -0.0 -0.9492189884185791
v 0.0078119998797774315 -0.0 -0.9492189884185791
v -0.31835898756980896 0.03515600040555 -0.9492189884185791
v 0.31835898756980896 0.03515600040555 -0.9492189884185791
v -0.36523398756980896 0.04882799834012985 -0.9492189884185791
v 0.36523398756980896 0.04882799834012985 -0.9492189884185791
v -0.25195300579071045 0.16210900247097015 -0.9492189884185791
v 0.25195300579071045 0.16210900247097015 -0.9492189884185791
v -0.2890619933605194 0.19335900247097015 -0.9492189884185791
v 0.2890619933605194 0.19335900247097015 -0.9492189884185791
v -0.13085900247097015 0.25195300579071045 -0.9492189884185791
v 0.13085900247097015 0.25195300579071045 -0.9492189884185791
v 0.0 0.27929699420928955 -0.9492189884185791
v -0.15039099752902985 0.29492199420928955 -0.9492189884185791
v 0.15039099752902985 0.29492199420928955 -0.9492189884185791
v 0.0 0.32617199420928955 -0.9492189884185791
v -0.35742199420928955 -0.47070300579071045 -0.9453120231628418
v -0.31054699420928955 -0.47070300579071045 -0.9453120231628418
v 0.31054699420928955 -0.47070300579071045 -0.9453120231628418
v 0.35742199420928955 -0.47070300579071045 -0.9453120231628418
v -0.34570300579071045 -0.45117199420928955 -0.9453120231628418
v -0.32226601243019104 -0.45117199420928955 -0.9453120231628418
v 0.32226601243019104 -0.45117199420928955 -0.9453120231628418
v 0.34570300579071045 -0.45117199420928955 -0.9453120231628418
v 0.0 -0.4453119933605194 -0.9453120231628418
v -0.3828119933605194 -0.4296880066394806 -0.9453120231628418
v -0.359375 -0.4296880066394806 -0.9453120231628418
v -0.3085939884185791 -0.4296880066394806 -0.9453120231628418
v -0.2851560115814209 -0.4296880066394806 -0.9453120231628418
v 0.2851560115814209 -0.4296880066394806 -0.9453120231628418
v 0.3085939884185791 -0.4296880066394806 -0.9453120231628418
v 0.359375 -0.4296880066394806 -0.9453120231628418
v 0.3828119933605194 -0.4296880066394806 -0.9453120231628418
v -0.1523440033197403 -0.4140619933605194 -0.9453120231628418
v 0.1523440033197403 -0.4140619933605194 -0.9453120231628418
v -0.34570300579071045 -0.40820300579071045 -0.9453120231628418
v -0.32226601243019104 -0.40820300579071045 -0.9453120231628418
v 0.32226601243019104 -0.40820300579071045 -0.9453120231628418
v 0.34570300579071045 -0.40820300579071045 -0.9453120231628418
v -0.35742199420928955 -0.38867199420928955 -0.9453120231628418
v -0.31054699420928955 -0.38867199420928955 -0.9453120231628418
v 0.31054699420928955 -0.38867199420928955 -0.9453120231628418
v 0.35742199420928955 -0.38867199420928955 -0.9453120231628418
v 0.0 -0.3867189884185791 -0.9453120231628418
v -0.1289059966802597 -0.36132800579071045 -0.9453120231628418
v 0.1289059966802597 -0.36132800579071045 -0.9453120231628418
v -0.29492199420928955 -0.31445300579071045 -0.9453120231628418
v 0.29492199420928955 -0.31445300579071045 -0.9453120231628418
v -0.24804699420928955 -0.27539101243019104 -0.9453120231628418
v 0.24804699420928955 -0.27539101243019104 -0.9453120231628418
v -0.3710939884185791 -0.16210900247097015 -0.9453120231628418
v 0.3710939884185791 -0.16210900247097015 -0.9453120231628418
v -0.3125 -0.14648400247097015 -0.9453120231628418
v 0.3125 -0.14648400247097015 -0.9453120231628418
v -0.3125 0.03320299834012985 -0.9453120231628418
v 0.3125 0.03320299834012985 -0.9453120231628418
v -0.3710939884185791 0.04882799834012985 -0.9453120231628418
v 0.3710939884185791 0.04882799834012985 -0.9453120231628418
v -0.24804699420928955 0.15820300579071045 -0.9453120231628418
v 0.24804699420928955 0.15820300579071045 -0.9453120231628418
v -0.29492199420928955 0.19726599752902985 -0.9453120231628418
v 0.29492199420928955 0.19726599752902985 -0.9453120231628418
v -0.35742199420928955 0.2421880066394806 -0.9453120231628418
v -0.31054699420928955 0.2421880066394806 -0.9453120231628418
v 0.31054699420928955 0.2421880066394806 -0.9453120231628418
v 0.35742199420928955 0.2421880066394806 -0.9453120231628418
v -0.1289059966802597 0.2460940033197403 -0.9453120231628418
v 0.1289059966802597 0.2460940033197403 -0.9453120231628418
v -0.34570300579071045 0.2617189884185791 -0.9453120231628418
v -0.32226601243019104 0.2617189884185791 -0.9453120231628418
v 0.32226601243019104 0.2617189884185791 -0.9453120231628418
v 0.34570300579071045 0.2617189884185791 -0.9453120231628418
v 0.0 0.2734380066394806 -0.9453120231628418
v -0.3828119933605194 0.28125 -0.9453120231628418
v -0.359375 0.28125 -0.9453120231628418
v -0.3085939884185791 0.28125 -0.9453120231628418
v -0.2851560115814209 0.28125 -0.9453120231628418
v 0.2851560115814209 0.28125 -0.9453120231628418
v 0.3085939884185791 0.28125 -0.9453120231628418
v 0.359375 0.28125 -0.9453120231628418
v 0.3828119933605194 0.28125 -0.9453120231628418
v -0.1523440033197403 0.3007810115814209 -0.9453120231628418
v 0.1523440033197403 0.3007810115814209 -0.9453120231628418
v -0.34570300579071045 0.30273398756980896 -0.9453120231628418
v -0.32226601243019104 0.30273398756980896 -0.9453120231628418
v 0.32226601243019104 0.30273398756980896 -0.9453120231628418
v 0.34570300579071045 0.30273398756980896 -0.9453120231628418
v -0.35742199420928955 0.32226601243019104 -0.9453120231628418
v -0.31054699420928955 0.32226601243019104 -0.9453120231628418
v 0.31054699420928955 0.32226601243019104 -0.9453120231628418
v 0.35742199420928955 0.32226601243019104 -0.9453120231628418
v 0.0 0.3320310115814209 -0.9453120231628418
v 0.0 -0.12304700165987015 -0.9433590173721313
v -0.019531000405550003 -0.11914099752902985 -0.9433590173721313
v 0.019531000405550003 -0.11914099752902985 -0.9433590173721313
v -0.039062000811100006 -0.109375 -0.9433590173721313
v 0.039062000811100006 -0.109375 -0.9433590173721313
v -0.052733998745679855 -0.09375 -0.9433590173721313
v 0.052733998745679855 -0.09375 -0.9433590173721313
v -0.0625 -0.07226599752902985 -0.9433590173721313
v 0.0625 -0.07226599752902985 -0.9433590173721313
v -0.06445299834012985 -0.05078100040555 -0.9433590173721313
v 0.06445299834012985 -0.05078100040555 -0.9433590173721313
v -0.05859399959445 -0.029296999797225 -0.9433590173721313
v 0.05859399959445 -0.029296999797225 -0.9433590173721313
v -0.046875 -0.011718999594449997 -0.9433590173721313
v 0.046875 -0.011718999594449997 -0.9433590173721313
v -0.029296999797225 0.0019529999699443579 -0.9433590173721313
v 0.029296999797225 0.0019529999699443579 -0.9433590173721313
v -0.00976600032299757 0.0078119998797774315 -0.9433590173721313
v 0.00976600032299757 0.0078119998797774315 -0.9433590173721313
v -0.359375 -0.47460898756980896 -0.9414060115814209
v -0.3085939884185791 -0.47460898756980896 -0.9414060115814209
v 0.3085939884185791 -0.47460898756980896 -0.9414060115814209
v 0.359375 -0.47460898756980896 -0.9414060115814209
v -0.34375 -0.44726601243019104 -0.9414060115814209
v -0.3242189884185791 -0.44726601243019104 -0.9414060115814209
v 0.3242189884185791 -0.44726601243019104 -0.9414060115814209
v 0.34375 -0.44726601243019104 -0.9414060115814209
v -0.3867189884185791 -0.4296880066394806 -0.9414060115814209
v -0.3554689884185791 -0.4296880066394806 -0.9414060115814209
v -0.3125 -0.4296880066394806 -0.9414060115814209
v -0.28125 -0.4296880066394806 -0.9414060115814209
v 0.28125 -0.4296880066394806 -0.9414060115814209
v 0.3125 -0.4296880066394806 -0.9414060115814209
v 0.3554689884185791 -0.4296880066394806 -0.9414060115814209
v 0.3867189884185791 -0.4296880066394806 -0.9414060115814209
v -0.34375 -0.41210898756980896 -0.9414060115814209
v -0.3242189884185791 -0.41210898756980896 -0.9414060115814209
v 0.3242189884185791 -0.41210898756980896 -0.9414060115814209
v 0.34375 -0.41210898756980896 -0.9414060115814209
v -0.359375 -0.38476601243019104 -0.9414060115814209
v -0.3085939884185791 -0.38476601243019104 -0.9414060115814209
v 0.3085939884185791 -0.38476601243019104 -0.9414060115814209
v 0.359375 -0.38476601243019104 -0.9414060115814209
v -0.359375 0.2382809966802597 -0.9414060115814209
v -0.3085939884185791 0.2382809966802597 -0.9414060115814209
v 0.3085939884185791 0.2382809966802597 -0.9414060115814209
v 0.359375 0.2382809966802597 -0.9414060115814209
v -0.34375 0.265625 -0.9414060115814209
v -0.3242189884185791 0.265625 -0.9414060115814209
v 0.3242189884185791 0.265625 -0.9414060115814209
v 0.34375 0.265625 -0.9414060115814209
v -0.3867189884185791 0.28125 -0.9414060115814209
v -0.3554689884185791 0.28125 -0.9414060115814209
v -0.3125 0.28125 -0.9414060115814209
v -0.28125 0.28125 -0.9414060115814209
v 0.28125 0.28125 -0.9414060115814209
v 0.3125 0.28125 -0.9414060115814209
v 0.3554689884185791 0.28125 -0.9414060115814209
v 0.3867189884185791 0.28125 -0.9414060115814209
v -0.34375 0.29882800579071045 -0.9414060115814209
v -0.3242189884185791 0.29882800579071045 -0.9414060115814209
v 0.3242189884185791 0.29882800579071045 -0.9414060115814209
v 0.34375 0.29882800579071045 -0.9414060115814209
v -0.359375 0.32617199420928955 -0.9414060115814209
v -0.3085939884185791 0.32617199420928955 -0.9414060115814209
v 0.3085939884185791 0.32617199420928955 -0.9414060115814209
v 0.359375 0.32617199420928955 -0.9414060115814209
v 0.0 -0.2226559966802597 -0.9355469942092896
v -0.054687999188899994 -0.21289099752902985 -0.9355469942092896
v 0.054687999188899994 -0.21289099752902985 -0.9355469942092896
v 0.0 -0.1914059966802597 -0.9355469942092896
v -0.10351599752902985 -0.1835940033197403 -0.9355469942092896
v -0.04296899959445 -0.1835940033197403 -0.9355469942092896
v 0.04296899959445 -0.1835940033197403 -0.9355469942092896
v 0.10351599752902985 -0.1835940033197403 -0.9355469942092896
v -0.0820309966802597 -0.1601559966802597 -0.9355469942092896
v 0.0820309966802597 -0.1601559966802597 -0.9355469942092896
v -0.13867199420928955 -0.140625 -0.9355469942092896
v 0.13867199420928955 -0.140625 -0.9355469942092896
v -0.11132799834012985 -0.125 -0.9355469942092896
v 0.11132799834012985 -0.125 -0.9355469942092896
v -0.15820300579071045 -0.0898440033197403 -0.9355469942092896
v 0.15820300579071045 -0.0898440033197403 -0.9355469942092896
v -0.12695300579071045 -0.08398400247097015 -0.9355469942092896
v 0.12695300579071045 -0.08398400247097015 -0.9355469942092896
v -0.13085900247097015 -0.039062000811100006 -0.9355469942092896
v 0.13085900247097015 -0.039062000811100006 -0.9355469942092896
v -0.16210900247097015 -0.037108998745679855 -0.9355469942092896
v 0.16210900247097015 -0.037108998745679855 -0.9355469942092896
v -0.1171879991889 0.0039059999398887157 -0.9355469942092896
v 0.1171879991889 0.0039059999398887157 -0.9355469942092896
v -0.1445309966802597 0.017578000202775 -0.9355469942092896
v 0.1445309966802597 0.017578000202775 -0.9355469942092896
v -0.09179700165987015 0.039062000811100006 -0.9355469942092896
v 0.09179700165987015 0.039062000811100006 -0.9355469942092896
v -0.1132809966802597 0.0625 -0.9355469942092896
v 0.1132809966802597 0.0625 -0.9355469942092896
v -0.056641001254320145 0.06445299834012985 -0.9355469942092896
v 0.056641001254320145 0.06445299834012985 -0.9355469942092896
v -0.017578000202775 0.07617200165987015 -0.9355469942092896
v 0.017578000202775 0.07617200165987015 -0.9355469942092896
v -0.06835900247097015 0.09179700165987015 -0.9355469942092896
v 0.06835900247097015 0.09179700165987015 -0.9355469942092896
v -0.021484000608325005 0.10742200165987015 -0.9355469942092896
v 0.021484000608325005 0.10742200165987015 -0.9355469942092896
v 0.0 -0.17773400247097015 -0.9335939884185791
v -0.039062000811100006 -0.171875 -0.9335939884185791
v 0.039062000811100006 -0.171875 -0.9335939884185791
v -0.07226599752902985 -0.1523440033197403 -0.9335939884185791
v 0.07226599752902985 -0.1523440033197403 -0.9335939884185791
v 0.0 -0.1289059966802597 -0.9335939884185791
v -0.023437999188899994 -0.125 -0.9335939884185791
v 0.023437999188899994 -0.125 -0.9335939884185791
v -0.09960900247097015 -0.11914099752902985 -0.9335939884185791
v 0.09960900247097015 -0.11914099752902985 -0.9335939884185791
v -0.04296899959445 -0.1132809966802597 -0.9335939884185791
v 0.04296899959445 -0.1132809966802597 -0.9335939884185791
v -0.05859399959445 -0.09570299834012985 -0.9335939884185791
v 0.05859399959445 -0.09570299834012985 -0.9335939884185791
v -0.1132809966802597 -0.0820309966802597 -0.9335939884185791
v 0.1132809966802597 -0.0820309966802597 -0.9335939884185791
v -0.06835900247097015 -0.0742190033197403 -0.9335939884185791
v 0.06835900247097015 -0.0742190033197403 -0.9335939884185791
v -0.0703120008111 -0.04882799834012985 -0.9335939884185791
v 0.0703120008111 -0.04882799834012985 -0.9335939884185791
v -0.1171879991889 -0.041016001254320145 -0.9335939884185791
v 0.1171879991889 -0.041016001254320145 -0.9335939884185791
v -0.06445299834012985 -0.027343999594449997 -0.9335939884185791
v 0.06445299834012985 -0.027343999594449997 -0.9335939884185791
v -0.05078100040555 -0.0078119998797774315 -0.9335939884185791
v 0.05078100040555 -0.0078119998797774315 -0.9335939884185791
v -0.1054690033197403 -0.0039059999398887157 -0.9335939884185791
v 0.1054690033197403 -0.0039059999398887157 -0.9335939884185791
v -0.03320299834012985 0.005859000142663717 -0.9335939884185791
v 0.03320299834012985 0.005859000142663717 -0.9335939884185791
v -0.011718999594449997 0.013671999797224998 -0.9335939884185791
v 0.011718999594449997 0.013671999797224998 -0.9335939884185791
v -0.0820309966802597 0.029296999797225 -0.9335939884185791
v 0.0820309966802597 0.029296999797225 -0.9335939884185791
v -0.05078100040555 0.052733998745679855 -0.9335939884185791
v 0.05078100040555 0.052733998745679855 -0.9335939884185791
v -0.017578000202775 0.0625 -0.9335939884185791
v 0.017578000202775 0.0625 -0.9335939884185791
v 0.0 -0.2304690033197403 -0.9316409826278687
v -0.056641001254320145 -0.21875 -0.9316409826278687
v 0.056641001254320145 -0.21875 -0.9316409826278687
v -0.109375 -0.1875 -0.9316409826278687
v 0.109375 -0.1875 -0.9316409826278687
v -0.1445309966802597 -0.1445309966802597 -0.9316409826278687
v 0.1445309966802597 -0.1445309966802597 -0.9316409826278687
v -0.16601599752902985 -0.09179700165987015 -0.9316409826278687
v 0.16601599752902985 -0.09179700165987015 -0.9316409826278687
v -0.16992199420928955 -0.03515600040555 -0.9316409826278687
v 0.16992199420928955 -0.03515600040555 -0.9316409826278687
v -0.1523440033197403 0.021484000608325005 -0.9316409826278687
v 0.1523440033197403 0.021484000608325005 -0.9316409826278687
v -0.11914099752902985 0.0664059966802597 -0.9316409826278687
v 0.11914099752902985 0.0664059966802597 -0.9316409826278687
v -0.07226599752902985 0.09960900247097015 -0.9316409826278687
v 0.07226599752902985 0.09960900247097015 -0.9316409826278687
v -0.023437999188899994 0.11523400247097015 -0.9316409826278687
v 0.023437999188899994 0.11523400247097015 -0.9316409826278687
v 0.0 -0.1875 -0.9296879768371582
v 0.0 -0.18164099752902985 -0.9296879768371582
v -0.041016001254320145 -0.1796880066394806 -0.9296879768371582
v 0.041016001254320145 -0.1796880066394806 -0.9296879768371582
v -0.039062000811100006 -0.1757809966802597 -0.9296879768371582
v 0.039062000811100006 -0.1757809966802597 -0.9296879768371582
v -0.08007799834012985 -0.15820300579071045 -0.9296879768371582
v 0.08007799834012985 -0.15820300579071045 -0.9296879768371582
v -0.07617200165987015 -0.15429699420928955 -0.9296879768371582
v 0.07617200165987015 -0.15429699420928955 -0.9296879768371582
v -0.10742200165987015 -0.12304700165987015 -0.9296879768371582
v 0.10742200165987015 -0.12304700165987015 -0.9296879768371582
v -0.10351599752902985 -0.1210940033197403 -0.9296879768371582
v 0.10351599752902985 -0.1210940033197403 -0.9296879768371582
v -0.12304700165987015 -0.08398400247097015 -0.9296879768371582
v 0.12304700165987015 -0.08398400247097015 -0.9296879768371582
v -0.11914099752902985 -0.0820309966802597 -0.9296879768371582
v 0.11914099752902985 -0.0820309966802597 -0.9296879768371582
v -0.12695300579071045 -0.041016001254320145 -0.9296879768371582
v -0.1210940033197403 -0.041016001254320145 -0.9296879768371582
v 0.1210940033197403 -0.041016001254320145 -0.9296879768371582
v 0.12695300579071045 -0.041016001254320145 -0.9296879768371582
v -0.109375 -0.0 -0.9296879768371582
v 0.109375 -0.0 -0.9296879768371582
v -0.1132809966802597 0.0019529999699443579 -0.9296879768371582
v 0.1132809966802597 0.0019529999699443579 -0.9296879768371582
v -0.0859379991889 0.03320299834012985 -0.9296879768371582
v 0.0859379991889 0.03320299834012985 -0.9296879768371582
v -0.0898440033197403 0.037108998745679855 -0.9296879768371582
v 0.0898440033197403 0.037108998745679855 -0.9296879768371582
v -0.052733998745679855 0.056641001254320145 -0.9296879768371582
v 0.052733998745679855 0.056641001254320145 -0.9296879768371582
v -0.054687999188899994 0.06054700165987015 -0.9296879768371582
v 0.054687999188899994 0.06054700165987015 -0.9296879768371582
v -0.017578000202775 0.06835900247097015 -0.9296879768371582
v 0.017578000202775 0.06835900247097015 -0.9296879768371582
v -0.017578000202775 0.07226599752902985 -0.9296879768371582
v 0.017578000202775 0.07226599752902985 -0.9296879768371582
v -0.34375 -0.44726601243019104 -0.9257810115814209
v -0.3242189884185791 -0.44726601243019104 -0.9257810115814209
v 0.3242189884185791 -0.44726601243019104 -0.9257810115814209
v 0.34375 -0.44726601243019104 -0.9257810115814209
v -0.3554689884185791 -0.4296880066394806 -0.9257810115814209
v -0.3320310115814209 -0.4296880066394806 -0.9257810115814209
v -0.3125 -0.4296880066394806 -0.9257810115814209
v 0.3125 -0.4296880066394806 -0.9257810115814209
v 0.3320310115814209 -0.4296880066394806 -0.9257810115814209
v 0.3554689884185791 -0.4296880066394806 -0.9257810115814209
v -0.34375 -0.41210898756980896 -0.9257810115814209
v -0.3242189884185791 -0.41210898756980896 -0.9257810115814209
v 0.3242189884185791 -0.41210898756980896 -0.9257810115814209
v 0.34375 -0.41210898756980896 -0.9257810115814209
v 0.0 -0.1875 -0.9257810115814209
v -0.041016001254320145 -0.1796880066394806 -0.9257810115814209
v 0.041016001254320145 -0.1796880066394806 -0.9257810115814209
v -0.08007799834012985 -0.15820300579071045 -0.9257810115814209
v 0.08007799834012985 -0.15820300579071045 -0.9257810115814209
v -0.10742200165987015 -0.12304700165987015 -0.9257810115814209
v 0.10742200165987015 -0.12304700165987015 -0.9257810115814209
v -0.12304700165987015 -0.08398400247097015 -0.9257810115814209
v 0.12304700165987015 -0.08398400247097015 -0.9257810115814209
v -0.12695300579071045 -0.041016001254320145 -0.9257810115814209
v 0.12695300579071045 -0.041016001254320145 -0.9257810115814209
v -0.1132809966802597 0.0019529999699443579 -0.9257810115814209
v 0.1132809966802597 0.0019529999699443579 -0.9257810115814209
v -0.0898440033197403 0.037108998745679855 -0.9257810115814209
v 0.0898440033197403 0.037108998745679855 -0.9257810115814209
v -0.054687999188899994 0.06054700165987015 -0.9257810115814209
v 0.054687999188899994 0.06054700165987015 -0.9257810115814209
v -0.017578000202775 0.07226599752902985 -0.9257810115814209
v 0.017578000202775 0.07226599752902985 -0.9257810115814209
v -0.34375 0.265625 -0.9257810115814209
v -0.3242189884185791 0.265625 -0.9257810115814209
v 0.3242189884185791 0.265625 -0.9257810115814209
v 0.34375 0.265625 -0.9257810115814209
v -0.3554689884185791 0.28125 -0.9257810115814209
v -0.3320310115814209 0.28125 -0.9257810115814209
v -0.3125 0.28125 -0.9257810115814209
v 0.3125 0.28125 -0.9257810115814209
v 0.3320310115814209 0.28125 -0.9257810115814209
v 0.3554689884185791 0.28125 -0.9257810115814209
v -0.34375 0.29882800579071045 -0.9257810115814209
v -0.3242189884185791 0.29882800579071045 -0.9257810115814209
v 0.3242189884185791 0.29882800579071045 -0.9257810115814209
v 0.34375 0.29882800579071045 -0.9257810115814209
v -0.33789101243019104 -0.546875 -0.921875
v 0.33789101243019104 -0.546875 -0.921875
v -0.359375 -0.47460898756980896 -0.921875
v -0.3085939884185791 -0.47460898756980896 -0.921875
v 0.3085939884185791 -0.47460898756980896 -0.921875
v 0.359375 -0.47460898756980896 -0.921875
v 0.0 -0.4453119933605194 -0.921875
v -0.3867189884185791 -0.4296880066394806 -0.921875
v -0.28125 -0.4296880066394806 -0.921875
v 0.28125 -0.4296880066394806 -0.921875
v 0.3867189884185791 -0.4296880066394806 -0.921875
v -0.1523440033197403 -0.4140619933605194 -0.921875
v 0.1523440033197403 -0.4140619933605194 -0.921875
v 0.0 -0.3867189884185791 -0.921875
v -0.359375 -0.38476601243019104 -0.921875
v -0.3085939884185791 -0.38476601243019104 -0.921875
v 0.3085939884185791 -0.38476601243019104 -0.921875
v 0.359375 -0.38476601243019104 -0.921875
v -0.4296880066394806 -0.37695300579071045 -0.921875
v 0.4296880066394806 -0.37695300579071045 -0.921875
v -0.1289059966802597 -0.36132800579071045 -0.921875
v 0.1289059966802597 -0.36132800579071045 -0.921875
v -0.45117199420928955 -0.35742199420928955 -0.921875
v 0.45117199420928955 -0.35742199420928955 -0.921875
v -0.29492199420928955 -0.31445300579071045 -0.921875
v 0.29492199420928955 -0.31445300579071045 -0.921875
v -0.49804699420928955 -0.28320300579071045 -0.921875
v 0.49804699420928955 -0.28320300579071045 -0.921875
v -0.24804699420928955 -0.27539101243019104 -0.921875
v 0.24804699420928955 -0.27539101243019104 -0.921875
v 0.0 -0.234375 -0.921875
v -0.05859399959445 -0.2226559966802597 -0.921875
v 0.05859399959445 -0.2226559966802597 -0.921875
v -0.11132799834012985 -0.1914059966802597 -0.921875
v 0.11132799834012985 -0.1914059966802597 -0.921875
v -0.3710939884185791 -0.16210900247097015 -0.921875
v 0.3710939884185791 -0.16210900247097015 -0.921875
v -0.3125 -0.14648400247097015 -0.921875
v -0.1484380066394806 -0.14648400247097015 -0.921875
v 0.1484380066394806 -0.14648400247097015 -0.921875
v 0.3125 -0.14648400247097015 -0.921875
v -0.16992199420928955 -0.09375 -0.921875
v 0.16992199420928955 -0.09375 -0.921875
v -0.1757809966802597 -0.03515600040555 -0.921875
v 0.1757809966802597 -0.03515600040555 -0.921875
v -0.15625 0.023437999188899994 -0.921875
v 0.15625 0.023437999188899994 -0.921875
v -0.3125 0.03320299834012985 -0.921875
v 0.3125 0.03320299834012985 -0.921875
v -0.3710939884185791 0.04882799834012985 -0.921875
v 0.3710939884185791 0.04882799834012985 -0.921875
v -0.12304700165987015 0.0703120008111 -0.921875
v 0.12304700165987015 0.0703120008111 -0.921875
v -0.0742190033197403 0.10351599752902985 -0.921875
v 0.0742190033197403 0.10351599752902985 -0.921875
v -0.023437999188899994 0.11914099752902985 -0.921875
v 0.023437999188899994 0.11914099752902985 -0.921875
v -0.24804699420928955 0.15820300579071045 -0.921875
v 0.24804699420928955 0.15820300579071045 -0.921875
v -0.49804699420928955 0.17382800579071045 -0.921875
v 0.49804699420928955 0.17382800579071045 -0.921875
v -0.29492199420928955 0.19726599752902985 -0.921875
v 0.29492199420928955 0.19726599752902985 -0.921875
v -0.47070300579071045 0.2109380066394806 -0.921875
v 0.47070300579071045 0.2109380066394806 -0.921875
v -0.359375 0.2382809966802597 -0.921875
v -0.3085939884185791 0.2382809966802597 -0.921875
v 0.3085939884185791 0.2382809966802597 -0.921875
v 0.359375 0.2382809966802597 -0.921875
v -0.1289059966802597 0.2460940033197403 -0.921875
v 0.1289059966802597 0.2460940033197403 -0.921875
v 0.0 0.2734380066394806 -0.921875
v -0.3867189884185791 0.28125 -0.921875
v -0.28125 0.28125 -0.921875
v 0.28125 0.28125 -0.921875
v 0.3867189884185791 0.28125 -0.921875
v -0.38476601243019104 0.28710898756980896 -0.921875
v 0.38476601243019104 0.28710898756980896 -0.921875
v -0.1523440033197403 0.3007810115814209 -0.921875
v 0.1523440033197403 0.3007810115814209 -0.921875
v -0.33398398756980896 0.32617199420928955 -0.921875
v -0.3085939884185791 0.32617199420928955 -0.921875
v 0.3085939884185791 0.32617199420928955 -0.921875
v 0.33398398756980896 0.32617199420928955 -0.921875
v 0.0 0.3320310115814209 -0.921875
v -0.20117199420928955 0.453125 -0.921875
v 0.20117199420928955 0.453125 -0.921875
v 0.47460898756980896 0.2148440033197403 -0.918956995010376
v -0.3477970063686371 0.32632899284362793 -0.9187520146369934
v -0.47460898756980896 0.2148440033197403 -0.9187219738960266
v 0.34772399067878723 0.3262459933757782 -0.9185479879379272
v 0.2030559927225113 0.4569529891014099 -0.9182019829750061
v -0.3398439884185791 -0.5527340173721313 -0.9179689884185791
v 0.3398439884185791 -0.5527340173721313 -0.9179689884185791
v -0.4335939884185791 -0.3789060115814209 -0.9179689884185791
v 0.4335939884185791 -0.3789060115814209 -0.9179689884185791
v -0.45507800579071045 -0.36132800579071045 -0.9179689884185791
v 0.45507800579071045 -0.36132800579071045 -0.9179689884185791
v -0.5019530057907104 -0.28710898756980896 -0.9179689884185791
v 0.5019530057907104 -0.28710898756980896 -0.9179689884185791
v -0.5039060115814209 -0.27929699420928955 -0.9179689884185791
v 0.5039060115814209 -0.27929699420928955 -0.9179689884185791
v -0.5039060115814209 0.171875 -0.9179689884185791
v 0.5039060115814209 0.171875 -0.9179689884185791
v -0.5 0.1796880066394806 -0.9179689884185791
v 0.5 0.1796880066394806 -0.9179689884185791
v -0.359375 0.32617199420928955 -0.9179689884185791
v 0.359375 0.32617199420928955 -0.9179689884185791
v -0.20317700505256653 0.45708999037742615 -0.9179549813270569
v 0.3826749920845032 0.2947700023651123 -0.917622983455658
v 0.35735300183296204 0.32218798995018005 -0.9172130227088928
v -0.3574739992618561 0.3223249912261963 -0.9172019958496094
v -0.38272398710250854 0.2948240041732788 -0.9171720147132874
v -0.2421880066394806 -0.5546879768371582 -0.8828120231628418
v 0.2421880066394806 -0.5546879768371582 -0.8828120231628418
v -0.171875 -0.6015620231628418 -0.7871090173721313
v 0.171875 -0.6015620231628418 -0.7871090173721313
v -0.25 -0.6152340173721313 -0.6875
v 0.25 -0.6152340173721313 -0.6875
v -0.5507810115814209 -0.6132810115814209 -0.6875
v 0.5507810115814209 -0.6132810115814209 -0.6875
v -0.171875 -0.6015620231628418 -0.6875
v 0.171875 -0.6015620231628418 -0.6875
v -0.2421880066394806 -0.5546879768371582 -0.6875
v -0.23632800579071045 -0.5546879768371582 -0.6875
v 0.23632800579071045 -0.5546879768371582 -0.6875
v 0.2421880066394806 -0.5546879768371582 -0.6875
v -0.3398439884185791 -0.5527340173721313 -0.6875
v 0.3398439884185791 -0.5527340173721313 -0.6875
v -0.5507810115814209 -0.4804689884185791 -0.6875
v 0.5507810115814209 -0.4804689884185791 -0.6875
v -0.44335898756980896 -0.4453119933605194 -0.6875
v 0.44335898756980896 -0.4453119933605194 -0.6875
v -0.546875 -0.6289060115814209 -0.6777340173721313
v -0.25195300579071045 -0.6289060115814209 -0.6777340173721313
v 0.25195300579071045 -0.6289060115814209 -0.6777340173721313
v 0.546875 -0.6289060115814209 -0.6777340173721313
v -0.5488280057907104 -0.4726560115814209 -0.6777340173721313
v 0.5488280057907104 -0.4726560115814209 -0.6777340173721313
v -0.45117199420928955 -0.4414060115814209 -0.6777340173721313
v 0.45117199420928955 -0.4414060115814209 -0.6777340173721313
v -0.4335939884185791 -0.3789060115814209 -0.671875
v 0.4335939884185791 -0.3789060115814209 -0.671875
v -0.2226559966802597 -0.5976560115814209 -0.6640620231628418
v 0.2226559966802597 -0.5976560115814209 -0.6640620231628418
v -0.20898400247097015 -0.5605469942092896 -0.6640620231628418
v 0.20898400247097015 -0.5605469942092896 -0.6640620231628418
v -0.4335939884185791 -0.3828119933605194 -0.6640620231628418
v 0.4335939884185791 -0.3828119933605194 -0.6640620231628418
v -0.4335939884185791 -0.36523398756980896 -0.65625
v 0.4335939884185791 -0.36523398756980896 -0.65625
v -0.45507800579071045 -0.36132800579071045 -0.6523439884185791
v 0.45507800579071045 -0.36132800579071045 -0.6523439884185791
v -0.6035159826278687 -0.6132810115814209 -0.6503909826278687
v 0.6035159826278687 -0.6132810115814209 -0.6503909826278687
v -0.6035159826278687 -0.47460898756980896 -0.6503909826278687
v 0.6035159826278687 -0.47460898756980896 -0.6503909826278687
v -0.45117199420928955 -0.35742199420928955 -0.6464840173721313
v 0.45117199420928955 -0.35742199420928955 -0.6464840173721313
v -0.42773398756980896 -0.3242189884185791 -0.6445310115814209
v 0.42773398756980896 -0.3242189884185791 -0.6445310115814209
v -0.4335939884185791 -0.31835898756980896 -0.6445310115814209
v 0.4335939884185791 -0.31835898756980896 -0.6445310115814209
v -0.609375 -0.6132810115814209 -0.6425780057907104
v 0.609375 -0.6132810115814209 -0.6425780057907104
v -0.609375 -0.47460898756980896 -0.6425780057907104
v 0.609375 -0.47460898756980896 -0.6425780057907104
v -0.6035159826278687 -0.46875 -0.6425780057907104
v 0.6035159826278687 -0.46875 -0.6425780057907104
v -0.59375 -0.6289060115814209 -0.640625
v 0.59375 -0.6289060115814209 -0.640625
v -0.4375 -0.31054699420928955 -0.6386719942092896
v 0.4375 -0.31054699420928955 -0.6386719942092896
v -0.5019530057907104 -0.28710898756980896 -0.6308590173721313
v 0.5019530057907104 -0.28710898756980896 -0.6308590173721313
v -0.5039060115814209 -0.27929699420928955 -0.6308590173721313
v 0.5039060115814209 -0.27929699420928955 -0.6308590173721313
v -0.5039060115814209 0.171875 -0.6308590173721313
v 0.5039060115814209 0.171875 -0.6308590173721313
v -0.5 0.1796880066394806 -0.6308590173721313
v 0.5 0.1796880066394806 -0.6308590173721313
v -0.47460898756980896 0.2148440033197403 -0.6308590173721313
v 0.47460898756980896 0.2148440033197403 -0.6308590173721313
v 0.203125 0.4570310115814209 -0.6308590173721313
v -0.49804699420928955 -0.28320300579071045 -0.6269530057907104
v 0.49804699420928955 -0.28320300579071045 -0.6269530057907104
v -0.4375 -0.234375 -0.6269530057907104
v 0.4375 -0.234375 -0.6269530057907104
v -0.46875 -0.2265619933605194 -0.6269530057907104
v 0.46875 -0.2265619933605194 -0.6269530057907104
v -0.4921880066394806 -0.2070309966802597 -0.6269530057907104
v 0.4921880066394806 -0.2070309966802597 -0.6269530057907104
v -0.4921880066394806 0.0742190033197403 -0.6269530057907104
v 0.4921880066394806 0.0742190033197403 -0.6269530057907104
v -0.45507800579071045 0.109375 -0.6269530057907104
v 0.45507800579071045 0.109375 -0.6269530057907104
v -0.49804699420928955 0.17382800579071045 -0.6269530057907104
v 0.49804699420928955 0.17382800579071045 -0.6269530057907104
v -0.45507800579071045 0.2070309966802597 -0.6269530057907104
v 0.45507800579071045 0.2070309966802597 -0.6269530057907104
v -0.47070300579071045 0.2109380066394806 -0.6269530057907104
v 0.47070300579071045 0.2109380066394806 -0.6269530057907104
v -0.29882800579071045 0.36523398756980896 -0.6269530057907104
v 0.29882800579071045 0.36523398756980896 -0.6269530057907104
v -0.23632800579071045 0.3984380066394806 -0.6269530057907104
v 0.23632800579071045 0.3984380066394806 -0.6269530057907104
v -0.20117199420928955 0.4375 -0.6269530057907104
v 0.20117199420928955 0.4375 -0.6269530057907104
v -0.203125 0.4570310115814209 -0.6269530057907104
v 0.203125 0.4570310115814209 -0.6269530057907104
v -0.5214840173721313 -0.6289060115814209 -0.6054689884185791
v -0.4960939884185791 -0.6289060115814209 -0.6054689884185791
v 0.4960939884185791 -0.6289060115814209 -0.6054689884185791
v 0.5214840173721313 -0.6289060115814209 -0.6054689884185791
v -0.5214840173721313 -0.46679699420928955 -0.5996090173721313
v 0.5214840173721313 -0.46679699420928955 -0.5996090173721313
v -0.49804699420928955 -0.46289101243019104 -0.5996090173721313
v 0.49804699420928955 -0.46289101243019104 -0.5996090173721313
v -0.5214840173721313 -0.6230469942092896 -0.5976560115814209
v -0.49804699420928955 -0.6230469942092896 -0.5976560115814209
v 0.49804699420928955 -0.6230469942092896 -0.5976560115814209
v 0.5214840173721313 -0.6230469942092896 -0.5976560115814209
v -0.5214840173721313 -0.46875 -0.5976560115814209
v 0.5214840173721313 -0.46875 -0.5976560115814209
v -0.49804699420928955 -0.46679699420928955 -0.5976560115814209
v 0.49804699420928955 -0.46679699420928955 -0.5976560115814209
v -0.5429689884185791 -0.6289060115814209 -0.59375
v -0.4765619933605194 -0.6289060115814209 -0.59375
v 0.4765619933605194 -0.6289060115814209 -0.59375
v 0.5429689884185791 -0.6289060115814209 -0.59375
v -0.5390620231628418 -0.6230469942092896 -0.5898439884185791
v -0.4804689884185791 -0.6230469942092896 -0.5898439884185791
v 0.4804689884185791 -0.6230469942092896 -0.5898439884185791
v 0.5390620231628418 -0.6230469942092896 -0.5898439884185791
v -0.5390620231628418 -0.47070300579071045 -0.5898439884185791
v 0.5390620231628418 -0.47070300579071045 -0.5898439884185791
v -0.5390620231628418 -0.46875 -0.5898439884185791
v 0.5390620231628418 -0.46875 -0.5898439884185791
v -0.4804689884185791 -0.46289101243019104 -0.5898439884185791
v 0.4804689884185791 -0.46289101243019104 -0.5898439884185791
v -0.4804689884185791 -0.45898398756980896 -0.5898439884185791
v 0.4804689884185791 -0.45898398756980896 -0.5898439884185791
v -0.5566409826278687 -0.6289060115814209 -0.5742189884185791
v -0.46289101243019104 -0.6289060115814209 -0.5742189884185791
v 0.46289101243019104 -0.6289060115814209 -0.5742189884185791
v 0.5566409826278687 -0.6289060115814209 -0.5742189884185791
v -0.46679699420928955 -0.45507800579071045 -0.5742189884185791
v 0.46679699420928955 -0.45507800579071045 -0.5742189884185791
v -0.5507810115814209 -0.6230469942092896 -0.5722659826278687
v -0.46875 -0.6230469942092896 -0.5722659826278687
v 0.46875 -0.6230469942092896 -0.5722659826278687
v 0.5507810115814209 -0.6230469942092896 -0.5722659826278687
v -0.5507810115814209 -0.47070300579071045 -0.5722659826278687
v 0.5507810115814209 -0.47070300579071045 -0.5722659826278687
v -0.46875 -0.45898398756980896 -0.5722659826278687
v 0.46875 -0.45898398756980896 -0.5722659826278687
v -0.5625 -0.6289060115814209 -0.5488280057907104
v -0.45898398756980896 -0.6289060115814209 -0.5488280057907104
v 0.45898398756980896 -0.6289060115814209 -0.5488280057907104
v 0.5625 -0.6289060115814209 -0.5488280057907104
v -0.5566409826278687 -0.6230469942092896 -0.5488280057907104
v -0.4648439884185791 -0.6230469942092896 -0.5488280057907104
v 0.4648439884185791 -0.6230469942092896 -0.5488280057907104
v 0.5566409826278687 -0.6230469942092896 -0.5488280057907104
v -0.5566409826278687 -0.47070300579071045 -0.5488280057907104
v 0.5566409826278687 -0.47070300579071045 -0.5488280057907104
v -0.4648439884185791 -0.4570310115814209 -0.5488280057907104
v 0.4648439884185791 -0.4570310115814209 -0.5488280057907104
v -0.46289101243019104 -0.453125 -0.5488280057907104
v 0.46289101243019104 -0.453125 -0.5488280057907104
v -0.5507810115814209 -0.6230469942092896 -0.5253909826278687
v -0.46875 -0.6230469942092896 -0.5253909826278687
v 0.46875 -0.6230469942092896 -0.5253909826278687
v 0.5507810115814209 -0.6230469942092896 -0.5253909826278687
v -0.5507810115814209 -0.47070300579071045 -0.5253909826278687
v 0.5507810115814209 -0.47070300579071045 -0.5253909826278687
v -0.46875 -0.45898398756980896 -0.5253909826278687
v 0.46875 -0.45898398756980896 -0.5253909826278687
v -0.5566409826278687 -0.6289060115814209 -0.5234379768371582
v -0.46289101243019104 -0.6289060115814209 -0.5234379768371582
v 0.46289101243019104 -0.6289060115814209 -0.5234379768371582
v 0.5566409826278687 -0.6289060115814209 -0.5234379768371582
v -0.46679699420928955 -0.45507800579071045 -0.5234379768371582
v 0.46679699420928955 -0.45507800579071045 -0.5234379768371582
v -0.26367199420928955 0.38476601243019104 -0.5234379768371582
v 0.26367199420928955 0.38476601243019104 -0.5234379768371582
v -0.23632800579071045 0.3984380066394806 -0.5234379768371582
v 0.23632800579071045 0.3984380066394806 -0.5234379768371582
v -0.20117199420928955 0.4375 -0.5234379768371582
v 0.20117199420928955 0.4375 -0.5234379768371582
v -0.265625 0.5019530057907104 -0.5234379768371582
v 0.265625 0.5019530057907104 -0.5234379768371582
v -0.26367199420928955 0.5039060115814209 -0.5195310115814209
v 0.26367199420928955 0.5039060115814209 -0.5195310115814209
v -0.5390620231628418 -0.6230469942092896 -0.5078120231628418
v -0.4804689884185791 -0.6230469942092896 -0.5078120231628418
v 0.4804689884185791 -0.6230469942092896 -0.5078120231628418
v 0.5390620231628418 -0.6230469942092896 -0.5078120231628418
v -0.5390620231628418 -0.47070300579071045 -0.5078120231628418
v 0.5390620231628418 -0.47070300579071045 -0.5078120231628418
v -0.5390620231628418 -0.46875 -0.5078120231628418
v 0.5390620231628418 -0.46875 -0.5078120231628418
v -0.4804689884185791 -0.46289101243019104 -0.5078120231628418
v 0.4804689884185791 -0.46289101243019104 -0.5078120231628418
v -0.4804689884185791 -0.45898398756980896 -0.5078120231628418
v 0.4804689884185791 -0.45898398756980896 -0.5078120231628418
v -0.2304690033197403 0.5039060115814209 -0.5058590173721313
v 0.2304690033197403 0.5039060115814209 -0.5058590173721313
v -0.2304690033197403 0.53125 -0.5058590173721313
v 0.2304690033197403 0.53125 -0.5058590173721313
v -0.5429689884185791 -0.6289060115814209 -0.5019530057907104
v -0.4765619933605194 -0.6289060115814209 -0.5019530057907104
v 0.4765619933605194 -0.6289060115814209 -0.5019530057907104
v 0.5429689884185791 -0.6289060115814209 -0.5019530057907104
v -0.28320300579071045 0.38085898756980896 -0.5019530057907104
v 0.28320300579071045 0.38085898756980896 -0.5019530057907104
v -0.2851560115814209 0.5019530057907104 -0.5019530057907104
v 0.2851560115814209 0.5019530057907104 -0.5019530057907104
v -0.2812489867210388 0.5045300126075745 -0.5000010132789612
v 0.28125 0.503715991973877 -0.5
v -0.2304690033197403 0.5351560115814209 -0.5
v 0.2304690033197403 0.5351560115814209 -0.5
v -0.5214840173721313 -0.6230469942092896 -0.49804699420928955
v -0.49804699420928955 -0.6230469942092896 -0.49804699420928955
v 0.49804699420928955 -0.6230469942092896 -0.49804699420928955
v 0.5214840173721313 -0.6230469942092896 -0.49804699420928955
v -0.5214840173721313 -0.46875 -0.49804699420928955
v 0.5214840173721313 -0.46875 -0.49804699420928955
v -0.5214840173721313 -0.46679699420928955 -0.49804699420928955
v -0.49804699420928955 -0.46679699420928955 -0.49804699420928955
v 0.49804699420928955 -0.46679699420928955 -0.49804699420928955
v 0.5214840173721313 -0.46679699420928955 -0.49804699420928955
v -0.49804699420928955 -0.46289101243019104 -0.49804699420928955
v 0.49804699420928955 -0.46289101243019104 -0.49804699420928955
v -0.2539060115814209 0.5039060115814209 -0.4960939884185791
v -0.20898400247097015 0.5039060115814209 -0.4960939884185791
v 0.20898400247097015 0.5039060115814209 -0.4960939884185791
v 0.2539060115814209 0.5039060115814209 -0.4960939884185791
v -0.2539060115814209 0.53125 -0.4960939884185791
v -0.20898400247097015 0.53125 -0.4960939884185791
v 0.20898400247097015 0.53125 -0.4960939884185791
v 0.2539060115814209 0.53125 -0.4960939884185791
v -0.25195300579071045 0.5351560115814209 -0.4921880066394806
v -0.2109380066394806 0.5351560115814209 -0.4921880066394806
v 0.2109380066394806 0.5351560115814209 -0.4921880066394806
v 0.25195300579071045 0.5351560115814209 -0.4921880066394806
v -0.5214840173721313 -0.6289060115814209 -0.49023398756980896
v -0.4960939884185791 -0.6289060115814209 -0.49023398756980896
v 0.4960939884185791 -0.6289060115814209 -0.49023398756980896
v 0.5214840173721313 -0.6289060115814209 -0.49023398756980896
v -0.2675510048866272 0.5038290023803711 -0.4843760132789612
v -0.19335900247097015 0.5039060115814209 -0.484375
v 0.19335900247097015 0.5039060115814209 -0.484375
v 0.26757800579071045 0.5039060115814209 -0.484375
v -0.26757800579071045 0.53125 -0.484375
v -0.19335900247097015 0.53125 -0.484375
v 0.19335900247097015 0.53125 -0.484375
v 0.26757800579071045 0.53125 -0.484375
v -0.2617189884185791 0.5351560115814209 -0.48242199420928955
v -0.1992190033197403 0.5351560115814209 -0.48242199420928955
v 0.1992190033197403 0.5351560115814209 -0.48242199420928955
v 0.2617189884185791 0.5351560115814209 -0.48242199420928955
v -0.15820300579071045 0.5039060115814209 -0.47851601243019104
v 0.15820300579071045 0.5039060115814209 -0.47851601243019104
v -0.2304690033197403 0.5351560115814209 -0.4648439884185791
v 0.2304690033197403 0.5351560115814209 -0.4648439884185791
v -0.59375 -0.6289060115814209 -0.45898398756980896
v 0.59375 -0.6289060115814209 -0.45898398756980896
v -0.609375 -0.6132810115814209 -0.4570310115814209
v 0.609375 -0.6132810115814209 -0.4570310115814209
v -0.609375 -0.47460898756980896 -0.4570310115814209
v 0.609375 -0.47460898756980896 -0.4570310115814209
v -0.6035159826278687 -0.46875 -0.4570310115814209
v 0.6035159826278687 -0.46875 -0.4570310115814209
v -0.6035159826278687 -0.6132810115814209 -0.4492189884185791
v 0.6035159826278687 -0.6132810115814209 -0.4492189884185791
v -0.6035159826278687 -0.47460898756980896 -0.4492189884185791
v 0.6035159826278687 -0.47460898756980896 -0.4492189884185791
v -0.2617189884185791 0.5351560115814209 -0.4453119933605194
v -0.1992190033197403 0.5351560115814209 -0.4453119933605194
v 0.1992190033197403 0.5351560115814209 -0.4453119933605194
v 0.2617189884185791 0.5351560115814209 -0.4453119933605194
v -0.2675490081310272 0.5037450194358826 -0.44336000084877014
v -0.19335900247097015 0.5039060115814209 -0.44335898756980896
v 0.19335900247097015 0.5039060115814209 -0.44335898756980896
v 0.26757800579071045 0.503944993019104 -0.44335898756980896
v -0.26757800579071045 0.53125 -0.44335898756980896
v -0.19335900247097015 0.53125 -0.44335898756980896
v 0.19335900247097015 0.53125 -0.44335898756980896
v 0.26757800579071045 0.53125 -0.44335898756980896
v -0.25195300579071045 0.5351560115814209 -0.43554699420928955
v -0.2109380066394806 0.5351560115814209 -0.43554699420928955
v 0.2109380066394806 0.5351560115814209 -0.43554699420928955
v 0.25195300579071045 0.5351560115814209 -0.43554699420928955
v -0.2226559966802597 -0.5976560115814209 -0.4335939884185791
v 0.2226559966802597 -0.5976560115814209 -0.4335939884185791
v -0.20898400247097015 -0.5605469942092896 -0.4335939884185791
v 0.20898400247097015 -0.5605469942092896 -0.4335939884185791
v -0.15625 0.6269530057907104 -0.4335939884185791
v 0.15625 0.6269530057907104 -0.4335939884185791
v -0.2539060115814209 0.5039060115814209 -0.43164101243019104
v -0.20898400247097015 0.5039060115814209 -0.43164101243019104
v 0.20898400247097015 0.5039060115814209 -0.43164101243019104
v 0.2539060115814209 0.5047240257263184 -0.43164101243019104
v -0.2539060115814209 0.53125 -0.43164101243019104
v -0.20898400247097015 0.53125 -0.43164101243019104
v 0.20898400247097015 0.53125 -0.43164101243019104
v 0.2539060115814209 0.53125 -0.43164101243019104
v -0.15429699420928955 0.6289060115814209 -0.4296880066394806
v 0.15429699420928955 0.6289060115814209 -0.4296880066394806
v -0.2304690033197403 0.5351560115814209 -0.42773398756980896
v 0.2304690033197403 0.5351560115814209 -0.42773398756980896
v -0.2304690033197403 0.5039060115814209 -0.421875
v -0.1992190033197403 0.5039060115814209 -0.421875
v 0.1992190033197403 0.5039060115814209 -0.421875
v 0.2304690033197403 0.5039060115814209 -0.421875
v -0.2304690033197403 0.53125 -0.421875
v 0.2304690033197403 0.53125 -0.421875
v -0.546875 -0.6289060115814209 -0.41992199420928955
v -0.25195300579071045 -0.6289060115814209 -0.41992199420928955
v 0.25195300579071045 -0.6289060115814209 -0.41992199420928955
v 0.546875 -0.6289060115814209 -0.41992199420928955
v -0.5488280057907104 -0.4726560115814209 -0.41992199420928955
v 0.5488280057907104 -0.4726560115814209 -0.41992199420928955
v -0.45117199420928955 -0.4414060115814209 -0.41992199420928955
v 0.45117199420928955 -0.4414060115814209 -0.41992199420928955
v -0.4335939884185791 -0.3828119933605194 -0.4140619933605194
v 0.4335939884185791 -0.3828119933605194 -0.4140619933605194
v -0.25 -0.6152340173721313 -0.41210898756980896
v 0.25 -0.6152340173721313 -0.41210898756980896
v -0.5507810115814209 -0.6132810115814209 -0.41210898756980896
v 0.5507810115814209 -0.6132810115814209 -0.41210898756980896
v -0.23242199420928955 -0.5410159826278687 -0.41210898756980896
v 0.23242199420928955 -0.5410159826278687 -0.41210898756980896
v -0.27929699420928955 -0.49023398756980896 -0.41210898756980896
v 0.27929699420928955 -0.49023398756980896 -0.41210898756980896
v -0.5507810115814209 -0.4804689884185791 -0.41210898756980896
v 0.5507810115814209 -0.4804689884185791 -0.41210898756980896
v -0.44335898756980896 -0.4453119933605194 -0.41210898756980896
v 0.44335898756980896 -0.4453119933605194 -0.41210898756980896
v -0.42773398756980896 -0.3828119933605194 -0.40625
v 0.42773398756980896 -0.3828119933605194 -0.40625
v -0.42773398756980896 -0.3242189884185791 -0.40039101243019104
v 0.42773398756980896 -0.3242189884185791 -0.40039101243019104
v -0.2539040148258209 0.5044460296630859 -0.39257898926734924
v 0.2539060115814209 0.5045340061187744 -0.39257800579071045
v -0.171875 -0.6015620231628418 -0.37304699420928955
v 0.171875 -0.6015620231628418 -0.37304699420928955
v -0.2226559966802597 0.6269530057907104 -0.3671880066394806
v 0.2226559966802597 0.6269530057907104 -0.3671880066394806
v -0.21875 0.6289060115814209 -0.36523398756980896
v 0.21875 0.6289060115814209 -0.36523398756980896
v -0.2460940033197403 -0.5546879768371582 -0.3476560115814209
v 0.2460940033197403 -0.5546879768371582 -0.3476560115814209
v 0.0 0.6289060115814209 -0.0820309966802597
v -0.21875 0.6289060115814209 0.06445299834012985
v 0.21875 0.6289060115814209 0.06445299834012985
v -0.2226559966802597 0.6269530057907104 0.0664059966802597
v 0.2226559966802597 0.6269530057907104 0.0664059966802597
v -0.25387701392173767 0.5048909783363342 0.08984199911355972
v 0.2539060115814209 0.5044159889221191 0.0898440033197403
v -0.2460940033197403 -0.5546879768371582 0.09570299834012985
v 0.2460940033197403 -0.5546879768371582 0.09570299834012985
v -0.2304690033197403 0.504073977470398 0.11523400247097015
v 0.2304690033197403 0.5042319893836975 0.11523400247097015
v -0.2304690033197403 0.53125 0.11523400247097015
v 0.2304690033197403 0.53125 0.11523400247097015
v -0.1992190033197403 0.5046600103378296 0.11913999915122986
v 0.1992190033197403 0.5047420263290405 0.11914099752902985
v -0.2304690033197403 0.5351560115814209 0.1210940033197403
v 0.2304690033197403 0.5351560115814209 0.1210940033197403
v -0.171875 -0.6015620231628418 0.12304700165987015
v 0.171875 -0.6015620231628418 0.12304700165987015
v -0.2539060115814209 0.5038210153579712 0.12499900162220001
v 0.2539060115814209 0.5038009881973267 0.125
v -0.20898400247097015 0.5047439932823181 0.125
v 0.20898400247097015 0.50484699010849 0.125
v -0.2539060115814209 0.53125 0.125
v -0.20898400247097015 0.53125 0.125
v 0.20898400247097015 0.53125 0.125
v 0.2539060115814209 0.53125 0.125
v -0.25195300579071045 0.5351560115814209 0.1289059966802597
v -0.2109380066394806 0.5351560115814209 0.1289059966802597
v 0.2109380066394806 0.5351560115814209 0.1289059966802597
v 0.25195300579071045 0.5351560115814209 0.1289059966802597
v -0.15429699420928955 0.6289060115814209 0.1289059966802597
v 0.15429699420928955 0.6289060115814209 0.1289059966802597
v -0.15625 0.6269530057907104 0.1328119933605194
v 0.15625 0.6269530057907104 0.1328119933605194
v -0.26757800579071045 0.5031239986419678 0.1367190033197403
v -0.19335900247097015 0.5039060115814209 0.1367190033197403
v 0.19335900247097015 0.5039060115814209 0.1367190033197403
v 0.26757800579071045 0.5039060115814209 0.1367190033197403
v -0.26757800579071045 0.53125 0.1367190033197403
v -0.19335900247097015 0.53125 0.1367190033197403
v 0.19335900247097015 0.53125 0.1367190033197403
v 0.26757800579071045 0.53125 0.1367190033197403
v -0.2617189884185791 0.5351560115814209 0.13867199420928955
v -0.1992190033197403 0.5351560115814209 0.13867199420928955
v 0.1992190033197403 0.5351560115814209 0.13867199420928955
v 0.2617189884185791 0.5351560115814209 0.13867199420928955
v -0.42773398756980896 -0.3242189884185791 0.1484380066394806
v 0.42773398756980896 -0.3242189884185791 0.1484380066394806
v -0.42773398756980896 -0.3828119933605194 0.15429699420928955
v 0.42773398756980896 -0.3828119933605194 0.15429699420928955
v -0.2304690033197403 0.5351560115814209 0.15625
v 0.2304690033197403 0.5351560115814209 0.15625
v -0.25 -0.6152340173721313 0.1601559966802597
v 0.25 -0.6152340173721313 0.1601559966802597
v -0.5507810115814209 -0.6132810115814209 0.1601559966802597
v 0.5507810115814209 -0.6132810115814209 0.1601559966802597
v -0.23242199420928955 -0.5410159826278687 0.1601559966802597
v 0.23242199420928955 -0.5410159826278687 0.1601559966802597
v -0.27929699420928955 -0.49023398756980896 0.1601559966802597
v 0.27929699420928955 -0.49023398756980896 0.1601559966802597
v -0.5507810115814209 -0.4804689884185791 0.1601559966802597
v 0.5507810115814209 -0.4804689884185791 0.1601559966802597
v -0.44335898756980896 -0.4453119933605194 0.1601559966802597
v 0.44335898756980896 -0.4453119933605194 0.1601559966802597
v -0.4335939884185791 -0.3828119933605194 0.16210900247097015
v 0.4335939884185791 -0.3828119933605194 0.16210900247097015
v -0.5488280057907104 -0.4726560115814209 0.1679690033197403
v 0.5488280057907104 -0.4726560115814209 0.1679690033197403
v -0.45117199420928955 -0.4414060115814209 0.1679690033197403
v 0.45117199420928955 -0.4414060115814209 0.1679690033197403
v -0.546875 -0.6289060115814209 0.16992199420928955
v -0.25195300579071045 -0.6289060115814209 0.16992199420928955
v 0.25195300579071045 -0.6289060115814209 0.16992199420928955
v 0.546875 -0.6289060115814209 0.16992199420928955
v -0.2617189884185791 0.5351560115814209 0.1757809966802597
v -0.1992190033197403 0.5351560115814209 0.1757809966802597
v 0.1992190033197403 0.5351560115814209 0.1757809966802597
v 0.2617189884185791 0.5351560115814209 0.1757809966802597
v -0.26757800579071045 0.5038419961929321 0.17773400247097015
v -0.19335900247097015 0.5039060115814209 0.17773400247097015
v -0.1445309966802597 0.5039060115814209 0.17773400247097015
v 0.1445309966802597 0.5039060115814209 0.17773400247097015
v 0.19335900247097015 0.5039060115814209 0.17773400247097015
v 0.26757800579071045 0.5039060115814209 0.17773400247097015
v -0.26757800579071045 0.53125 0.17773400247097015
v -0.19335900247097015 0.53125 0.17773400247097015
v 0.19335900247097015 0.53125 0.17773400247097015
v 0.26757800579071045 0.53125 0.17773400247097015
v -0.2226559966802597 -0.5976560115814209 0.18164099752902985
v 0.2226559966802597 -0.5976560115814209 0.18164099752902985
v -0.20898400247097015 -0.5605469942092896 0.18164099752902985
v 0.20898400247097015 -0.5605469942092896 0.18164099752902985
v -0.25195300579071045 0.5351560115814209 0.18554699420928955
v -0.2109380066394806 0.5351560115814209 0.18554699420928955
v 0.2109380066394806 0.5351560115814209 0.18554699420928955
v 0.25195300579071045 0.5351560115814209 0.18554699420928955
v -0.2539060115814209 0.5039060115814209 0.18945300579071045
v -0.20898400247097015 0.5039060115814209 0.18945300579071045
v 0.20898400247097015 0.5039060115814209 0.18945300579071045
v 0.2539060115814209 0.5039060115814209 0.18945300579071045
v -0.2539060115814209 0.53125 0.18945300579071045
v -0.20898400247097015 0.53125 0.18945300579071045
v 0.20898400247097015 0.53125 0.18945300579071045
v 0.2539060115814209 0.53125 0.18945300579071045
v -0.2304690033197403 0.5351560115814209 0.19335900247097015
v 0.2304690033197403 0.5351560115814209 0.19335900247097015
v -0.6035159826278687 -0.6132810115814209 0.19726599752902985
v 0.6035159826278687 -0.6132810115814209 0.19726599752902985
v -0.6035159826278687 -0.47460898756980896 0.19726599752902985
v 0.6035159826278687 -0.47460898756980896 0.19726599752902985
v -0.28320300579071045 0.38085898756980896 0.19726599752902985
v 0.28320300579071045 0.38085898756980896 0.19726599752902985
v -0.2851560115814209 0.5019530057907104 0.19726599752902985
v 0.2851560115814209 0.5019530057907104 0.19726599752902985
v 0.28125 0.5044950246810913 0.19726599752902985
v -0.28125 0.5046240091323853 0.19726599752902985
v -0.2304690033197403 0.5039060115814209 0.1992190033197403
v 0.2304690033197403 0.5039060115814209 0.1992190033197403
v -0.2304690033197403 0.53125 0.1992190033197403
v 0.2304690033197403 0.53125 0.1992190033197403
v -0.6035159826278687 -0.46875 0.203125
v 0.6035159826278687 -0.46875 0.203125
v -0.609375 -0.6132810115814209 0.20507800579071045
v 0.609375 -0.6132810115814209 0.20507800579071045
v -0.609375 -0.47460898756980896 0.20507800579071045
v 0.609375 -0.47460898756980896 0.20507800579071045
v -0.59375 -0.6289060115814209 0.2070309966802597
v 0.59375 -0.6289060115814209 0.2070309966802597
v -0.26367199420928955 0.5039060115814209 0.2148440033197403
v 0.26367199420928955 0.5039060115814209 0.2148440033197403
v -0.26367199420928955 0.38476601243019104 0.21875
v 0.26367199420928955 0.38476601243019104 0.21875
v -0.23632800579071045 0.3984380066394806 0.21875
v 0.23632800579071045 0.3984380066394806 0.21875
v -0.20117199420928955 0.4375 0.21875
v 0.20117199420928955 0.4375 0.21875
v -0.265625 0.5019530057907104 0.21875
v 0.265625 0.5019530057907104 0.21875
v -0.5214840173721313 -0.6289060115814209 0.2265619933605194
v -0.4960939884185791 -0.6289060115814209 0.2265619933605194
v 0.4960939884185791 -0.6289060115814209 0.2265619933605194
v 0.5214840173721313 -0.6289060115814209 0.2265619933605194
v -0.5214840173721313 -0.46679699420928955 0.2304690033197403
v 0.5214840173721313 -0.46679699420928955 0.2304690033197403
v -0.49804699420928955 -0.46289101243019104 0.2304690033197403
v 0.49804699420928955 -0.46289101243019104 0.2304690033197403
v -0.5214840173721313 -0.6230469942092896 0.23242199420928955
v -0.49804699420928955 -0.6230469942092896 0.23242199420928955
v 0.49804699420928955 -0.6230469942092896 0.23242199420928955
v 0.5214840173721313 -0.6230469942092896 0.23242199420928955
v -0.5214840173721313 -0.46875 0.23242199420928955
v 0.5214840173721313 -0.46875 0.23242199420928955
v -0.49804699420928955 -0.46679699420928955 0.23242199420928955
v 0.49804699420928955 -0.46679699420928955 0.23242199420928955
v -0.5429689884185791 -0.6289060115814209 0.23632800579071045
v -0.4765619933605194 -0.6289060115814209 0.23632800579071045
v 0.4765619933605194 -0.6289060115814209 0.23632800579071045
v 0.5429689884185791 -0.6289060115814209 0.23632800579071045
v -0.5390620231628418 -0.46875 0.24023400247097015
v 0.5390620231628418 -0.46875 0.24023400247097015
v -0.4804689884185791 -0.45898398756980896 0.24023400247097015
v 0.4804689884185791 -0.45898398756980896 0.24023400247097015
v -0.5390620231628418 -0.6230469942092896 0.2421880066394806
v -0.4804689884185791 -0.6230469942092896 0.2421880066394806
v 0.4804689884185791 -0.6230469942092896 0.2421880066394806
v 0.5390620231628418 -0.6230469942092896 0.2421880066394806
v -0.5390620231628418 -0.47070300579071045 0.2421880066394806
v 0.5390620231628418 -0.47070300579071045 0.2421880066394806
v -0.4804689884185791 -0.46289101243019104 0.2421880066394806
v 0.4804689884185791 -0.46289101243019104 0.2421880066394806
v -0.5566409826278687 -0.6289060115814209 0.25585898756980896
v -0.46289101243019104 -0.6289060115814209 0.25585898756980896
v 0.46289101243019104 -0.6289060115814209 0.25585898756980896
v 0.5566409826278687 -0.6289060115814209 0.25585898756980896
v -0.46679699420928955 -0.45507800579071045 0.2578119933605194
v 0.46679699420928955 -0.45507800579071045 0.2578119933605194
v -0.5507810115814209 -0.6230469942092896 0.25976601243019104
v -0.46875 -0.6230469942092896 0.25976601243019104
v 0.46875 -0.6230469942092896 0.25976601243019104
v 0.5507810115814209 -0.6230469942092896 0.25976601243019104
v -0.5507810115814209 -0.47070300579071045 0.25976601243019104
v 0.5507810115814209 -0.47070300579071045 0.25976601243019104
v -0.46875 -0.45898398756980896 0.25976601243019104
v 0.46875 -0.45898398756980896 0.25976601243019104
v -0.5625 -0.6289060115814209 0.28125
v -0.45898398756980896 -0.6289060115814209 0.28125
v 0.45898398756980896 -0.6289060115814209 0.28125
v 0.5625 -0.6289060115814209 0.28125
v -0.5566409826278687 -0.6230469942092896 0.28125
v -0.4648439884185791 -0.6230469942092896 0.28125
v 0.4648439884185791 -0.6230469942092896 0.28125
v 0.5566409826278687 -0.6230469942092896 0.28125
v -0.5566409826278687 -0.47070300579071045 0.28125
v 0.5566409826278687 -0.47070300579071045 0.28125
v -0.4648439884185791 -0.4570310115814209 0.28125
v 0.4648439884185791 -0.4570310115814209 0.28125
v -0.46289101243019104 -0.453125 0.28125
v 0.46289101243019104 -0.453125 0.28125
v -0.5507810115814209 -0.6230469942092896 0.3046880066394806
v -0.46875 -0.6230469942092896 0.3046880066394806
v 0.46875 -0.6230469942092896 0.3046880066394806
v 0.5507810115814209 -0.6230469942092896 0.3046880066394806
v -0.5507810115814209 -0.47070300579071045 0.3046880066394806
v 0.5507810115814209 -0.47070300579071045 0.3046880066394806
v -0.46875 -0.45898398756980896 0.3046880066394806
v 0.46875 -0.45898398756980896 0.3046880066394806
v -0.46679699420928955 -0.45507800579071045 0.3046880066394806
v 0.46679699420928955 -0.45507800579071045 0.3046880066394806
v -0.5566409826278687 -0.6289060115814209 0.30664101243019104
v -0.46289101243019104 -0.6289060115814209 0.30664101243019104
v 0.46289101243019104 -0.6289060115814209 0.30664101243019104
v 0.5566409826278687 -0.6289060115814209 0.30664101243019104
v -0.5390620231628418 -0.6230469942092896 0.3203119933605194
v -0.4804689884185791 -0.6230469942092896 0.3203119933605194
v 0.4804689884185791 -0.6230469942092896 0.3203119933605194
v 0.5390620231628418 -0.6230469942092896 0.3203119933605194
v -0.5390620231628418 -0.47070300579071045 0.3203119933605194
v 0.5390620231628418 -0.47070300579071045 0.3203119933605194
v -0.4804689884185791 -0.46289101243019104 0.3203119933605194
v 0.4804689884185791 -0.46289101243019104 0.3203119933605194
v -0.5390620231628418 -0.46875 0.32226601243019104
v 0.5390620231628418 -0.46875 0.32226601243019104
v -0.4804689884185791 -0.45898398756980896 0.32226601243019104
v 0.4804689884185791 -0.45898398756980896 0.32226601243019104
v -0.5429689884185791 -0.6289060115814209 0.32617199420928955
v -0.4765619933605194 -0.6289060115814209 0.32617199420928955
v 0.4765619933605194 -0.6289060115814209 0.32617199420928955
v 0.5429689884185791 -0.6289060115814209 0.32617199420928955
v -0.4375 -0.31054699420928955 0.32617199420928955
v 0.4375 -0.31054699420928955 0.32617199420928955
v -0.46875 -0.29101601243019104 0.32617199420928955
v 0.46875 -0.29101601243019104 0.32617199420928955
v -0.4375 -0.234375 0.32617199420928955
v 0.4375 -0.234375 0.32617199420928955
v -0.46875 -0.2265619933605194 0.32617199420928955
v 0.46875 -0.2265619933605194 0.32617199420928955
v -0.4921880066394806 -0.2070309966802597 0.32617199420928955
v 0.4921880066394806 -0.2070309966802597 0.32617199420928955
v -0.515625 -0.1992190033197403 0.32617199420928955
v 0.515625 -0.1992190033197403 0.32617199420928955
v -0.4921880066394806 0.0742190033197403 0.32617199420928955
v 0.4921880066394806 0.0742190033197403 0.32617199420928955
v -0.515625 0.09960900247097015 0.32617199420928955
v 0.515625 0.09960900247097015 0.32617199420928955
v -0.45507800579071045 0.109375 0.32617199420928955
v 0.45507800579071045 0.109375 0.32617199420928955
v -0.45507800579071045 0.2070309966802597 0.32617199420928955
v 0.45507800579071045 0.2070309966802597 0.32617199420928955
v -0.29882800579071045 0.36523398756980896 0.32617199420928955
v 0.29882800579071045 0.36523398756980896 0.32617199420928955
v -0.23632800579071045 0.3984380066394806 0.32617199420928955
v 0.23632800579071045 0.3984380066394806 0.32617199420928955
v -0.20117199420928955 0.4375 0.32617199420928955
v 0.20117199420928955 0.4375 0.32617199420928955
v -0.21289099752902985 0.4492189884185791 0.32617199420928955
v 0.21289099752902985 0.4492189884185791 0.32617199420928955
v -0.5214840173721313 -0.6230469942092896 0.33007800579071045
v -0.49804699420928955 -0.6230469942092896 0.33007800579071045
v 0.49804699420928955 -0.6230469942092896 0.33007800579071045
v 0.5214840173721313 -0.6230469942092896 0.33007800579071045
v -0.5214840173721313 -0.46875 0.33007800579071045
v 0.5214840173721313 -0.46875 0.33007800579071045
v -0.49804699420928955 -0.46679699420928955 0.33007800579071045
v 0.49804699420928955 -0.46679699420928955 0.33007800579071045
v -0.4335939884185791 -0.31835898756980896 0.33007800579071045
v 0.4335939884185791 -0.31835898756980896 0.33007800579071045
v -0.47070300579071045 -0.29492199420928955 0.33007800579071045
v 0.47070300579071045 -0.29492199420928955 0.33007800579071045
v -0.5195310115814209 -0.20117199420928955 0.33007800579071045
v 0.5195310115814209 -0.20117199420928955 0.33007800579071045
v -0.5195310115814209 0.1015620008111 0.33007800579071045
v 0.5195310115814209 0.1015620008111 0.33007800579071045
v -0.45898398756980896 0.20898400247097015 0.33007800579071045
v 0.45898398756980896 0.20898400247097015 0.33007800579071045
v -0.5214840173721313 -0.46679699420928955 0.3320310115814209
v 0.5214840173721313 -0.46679699420928955 0.3320310115814209
v -0.49804699420928955 -0.46289101243019104 0.3320310115814209
v 0.49804699420928955 -0.46289101243019104 0.3320310115814209
v -0.5214840173721313 -0.6289060115814209 0.33789101243019104
v -0.4960939884185791 -0.6289060115814209 0.33789101243019104
v 0.4960939884185791 -0.6289060115814209 0.33789101243019104
v 0.5214840173721313 -0.6289060115814209 0.33789101243019104
v -0.21289099752902985 0.4492189884185791 0.36523398756980896
v 0.21289099752902985 0.4492189884185791 0.36523398756980896
v -0.59375 -0.6289060115814209 0.375
v 0.59375 -0.6289060115814209 0.375
v -0.42773398756980896 -0.3242189884185791 0.375
v 0.42773398756980896 -0.3242189884185791 0.375
v -0.609375 -0.6132810115814209 0.37695300579071045
v 0.609375 -0.6132810115814209 0.37695300579071045
v -0.171875 -0.6015620231628418 0.37695300579071045
v 0.171875 -0.6015620231628418 0.37695300579071045
v -0.609375 -0.47460898756980896 0.37695300579071045
v 0.609375 -0.47460898756980896 0.37695300579071045
v -0.6035159826278687 -0.46875 0.3789060115814209
v 0.6035159826278687 -0.46875 0.3789060115814209
v -0.203125 0.4570310115814209 0.38085898756980896
v 0.203125 0.4570310115814209 0.38085898756980896
v -0.6035159826278687 -0.6132810115814209 0.38476601243019104
v 0.6035159826278687 -0.6132810115814209 0.38476601243019104
v -0.6035159826278687 -0.47460898756980896 0.38476601243019104
v 0.6035159826278687 -0.47460898756980896 0.38476601243019104
v -0.2226559966802597 -0.5976560115814209 0.40039101243019104
v 0.2226559966802597 -0.5976560115814209 0.40039101243019104
v -0.20898400247097015 -0.5605469942092896 0.40039101243019104
v 0.20898400247097015 -0.5605469942092896 0.40039101243019104
v -0.4335939884185791 -0.3828119933605194 0.40820300579071045
v 0.4335939884185791 -0.3828119933605194 0.40820300579071045
v -0.42773398756980896 -0.3476560115814209 0.4101560115814209
v 0.42773398756980896 -0.3476560115814209 0.4101560115814209
v -0.203125 0.4570310115814209 0.4101560115814209
v 0.203125 0.4570310115814209 0.4101560115814209
v -0.546875 -0.6289060115814209 0.4140619933605194
v -0.25195300579071045 -0.6289060115814209 0.4140619933605194
v 0.25195300579071045 -0.6289060115814209 0.4140619933605194
v 0.546875 -0.6289060115814209 0.4140619933605194
v -0.5488280057907104 -0.4726560115814209 0.4140619933605194
v 0.5488280057907104 -0.4726560115814209 0.4140619933605194
v -0.45117199420928955 -0.4414060115814209 0.4140619933605194
v 0.45117199420928955 -0.4414060115814209 0.4140619933605194
v -0.42773398756980896 -0.3828119933605194 0.41601601243019104
v 0.42773398756980896 -0.3828119933605194 0.41601601243019104
v -0.25 -0.6152340173721313 0.421875
v 0.25 -0.6152340173721313 0.421875
v -0.5507810115814209 -0.6132810115814209 0.421875
v 0.5507810115814209 -0.6132810115814209 0.421875
v -0.23632800579071045 -0.5488280057907104 0.421875
v 0.23632800579071045 -0.5488280057907104 0.421875
v -0.3320310115814209 -0.546875 0.421875
v 0.3320310115814209 -0.546875 0.421875
v -0.5507810115814209 -0.4804689884185791 0.421875
v 0.5507810115814209 -0.4804689884185791 0.421875
v -0.44335898756980896 -0.4453119933605194 0.421875
v 0.44335898756980896 -0.4453119933605194 0.421875
v -0.0742190033197403 0.4453119933605194 0.43164101243019104
v 0.1054690033197403 0.4453119933605194 0.43164101243019104
v -0.27539101243019104 0.40820300579071045 0.4414060115814209
v 0.27539101243019104 0.40820300579071045 0.4414060115814209
v -0.43164101243019104 -0.3476560115814209 0.45117199420928955
v 0.43164101243019104 -0.3476560115814209 0.45117199420928955
v -0.46289101243019104 -0.3085939884185791 0.45117199420928955
v 0.46289101243019104 -0.3085939884185791 0.45117199420928955
v -0.45117199420928955 0.22070300579071045 0.45117199420928955
v 0.45117199420928955 0.22070300579071045 0.45117199420928955
v -0.29882800579071045 0.38867199420928955 0.45117199420928955
v 0.29882800579071045 0.38867199420928955 0.45117199420928955
v -0.3320310115814209 -0.546875 0.4648439884185791
v 0.3320310115814209 -0.546875 0.4648439884185791
v -0.3515619933605194 -0.5488280057907104 0.484375
v -0.23632800579071045 -0.5488280057907104 0.484375
v 0.23632800579071045 -0.5488280057907104 0.484375
v 0.34375 -0.5488280057907104 0.484375
v 0.3828119933605194 -0.5078120231628418 0.484375
v -0.453125 -0.4296880066394806 0.484375
v 0.4296880066394806 -0.4296880066394806 0.484375
v -0.4648439884185791 0.28320300579071045 0.484375
v 0.4648439884185791 0.28320300579071045 0.484375
v -0.3671880066394806 0.3867189884185791 0.484375
v 0.3671880066394806 0.3867189884185791 0.484375
v 0.2773439884185791 0.390625 0.484375
v -0.2148440033197403 0.4023439884185791 0.484375
v -0.1054690033197403 0.4453119933605194 0.484375
v 0.17382800579071045 0.4453119933605194 0.484375
v -0.17382800579071045 0.41992199420928955 0.4921880066394806
v -0.4765619933605194 -0.2890619933605194 0.5097659826278687
v 0.4765619933605194 -0.2890619933605194 0.5097659826278687
v -0.5195310115814209 -0.20117199420928955 0.5097659826278687
v 0.5195310115814209 -0.20117199420928955 0.5097659826278687
v -0.5195310115814209 0.1015620008111 0.5097659826278687
v 0.5195310115814209 0.1015620008111 0.5097659826278687
v -0.47460898756980896 0.17773400247097015 0.5097659826278687
v 0.47460898756980896 0.17773400247097015 0.5097659826278687
v -0.3515619933605194 -0.5488280057907104 0.5625
v 0.34375 -0.5488280057907104 0.5625
v -0.453125 -0.4296880066394806 0.5625
v 0.43554699420928955 -0.4296880066394806 0.5625
v -0.4765619933605194 -0.2890619933605194 0.5625
v 0.4765619933605194 -0.2890619933605194 0.5625
v -0.5058590173721313 -0.1992190033197403 0.5625
v 0.5058590173721313 -0.1992190033197403 0.5625
v -0.5058590173721313 0.1015620008111 0.5625
v 0.5058590173721313 0.1015620008111 0.5625
v -0.4726560115814209 0.16992199420928955 0.5625
v 0.4726560115814209 0.16992199420928955 0.5625
v -0.4648439884185791 0.28320300579071045 0.5625
v 0.4648439884185791 0.28320300579071045 0.5625
v -0.3632810115814209 0.39648398756980896 0.5625
v 0.2773439884185791 0.39648398756980896 0.5625
v 0.3632810115814209 0.39648398756980896 0.5625
v -0.2148440033197403 0.4023439884185791 0.5625
v -0.1054690033197403 0.4453119933605194 0.5625
v 0.18164099752902985 0.4453119933605194 0.5625
v -0.34960898756980896 -0.5429689884185791 0.5703120231628418
v 0.34179699420928955 -0.5429689884185791 0.5703120231628418
v -0.359375 -0.47460898756980896 0.5703120231628418
v -0.3085939884185791 -0.47460898756980896 0.5703120231628418
v 0.3085939884185791 -0.47460898756980896 0.5703120231628418
v 0.359375 -0.47460898756980896 0.5703120231628418
v 0.0 -0.4453119933605194 0.5703120231628418
v -0.3867189884185791 -0.4296880066394806 0.5703120231628418
v -0.28125 -0.4296880066394806 0.5703120231628418
v 0.28125 -0.4296880066394806 0.5703120231628418
v 0.3867189884185791 -0.4296880066394806 0.5703120231628418
v -0.44726601243019104 -0.42773398756980896 0.5703120231628418
v 0.4296880066394806 -0.42773398756980896 0.5703120231628418
v -0.1523440033197403 -0.4140619933605194 0.5703120231628418
v 0.1523440033197403 -0.4140619933605194 0.5703120231628418
v -0.359375 -0.38476601243019104 0.5703120231628418
v -0.3085939884185791 -0.38476601243019104 0.5703120231628418
v 0.3085939884185791 -0.38476601243019104 0.5703120231628418
v 0.359375 -0.38476601243019104 0.5703120231628418
v -0.29492199420928955 -0.31445300579071045 0.5703120231628418
v 0.29492199420928955 -0.31445300579071045 0.5703120231628418
v -0.47070300579071045 -0.28710898756980896 0.5703120231628418
v 0.47070300579071045 -0.28710898756980896 0.5703120231628418
v -0.4960939884185791 -0.19726599752902985 0.5703120231628418
v 0.4960939884185791 -0.19726599752902985 0.5703120231628418
v -0.3710939884185791 -0.16210900247097015 0.5703120231628418
v 0.3710939884185791 -0.16210900247097015 0.5703120231628418
v -0.3710939884185791 0.04882799834012985 0.5703120231628418
v 0.3710939884185791 0.04882799834012985 0.5703120231628418
v -0.4960939884185791 0.09960900247097015 0.5703120231628418
v 0.4960939884185791 0.09960900247097015 0.5703120231628418
v -0.46679699420928955 0.16601599752902985 0.5703120231628418
v 0.46679699420928955 0.16601599752902985 0.5703120231628418
v -0.29492199420928955 0.19726599752902985 0.5703120231628418
v 0.29492199420928955 0.19726599752902985 0.5703120231628418
v -0.359375 0.2382809966802597 0.5703120231628418
v -0.3085939884185791 0.2382809966802597 0.5703120231628418
v 0.3085939884185791 0.2382809966802597 0.5703120231628418
v 0.359375 0.2382809966802597 0.5703120231628418
v -0.4570310115814209 0.28125 0.5703120231628418
v -0.3867189884185791 0.28125 0.5703120231628418
v -0.28125 0.28125 0.5703120231628418
v 0.28125 0.28125 0.5703120231628418
v 0.3867189884185791 0.28125 0.5703120231628418
v 0.4570310115814209 0.28125 0.5703120231628418
v -0.1523440033197403 0.3007810115814209 0.5703120231628418
v 0.1523440033197403 0.3007810115814209 0.5703120231628418
v -0.359375 0.32617199420928955 0.5703120231628418
v -0.3085939884185791 0.32617199420928955 0.5703120231628418
v 0.3085939884185791 0.32617199420928955 0.5703120231628418
v 0.359375 0.32617199420928955 0.5703120231628418
v 0.0 0.3320310115814209 0.5703120231628418
v -0.359375 0.390625 0.5703120231628418
v 0.2773439884185791 0.390625 0.5703120231628418
v 0.359375 0.390625 0.5703120231628418
v -0.21289099752902985 0.39648398756980896 0.5703120231628418
v -0.10351599752902985 0.43945300579071045 0.5703120231628418
v 0.1796880066394806 0.43945300579071045 0.5703120231628418
v -0.34375 -0.44726601243019104 0.578125
v -0.3242189884185791 -0.44726601243019104 0.578125
v 0.3242189884185791 -0.44726601243019104 0.578125
v 0.34375 -0.44726601243019104 0.578125
v -0.3554689884185791 -0.4296880066394806 0.578125
v -0.3320310115814209 -0.4296880066394806 0.578125
v -0.3125 -0.4296880066394806 0.578125
v 0.3125 -0.4296880066394806 0.578125
v 0.3320310115814209 -0.4296880066394806 0.578125
v 0.3554689884185791 -0.4296880066394806 0.578125
v -0.34375 -0.41210898756980896 0.578125
v -0.3242189884185791 -0.41210898756980896 0.578125
v 0.3242189884185791 -0.41210898756980896 0.578125
v 0.34375 -0.41210898756980896 0.578125
v -0.34375 0.265625 0.578125
v -0.3242189884185791 0.265625 0.578125
v 0.3242189884185791 0.265625 0.578125
v 0.34375 0.265625 0.578125
v -0.3554689884185791 0.28125 0.578125
v -0.3320310115814209 0.28125 0.578125
v -0.3125 0.28125 0.578125
v 0.3125 0.28125 0.578125
v 0.3320310115814209 0.28125 0.578125
v 0.3554689884185791 0.28125 0.578125
v -0.34375 0.29882800579071045 0.578125
v -0.3242189884185791 0.29882800579071045 0.578125
v 0.3242189884185791 0.29882800579071045 0.578125
v 0.34375 0.29882800579071045 0.578125
v -0.359375 -0.47460898756980896 0.59375
v -0.3085939884185791 -0.47460898756980896 0.59375
v 0.3085939884185791 -0.47460898756980896 0.59375
v 0.359375 -0.47460898756980896 0.59375
v -0.34375 -0.44726601243019104 0.59375
v -0.3242189884185791 -0.44726601243019104 0.59375
v 0.3242189884185791 -0.44726601243019104 0.59375
v 0.34375 -0.44726601243019104 0.59375
v -0.3867189884185791 -0.4296880066394806 0.59375
v -0.3554689884185791 -0.4296880066394806 0.59375
v -0.3125 -0.4296880066394806 0.59375
v -0.28125 -0.4296880066394806 0.59375
v 0.28125 -0.4296880066394806 0.59375
v 0.3125 -0.4296880066394806 0.59375
v 0.3554689884185791 -0.4296880066394806 0.59375
v 0.3867189884185791 -0.4296880066394806 0.59375
v -0.34375 -0.41210898756980896 0.59375
v -0.3242189884185791 -0.41210898756980896 0.59375
v 0.3242189884185791 -0.41210898756980896 0.59375
v 0.34375 -0.41210898756980896 0.59375
v 0.0 -0.3867189884185791 0.59375
v -0.359375 -0.38476601243019104 0.59375
v -0.3085939884185791 -0.38476601243019104 0.59375
v 0.3085939884185791 -0.38476601243019104 0.59375
v 0.359375 -0.38476601243019104 0.59375
v -0.1289059966802597 -0.36132800579071045 0.59375
v 0.1289059966802597 -0.36132800579071045 0.59375
v -0.24804699420928955 -0.27539101243019104 0.59375
v 0.24804699420928955 -0.27539101243019104 0.59375
v 0.0 -0.234375 0.59375
v -0.05859399959445 -0.2226559966802597 0.59375
v 0.05859399959445 -0.2226559966802597 0.59375
v -0.11132799834012985 -0.1914059966802597 0.59375
v 0.11132799834012985 -0.1914059966802597 0.59375
v -0.3125 -0.14648400247097015 0.59375
v -0.1484380066394806 -0.14648400247097015 0.59375
v 0.1484380066394806 -0.14648400247097015 0.59375
v 0.3125 -0.14648400247097015 0.59375
v -0.16992199420928955 -0.09375 0.59375
v 0.16992199420928955 -0.09375 0.59375
v -0.1757809966802597 -0.03515600040555 0.59375
v 0.1757809966802597 -0.03515600040555 0.59375
v -0.15625 0.023437999188899994 0.59375
v 0.15625 0.023437999188899994 0.59375
v -0.3125 0.03320299834012985 0.59375
v 0.3125 0.03320299834012985 0.59375
v -0.12304700165987015 0.0703120008111 0.59375
v 0.12304700165987015 0.0703120008111 0.59375
v -0.0742190033197403 0.10351599752902985 0.59375
v 0.0742190033197403 0.10351599752902985 0.59375
v -0.023437999188899994 0.11914099752902985 0.59375
v 0.023437999188899994 0.11914099752902985 0.59375
v -0.24804699420928955 0.15820300579071045 0.59375
v 0.24804699420928955 0.15820300579071045 0.59375
v -0.359375 0.2382809966802597 0.59375
v -0.3085939884185791 0.2382809966802597 0.59375
v 0.3085939884185791 0.2382809966802597 0.59375
v 0.359375 0.2382809966802597 0.59375
v -0.1289059966802597 0.2460940033197403 0.59375
v 0.1289059966802597 0.2460940033197403 0.59375
v -0.34375 0.265625 0.59375
v -0.3242189884185791 0.265625 0.59375
v 0.3242189884185791 0.265625 0.59375
v 0.34375 0.265625 0.59375
v 0.0 0.2734380066394806 0.59375
v -0.3867189884185791 0.28125 0.59375
v -0.3554689884185791 0.28125 0.59375
v -0.3125 0.28125 0.59375
v -0.28125 0.28125 0.59375
v 0.28125 0.28125 0.59375
v 0.3125 0.28125 0.59375
v 0.3554689884185791 0.28125 0.59375
v 0.3867189884185791 0.28125 0.59375
v -0.34375 0.29882800579071045 0.59375
v -0.3242189884185791 0.29882800579071045 0.59375
v 0.3242189884185791 0.29882800579071045 0.59375
v 0.34375 0.29882800579071045 0.59375
v -0.359375 0.32617199420928955 0.59375
v -0.3085939884185791 0.32617199420928955 0.59375
v 0.3085939884185791 0.32617199420928955 0.59375
v 0.359375 0.32617199420928955 0.59375
v -0.35742199420928955 -0.47070300579071045 0.5976560115814209
v -0.31054699420928955 -0.47070300579071045 0.5976560115814209
v 0.31054699420928955 -0.47070300579071045 0.5976560115814209
v 0.35742199420928955 -0.47070300579071045 0.5976560115814209
v -0.34570300579071045 -0.45117199420928955 0.5976560115814209
v -0.32226601243019104 -0.45117199420928955 0.5976560115814209
v 0.32226601243019104 -0.45117199420928955 0.5976560115814209
v 0.34570300579071045 -0.45117199420928955 0.5976560115814209
v -0.3828119933605194 -0.4296880066394806 0.5976560115814209
v -0.359375 -0.4296880066394806 0.5976560115814209
v -0.3085939884185791 -0.4296880066394806 0.5976560115814209
v -0.2851560115814209 -0.4296880066394806 0.5976560115814209
v 0.2851560115814209 -0.4296880066394806 0.5976560115814209
v 0.3085939884185791 -0.4296880066394806 0.5976560115814209
v 0.359375 -0.4296880066394806 0.5976560115814209
v 0.3828119933605194 -0.4296880066394806 0.5976560115814209
v -0.34570300579071045 -0.40820300579071045 0.5976560115814209
v -0.32226601243019104 -0.40820300579071045 0.5976560115814209
v 0.32226601243019104 -0.40820300579071045 0.5976560115814209
v 0.34570300579071045 -0.40820300579071045 0.5976560115814209
v -0.35742199420928955 -0.38867199420928955 0.5976560115814209
v -0.31054699420928955 -0.38867199420928955 0.5976560115814209
v 0.31054699420928955 -0.38867199420928955 0.5976560115814209
v 0.35742199420928955 -0.38867199420928955 0.5976560115814209
v -0.35742199420928955 0.2421880066394806 0.5976560115814209
v -0.31054699420928955 0.2421880066394806 0.5976560115814209
v 0.31054699420928955 0.2421880066394806 0.5976560115814209
v 0.35742199420928955 0.2421880066394806 0.5976560115814209
v -0.34570300579071045 0.2617189884185791 0.5976560115814209
v -0.32226601243019104 0.2617189884185791 0.5976560115814209
v 0.32226601243019104 0.2617189884185791 0.5976560115814209
v 0.34570300579071045 0.2617189884185791 0.5976560115814209
v -0.3828119933605194 0.28125 0.5976560115814209
v -0.359375 0.28125 0.5976560115814209
v -0.3085939884185791 0.28125 0.5976560115814209
v -0.2851560115814209 0.28125 0.5976560115814209
v 0.2851560115814209 0.28125 0.5976560115814209
v 0.3085939884185791 0.28125 0.5976560115814209
v 0.359375 0.28125 0.5976560115814209
v 0.3828119933605194 0.28125 0.5976560115814209
v -0.34570300579071045 0.30273398756980896 0.5976560115814209
v -0.32226601243019104 0.30273398756980896 0.5976560115814209
v 0.32226601243019104 0.30273398756980896 0.5976560115814209
v 0.34570300579071045 0.30273398756980896 0.5976560115814209
v -0.35742199420928955 0.32226601243019104 0.5976560115814209
v -0.31054699420928955 0.32226601243019104 0.5976560115814209
v 0.31054699420928955 0.32226601243019104 0.5976560115814209
v 0.35742199420928955 0.32226601243019104 0.5976560115814209
v 0.0 -0.1875 0.5996090173721313
v -0.041016001254320145 -0.1796880066394806 0.5996090173721313
v 0.041016001254320145 -0.1796880066394806 0.5996090173721313
v -0.08007799834012985 -0.15820300579071045 0.5996090173721313
v 0.08007799834012985 -0.15820300579071045 0.5996090173721313
v -0.10742200165987015 -0.12304700165987015 0.5996090173721313
v 0.10742200165987015 -0.12304700165987015 0.5996090173721313
v -0.12304700165987015 -0.08398400247097015 0.5996090173721313
v 0.12304700165987015 -0.08398400247097015 0.5996090173721313
v -0.12695300579071045 -0.041016001254320145 0.5996090173721313
v 0.12695300579071045 -0.041016001254320145 0.5996090173721313
v -0.1132809966802597 0.0019529999699443579 0.5996090173721313
v 0.1132809966802597 0.0019529999699443579 0.5996090173721313
v -0.0898440033197403 0.037108998745679855 0.5996090173721313
v 0.0898440033197403 0.037108998745679855 0.5996090173721313
v -0.054687999188899994 0.06054700165987015 0.5996090173721313
v 0.054687999188899994 0.06054700165987015 0.5996090173721313
v -0.017578000202775 0.07226599752902985 0.5996090173721313
v 0.017578000202775 0.07226599752902985 0.5996090173721313
v 0.0 -0.1875 0.6035159826278687
v 0.0 -0.18164099752902985 0.6035159826278687
v -0.041016001254320145 -0.1796880066394806 0.6035159826278687
v 0.041016001254320145 -0.1796880066394806 0.6035159826278687
v -0.039062000811100006 -0.1757809966802597 0.6035159826278687
v 0.039062000811100006 -0.1757809966802597 0.6035159826278687
v -0.08007799834012985 -0.15820300579071045 0.6035159826278687
v 0.08007799834012985 -0.15820300579071045 0.6035159826278687
v -0.07617200165987015 -0.15429699420928955 0.6035159826278687
v 0.07617200165987015 -0.15429699420928955 0.6035159826278687
v -0.10742200165987015 -0.12304700165987015 0.6035159826278687
v 0.10742200165987015 -0.12304700165987015 0.6035159826278687
v -0.10351599752902985 -0.1210940033197403 0.6035159826278687
v 0.10351599752902985 -0.1210940033197403 0.6035159826278687
v -0.12304700165987015 -0.08398400247097015 0.6035159826278687
v 0.12304700165987015 -0.08398400247097015 0.6035159826278687
v -0.11914099752902985 -0.0820309966802597 0.6035159826278687
v 0.11914099752902985 -0.0820309966802597 0.6035159826278687
v -0.12695300579071045 -0.041016001254320145 0.6035159826278687
v -0.1210940033197403 -0.041016001254320145 0.6035159826278687
v 0.1210940033197403 -0.041016001254320145 0.6035159826278687
v 0.12695300579071045 -0.041016001254320145 0.6035159826278687
v -0.109375 0.0 0.6035159826278687
v 0.109375 0.0 0.6035159826278687
v -0.1132809966802597 0.0019529999699443579 0.6035159826278687
v 0.1132809966802597 0.0019529999699443579 0.6035159826278687
v -0.0859379991889 0.03320299834012985 0.6035159826278687
v 0.0859379991889 0.03320299834012985 0.6035159826278687
v -0.0898440033197403 0.037108998745679855 0.6035159826278687
v 0.0898440033197403 0.037108998745679855 0.6035159826278687
v -0.052733998745679855 0.056641001254320145 0.6035159826278687
v 0.052733998745679855 0.056641001254320145 0.6035159826278687
v -0.054687999188899994 0.06054700165987015 0.6035159826278687
v 0.054687999188899994 0.06054700165987015 0.6035159826278687
v -0.017578000202775 0.06835900247097015 0.6035159826278687
v 0.017578000202775 0.06835900247097015 0.6035159826278687
v -0.017578000202775 0.07226599752902985 0.6035159826278687
v 0.017578000202775 0.07226599752902985 0.6035159826278687
v 0.0 -0.2304690033197403 0.6054689884185791
v -0.056641001254320145 -0.21875 0.6054689884185791
v 0.056641001254320145 -0.21875 0.6054689884185791
v -0.109375 -0.1875 0.6054689884185791
v 0.109375 -0.1875 0.6054689884185791
v -0.1445309966802597 -0.1445309966802597 0.6054689884185791
v 0.1445309966802597 -0.1445309966802597 0.6054689884185791
v -0.16601599752902985 -0.09179700165987015 0.6054689884185791
v 0.16601599752902985 -0.09179700165987015 0.6054689884185791
v -0.16992199420928955 -0.03515600040555 0.6054689884185791
v 0.16992199420928955 -0.03515600040555 0.6054689884185791
v -0.1523440033197403 0.021484000608325005 0.6054689884185791
v 0.1523440033197403 0.021484000608325005 0.6054689884185791
v -0.11914099752902985 0.0664059966802597 0.6054689884185791
v 0.11914099752902985 0.0664059966802597 0.6054689884185791
v -0.07226599752902985 0.09960900247097015 0.6054689884185791
v 0.07226599752902985 0.09960900247097015 0.6054689884185791
v -0.023437999188899994 0.11523400247097015 0.6054689884185791
v 0.023437999188899994 0.11523400247097015 0.6054689884185791
v 0.0 -0.2226559966802597 0.609375
v -0.054687999188899994 -0.21289099752902985 0.609375
v 0.054687999188899994 -0.21289099752902985 0.609375
v 0.0 -0.1914059966802597 0.609375
v -0.10351599752902985 -0.1835940033197403 0.609375
v -0.04296899959445 -0.1835940033197403 0.609375
v 0.04296899959445 -0.1835940033197403 0.609375
v 0.10351599752902985 -0.1835940033197403 0.609375
v 0.0 -0.17773400247097015 0.609375
v -0.039062000811100006 -0.171875 0.609375
v 0.039062000811100006 -0.171875 0.609375
v -0.0820309966802597 -0.1601559966802597 0.609375
v 0.0820309966802597 -0.1601559966802597 0.609375
v -0.07226599752902985 -0.1523440033197403 0.609375
v 0.07226599752902985 -0.1523440033197403 0.609375
v -0.13867199420928955 -0.140625 0.609375
v 0.13867199420928955 -0.140625 0.609375
v 0.0 -0.1289059966802597 0.609375
v -0.11132799834012985 -0.125 0.609375
v -0.023437999188899994 -0.125 0.609375
v 0.023437999188899994 -0.125 0.609375
v 0.11132799834012985 -0.125 0.609375
v -0.09960900247097015 -0.11914099752902985 0.609375
v 0.09960900247097015 -0.11914099752902985 0.609375
v -0.04296899959445 -0.1132809966802597 0.609375
v 0.04296899959445 -0.1132809966802597 0.609375
v -0.05859399959445 -0.09570299834012985 0.609375
v 0.05859399959445 -0.09570299834012985 0.609375
v -0.15820300579071045 -0.0898440033197403 0.609375
v 0.15820300579071045 -0.0898440033197403 0.609375
v -0.12695300579071045 -0.08398400247097015 0.609375
v 0.12695300579071045 -0.08398400247097015 0.609375
v -0.1132809966802597 -0.0820309966802597 0.609375
v 0.1132809966802597 -0.0820309966802597 0.609375
v -0.06835900247097015 -0.0742190033197403 0.609375
v 0.06835900247097015 -0.0742190033197403 0.609375
v -0.0703120008111 -0.04882799834012985 0.609375
v 0.0703120008111 -0.04882799834012985 0.609375
v -0.1171879991889 -0.041016001254320145 0.609375
v 0.1171879991889 -0.041016001254320145 0.609375
v -0.13085900247097015 -0.039062000811100006 0.609375
v 0.13085900247097015 -0.039062000811100006 0.609375
v -0.16210900247097015 -0.037108998745679855 0.609375
v 0.16210900247097015 -0.037108998745679855 0.609375
v -0.06445299834012985 -0.027343999594449997 0.609375
v 0.06445299834012985 -0.027343999594449997 0.609375
v -0.05078100040555 -0.0078119998797774315 0.609375
v 0.05078100040555 -0.0078119998797774315 0.609375
v -0.1054690033197403 -0.0039059999398887157 0.609375
v 0.1054690033197403 -0.0039059999398887157 0.609375
v -0.1171879991889 0.0039059999398887157 0.609375
v 0.1171879991889 0.0039059999398887157 0.609375
v -0.03320299834012985 0.005859000142663717 0.609375
v 0.03320299834012985 0.005859000142663717 0.609375
v -0.011718999594449997 0.013671999797224998 0.609375
v 0.011718999594449997 0.013671999797224998 0.609375
v -0.1445309966802597 0.017578000202775 0.609375
v 0.1445309966802597 0.017578000202775 0.609375
v -0.0820309966802597 0.029296999797225 0.609375
v 0.0820309966802597 0.029296999797225 0.609375
v -0.09179700165987015 0.039062000811100006 0.609375
v 0.09179700165987015 0.039062000811100006 0.609375
v -0.05078100040555 0.052733998745679855 0.609375
v 0.05078100040555 0.052733998745679855 0.609375
v -0.1132809966802597 0.0625 0.609375
v -0.017578000202775 0.0625 0.609375
v 0.017578000202775 0.0625 0.609375
v 0.1132809966802597 0.0625 0.609375
v -0.056641001254320145 0.06445299834012985 0.609375
v 0.056641001254320145 0.06445299834012985 0.609375
v -0.017578000202775 0.07617200165987015 0.609375
v 0.017578000202775 0.07617200165987015 0.609375
v -0.06835900247097015 0.09179700165987015 0.609375
v 0.06835900247097015 0.09179700165987015 0.609375
v -0.021484000608325005 0.10742200165987015 0.609375
v 0.021484000608325005 0.10742200165987015 0.609375
v 0.0 -0.4453119933605194 0.6152340173721313
v -0.1523440033197403 -0.4140619933605194 0.6152340173721313
v 0.1523440033197403 -0.4140619933605194 0.6152340173721313
v 0.0 -0.3867189884185791 0.6152340173721313
v -0.1289059966802597 -0.36132800579071045 0.6152340173721313
v 0.1289059966802597 -0.36132800579071045 0.6152340173721313
v -0.29492199420928955 -0.31445300579071045 0.6152340173721313
v 0.29492199420928955 -0.31445300579071045 0.6152340173721313
v -0.24804699420928955 -0.27539101243019104 0.6152340173721313
v 0.24804699420928955 -0.27539101243019104 0.6152340173721313
v -0.3710939884185791 -0.16210900247097015 0.6152340173721313
v 0.3710939884185791 -0.16210900247097015 0.6152340173721313
v -0.3125 -0.14648400247097015 0.6152340173721313
v 0.3125 -0.14648400247097015 0.6152340173721313
v -0.3125 0.03320299834012985 0.6152340173721313
v 0.3125 0.03320299834012985 0.6152340173721313
v -0.3710939884185791 0.04882799834012985 0.6152340173721313
v 0.3710939884185791 0.04882799834012985 0.6152340173721313
v -0.24804699420928955 0.15820300579071045 0.6152340173721313
v 0.24804699420928955 0.15820300579071045 0.6152340173721313
v -0.29492199420928955 0.19726599752902985 0.6152340173721313
v 0.29492199420928955 0.19726599752902985 0.6152340173721313
v -0.1289059966802597 0.2460940033197403 0.6152340173721313
v 0.1289059966802597 0.2460940033197403 0.6152340173721313
v 0.0 0.2734380066394806 0.6152340173721313
v -0.1523440033197403 0.3007810115814209 0.6152340173721313
v 0.1523440033197403 0.3007810115814209 0.6152340173721313
v 0.0 0.3320310115814209 0.6152340173721313
v 0.0 -0.12304700165987015 0.6191409826278687
v -0.019531000405550003 -0.11914099752902985 0.6191409826278687
v 0.019531000405550003 -0.11914099752902985 0.6191409826278687
v -0.039062000811100006 -0.109375 0.6191409826278687
v 0.039062000811100006 -0.109375 0.6191409826278687
v -0.052733998745679855 -0.09375 0.6191409826278687
v 0.052733998745679855 -0.09375 0.6191409826278687
v -0.0625 -0.07226599752902985 0.6191409826278687
v 0.0625 -0.07226599752902985 0.6191409826278687
v -0.06445299834012985 -0.05078100040555 0.6191409826278687
v 0.06445299834012985 -0.05078100040555 0.6191409826278687
v -0.05859399959445 -0.029296999797225 0.6191409826278687
v 0.05859399959445 -0.029296999797225 0.6191409826278687
v -0.046875 -0.011718999594449997 0.6191409826278687
v 0.046875 -0.011718999594449997 0.6191409826278687
v -0.029296999797225 0.0019529999699443579 0.6191409826278687
v 0.029296999797225 0.0019529999699443579 0.6191409826278687
v -0.00976600032299757 0.0078119998797774315 0.6191409826278687
v 0.00976600032299757 0.0078119998797774315 0.6191409826278687
v 0.0 -0.43945300579071045 0.6210939884185791
v -0.15039099752902985 -0.4101560115814209 0.6210939884185791
v 0.15039099752902985 -0.4101560115814209 0.6210939884185791
v 0.0 -0.39257800579071045 0.6210939884185791
v -0.13085900247097015 -0.36523398756980896 0.6210939884185791
v 0.13085900247097015 -0.36523398756980896 0.6210939884185791
v -0.2890619933605194 -0.31054699420928955 0.6210939884185791
v 0.2890619933605194 -0.31054699420928955 0.6210939884185791
v -0.25195300579071045 -0.27929699420928955 0.6210939884185791
v 0.25195300579071045 -0.27929699420928955 0.6210939884185791
v -0.36523398756980896 -0.1601559966802597 0.6210939884185791
v 0.36523398756980896 -0.1601559966802597 0.6210939884185791
v -0.31835898756980896 -0.1484380066394806 0.6210939884185791
v 0.31835898756980896 -0.1484380066394806 0.6210939884185791
v -0.31835898756980896 0.03515600040555 0.6210939884185791
v 0.31835898756980896 0.03515600040555 0.6210939884185791
v -0.36523398756980896 0.04882799834012985 0.6210939884185791
v 0.36523398756980896 0.04882799834012985 0.6210939884185791
v -0.25195300579071045 0.16210900247097015 0.6210939884185791
v 0.25195300579071045 0.16210900247097015 0.6210939884185791
v -0.2890619933605194 0.19335900247097015 0.6210939884185791
v 0.2890619933605194 0.19335900247097015 0.6210939884185791
v -0.13085900247097015 0.25195300579071045 0.6210939884185791
v 0.13085900247097015 0.25195300579071045 0.6210939884185791
v 0.0 0.27929699420928955 0.6210939884185791
v -0.15039099752902985 0.29492199420928955 0.6210939884185791
v 0.15039099752902985 0.29492199420928955 0.6210939884185791
v 0.0 0.32617199420928955 0.6210939884185791
v -0.005859000142663717 -0.07617200165987015 0.9257810115814209
v 0.0 -0.07617200165987015 0.9257810115814209
v 0.005859000142663717 -0.07617200165987015 0.9257810115814209
v -0.011718999594449997 -0.07226599752902985 0.9257810115814209
v 0.011718999594449997 -0.07226599752902985 0.9257810115814209
v -0.015625 -0.06835900247097015 0.9257810115814209
v 0.015625 -0.06835900247097015 0.9257810115814209
v -0.019531000405550003 -0.0625 0.9257810115814209
v 0.019531000405550003 -0.0625 0.9257810115814209
v 0.0 -0.05859399959445 0.9257810115814209
v -0.019531000405550003 -0.056641001254320145 0.9257810115814209
v 0.019531000405550003 -0.056641001254320145 0.9257810115814209
v -0.017578000202775 -0.04882799834012985 0.9257810115814209
v 0.017578000202775 -0.04882799834012985 0.9257810115814209
v -0.013671999797224998 -0.04492200165987015 0.9257810115814209
v 0.013671999797224998 -0.04492200165987015 0.9257810115814209
v -0.00976600032299757 -0.041016001254320145 0.9257810115814209
v 0.00976600032299757 -0.041016001254320145 0.9257810115814209
v -0.0039059999398887157 -0.039062000811100006 0.9257810115814209
v 0.0039059999398887157 -0.039062000811100006 0.9257810115814209
v 0.0 -0.12304700165987015 0.9335939884185791
v -0.019531000405550003 -0.11914099752902985 0.9335939884185791
v 0.019531000405550003 -0.11914099752902985 0.9335939884185791
v -0.039062000811100006 -0.109375 0.9335939884185791
v 0.039062000811100006 -0.109375 0.9335939884185791
v -0.052733998745679855 -0.09375 0.9335939884185791
v 0.052733998745679855 -0.09375 0.9335939884185791
v -0.0625 -0.07226599752902985 0.9335939884185791
v 0.0625 -0.07226599752902985 0.9335939884185791
v -0.06445299834012985 -0.05078100040555 0.9335939884185791
v 0.06445299834012985 -0.05078100040555 0.9335939884185791
v -0.05859399959445 -0.029296999797225 0.9335939884185791
v 0.05859399959445 -0.029296999797225 0.9335939884185791
v -0.046875 -0.011718999594449997 0.9335939884185791
v 0.046875 -0.011718999594449997 0.9335939884185791
v -0.029296999797225 0.0019529999699443579 0.9335939884185791
v 0.029296999797225 0.0019529999699443579 0.9335939884185791
v -0.00976600032299757 0.0078119998797774315 0.9335939884185791
v 0.00976600032299757 0.0078119998797774315 0.9335939884185791
v 0.0 -0.11523400247097015 0.9453120231628418
v -0.017578000202775 -0.11132799834012985 0.9453120231628418
v 0.017578000202775 -0.11132799834012985 0.9453120231628418
v -0.03320299834012985 -0.10351599752902985 0.9453120231628418
v 0.03320299834012985 -0.10351599752902985 0.9453120231628418
v -0.046875 -0.0898440033197403 0.9453120231628418
v 0.046875 -0.0898440033197403 0.9453120231628418
v -0.054687999188899994 -0.07226599752902985 0.9453120231628418
v 0.054687999188899994 -0.07226599752902985 0.9453120231628418
v -0.056641001254320145 -0.05078100040555 0.9453120231628418
v 0.056641001254320145 -0.05078100040555 0.9453120231628418
v -0.05078100040555 -0.03320299834012985 0.9453120231628418
v 0.05078100040555 -0.03320299834012985 0.9453120231628418
v -0.041016001254320145 -0.017578000202775 0.9453120231628418
v 0.041016001254320145 -0.017578000202775 0.9453120231628418
v -0.025390999391674995 -0.005859000142663717 0.9453120231628418
v 0.025390999391674995 -0.005859000142663717 0.9453120231628418
v -0.0078119998797774315 0.0 0.9453120231628418
v 0.0078119998797774315 0.0 0.9453120231628418
v -0.005859000142663717 -0.07617200165987015 0.9472659826278687
v 0.0 -0.07617200165987015 0.9472659826278687
v 0.005859000142663717 -0.07617200165987015 0.9472659826278687
v -0.011718999594449997 -0.07226599752902985 0.9472659826278687
v 0.011718999594449997 -0.07226599752902985 0.9472659826278687
v -0.015625 -0.06835900247097015 0.9472659826278687
v 0.015625 -0.06835900247097015 0.9472659826278687
v -0.019531000405550003 -0.0625 0.9472659826278687
v 0.019531000405550003 -0.0625 0.9472659826278687
v -0.019531000405550003 -0.056641001254320145 0.9472659826278687
v 0.019531000405550003 -0.056641001254320145 0.9472659826278687
v -0.017578000202775 -0.04882799834012985 0.9472659826278687
v 0.017578000202775 -0.04882799834012985 0.9472659826278687
v -0.013671999797224998 -0.04492200165987015 0.9472659826278687
v 0.013671999797224998 -0.04492200165987015 0.9472659826278687
v -0.00976600032299757 -0.041016001254320145 0.9472659826278687
v 0.00976600032299757 -0.041016001254320145 0.9472659826278687
v -0.0039059999398887157 -0.039062000811100006 0.9472659826278687
v 0.0039059999398887157 -0.039062000811100006 0.9472659826278687
v 0.0 -0.1054690033197403 0.9492189884185791
v -0.015625 -0.10351599752902985 0.9492189884185791
v 0.015625 -0.10351599752902985 0.9492189884185791
v -0.029296999797225 -0.09570299834012985 0.9492189884185791
v 0.029296999797225 -0.09570299834012985 0.9492189884185791
v -0.039062000811100006 -0.08398400247097015 0.9492189884185791
v 0.039062000811100006 -0.08398400247097015 0.9492189884185791
v 0.0 -0.08007799834012985 0.9492189884185791
v -0.0078119998797774315 -0.078125 0.9492189884185791
v 0.0078119998797774315 -0.078125 0.9492189884185791
v -0.013671999797224998 -0.0742190033197403 0.9492189884185791
v 0.013671999797224998 -0.0742190033197403 0.9492189884185791
v -0.046875 -0.0703120008111 0.9492189884185791
v -0.017578000202775 -0.0703120008111 0.9492189884185791
v 0.017578000202775 -0.0703120008111 0.9492189884185791
v 0.046875 -0.0703120008111 0.9492189884185791
v -0.021484000608325005 -0.0625 0.9492189884185791
v 0.021484000608325005 -0.0625 0.9492189884185791
v -0.021484000608325005 -0.054687999188899994 0.9492189884185791
v 0.021484000608325005 -0.054687999188899994 0.9492189884185791
v -0.046875 -0.052733998745679855 0.9492189884185791
v 0.046875 -0.052733998745679855 0.9492189884185791
v -0.019531000405550003 -0.04882799834012985 0.9492189884185791
v 0.019531000405550003 -0.04882799834012985 0.9492189884185791
v -0.015625 -0.04296899959445 0.9492189884185791
v 0.015625 -0.04296899959445 0.9492189884185791
v -0.00976600032299757 -0.039062000811100006 0.9492189884185791
v 0.00976600032299757 -0.039062000811100006 0.9492189884185791
v -0.04296899959445 -0.037108998745679855 0.9492189884185791
v -0.0039059999398887157 -0.037108998745679855 0.9492189884185791
v 0.0039059999398887157 -0.037108998745679855 0.9492189884185791
v 0.04296899959445 -0.037108998745679855 0.9492189884185791
v -0.03515600040555 -0.023437999188899994 0.9492189884185791
v 0.03515600040555 -0.023437999188899994 0.9492189884185791
v -0.021484000608325005 -0.015625 0.9492189884185791
v 0.021484000608325005 -0.015625 0.9492189884185791
v -0.0078119998797774315 -0.00976600032299757 0.9492189884185791
v 0.0078119998797774315 -0.00976600032299757 0.9492189884185791
vt 0.6587370038032532 0.29604101181030273
vt 0.6587370038032532 0.2911989986896515
vt 0.6614670157432556 0.290710985660553
vt 0.6614670157432556 0.29652199149131775
vt 0.3916090130805969 0.6420339941978455
vt 0.39406201243400574 0.653659999370575
vt 0.3712019920349121 0.6700940132141113
vt 0.36558398604393005 0.6608849763870239
vt 0.9729459881782532 0.8270090222358704
vt 0.9729310274124146 0.8153870105743408
vt 0.9742940068244934 0.8149009943008423
vt 0.9743109941482544 0.8274919986724854
vt 0.9476000070571899 0.8192840218544006
vt 0.9458619952201843 0.8183169960975647
vt 0.9511110186576843 0.8124889731407166
vt 0.9528489708900452 0.8134559988975525
vt 0.9766190052032471 0.8791339993476868
vt 0.979049026966095 0.8796250224113464
vt 0.9790459871292114 0.8849499821662903
vt 0.9766169786453247 0.8854280114173889
vt 0.8225749731063843 0.4682160019874573
vt 0.8389179706573486 0.43281298875808716
vt 0.8433899879455566 0.43281298875808716
vt 0.8270469903945923 0.4682160019874573
vt 0.7039880156517029 0.2982189953327179
vt 0.7084289789199829 0.2962140142917633
vt 0.7084029912948608 0.2968960106372833
vt 0.7039629817008972 0.2989000082015991
vt 0.9398509860038757 0.5858169794082642
vt 0.9388279914855957 0.5848510265350342
vt 0.944724977016449 0.5790669918060303
vt 0.9460949897766113 0.5800349712371826
vt 0.9563360214233398 0.7877749800682068
vt 0.9583820104598999 0.787771999835968
vt 0.9583929777145386 0.7964890003204346
vt 0.9563480019569397 0.7964919805526733
vt 0.9565489888191223 0.8052110075950623
vt 0.9548119902610779 0.8047289848327637
vt 0.7879189848899841 0.94063401222229
vt 0.7906129956245422 0.9410060048103333
vt 0.7906469702720642 0.945900022983551
vt 0.7878199815750122 0.9464870095252991
vt 0.8339790105819702 0.6937810182571411
vt 0.8325350284576416 0.6933029890060425
vt 0.832535982131958 0.6487510204315186
vt 0.8339800238609314 0.6482599973678589
vt 0.8398600220680237 0.7537990212440491
vt 0.8398100137710571 0.7431769967079163
vt 0.8456209897994995 0.7431769967079163
vt 0.8456709980964661 0.7537990212440491
vt 0.168954998254776 0.2652769982814789
vt 0.18735699355602264 0.2617250084877014
vt 0.18735699355602264 0.3386879861354828
vt 0.168954998254776 0.35139399766921997
vt 0.0548660010099411 0.8719090223312378
vt 0.054221998900175095 0.8724470138549805
vt 0.05410899966955185 0.8709849715232849
vt 0.0546640008687973 0.8707820177078247
vt 0.3725700080394745 0.6710630059242249
vt 0.35673099756240845 0.7005820274353027
vt 0.355010986328125 0.7000970244407654
vt 0.3433440029621124 0.018307000398635864
vt 0.4184040129184723 0.01830499991774559
vt 0.4184040129184723 0.06285600364208221
vt 0.3433440029621124 0.06285899877548218
vt 0.5717250108718872 0.5892729759216309
vt 0.5323290228843689 0.5894960165023804
vt 0.5323290228843689 0.3531779944896698
vt 0.5717250108718872 0.35295501351356506
vt 0.8666759729385376 0.6853619813919067
vt 0.855538010597229 0.6853619813919067
vt 0.8555359840393066 0.6330620050430298
vt 0.86667400598526 0.6330620050430298
vt 0.9118549823760986 0.9663490056991577
vt 0.911827027797699 0.9656680226325989
vt 0.9162690043449402 0.9676610231399536
vt 0.9162960052490234 0.9683430194854736
vt 0.13799099624156952 0.8681150078773499
vt 0.1379999965429306 0.8652240037918091
vt 0.14332500100135803 0.8652210235595703
vt 0.14331600069999695 0.8681120276451111
vt 0.8108149766921997 0.9521250128746033
vt 0.8185740113258362 0.9576029777526855
vt 0.8133350014686584 0.9646980166435242
vt 0.8077809810638428 0.9561039805412292
vt 0.9542639851570129 0.7173979878425598
vt 0.9589530229568481 0.690401017665863
vt 0.9725790023803711 0.6896820068359375
vt 0.968546986579895 0.7145839929580688
vt 0.8581730127334595 0.30972200632095337
vt 0.8581730127334595 0.3145650029182434
vt 0.855459988117218 0.3145650029182434
vt 0.855459988117218 0.30972200632095337
vt 0.05918100103735924 0.8801950216293335
vt 0.05774800106883049 0.8780390024185181
vt 0.06024099886417389 0.8761969804763794
vt 0.06185099855065346 0.8776829838752747
vt 0.9593290090560913 0.9852629899978638
vt 0.9552289843559265 0.9852629899978638
vt 0.9552270174026489 0.9838100075721741
vt 0.959326982498169 0.9838100075721741
vt 0.7962729930877686 0.7374650239944458
vt 0.7976419925689697 0.7364969849586487
vt 0.8205360174179077 0.7525820136070251
vt 0.8195130228996277 0.7540370225906372
vt 0.9914150238037109 0.4179399907588959
vt 0.9835889935493469 0.4179399907588959
vt 0.9833419919013977 0.41648900508880615
vt 0.9904220104217529 0.41648900508880615
vt 0.979345977306366 0.2119230031967163
vt 0.9735350012779236 0.2119230031967163
vt 0.9735739827156067 0.20081500709056854
vt 0.9793859720230103 0.20081500709056854
vt 0.9030389785766602 0.4375289976596832
vt 0.9116650223731995 0.42973899841308594
vt 0.9118630290031433 0.43429601192474365
vt 0.9075499773025513 0.4381909966468811
vt 0.03110099956393242 0.783951997756958
vt 0.033904001116752625 0.7965459823608398
vt 0.024031000211834908 0.8396329879760742
vt 0.008233999833464622 0.8100709915161133
vt 0.6939640045166016 0.5878949761390686
vt 0.6939859986305237 0.5835229754447937
vt 0.6978600025177002 0.5835229754447937
vt 0.6978380084037781 0.5878949761390686
vt 0.04885699972510338 0.10300000011920929
vt 0.04885699972510338 0.07118900120258331
vt 0.08275599777698517 0.08329100161790848
vt 0.08420799672603607 0.09366399794816971
vt 0.7516599893569946 0.9768519997596741
vt 0.7516599893569946 0.9400280117988586
vt 0.7651730179786682 0.9403449892997742
vt 0.7668790221214294 0.978193998336792
vt 0.7411239743232727 0.9865180253982544
vt 0.706741988658905 0.9865170121192932
vt 0.7067480087280273 0.9845719933509827
vt 0.7411310076713562 0.9845730066299438
vt 0.4271030128002167 0.6537039875984192
vt 0.42741701006889343 0.6551560163497925
vt 0.39507800340652466 0.6551129817962646
vt 0.7228689789772034 0.8004739880561829
vt 0.7237499952316284 0.7641509771347046
vt 0.7261689901351929 0.764631986618042
vt 0.725288987159729 0.8014389872550964
vt 0.9586079716682434 0.5976269841194153
vt 0.9542660117149353 0.5986080169677734
vt 0.9542660117149353 0.5976399779319763
vt 0.9581210017204285 0.5966560244560242
vt 0.403872013092041 0.3238919973373413
vt 0.4043709933757782 0.3369480073451996
vt 0.32930999994277954 0.3369460105895996
vt 0.32929500937461853 0.3238910138607025
vt 0.9476929903030396 0.23785500228405
vt 0.9412850141525269 0.24172799289226532
vt 0.933692991733551 0.23646800220012665
vt 0.9466890096664429 0.2311359941959381
vt 0.29840898513793945 0.10466299951076508
vt 0.29840898513793945 0.04364699870347977
vt 0.3129439949989319 0.051888998597860336
vt 0.3129439949989319 0.1080629974603653
vt 0.5102810263633728 0.8803240060806274
vt 0.5102810263633728 0.8745129704475403
vt 0.5375970005989075 0.8745129704475403
vt 0.5379430055618286 0.8803240060806274
vt 0.4261150062084198 0.32393500208854675
vt 0.4033769965171814 0.32196998596191406
vt 0.4256249964237213 0.3220059871673584
vt 0.5407750010490417 0.9413419961929321
vt 0.5407750010490417 0.8682169914245605
vt 0.5448970198631287 0.8672490119934082
vt 0.5445510149002075 0.9418259859085083
vt 0.9719510078430176 0.9842950105667114
vt 0.9719579815864563 0.9852579832077026
vt 0.9666309952735901 0.9852579832077026
vt 0.9666240215301514 0.9842950105667114
vt 0.9936320185661316 0.4280019998550415
vt 0.9955030083656311 0.4338130056858063
vt 0.9937660098075867 0.43381500244140625
vt 0.992268979549408 0.42848798632621765
vt 0.9936469793319702 0.4145500063896179
vt 0.9922829866409302 0.4140680134296417
vt 0.9315440058708191 0.5276740193367004
vt 0.9388279914855957 0.5306130051612854
vt 0.9374589920043945 0.5315819978713989
vt 0.9308680295944214 0.5286459922790527
vt 0.0800900012254715 0.942234992980957
vt 0.0787229984998703 0.9402989745140076
vt 0.08582600206136703 0.932528018951416
vt 0.08719100058078766 0.9339789748191833
vt 0.9620130062103271 0.3131830096244812
vt 0.9581390023231506 0.3131830096244812
vt 0.9581220149993896 0.30929601192474365
vt 0.9619960188865662 0.30929699540138245
vt 0.0459510013461113 0.15896299481391907
vt 0.04110899940133095 0.15896299481391907
vt 0.04401399940252304 0.15585100650787354
vt 0.04885699972510338 0.15585100650787354
vt 0.28508201241493225 0.9768739938735962
vt 0.2843349874019623 0.9759060144424438
vt 0.29082098603248596 0.9695889949798584
vt 0.2921850085258484 0.9700719714164734
vt 0.027417000383138657 0.935712993144989
vt 0.023180000483989716 0.9327999949455261
vt 0.03717700019478798 0.8800389766693115
vt 0.04141499847173691 0.8829519748687744
vt 0.592635989189148 0.8339430093765259
vt 0.6099249720573425 0.8339430093765259
vt 0.6040470004081726 0.8445969820022583
vt 0.5864130258560181 0.8431439995765686
vt 0.803413987159729 0.5664420127868652
vt 0.8005149960517883 0.5659530162811279
vt 0.8004760146141052 0.5529029965400696
vt 0.8033739924430847 0.5533919930458069
vt 0.22287200391292572 0.449847012758255
vt 0.2234400063753128 0.44642001390457153
vt 0.2468010038137436 0.48238301277160645
vt 0.2454189956188202 0.48287999629974365
vt 0.944724977016449 0.536450982093811
vt 0.9433559775352478 0.5374199748039246
vt 0.9590100049972534 0.5410569906234741
vt 0.9660429954528809 0.5277209877967834
vt 0.9680960178375244 0.5276539921760559
vt 0.9617639780044556 0.5414519906044006
vt 0.04401399940252304 0.029986999928951263
vt 0.04110899940133095 0.026876000687479973
vt 0.0459510013461113 0.026876000687479973
vt 0.04885699972510338 0.029986999928951263
vt 0.31231001019477844 0.3239380121231079
vt 0.31037500500679016 0.337009996175766
vt 0.28421398997306824 0.34331798553466797
vt 0.28421398997306824 0.3239479959011078
vt 0.5496540069580078 0.9809430241584778
vt 0.5496940016746521 0.9698349833488464
vt 0.554535984992981 0.9698349833488464
vt 0.5544970035552979 0.9809430241584778
vt 0.6681380271911621 0.2984299957752228
vt 0.6681439876556396 0.2877810001373291
vt 0.6691049933433533 0.287773996591568
vt 0.6691009998321533 0.2979409992694855
vt 0.5339940190315247 0.856594979763031
vt 0.5384550094604492 0.854174017906189
vt 0.985958993434906 0.7242519855499268
vt 0.9826149940490723 0.7319999933242798
vt 0.9807490110397339 0.7295780181884766
vt 0.9792510271072388 0.7242519855499268
vt 0.8223850131034851 0.3219679892063141
vt 0.8268569707870483 0.3219679892063141
vt 0.8432919979095459 0.35726699233055115
vt 0.8388199806213379 0.35726699233055115
vt 0.9484699964523315 0.09284800291061401
vt 0.9496930241584778 0.08267399668693542
vt 0.9504389762878418 0.08267399668693542
vt 0.9492149949073792 0.09284800291061401
vt 0.2477940022945404 0.7949529886245728
vt 0.24779899418354034 0.8056110143661499
vt 0.2468309998512268 0.8056110143661499
vt 0.24682499468326569 0.7949529886245728
vt 0.03857199847698212 0.8672279715538025
vt 0.04021700099110603 0.8648030161857605
vt 0.045301999896764755 0.8682979941368103
vt 0.04456799849867821 0.869176983833313
vt 0.8858839869499207 0.3464910089969635
vt 0.8933870196342468 0.3424749970436096
vt 0.8942769765853882 0.35615500807762146
vt 0.8866369724273682 0.35806700587272644
vt 0.2366809993982315 0.7832850217819214
vt 0.23663200438022614 0.7920339703559875
vt 0.23566299676895142 0.7920339703559875
vt 0.23571200668811798 0.7832850217819214
vt 0.19801099598407745 0.1272989958524704
vt 0.18881000578403473 0.12176699936389923
vt 0.20527499914169312 0.09860000014305115
vt 0.21689799427986145 0.10067400336265564
vt 0.006200000178068876 0.9250410199165344
vt 0.00712500000372529 0.9177740216255188
vt 0.018005000427365303 0.922091007232666
vt 0.017319999635219574 0.9265599846839905
vt 0.9606689810752869 0.746097981929779
vt 0.9609220027923584 0.7503880262374878
vt 0.9566289782524109 0.7502760291099548
vt 0.9566289782524109 0.7462310194969177
vt 0.06737300008535385 0.8193539977073669
vt 0.05717900022864342 0.8203089833259583
vt 0.05686499923467636 0.8183720111846924
vt 0.06635700166225433 0.8174170255661011
vt 0.9398509860038757 0.5296429991722107
vt 0.9460949897766113 0.5354830026626587
vt 0.5660499930381775 0.9809430241584778
vt 0.5612080097198486 0.9809430241584778
vt 0.5612469911575317 0.9698349833488464
vt 0.5660899877548218 0.9698349833488464
vt 0.9475939869880676 0.5981079936027527
vt 0.9475939869880676 0.6620299816131592
vt 0.939877986907959 0.658598005771637
vt 0.939877986907959 0.6014549732208252
vt 0.5286989808082581 0.9739180207252502
vt 0.5267559885978699 0.9699040055274963
vt 0.5429819822311401 0.958666980266571
vt 0.5429819822311401 0.9834830164909363
vt 0.9551839828491211 0.91593998670578
vt 0.9820259809494019 0.9204639792442322
vt 0.9801719784736633 0.9226469993591309
vt 0.9557750225067139 0.9186469912528992
vt 0.05077600106596947 0.8854349851608276
vt 0.051183998584747314 0.8820080161094666
vt 0.05528400093317032 0.8816649913787842
vt 0.05590000003576279 0.8850060105323792
vt 0.5222269892692566 0.2775920033454895
vt 0.5220329761505127 0.28001898527145386
vt 0.516264021396637 0.28071698546409607
vt 0.5159770250320435 0.27834799885749817
vt 0.45627400279045105 0.6610080003738403
vt 0.45064300298690796 0.6702010035514832
vt 0.4292210042476654 0.6420850157737732
vt 0.9812769889831543 0.6053860187530518
vt 0.9829670190811157 0.5995669960975647
vt 0.9843360185623169 0.6000509858131409
vt 0.9829850196838379 0.6053850054740906
vt 0.02163200080394745 0.9348589777946472
vt 0.018685000017285347 0.9308580160140991
vt 0.02061299979686737 0.9292569756507874
vt 0.04568300023674965 0.8687499761581421
vt 0.044861000031232834 0.8699629902839661
vt 0.0905039981007576 0.07124300301074982
vt 0.09825199842453003 0.06328999996185303
vt 0.10357899963855743 0.0674389973282814
vt 0.0972839966416359 0.07366299629211426
vt 0.013508999720215797 0.9738060235977173
vt 0.017102999612689018 0.9705600142478943
vt 0.018379999324679375 0.9712520241737366
vt 0.01406800001859665 0.975147008895874
vt 0.9757019877433777 0.3234409987926483
vt 0.9757019877433777 0.32440999150276184
vt 0.9713649749755859 0.3234269917011261
vt 0.9718530178070068 0.3224560022354126
vt 0.05127499997615814 0.8684449791908264
vt 0.05031900107860565 0.8720499873161316
vt 0.04844700172543526 0.8715530037879944
vt 0.04940300062298775 0.8679479956626892
vt 0.7875189781188965 0.5867859721183777
vt 0.7821959853172302 0.5880299806594849
vt 0.7817080020904541 0.5852389931678772
vt 0.7865480184555054 0.5843049883842468
vt 0.3223550021648407 0.9516919851303101
vt 0.3230989873409271 0.9507240056991577
vt 0.3302200138568878 0.9574810266494751
vt 0.3288570046424866 0.9579669833183289
vt 0.20958000421524048 0.7532619833946228
vt 0.20967300236225128 0.7223399877548218
vt 0.21548399329185486 0.7223399877548218
vt 0.21539099514484406 0.7532619833946228
vt 0.2028539925813675 0.026597000658512115
vt 0.20624400675296783 0.022794000804424286
vt 0.206727996468544 0.024163000285625458
vt 0.20382200181484222 0.027274999767541885
vt 0.9406359791755676 0.27000999450683594
vt 0.9408829808235168 0.303072988986969
vt 0.9219459891319275 0.31240200996398926
vt 0.9346849918365479 0.26875799894332886
vt 0.7761539816856384 0.6749039888381958
vt 0.7810099720954895 0.6424800157546997
vt 0.7823799848556519 0.6429640054702759
vt 0.7778699994087219 0.674905002117157
vt 0.5119760036468506 0.8701549768447876
vt 0.5389469861984253 0.8701549768447876
vt 0.04360999912023544 0.9598720073699951
vt 0.05889099836349487 0.9727039933204651
vt 0.05747999995946884 0.978348970413208
vt 0.04360999912023544 0.9787350296974182
vt 0.6502000093460083 0.06130199879407883
vt 0.6792529821395874 0.06129699945449829
vt 0.6792299747467041 0.06658899784088135
vt 0.6492080092430115 0.0665929988026619
vt 0.9850559830665588 0.3102650046348572
vt 0.984574019908905 0.31026700139045715
vt 0.984574019908905 0.30881398916244507
vt 0.9850559830665588 0.3083280026912689
vt 0.0711280032992363 0.9466210007667542
vt 0.07006999850273132 0.9446849822998047
vt 0.13215099275112152 0.05597500130534172
vt 0.1583009958267212 0.03349899873137474
vt 0.18784199655056 0.04905899986624718
vt 0.1447419971227646 0.058740999549627304
vt 0.18154199421405792 0.9460830092430115
vt 0.1762170046567917 0.9460809826850891
vt 0.1762170046567917 0.8681150078773499
vt 0.18154199421405792 0.8681179881095886
vt 0.9857680201530457 0.8579369783401489
vt 0.9857519865036011 0.8453459739685059
vt 0.9894779920578003 0.8453459739685059
vt 0.9894949793815613 0.8579369783401489
vt 0.9906650185585022 0.7150480151176453
vt 0.9929059743881226 0.7189220190048218
vt 0.9915429949760437 0.7194089889526367
vt 0.9896759986877441 0.7165030241012573
vt 0.9423120021820068 0.746097981929779
vt 0.9465910196304321 0.7464630007743835
vt 0.9430249929428101 0.7497400045394897
vt 0.938746988773346 0.7493749856948853
vt 0.009233999997377396 0.9734050035476685
vt 0.008961999788880348 0.9745479822158813
vt 0.8786410093307495 0.967881977558136
vt 0.8806689977645874 0.963998019695282
vt 0.8816999793052673 0.9654520153999329
vt 0.8800110220909119 0.9683660268783569
vt 0.05399300158023834 0.869530975818634
vt 0.059560999274253845 0.8674309849739075
vt 0.060812998563051224 0.8702669739723206
vt 0.5275520086288452 0.8745129704475403
vt 0.525518000125885 0.8691859841346741
vt 0.7812150120735168 0.519474983215332
vt 0.7846019864082336 0.5185419917106628
vt 0.7855759859085083 0.5208330154418945
vt 0.781220018863678 0.5217660069465637
vt 0.10206600278615952 0.8397380113601685
vt 0.08697500079870224 0.8058189749717712
vt 0.09260900318622589 0.7927510142326355
vt 0.11755400151014328 0.8102189898490906
vt 0.6006309986114502 0.9147070050239563
vt 0.581305980682373 0.8633750081062317
vt 0.6236860156059265 0.8633750081062317
vt 0.6050390005111694 0.9156759977340698
vt 0.11181200295686722 0.11648599803447723
vt 0.09873700141906738 0.11095300316810608
vt 0.09922099858522415 0.10822699964046478
vt 0.11229600012302399 0.11376000195741653
vt 0.046875 0.6856549978256226
vt 0.03423599898815155 0.6648150086402893
vt 0.04197400063276291 0.6580449938774109
vt 0.07606799900531769 0.6609969735145569
vt 0.0377190001308918 0.1597210019826889
vt 0.04062400013208389 0.15626400709152222
vt 0.04643600061535835 0.15626400709152222
vt 0.049341000616550446 0.1597210019826889
vt 0.9152340292930603 0.3021810054779053
vt 0.9128069877624512 0.30169200897216797
vt 0.9128379821777344 0.2886410057544708
vt 0.9152650237083435 0.28912898898124695
vt 0.4811429977416992 0.7327119708061218
vt 0.479422003030777 0.7327100038528442
vt 0.47417598962783813 0.6954150199890137
vt 0.4755460023880005 0.6949309706687927
vt 0.23662200570106506 0.8230339884757996
vt 0.23666499555110931 0.8317229747772217
vt 0.2356960028409958 0.8317229747772217
vt 0.23565299808979034 0.8230339884757996
vt 0.15442700684070587 0.06328999996185303
vt 0.14910000562667847 0.0674389973282814
vt 0.1403840035200119 0.06294400244951248
vt 0.1432889997959137 0.05810299888253212
vt 0.5031989812850952 0.03425699844956398
vt 0.5729320049285889 0.034255001693964005
vt 0.5729320049285889 0.2705709934234619
vt 0.5031989812850952 0.2705729901790619
vt 0.12634000182151794 0.15217499434947968
vt 0.12634000182151794 0.15012000501155853
vt 0.1636279970407486 0.14493399858474731
vt 0.16411300003528595 0.14664199948310852
vt 0.979246973991394 0.30881398916244507
vt 0.9792500138282776 0.3068790137767792
vt 0.9845770001411438 0.3068790137767792
vt 0.3697179853916168 0.900862991809845
vt 0.3634229898452759 0.900862991809845
vt 0.35712701082229614 0.8886569738388062
vt 0.43025100231170654 0.8886569738388062
vt 0.7810750007629395 0.9842759966850281
vt 0.7761539816856384 0.9842690229415894
vt 0.7778229713439941 0.9784579873085022
vt 0.7827450037002563 0.9784640073776245
vt 0.8826929926872253 0.7688829898834229
vt 0.8856610059738159 0.7969329953193665
vt 0.8081780076026917 0.7970330119132996
vt 0.8110219836235046 0.7689759731292725
vt 0.9578790068626404 0.7785750031471252
vt 0.9597460031509399 0.7877699732780457
vt 0.9565150141716003 0.7790610194206238
vt 0.8066210150718689 0.9696329832077026
vt 0.8038349747657776 0.9589790105819702
vt 0.14683499932289124 0.8421499729156494
vt 0.1485700011253357 0.8411790132522583
vt 0.16899999976158142 0.8570950031280518
vt 0.16757500171661377 0.8585489988327026
vt 0.5911380052566528 0.9302039742469788
vt 0.593192994594574 0.9302039742469788
vt 0.5948879718780518 0.9345620274543762
vt 0.5928329825401306 0.9355310201644897
vt 0.9678900241851807 0.8933299779891968
vt 0.9678900241851807 0.9069160223007202
vt 0.9654579758644104 0.9061139822006226
vt 0.9648740291595459 0.8933590054512024
vt 0.13989900052547455 0.11204499751329422
vt 0.13699400424957275 0.10685800015926361
vt 0.14667899906635284 0.10270799696445465
vt 0.15200600028038025 0.10685800015926361
vt 0.045917998999357224 0.8848620057106018
vt 0.04679400101304054 0.8815590143203735
vt 0.5528540015220642 0.27834799885749817
vt 0.5579040050506592 0.2809720039367676
vt 0.5566959977149963 0.28289398550987244
vt 0.5525680184364319 0.28071698546409607
vt 0.6435070037841797 0.9645659923553467
vt 0.643310010433197 0.9600080251693726
vt 0.6526899933815002 0.9610090255737305
vt 0.6483780145645142 0.9649040102958679
vt 0.04957899823784828 0.8672860264778137
vt 0.051451001316308975 0.8677830100059509
vt 0.1583009958267212 0.029769999906420708
vt 0.12634000182151794 0.028658000752329826
vt 0.12634000182151794 0.024929000064730644
vt 0.13318899273872375 0.8121690154075623
vt 0.1349249929189682 0.8116819858551025
vt 0.7889130115509033 0.022146999835968018
vt 0.8053479790687561 0.057447001338005066
vt 0.8033030033111572 0.057934001088142395
vt 0.7871779799461365 0.023601999506354332
vt 0.5756629705429077 0.2781980037689209
vt 0.575892984867096 0.2805739939212799
vt 0.5717170238494873 0.28265199065208435
vt 0.5705549716949463 0.28070101141929626
vt 0.48727598786354065 0.9340280294418335
vt 0.48727598786354065 0.9790650010108948
vt 0.4834190011024475 0.9795259833335876
vt 0.4834190011024475 0.9335219860076904
vt 0.8101630210876465 0.37641000747680664
vt 0.8157129883766174 0.41420799493789673
vt 0.8139969706535339 0.41420599818229675
vt 0.808447003364563 0.376893013715744
vt 0.08856700360774994 0.1544400006532669
vt 0.05321500077843666 0.13680599629878998
vt 0.05321500077843666 0.1290079951286316
vt 0.08856700360774994 0.14664199948310852
vt 0.866815984249115 0.7230439782142639
vt 0.8556780219078064 0.7230439782142639
vt 0.08854000270366669 0.7646610140800476
vt 0.08326499909162521 0.7675600051879883
vt 0.07905399799346924 0.7578690052032471
vt 0.08327600359916687 0.7525479793548584
vt 0.9658529758453369 0.4564869999885559
vt 0.9658510088920593 0.4555160105228424
vt 0.9716669917106628 0.4560050070285797
vt 0.9716699719429016 0.4569750130176544
vt 0.1621749997138977 0.07124300301074982
vt 0.1553959995508194 0.07366299629211426
vt 0.9343600273132324 0.7607079744338989
vt 0.9343600273132324 0.838674008846283
vt 0.9242309927940369 0.8328089714050293
vt 0.9242309927940369 0.7756670117378235
vt 0.8075649738311768 0.914027988910675
vt 0.8137829899787903 0.9178249835968018
vt 0.8082119822502136 0.9273179769515991
vt 0.8045809864997864 0.9253469705581665
vt 0.6690790057182312 0.30761000514030457
vt 0.6705459952354431 0.29793500900268555
vt 0.6705260276794434 0.30712100863456726
vt 0.7815859913825989 0.9299759864807129
vt 0.7861949801445007 0.9223049879074097
vt 0.7921630144119263 0.9304670095443726
vt 0.7894110083580017 0.9349740147590637
vt 0.9897230267524719 0.5262190103530884
vt 0.9897230267524719 0.5388090014457703
vt 0.9863319993019104 0.5388090014457703
vt 0.9863319993019104 0.5262190103530884
vt 0.05722200125455856 0.8106240034103394
vt 0.06530799716711044 0.8096669912338257
vt 0.10938999801874161 0.05810299888253212
vt 0.11229600012302399 0.06294400244951248
vt 0.010263999924063683 0.9418249726295471
vt 0.005307000130414963 0.9340710043907166
vt 0.006506000179797411 0.9333289861679077
vt 0.011552000418305397 0.940750002861023
vt 0.05679500102996826 0.9477300047874451
vt 0.05612200126051903 0.9464920163154602
vt 0.06164000183343887 0.9408010244369507
vt 0.06231300160288811 0.9420390129089355
vt 0.970229983329773 0.5976269841194153
vt 0.9707120060920715 0.5966560244560242
vt 0.9746059775352478 0.5976399779319763
vt 0.9746059775352478 0.5986080169677734
vt 0.12634000182151794 0.1418219953775406
vt 0.15878500044345856 0.13698099553585052
vt 0.44903600215911865 0.9795250296592712
vt 0.44903600215911865 0.9335209727287292
vt 0.36548200249671936 0.8042280077934265
vt 0.3472279906272888 0.7698209881782532
vt 0.3549650013446808 0.7649880051612854
vt 0.37111300230026245 0.7950350046157837
vt 0.7976260185241699 0.9287790060043335
vt 0.8017879724502563 0.9269130229949951
vt 0.8025130033493042 0.9289669990539551
vt 0.7991139888763428 0.930450975894928
vt 0.686394989490509 0.38235101103782654
vt 0.6859179735183716 0.3219819962978363
vt 0.7580689787864685 0.3219679892063141
vt 0.7577670216560364 0.38235101103782654
vt 0.9849939942359924 0.5961679816246033
vt 0.9860259890556335 0.5976219773292542
vt 0.9849939942359924 0.6396430134773254
vt 0.9829670190811157 0.6357790231704712
vt 0.9843360185623169 0.6352940201759338
vt 0.9860259890556335 0.6381919980049133
vt 0.7467949986457825 0.5835239887237549
vt 0.7468119859695435 0.579177975654602
vt 0.75068598985672 0.579177975654602
vt 0.750669002532959 0.5835239887237549
vt 0.8720570206642151 0.5170739889144897
vt 0.8675850033760071 0.5170739889144897
vt 0.8715639710426331 0.48510000109672546
vt 0.8760359883308411 0.48510000109672546
vt 0.24934400618076324 0.11605899780988693
vt 0.21834999322891235 0.10983499884605408
vt 0.21834999322891235 0.07249099761247635
vt 0.24934400618076324 0.06350100040435791
vt 0.28290098905563354 0.04024000093340874
vt 0.29841598868370056 0.04171999916434288
vt 0.2838599979877472 0.042162999510765076
vt 0.7786579728126526 0.9593949913978577
vt 0.7801470160484314 0.9586229920387268
vt 0.7851369976997375 0.9661610126495361
vt 0.7839959859848022 0.9669809937477112
vt 0.989512026309967 0.5138760209083557
vt 0.9827319979667664 0.5138760209083557
vt 0.9827319979667664 0.5037059783935547
vt 0.9895020127296448 0.5037059783935547
vt 0.9871119856834412 0.8776760101318359
vt 0.98574298620224 0.8771920204162598
vt 0.9892110228538513 0.8738179802894592
vt 0.989886999130249 0.874783992767334
vt 0.7502220273017883 0.7796419858932495
vt 0.7410759925842285 0.764631986618042
vt 0.7423549890518188 0.7544540166854858
vt 0.7638919949531555 0.7616990208625793
vt 0.6856610178947449 0.864421010017395
vt 0.6915580034255981 0.876554012298584
vt 0.689175009727478 0.8770430088043213
vt 0.6832780241966248 0.8653939962387085
vt 0.9658520221710205 0.49764901399612427
vt 0.9716690182685852 0.4976530075073242
vt 0.168954998254776 0.40598100423812866
vt 0.1863889992237091 0.3976820111274719
vt 0.1863889992237091 0.43158701062202454
vt 0.168954998254776 0.4232720136642456
vt 0.9587240219116211 0.5058090090751648
vt 0.958141028881073 0.5185859799385071
vt 0.955706000328064 0.5193819999694824
vt 0.955706000328064 0.5057709813117981
vt 0.4983839988708496 0.034299999475479126
vt 0.4983839988708496 0.27061599493026733
vt 0.3097679913043976 0.8352950215339661
vt 0.25601500272750854 0.8213359713554382
vt 0.281904011964798 0.7239909768104553
vt 0.3349590003490448 0.7377730011940002
vt 0.029002999886870384 0.9486200213432312
vt 0.01990799978375435 0.9451339840888977
vt 0.025779999792575836 0.9381060004234314
vt 0.031220000237226486 0.9402649998664856
vt 0.9442059993743896 0.6644480228424072
vt 0.9292089939117432 0.6644279956817627
vt 0.9306920170783997 0.6585779786109924
vt 0.9832680225372314 0.6503069996833801
vt 0.9852960109710693 0.6464229822158813
vt 0.9863269925117493 0.6478769779205322
vt 0.984637975692749 0.6507909893989563
vt 0.04650399833917618 0.8675439953804016
vt 0.046796999871730804 0.8683300018310547
vt 0.8717489838600159 0.178616002202034
vt 0.8659380078315735 0.178616002202034
vt 0.8658300042152405 0.1417279988527298
vt 0.8716409802436829 0.1417279988527298
vt 0.2120549976825714 0.030054999515414238
vt 0.21544499695301056 0.026597000658512115
vt 0.22125600278377533 0.026597000658512115
vt 0.2149610072374344 0.03351299837231636
vt 0.07896500080823898 0.7007219791412354
vt 0.0694499984383583 0.7360609769821167
vt 0.05890500172972679 0.7345939874649048
vt 0.04662699997425079 0.7006779909133911
vt 0.8590390086174011 0.27088499069213867
vt 0.853227972984314 0.27088499069213867
vt 0.8533440232276917 0.2388480007648468
vt 0.859154999256134 0.2388480007648468
vt 0.950767993927002 0.14535899460315704
vt 0.9453219771385193 0.15742500126361847
vt 0.9407849907875061 0.15679199993610382
vt 0.9461230039596558 0.14327700436115265
vt 0.8013579845428467 0.31061598658561707
vt 0.8013749718666077 0.3062700033187866
vt 0.8052489757537842 0.3062700033187866
vt 0.8052319884300232 0.31061598658561707
vt 0.982716977596283 0.4685629904270172
vt 0.9894970059394836 0.4685620069503784
vt 0.9895150065422058 0.47149598598480225
vt 0.9827349781990051 0.4714969992637634
vt 0.8398600220680237 0.7320070266723633
vt 0.8456709980964661 0.7320070266723633
vt 0.9047999978065491 0.9224830269813538
vt 0.9064239859580994 0.9171779751777649
vt 0.9113150238990784 0.9172539710998535
vt 0.9095699787139893 0.92255699634552
vt 0.7919729948043823 0.9363059997558594
vt 0.7943770289421082 0.9317499995231628
vt 0.7962120175361633 0.9334710240364075
vt 0.7942889928817749 0.9371150135993958
vt 0.7483959794044495 0.26879000663757324
vt 0.7498559951782227 0.26927000284194946
vt 0.7498279809951782 0.2789739966392517
vt 0.7483680248260498 0.27897799015045166
vt 0.8013740181922913 0.3149870038032532
vt 0.8052480220794678 0.3149870038032532
vt 0.7976740002632141 0.16839599609375
vt 0.7891020178794861 0.16839599609375
vt 0.8054460287094116 0.1329919993877411
vt 0.8140180110931396 0.1329919993877411
vt 0.986437976360321 0.8375779986381531
vt 0.9864339828491211 0.8274109959602356
vt 0.9874089956283569 0.8274059891700745
vt 0.9874169826507568 0.8375710248947144
vt 0.804373025894165 0.9837849736213684
vt 0.8026779890060425 0.9784579873085022
vt 0.8075190186500549 0.9784579873085022
vt 0.8092139959335327 0.9837849736213684
vt 0.018650000914931297 0.9479849934577942
vt 0.01947000063955784 0.9467849731445312
vt 0.9400619864463806 0.0069670001976192
vt 0.9346160292625427 0.01903199963271618
vt 0.9300789833068848 0.018400000408291817
vt 0.9354159832000732 0.004885000176727772
vt 0.6859250068664551 0.1828169971704483
vt 0.7571110129356384 0.1828169971704483
vt 0.757116973400116 0.1847590059041977
vt 0.6859300136566162 0.1847590059041977
vt 0.9400619864463806 0.09195400029420853
vt 0.9359830021858215 0.09274400025606155
vt 0.35006698966026306 0.7325360178947449
vt 0.3416309952735901 0.7325239777565002
vt 0.34728100895881653 0.6952430009841919
vt 0.9128440022468567 0.274601012468338
vt 0.9152740240097046 0.27460798621177673
vt 0.03830999881029129 0.9532009959220886
vt 0.0381929986178875 0.9517520070075989
vt 0.04806099832057953 0.9504349827766418
vt 0.048645999282598495 0.9520080089569092
vt 0.6274629831314087 0.8628910183906555
vt 0.6278089880943298 0.9374679923057556
vt 0.6236860156059265 0.9364989995956421
vt 0.9748179912567139 0.5484939813613892
vt 0.9747679829597473 0.5373889803886414
vt 0.9796109795570374 0.5373889803886414
vt 0.9796609878540039 0.5484939813613892
vt 0.979246973991394 0.31026700139045715
vt 0.7823799848556519 0.7068870067596436
vt 0.7810099720954895 0.7073709964752197
vt 0.8416029810905457 0.9493989944458008
vt 0.8536760210990906 0.9632089734077454
vt 0.8293079733848572 0.9672709703445435
vt 0.8372970223426819 0.9479960203170776
vt 0.2114119976758957 0.9754350185394287
vt 0.21141000092029572 0.9342719912528992
vt 0.216729998588562 0.9347609877586365
vt 0.216730996966362 0.9754390120506287
vt 0.9704549908638 0.041579000651836395
vt 0.9704539775848389 0.0038060001097619534
vt 0.9762759804725647 0.0037990000564604998
vt 0.9762769937515259 0.041572000831365585
vt 0.7575269937515259 0.3930389881134033
vt 0.6863420009613037 0.3930389881134033
vt 0.6863489747047424 0.3910979926586151
vt 0.7575340270996094 0.3910979926586151
vt 0.9667649865150452 0.5096279978752136
vt 0.965395987033844 0.5091440081596375
vt 0.9692109823226929 0.5057709813117981
vt 0.9698870182037354 0.5067359805107117
vt 0.4834119975566864 0.9315930008888245
vt 0.4490300118923187 0.9315919876098633
vt 0.047474998980760574 0.9488700032234192
vt 0.05553499981760979 0.9449269771575928
vt 0.7070860266685486 0.5961679816246033
vt 0.7250549793243408 0.621291995048523
vt 0.7226380109786987 0.62226402759552
vt 0.7052890062332153 0.5981060266494751
vt 0.6010040044784546 0.2791149914264679
vt 0.6060159802436829 0.2775920033454895
vt 0.6062679886817932 0.2800140082836151
vt 0.6017709970474243 0.2812519967556
vt 0.9502570033073425 0.5442190170288086
vt 0.9488880038261414 0.5447030067443848
vt 0.947517991065979 0.5451869964599609
vt 0.9212809801101685 0.4310010075569153
vt 0.9215530157089233 0.44070199131965637
vt 0.9170420169830322 0.4400390088558197
vt 0.9169679880142212 0.43489500880241394
vt 0.03192099928855896 0.9376230239868164
vt 0.036779001355171204 0.9381970167160034
vt 0.03701400011777878 0.9410859942436218
vt 0.43333199620246887 0.3816240131855011
vt 0.43333199620246887 0.6232690215110779
vt 0.43140000104904175 0.6218100190162659
vt 0.43140000104904175 0.3825860023498535
vt 0.6395649909973145 0.8832299709320068
vt 0.6575459837913513 0.9108330011367798
vt 0.6513220071792603 0.9374679923057556
vt 0.7250819802284241 0.6425999999046326
vt 0.7328439950942993 0.6663039922714233
vt 0.7304270267486572 0.6667919754981995
vt 0.7226639986038208 0.6426029801368713
vt 0.18512499332427979 0.48486998677253723
vt 0.18500499427318573 0.6533949971199036
vt 0.1832839995622635 0.652908980846405
vt 0.18340399861335754 0.4853529930114746
vt 0.05124500021338463 0.8798919916152954
vt 0.05487599968910217 0.879423975944519
vt 0.9475550055503845 0.2508400082588196
vt 0.9514099955558777 0.2503269910812378
vt 0.9514099955558777 0.2963320016860962
vt 0.9475550055503845 0.29587599635124207
vt 0.9121710062026978 0.4425930082798004
vt 0.9157649874687195 0.4393469989299774
vt 0.9127299785614014 0.44393399357795715
vt 0.800121009349823 0.913972020149231
vt 0.7999889850616455 0.9251980185508728
vt 0.8798900246620178 0.27241799235343933
vt 0.8808580040931702 0.27241799235343933
vt 0.8808640241622925 0.2830759882926941
vt 0.8798949718475342 0.2830759882926941
vt 0.13069799542427063 0.0625780001282692
vt 0.13069799542427063 0.06325600296258926
vt 0.12198100239038467 0.06325600296258926
vt 0.12198100239038467 0.0625780001282692
vt 0.7924289703369141 0.9696170091629028
vt 0.7953469753265381 0.9587780237197876
vt 0.7998070120811462 0.9598860144615173
vt 0.7996079921722412 0.9715920090675354
vt 0.9665600061416626 0.041593000292778015
vt 0.9665589928627014 0.003819999983534217
vt 0.16230300068855286 0.49936801195144653
vt 0.15946799516677856 0.5313259959220886
vt 0.14156599342823029 0.49595001339912415
vt 0.1542229950428009 0.4925769865512848
vt 0.1827390044927597 0.9551929831504822
vt 0.19071699678897858 0.9620090126991272
vt 0.1893479973077774 0.9624930024147034
vt 0.1820629984140396 0.9561640024185181
vt 0.932075023651123 0.7464630007743835
vt 0.932075023651123 0.750760018825531
vt 0.9277960062026978 0.7503949999809265
vt 0.9277960062026978 0.746097981929779
vt 0.24474899470806122 0.633292019367218
vt 0.24846099317073822 0.6284279823303223
vt 0.24925699830055237 0.6293960213661194
vt 0.24577200412750244 0.6337739825248718
vt 0.8836719989776611 0.9573259949684143
vt 0.8769519925117493 0.9340540170669556
vt 0.8782299757003784 0.9334669709205627
vt 0.8849499821662903 0.9567390084266663
vt 0.7573980093002319 0.1935030072927475
vt 0.6859670281410217 0.1935030072927475
vt 0.9021260142326355 0.809581995010376
vt 0.9021260142326355 0.8923159837722778
vt 0.9011579751968384 0.8922529816627502
vt 0.9011579751968384 0.8102650046348572
vt 0.917061984539032 0.555275022983551
vt 0.8965650200843811 0.555275022983551
vt 0.896435022354126 0.4555160105228424
vt 0.9169319868087769 0.4555160105228424
vt 0.7152720093727112 0.8484029769897461
vt 0.7099339962005615 0.834896981716156
vt 0.7348210215568542 0.8367720246315002
vt 0.7391070127487183 0.850197970867157
vt 0.9221289753913879 0.9687240123748779
vt 0.9220880270004272 0.9677339792251587
vt 0.9263960123062134 0.9663119912147522
vt 0.9264370203018188 0.9673029780387878
vt 0.03432900086045265 0.10203699767589569
vt 0.03578199818730354 0.10067400336265564
vt 0.05466800183057785 0.1272989958524704
vt 0.0905039981007576 0.10062000155448914
vt 0.0851769968867302 0.09128399938344955
vt 0.08711399883031845 0.09026099741458893
vt 0.09195700287818909 0.09925100207328796
vt 0.5785729885101318 0.9804589748382568
vt 0.5727609992027283 0.9804589748382568
vt 0.5728009939193726 0.9698349833488464
vt 0.5786120295524597 0.9698349833488464
vt 0.5612080097198486 0.958666980266571
vt 0.5660510063171387 0.958666980266571
vt 0.09437800198793411 0.029769999906420708
vt 0.09437800198793411 0.03349899873137474
vt 0.8942620158195496 0.7234219908714294
vt 0.8949379920959473 0.7224500179290771
vt 0.9029160141944885 0.7292659878730774
vt 0.9015460014343262 0.7297499775886536
vt 0.5948879718780518 0.9200339913368225
vt 0.6232420206069946 0.9200339913368225
vt 0.6208549737930298 0.9243929982185364
vt 0.593192994594574 0.9243929982185364
vt 0.9694030284881592 0.3788749873638153
vt 0.9705690145492554 0.3787199854850769
vt 0.9706429839134216 0.38386398553848267
vt 0.9693660140037537 0.38317200541496277
vt 0.049341000616550446 0.03351299837231636
vt 0.04643600061535835 0.030054999515414238
vt 0.04982500150799751 0.026597000658512115
vt 0.055636998265981674 0.026597000658512115
vt 0.04222699999809265 0.940322995185852
vt 0.04190300032496452 0.9377670288085938
vt 0.045889001339673996 0.935962975025177
vt 0.04676999896764755 0.9383080005645752
vt 0.4741230010986328 0.7699919939041138
vt 0.46604201197624207 0.7651379704475403
vt 0.470986008644104 0.7326989769935608
vt 0.07101800292730331 0.8623589873313904
vt 0.07999199628829956 0.8666890263557434
vt 0.0786300003528595 0.8686280250549316
vt 0.06996600329875946 0.8642969727516174
vt 0.049532998353242874 0.7491120100021362
vt 0.05088299885392189 0.7500810027122498
vt 0.044551998376846313 0.7558839917182922
vt 0.043202001601457596 0.7553989887237549
vt 0.9663299918174744 0.3877579867839813
vt 0.9657719731330872 0.38641801476478577
vt 0.5563079714775085 0.9452160000801086
vt 0.5566539764404297 0.9214869737625122
vt 0.5641130208969116 0.9214869737625122
vt 0.567156970500946 0.9452160000801086
vt 0.9854620099067688 0.8380669951438904
vt 0.9854540228843689 0.8274180293083191
vt 0.9507730007171631 0.13057200610637665
vt 0.9541400074958801 0.12709100544452667
vt 0.9543920159339905 0.13138000667095184
vt 0.9510260224342346 0.13486100733280182
vt 0.20121200382709503 0.9347749948501587
vt 0.20559599995613098 0.9337909817695618
vt 0.20559200644493103 0.9347609877586365
vt 0.20169700682163239 0.9357439875602722
vt 0.6218929886817932 0.9698359966278076
vt 0.6218540072441101 0.958666980266571
vt 0.6266970038414001 0.958666980266571
vt 0.6267349720001221 0.9698359966278076
vt 0.9835649728775024 0.42461198568344116
vt 0.9913920164108276 0.42461198568344116
vt 0.9904019832611084 0.42606601119041443
vt 0.9833210110664368 0.42606601119041443
vt 0.4290919899940491 0.823199987411499
vt 0.3914799988269806 0.8231499791145325
vt 0.3939490020275116 0.8115299940109253
vt 0.42699098587036133 0.8115749955177307
vt 0.8717470169067383 0.23091599345207214
vt 0.8659369945526123 0.23091599345207214
vt 0.98471999168396 0.7694330215454102
vt 0.9847139716148376 0.7645900249481201
vt 0.9876949787139893 0.7645900249481201
vt 0.9877020120620728 0.7694330215454102
vt 0.982716977596283 0.4912149906158447
vt 0.982716977596283 0.48104599118232727
vt 0.9894970059394836 0.4810450077056885
vt 0.9894970059394836 0.4912149906158447
vt 0.07691899687051773 0.7423689961433411
vt 0.07554899901151657 0.7438200116157532
vt 0.06641300022602081 0.7389649748802185
vt 0.06743200123310089 0.7370290160179138
vt 0.8665720224380493 0.29514598846435547
vt 0.8658260107040405 0.29514598846435547
vt 0.8670499920845032 0.28497201204299927
vt 0.867796003818512 0.28497201204299927
vt 0.912926971912384 0.44849100708961487
vt 0.04982500150799751 0.16109099984169006
vt 0.055636998265981674 0.1524599939584732
vt 0.05660500004887581 0.15313799679279327
vt 0.8326259851455688 0.7253350019454956
vt 0.8273000121116638 0.7253350019454956
vt 0.8272079825401306 0.6933029890060425
vt 0.34383299946784973 0.06383399665355682
vt 0.41792500019073486 0.06383199989795685
vt 0.04110899940133095 0.03275400027632713
vt 0.03820300102233887 0.029986999928951263
vt 0.9711920022964478 0.12421800196170807
vt 0.9653810262680054 0.12421800196170807
vt 0.9654300212860107 0.1130480021238327
vt 0.9712409973144531 0.1130480021238327
vt 0.10067299753427505 0.10685800015926361
vt 0.09873700141906738 0.0964839980006218
vt 0.10600099712610245 0.10270799696445465
vt 0.5082259774208069 0.8808079957962036
vt 0.4983940124511719 0.9413419961929321
vt 0.4983940124511719 0.8682169914245605
vt 0.5082259774208069 0.8745129704475403
vt 0.9075070023536682 0.9299820065498352
vt 0.9343569874763489 0.9344589710235596
vt 0.9325060248374939 0.9366459846496582
vt 0.9081019759178162 0.9326879978179932
vt 0.880843997001648 0.2937150001525879
vt 0.8798750042915344 0.2937150001525879
vt 0.912621021270752 0.18558399379253387
vt 0.9169480204582214 0.1585569977760315
vt 0.12634000182151794 0.022873999550938606
vt 0.12634000182151794 0.014576000161468983
vt 0.1636279970407486 0.020107999444007874
vt 0.15878500044345856 0.02771499939262867
vt 0.9719480276107788 0.9823600053787231
vt 0.9666209816932678 0.9823600053787231
vt 0.8512570261955261 0.9926570057868958
vt 0.8541929721832275 0.9740710258483887
vt 0.861312985420227 0.9739429950714111
vt 0.8676300048828125 0.9926570057868958
vt 0.11277999728918076 0.11204499751329422
vt 0.0947280004620552 0.7782260179519653
vt 0.09024100005626678 0.7922660112380981
vt 0.0923599973320961 0.7782250046730042
vt 0.9835649728775024 0.3995380103588104
vt 0.9913920164108276 0.3995380103588104
vt 0.9904019832611084 0.4009929895401001
vt 0.9833210110664368 0.4009929895401001
vt 0.99480801820755 0.07974100112915039
vt 0.9925770163536072 0.08361499756574631
vt 0.9915840029716492 0.08216399699449539
vt 0.9934430122375488 0.0792590007185936
vt 0.3184939920902252 0.9294729828834534
vt 0.3175249993801117 0.927757978439331
vt 0.3204309940338135 0.924705982208252
vt 0.32188400626182556 0.9260820150375366
vt 0.18784199655056 0.12582199275493622
vt 0.16314400732517242 0.10300000011920929
vt 0.16847099363803864 0.09366399794816971
vt 0.20382200181484222 0.10300000011920929
vt 0.21157099306583405 0.024163000285625458
vt 0.2120549976825714 0.022794000804424286
vt 0.3634229898452759 0.9208660125732422
vt 0.35712701082229614 0.9334110021591187
vt 0.3455049991607666 0.9269689917564392
vt 0.35809600353240967 0.918832004070282
vt 0.8948450088500977 0.940559983253479
vt 0.8947610259056091 0.9385160207748413
vt 0.6919500231742859 0.9007850289344788
vt 0.6919500231742859 0.8891630172729492
vt 0.694333016872406 0.8891580104827881
vt 0.694333016872406 0.9007800221443176
vt 0.20559300482273102 0.9754390120506287
vt 0.20169800519943237 0.9754530191421509
vt 0.951429009437561 0.3131830096244812
vt 0.9475550055503845 0.3131830096244812
vt 0.9475759863853455 0.30929601192474365
vt 0.951449990272522 0.30929601192474365
vt 0.4757780134677887 0.42397600412368774
vt 0.4757780134677887 0.5658640265464783
vt 0.43477898836135864 0.5627449750900269
vt 0.43477898836135864 0.4266679883003235
vt 0.464819997549057 0.42374101281166077
vt 0.44930601119995117 0.4252159893512726
vt 0.4493130147457123 0.42326998710632324
vt 0.46386000514030457 0.42179301381111145
vt 0.32930999994277954 0.3814980089664459
vt 0.30260899662971497 0.3815839886665344
vt 0.8320509791374207 0.7537990212440491
vt 0.8272079825401306 0.7537990212440491
vt 0.8272470235824585 0.7431750297546387
vt 0.8320900201797485 0.7431750297546387
vt 0.9833570122718811 0.7699189782142639
vt 0.9833499789237976 0.7641080021858215
vt 0.21447600424289703 0.027274999767541885
vt 0.9878469705581665 0.07441599667072296
vt 0.9934300184249878 0.06908900290727615
vt 0.9949280023574829 0.07441599667072296
vt 0.793300986289978 0.5137100219726562
vt 0.7918570041656494 0.5164949893951416
vt 0.7899180054664612 0.5151339769363403
vt 0.7908790111541748 0.5126590132713318
vt 0.20382200181484222 0.07118900120258331
vt 0.1650809943675995 0.07291799783706665
vt 0.1568489968776703 0.06461899727582932
vt 0.031108999624848366 0.7723289728164673
vt 0.00827999971807003 0.7461479902267456
vt 0.024119000881910324 0.7166290283203125
vt 0.03392999991774559 0.759742021560669
vt 0.7468119859695435 0.5878949761390686
vt 0.75068598985672 0.5878949761390686
vt 0.9502570033073425 0.5713369846343994
vt 0.9488880038261414 0.5708529949188232
vt 0.9509689807891846 0.562146008014679
vt 0.9523389935493469 0.562146008014679
vt 0.08905100077390671 0.14493399858474731
vt 0.9774619936943054 0.17753900587558746
vt 0.9774619936943054 0.1717280000448227
vt 0.9788320064544678 0.17221200466156006
vt 0.9788320064544678 0.1770540028810501
vt 0.21142199635505676 0.9768810272216797
vt 0.21771100163459778 0.9768850207328796
vt 0.3561590015888214 0.8845340013504028
vt 0.343082994222641 0.8909760117530823
vt 0.343082994222641 0.8664259910583496
vt 0.3561590015888214 0.8610219955444336
vt 0.9098119735717773 0.7666109800338745
vt 0.9122340083122253 0.7617629766464233
vt 0.916592001914978 0.7652050256729126
vt 0.9132019877433777 0.7688429951667786
vt 0.8034560084342957 0.5890499949455261
vt 0.8004739880561829 0.5890499949455261
vt 0.8004680275917053 0.5842080116271973
vt 0.8034489750862122 0.5842080116271973
vt 0.5265179872512817 0.3221850097179413
vt 0.5683310031890869 0.3219679892063141
vt 0.6705520153045654 0.28777000308036804
vt 0.8735979795455933 0.5961679816246033
vt 0.9038990139961243 0.6020339727401733
vt 0.9038990139961243 0.7095379829406738
vt 0.8734880089759827 0.7157779932022095
vt 0.457643985748291 0.659555971622467
vt 0.4302389919757843 0.6406319737434387
vt 0.11568599939346313 0.10685800015926361
vt 0.9545429944992065 0.9818739891052246
vt 0.9551590085029602 0.9804189801216125
vt 0.9558420181274414 0.9809020161628723
vt 0.9552249908447266 0.9823570251464844
vt 0.9857929944992065 0.2963300049304962
vt 0.9857929944992065 0.250326007604599
vt 0.9872530102729797 0.25033700466156006
vt 0.9872530102729797 0.2963410019874573
vt 0.793042004108429 0.9164109826087952
vt 0.7958269715309143 0.9270650148391724
vt 0.30984699726104736 0.9695889949798584
vt 0.30983099341392517 0.9579669833183289
vt 0.3111949861049652 0.9574810266494751
vt 0.3112109899520874 0.970071017742157
vt 0.8112300038337708 0.9311599731445312
vt 0.8189060091972351 0.9244030117988586
vt 0.5608320236206055 0.2850170135498047
vt 0.5592229962348938 0.2862200140953064
vt 0.11277999728918076 0.06465300172567368
vt 0.11277999728918076 0.06533099710941315
vt 0.04375600069761276 0.877905011177063
vt 0.04083399847149849 0.875698983669281
vt 0.04555400088429451 0.8730159997940063
vt 0.04678099974989891 0.8740569949150085
vt 0.8962529897689819 0.8832759857177734
vt 0.9098119735717773 0.8777679800987244
vt 0.9098129868507385 0.885250985622406
vt 0.904000997543335 0.8832659721374512
vt 0.06996600329875946 0.9542649984359741
vt 0.07064200192689896 0.9532930254936218
vt 0.07862000167369843 0.9601089954376221
vt 0.07725100219249725 0.9605939984321594
vt 0.0837239995598793 0.40598100423812866
vt 0.0837239995598793 0.35139399766921997
vt 0.986437976360321 0.7607079744338989
vt 0.9871839880943298 0.7616770267486572
vt 0.2454189956188202 0.5826380252838135
vt 0.24673399329185486 0.5831050276756287
vt 0.9826229810714722 0.06908900290727615
vt 0.984483003616333 0.06666799634695053
vt 0.9811390042304993 0.07441599667072296
vt 0.03723499923944473 0.16109099984169006
vt 0.8786410093307495 0.9790199995040894
vt 0.8769519925117493 0.9732170104980469
vt 0.8786590099334717 0.9732149839401245
vt 0.8800110220909119 0.978534996509552
vt 0.9585999846458435 0.6603739857673645
vt 0.9570379853248596 0.6561970114707947
vt 0.9749069809913635 0.6464229822158813
vt 0.9726030230522156 0.6711320281028748
vt 0.3590640127658844 0.9171169996261597
vt 0.3634229898452759 0.9184730052947998
vt 0.6972339749336243 0.6126329898834229
vt 0.5317800045013428 0.6126329898834229
vt 0.5331630110740662 0.6048840284347534
vt 0.6986179947853088 0.6048840284347534
vt 0.9665589928627014 0.05404200032353401
vt 0.9665759801864624 0.049695998430252075
vt 0.9704499840736389 0.049695998430252075
vt 0.9704329967498779 0.05404200032353401
vt 0.5000609755516052 0.31310099363327026
vt 0.4983839988708496 0.31370800733566284
vt 0.499796986579895 0.30438101291656494
vt 0.5013359785079956 0.3044689893722534
vt 0.1175990030169487 0.7462949752807617
vt 0.12214600294828415 0.7782629728317261
vt 0.09262999892234802 0.7636950016021729
vt 0.0754999965429306 0.8125860095024109
vt 0.07269199937582016 0.8058030009269714
vt 0.592635989189148 0.608273983001709
vt 0.5864130258560181 0.5990729928016663
vt 0.6040470004081726 0.5976200103759766
vt 0.6099249720573425 0.608273983001709
vt 0.7908999919891357 0.522134006023407
vt 0.7865480184555054 0.524304986000061
vt 0.7894440293312073 0.5189719796180725
vt 0.3443399965763092 0.003338000038638711
vt 0.41794800758361816 0.0033360000234097242
vt 0.4184199869632721 0.005255000200122595
vt 0.3438439965248108 0.005257999990135431
vt 0.8478230237960815 0.2903040051460266
vt 0.8463780283927917 0.2902989983558655
vt 0.8463990092277527 0.28108400106430054
vt 0.8478440046310425 0.28011998534202576
vt 0.6856610178947449 0.9254379868507385
vt 0.6832780241966248 0.9244740009307861
vt 0.689175009727478 0.9128789901733398
vt 0.6915580034255981 0.9133579730987549
vt 0.5066050291061401 0.8329740166664124
vt 0.5231350064277649 0.8445969820022583
vt 0.5217660069465637 0.8455650210380554
vt 0.5048959851264954 0.8339430093765259
vt 0.24860699474811554 0.7698320150375366
vt 0.24488499760627747 0.7650110125541687
vt 0.2459080070257187 0.7645249962806702
vt 0.24925699830055237 0.7688630223274231
vt 0.6483299732208252 0.30955299735069275
vt 0.6473169922828674 0.3076210021972656
vt 0.6504380106925964 0.30618199706077576
vt 0.6521459817886353 0.30811798572540283
vt 0.6907439827919006 0.9548249840736389
vt 0.690792977809906 0.9436540007591248
vt 0.6966040134429932 0.9436540007591248
vt 0.6965550184249878 0.9548249840736389
vt 0.8130699992179871 0.9358159899711609
vt 0.8220229744911194 0.9326589703559875
vt 0.9105920195579529 0.749970018863678
vt 0.9105709791183472 0.7456259727478027
vt 0.9144449830055237 0.7456259727478027
vt 0.9144660234451294 0.749970018863678
vt 0.011618000455200672 0.9121689796447754
vt 0.02038400061428547 0.9187880158424377
vt 0.6390330195426941 0.973343014717102
vt 0.6393049955368042 0.9721999764442444
vt 0.6435800194740295 0.9726009964942932
vt 0.6441389918327332 0.97394198179245
vt 0.4575600028038025 0.8463780283927917
vt 0.48139500617980957 0.848173975944519
vt 0.48572099208831787 0.8752099871635437
vt 0.4645310044288635 0.8993520140647888
vt 0.009123999625444412 0.969664990901947
vt 0.004650000017136335 0.9784430265426636
vt 0.004612999968230724 0.9690030217170715
vt 0.9501000046730042 0.12722299993038177
vt 0.9467329978942871 0.13070400059223175
vt 0.5231350064277649 0.5976200103759766
vt 0.516260027885437 0.6126329898834229
vt 0.8316119909286499 0.49941301345825195
vt 0.8308560252189636 0.5109879970550537
vt 0.8232150077819824 0.5090849995613098
vt 0.8241090178489685 0.495404988527298
vt 0.1583009958267212 0.1410360038280487
vt 0.12634000182151794 0.14553099870681763
vt 0.12634000182151794 0.11856000125408173
vt 0.14086799323558807 0.11648599803447723
vt 0.8704389929771423 0.2752760052680969
vt 0.8711850047111511 0.2752760052680969
vt 0.0837239995598793 0.2652769982814789
vt 0.06532199680805206 0.3386879861354828
vt 0.06532199680805206 0.2617250084877014
vt 0.4301089942455292 0.8246539831161499
vt 0.3921459913253784 0.8246020078659058
vt 0.9877020120620728 0.7886949777603149
vt 0.98471999168396 0.7886949777603149
vt 0.9847139716148376 0.7838529944419861
vt 0.9876949787139893 0.7838529944419861
vt 0.2380490005016327 0.8017429709434509
vt 0.23804199695587158 0.8128849864006042
vt 0.2365970015525818 0.8123959898948669
vt 0.2366040050983429 0.8017380237579346
vt 0.8445850014686584 0.9739429950714111
vt 0.8445850014686584 0.9927889704704285
vt 0.8307179808616638 0.9924169778823853
vt 0.8293079733848572 0.9867830276489258
vt 0.34549298882484436 0.9865720272064209
vt 0.34548598527908325 0.984624981880188
vt 0.3798690140247345 0.9846230149269104
vt 0.3798759877681732 0.9865710139274597
vt 0.047412000596523285 0.8792319893836975
vt 0.04856399819254875 0.874888002872467
vt 0.0505249984562397 0.8750500082969666
vt 0.7771239876747131 0.8984360098838806
vt 0.7805200219154358 0.8953400254249573
vt 0.7839030027389526 0.8975830078125
vt 0.7814819812774658 0.9020580053329468
vt 0.8478559851646423 0.3101379871368408
vt 0.8464109897613525 0.3096489906311035
vt 0.8463850021362305 0.300464004278183
vt 0.8478270173072815 0.3004710078239441
vt 0.1308629959821701 0.7797340154647827
vt 0.1349630057811737 0.7797340154647827
vt 0.13902400434017181 0.8116819858551025
vt 0.8406540155410767 0.6937649846076965
vt 0.8406519889831543 0.6482440233230591
vt 0.8420940041542053 0.648734986782074
vt 0.8420959711074829 0.6932870149612427
vt 0.9612249732017517 0.38715898990631104
vt 0.9614959955215454 0.38601601123809814
vt 0.1121319979429245 0.8676360249519348
vt 0.12131600081920624 0.8676109910011292
vt 0.12131600081920624 0.9218469858169556
vt 0.1121319979429245 0.9218720197677612
vt 0.056922998279333115 0.7379840016365051
vt 0.057238999754190445 0.7360460162162781
vt 0.21141399443149567 0.9333019852638245
vt 0.9955030083656311 0.40873900055885315
vt 0.9937660098075867 0.4087409973144531
vt 0.8129370212554932 0.9470419883728027
vt 0.8137329816818237 0.941286027431488
vt 0.8226360082626343 0.9410560131072998
vt 0.8214430212974548 0.9496899843215942
vt 0.18734900653362274 0.948511004447937
vt 0.1820330023765564 0.9484959840774536
vt 0.18685799837112427 0.9460980296134949
vt 0.030455000698566437 0.15313799679279327
vt 0.03142299875617027 0.1524599939584732
vt 0.41501298546791077 0.9783390164375305
vt 0.415012001991272 0.9405670166015625
vt 0.419391006231308 0.9405530095100403
vt 0.41939300298690796 0.9783250093460083
vt 0.9129779934883118 0.686303973197937
vt 0.9105709791183472 0.6233969926834106
vt 0.9204639792442322 0.6171349883079529
vt 0.9225379824638367 0.6713320016860962
vt 0.09289500117301941 0.8990920186042786
vt 0.09487699717283249 0.8986030220985413
vt 0.0948920026421547 0.9102259874343872
vt 0.09290900081396103 0.9097449779510498
vt 0.10215400159358978 0.716733992099762
vt 0.07893600314855576 0.7414000034332275
vt 0.08851999789476395 0.7917810082435608
vt 0.08323899656534195 0.803879976272583
vt 0.07902500033378601 0.7985470294952393
vt 0.0832500010728836 0.7888680100440979
vt 0.5684099793434143 0.8672490119934082
vt 0.5746340155601501 0.893884003162384
vt 0.6120520234107971 0.2805739939212799
vt 0.6093599796295166 0.308212012052536
vt 0.6035419702529907 0.3080030083656311
vt 0.8534430265426636 0.10558599978685379
vt 0.8534430265426636 0.027134999632835388
vt 0.8830689787864685 0.027682000771164894
vt 0.8830689787864685 0.10516399890184402
vt 0.8463349938392639 0.14221200346946716
vt 0.8439139723777771 0.14899200201034546
vt 0.8369989991188049 0.157709002494812
vt 0.8255879878997803 0.1417279988527298
vt 0.947517991065979 0.5703690052032471
vt 0.9492520093917847 0.5621439814567566
vt 0.8853099942207336 0.3451569974422455
vt 0.8942170143127441 0.34034401178359985
vt 0.7449880242347717 0.9424650073051453
vt 0.7449880242347717 0.9841110110282898
vt 0.7411310076713562 0.9419580101966858
vt 0.2921690046787262 0.9574810266494751
vt 0.2966409921646118 0.9574810266494751
vt 0.2966580092906952 0.9700719714164734
vt 0.7789390087127686 0.9291210174560547
vt 0.7840949892997742 0.9200590252876282
vt 0.7853189706802368 0.921205997467041
vt 0.7802289724349976 0.9297890067100525
vt 0.41891899704933167 0.9797710180282593
vt 0.4252139925956726 0.978318989276886
vt 0.42522498965263367 0.9797639846801758
vt 0.04808599874377251 0.867247998714447
vt 0.04270999878644943 0.8629599809646606
vt 0.04634099826216698 0.8624929785728455
vt 0.765625 0.18735699355602264
vt 0.7645050287246704 0.18590399622917175
vt 0.7873640060424805 0.16694499552249908
vt 0.9868249893188477 0.8168690204620361
vt 0.9896119832992554 0.8197659850120544
vt 0.988867998123169 0.8207340240478516
vt 0.9854620099067688 0.8173549771308899
vt 0.9733060002326965 0.4143120050430298
vt 0.9702140092849731 0.4146980047225952
vt 0.9638810157775879 0.40095099806785583
vt 0.9662730097770691 0.40102699398994446
vt 0.14932699501514435 0.4572190046310425
vt 0.11416199803352356 0.4770269989967346
vt 0.13597799837589264 0.44557899236679077
vt 0.9322199821472168 0.5262179970741272
vt 0.9343569874763489 0.9835659861564636
vt 0.9099529981613159 0.9796079993247986
vt 0.03820300102233887 0.15585100650787354
vt 0.04110899940133095 0.15273800492286682
vt 0.0494920015335083 0.8072239756584167
vt 0.04316899925470352 0.8009200096130371
vt 0.044520001858472824 0.8004369735717773
vt 0.050843000411987305 0.8062559962272644
vt 0.04982500150799751 0.03488200157880783
vt 0.05660500004887581 0.027274999767541885
vt 0.5505040287971497 0.9519960284233093
vt 0.5439339876174927 0.948606014251709
vt 0.251926988363266 0.9704260230064392
vt 0.25200700759887695 0.9645709991455078
vt 0.253030002117157 0.9647089838981628
vt 0.25260600447654724 0.97051602602005
vt 0.9644140005111694 0.597137987613678
vt 0.9644110202789307 0.5961679816246033
vt 0.2838599979877472 0.24893899261951447
vt 0.29840898513793945 0.24751800298690796
vt 0.29840898513793945 0.3095020055770874
vt 0.2838599979877472 0.31286001205444336
vt 0.0427590012550354 0.8797730207443237
vt 0.039368998259305954 0.8774430155754089
vt 0.2028539925813675 0.16109099984169006
vt 0.1960739940404892 0.15313799679279327
vt 0.19704300165176392 0.1524599939584732
vt 0.20333799719810486 0.1597210019826889
vt 0.0532200001180172 0.8743339776992798
vt 0.05451099947094917 0.8732460141181946
vt 0.19946399331092834 0.04621199890971184
vt 0.21544499695301056 0.038950998336076736
vt 0.24208000302314758 0.05174500122666359
vt 0.3204309940338135 0.8951749801635742
vt 0.24585400521755219 0.8955209851264954
vt 0.29379600286483765 0.8654379844665527
vt 0.3204309940338135 0.871662974357605
vt 0.44757699966430664 0.8349530100822449
vt 0.45222198963165283 0.8328719735145569
vt 0.4530229866504669 0.8470100164413452
vt 0.8033980131149292 0.5243200063705444
vt 0.8004990220069885 0.5248000025749207
vt 0.8005589842796326 0.5136229991912842
vt 0.8034579753875732 0.5126590132713318
vt 0.356685996055603 0.7645050287246704
vt 0.3724829852581024 0.7940670251846313
vt 0.9849939942359924 0.6145700216293335
vt 0.9829670190811157 0.6107050180435181
vt 0.9843360185623169 0.6102210283279419
vt 0.9860259890556335 0.6131179928779602
vt 0.0470770001411438 0.7423290014266968
vt 0.03898699954152107 0.7500669956207275
vt 0.20152899622917175 0.9250739812850952
vt 0.19765500724315643 0.9250739812850952
vt 0.19763800501823425 0.9207029938697815
vt 0.20151199400424957 0.9207029938697815
vt 0.9467329978942871 0.13474899530410767
vt 0.9925529956817627 0.06521300226449966
vt 0.9947929978370667 0.06860300153493881
vt 0.9915639758110046 0.06666799634695053
vt 0.5979390144348145 0.9374679923057556
vt 0.5962240099906921 0.9389209747314453
vt 0.19330699741840363 0.8115760087966919
vt 0.19737499952316284 0.8115760087966919
vt 0.1797409951686859 0.8469269871711731
vt 0.1756719946861267 0.8469269871711731
vt 0.6819080114364624 0.9230210185050964
vt 0.6871110200881958 0.9119070172309875
vt 0.4878140091896057 0.8120560050010681
vt 0.4878680109977722 0.800957977771759
vt 0.4907679855823517 0.8004699945449829
vt 0.49071699380874634 0.8110849857330322
vt 0.12634000182151794 0.11583500355482101
vt 0.1403840035200119 0.11376000195741653
vt 0.18533100187778473 0.8535990118980408
vt 0.1880439966917038 0.8535990118980408
vt 0.1880439966917038 0.8584409952163696
vt 0.18533100187778473 0.8584409952163696
vt 0.4898799955844879 0.3483569920063019
vt 0.4898799955844879 0.3590100109577179
vt 0.4405899941921234 0.36177799105644226
vt 0.44059398770332336 0.3516019880771637
vt 0.9322199821472168 0.5891720056533813
vt 0.9315440058708191 0.5877230167388916
vt 0.9748809933662415 0.37482500076293945
vt 0.9751539826393127 0.38452601432800293
vt 0.9242309927940369 0.7493749856948853
vt 0.9242309927940369 0.7536720037460327
vt 0.7710530161857605 0.5868070125579834
vt 0.7720199823379517 0.5843240022659302
vt 0.7768660187721252 0.5852450132369995
vt 0.7763839960098267 0.5880370140075684
vt 0.2390740066766739 0.8961390256881714
vt 0.23568400740623474 0.8895689845085144
vt 0.24149499833583832 0.8823819756507874
vt 0.9852960109710693 0.6648250222206116
vt 0.9832680225372314 0.6614450216293335
vt 0.984637975692749 0.6609600186347961
vt 0.9863269925117493 0.6633740067481995
vt 0.8033999800682068 0.13251100480556488
vt 0.8761190176010132 0.5490229725837708
vt 0.8716470003128052 0.5490229725837708
vt 0.7962729930877686 0.612525999546051
vt 0.7976419925689697 0.6134939789772034
vt 0.92255699634552 0.5885810256004333
vt 0.9128329753875732 0.5886309742927551
vt 0.9128329753875732 0.5619969964027405
vt 0.92255699634552 0.5619469881057739
vt 0.313167005777359 0.9315069913864136
vt 0.313167005777359 0.9291139841079712
vt 0.8101530075073242 0.5388709902763367
vt 0.8101879954338074 0.5243200063705444
vt 0.8126170039176941 0.5248000025749207
vt 0.8125849962234497 0.538864016532898
vt 0.9644129872322083 0.6383010149002075
vt 0.9702290296554565 0.6383050084114075
vt 0.8964840173721313 0.9171839952468872
vt 0.891622006893158 0.9172629714012146
vt 0.893189013004303 0.9114239811897278
vt 0.8981279730796814 0.911342978477478
vt 0.9580010175704956 0.6663129925727844
vt 0.9586799740791321 0.6662219762802124
vt 0.9572380185127258 0.6708179712295532
vt 0.9565590023994446 0.6709089875221252
vt 0.6502000093460083 0.24531899392604828
vt 0.6492080092430115 0.23995600640773773
vt 0.6792299747467041 0.2399519979953766
vt 0.6792529821395874 0.24531400203704834
vt 0.7930960059165955 0.9457499980926514
vt 0.7939580082893372 0.9497810006141663
vt 0.7917240262031555 0.9509379863739014
vt 0.5987750291824341 0.9804589748382568
vt 0.5987250208854675 0.96983802318573
vt 0.6035670042037964 0.96983802318573
vt 0.6036180257797241 0.9804589748382568
vt 0.12634000182151794 0.11377300322055817
vt 0.9467329978942871 0.09284999966621399
vt 0.949720025062561 0.10301399976015091
vt 0.947983980178833 0.10350000113248825
vt 0.25775599479675293 0.6418259739875793
vt 0.26157599687576294 0.6493020057678223
vt 0.26001301407814026 0.6498990058898926
vt 0.25601500272750854 0.6418769955635071
vt 0.98574298620224 0.9022660255432129
vt 0.98574298620224 0.8964549899101257
vt 0.9871119856834412 0.8969389796257019
vt 0.9871119856834412 0.9017810225486755
vt 0.30735599994659424 0.9291139841079712
vt 0.30735599994659424 0.9014520049095154
vt 0.313167005777359 0.9017969965934753
vt 0.7937960028648376 0.5193470120429993
vt 0.21619999408721924 0.5265290141105652
vt 0.2161400020122528 0.6117600202560425
vt 0.19136899709701538 0.629181981086731
vt 0.19145500659942627 0.5090839862823486
vt 0.302029013633728 0.9294729828834534
vt 0.30299699306488037 0.927757978439331
vt 0.3068709969520569 0.9315069913864136
vt 0.6563349962234497 0.2955549955368042
vt 0.6563349962234497 0.29168200492858887
vt 0.6981329917907715 0.29929599165916443
vt 0.7103000283241272 0.3101480007171631
vt 0.6859250068664551 0.3141680061817169
vt 0.6938289999961853 0.2978860139846802
vt 0.19946399331092834 0.1290079951286316
vt 0.12881800532341003 0.9461230039596558
vt 0.12881800532341003 0.8681579828262329
vt 0.13267600536346436 0.868133008480072
vt 0.13267600536346436 0.9460980296134949
vt 0.05335000157356262 0.8700690269470215
vt 0.22346100211143494 0.6188679933547974
vt 0.22287200391292572 0.6154639720916748
vt 0.7411239743232727 0.9400290250778198
vt 0.7067480087280273 0.9419569969177246
vt 0.706741988658905 0.9400280117988586
vt 0.9815790057182312 0.6715580224990845
vt 0.986274003982544 0.6714959740638733
vt 0.9880449771881104 0.6772850155830383
vt 0.9832050204277039 0.6773480176925659
vt 0.9886199831962585 0.38527798652648926
vt 0.9818400144577026 0.38527798652648926
vt 0.9818400144577026 0.3751089870929718
vt 0.9886199831962585 0.3751089870929718
vt 0.9449059963226318 0.8385670185089111
vt 0.9410319924354553 0.8385670185089111
vt 0.9410529732704163 0.8346790075302124
vt 0.9449269771575928 0.8346790075302124
vt 0.7771239876747131 0.7654060125350952
vt 0.7814819812774658 0.7619330286979675
vt 0.7839030027389526 0.7667750120162964
vt 0.7805129885673523 0.7690050005912781
vt 0.17040599882602692 0.9485020041465759
vt 0.16554799675941467 0.9485210180282593
vt 0.16651299595832825 0.9461050033569336
vt 0.17088399827480316 0.9460890293121338
vt 0.6801810264587402 0.9818980097770691
vt 0.674360990524292 0.9818919897079468
vt 0.6743620038032532 0.9441189765930176
vt 0.6801819801330566 0.9441260099411011
vt 0.9527940154075623 0.7708399891853333
vt 0.9547799825668335 0.7795469760894775
vt 0.9510589838027954 0.7718110084533691
vt 0.9813169836997986 0.0931679978966713
vt 0.981348991394043 0.09028699994087219
vt 0.9881290197372437 0.09028699994087219
vt 0.9881119728088379 0.0931679978966713
vt 0.9713659882545471 0.3641049861907959
vt 0.9757030010223389 0.3641189932823181
vt 0.21544499695301056 0.16109099984169006
vt 0.21544499695301056 0.16516000032424927
vt 0.2028539925813675 0.16516000032424927
vt 0.21447600424289703 0.15585100650787354
vt 0.21157099306583405 0.15896299481391907
vt 0.20866499841213226 0.15585100650787354
vt 0.21157099306583405 0.15273800492286682
vt 0.792165994644165 0.9153119921684265
vt 0.7996600270271301 0.9124420285224915
vt 0.08460699766874313 0.8053339719772339
vt 0.8466789722442627 0.13460099697113037
vt 0.8255879878997803 0.1350560039281845
vt 0.8371989727020264 0.11909099668264389
vt 0.8442230224609375 0.12781700491905212
vt 0.9551680088043213 0.9871990084648132
vt 0.9558489918708801 0.9867140054702759
vt 0.9564689993858337 0.9876800179481506
vt 0.9557880163192749 0.988165020942688
vt 0.03862600028514862 0.7641100287437439
vt 0.040327999740839005 0.7645949721336365
vt 0.03821200132369995 0.7737929821014404
vt 0.03650999814271927 0.773792028427124
vt 0.2149610072374344 0.1597210019826889
vt 0.22125600278377533 0.1524599939584732
vt 0.22222499549388885 0.15313799679279327
vt 0.7084270119667053 0.5835229754447937
vt 0.7045530080795288 0.5835229754447937
vt 0.7045310139656067 0.579177975654602
vt 0.7084050178527832 0.579177975654602
vt 0.034883998334407806 0.9151219725608826
vt 0.03569699823856354 0.9063940048217773
vt 0.04412199929356575 0.9086290001869202
vt 0.04050099849700928 0.9166120290756226
vt 0.9655730128288269 0.36554598808288574
vt 0.9592710137367249 0.3655509948730469
vt 0.9597439765930176 0.3641049861907959
vt 0.9655619859695435 0.36410099267959595
vt 0.028565000742673874 0.9502720236778259
vt 0.44757699966430664 0.9199309945106506
vt 0.4516560137271881 0.9207220077514648
vt 0.43477898836135864 0.37049400806427
vt 0.4493130147457123 0.36225399374961853
vt 0.8034819960594177 0.5775359869003296
vt 0.8005790114402771 0.5765650272369385
vt 0.9719619750976562 0.9784759879112244
vt 0.9719550013542175 0.979449987411499
vt 0.9666280150413513 0.979449987411499
vt 0.96663498878479 0.9784759879112244
vt 0.525393009185791 0.30793899297714233
vt 0.5195819735527039 0.30828800797462463
vt 0.5466049909591675 0.2775920033454895
vt 0.5467990040779114 0.28001999855041504
vt 0.6938660144805908 0.29689499735832214
vt 0.698170006275177 0.2983059883117676
vt 0.29080599546432495 0.9579669833183289
vt 0.9308680295944214 0.586758017539978
vt 0.9374589920043945 0.5838819742202759
vt 0.2477789968252182 0.8162500262260437
vt 0.24774600565433502 0.8249409794807434
vt 0.2467769980430603 0.8249409794807434
vt 0.24681100249290466 0.8162500262260437
vt 0.7940449714660645 0.9546830058097839
vt 0.7959309816360474 0.9534770250320435
vt 0.7987989783287048 0.955830991268158
vt 0.797544002532959 0.957614004611969
vt 0.13854099810123444 0.9551939964294434
vt 0.13854099810123444 0.9808599948883057
vt 0.12881800532341003 0.9809100031852722
vt 0.12881800532341003 0.9552440047264099
vt 0.9868190288543701 0.8120260238647461
vt 0.989799976348877 0.8120260238647461
vt 0.9898070096969604 0.8168690204620361
vt 0.7305179834365845 0.7370100021362305
vt 0.7329369783401489 0.737492024898529
vt 0.15345899760723114 0.10822699964046478
vt 0.1539430022239685 0.11095300316810608
vt 0.024546999484300613 0.9163140058517456
vt 0.01874300092458725 0.9079779982566833
vt 0.9847270250320435 0.06521300226449966
vt 0.12052799761295319 0.05597500130534172
vt 0.10793700069189072 0.058740999549627304
vt 0.0648379996418953 0.04905899986624718
vt 0.516260027885437 0.829584002494812
vt 0.5317800045013428 0.829584002494812
vt 0.5331630110740662 0.837332010269165
vt 0.8897629976272583 0.5785199999809265
vt 0.8852909803390503 0.5785199999809265
vt 0.896435022354126 0.5885800123214722
vt 0.896435022354126 0.5619469881057739
vt 0.9061620235443115 0.5620099902153015
vt 0.9061620235443115 0.5886440277099609
vt 0.04888699948787689 0.9227719902992249
vt 0.05806099995970726 0.918408989906311
vt 0.062171000987291336 0.9255800247192383
vt 0.051277000457048416 0.9269829988479614
vt 0.9076240062713623 0.44333401322364807
vt 0.903311014175415 0.4472289979457855
vt 0.13989900052547455 0.06465300172567368
vt 0.13989900052547455 0.06533099710941315
vt 0.9667649865150452 0.5144699811935425
vt 0.965395987033844 0.5149549841880798
vt 0.6840710043907166 0.9819110035896301
vt 0.6840720176696777 0.9441379904747009
vt 0.8025630116462708 0.9568430185317993
vt 0.8013070225715637 0.9586250185966492
vt 0.1960739940404892 0.15720699727535248
vt 0.16411300003528595 0.1544400006532669
vt 0.19946399331092834 0.13680599629878998
vt 0.2028539925813675 0.1492539942264557
vt 0.9735739827156067 0.229763001203537
vt 0.9735350012779236 0.2185949981212616
vt 0.9793469905853271 0.2185949981212616
vt 0.9793859720230103 0.229763001203537
vt 0.7637609839439392 0.660971999168396
vt 0.7693510055541992 0.660971999168396
vt 0.7694820165634155 0.7616990208625793
vt 0.9579139947891235 0.8056939840316772
vt 0.9597569704055786 0.7964869737625122
vt 0.04110899940133095 0.024163000285625458
vt 0.04062400013208389 0.022794000804424286
vt 0.04643600061535835 0.022794000804424286
vt 0.0459510013461113 0.024163000285625458
vt 0.03777400031685829 0.8702359795570374
vt 0.04421300068497658 0.8705139756202698
vt 0.206727996468544 0.03275400027632713
vt 0.20382200181484222 0.029986999928951263
vt 0.20866499841213226 0.029986999928951263
vt 0.21157099306583405 0.03275400027632713
vt 0.13576500117778778 0.6940069794654846
vt 0.054565999656915665 0.693897008895874
vt 0.05354899913072586 0.6924440264701843
vt 0.1358020007610321 0.6925550103187561
vt 0.30712801218032837 0.03299599885940552
vt 0.31677600741386414 0.03293899819254875
vt 0.3071329891681671 0.04317300021648407
vt 0.1040629968047142 0.06880199909210205
vt 0.1040629968047142 0.06948000192642212
vt 0.9098119735717773 0.8974199891090393
vt 0.9132019877433777 0.8951789736747742
vt 0.916592001914978 0.8981260061264038
vt 0.9122340083122253 0.9018890261650085
vt 0.7401229739189148 0.5878949761390686
vt 0.7362490296363831 0.5878949761390686
vt 0.7362329959869385 0.5835239887237549
vt 0.740106999874115 0.5835239887237549
vt 0.464819997549057 0.5656290054321289
vt 0.46386000514030457 0.5675550103187561
vt 0.4493130147457123 0.5661270022392273
vt 0.44930601119995117 0.5641980171203613
vt 0.07686799764633179 0.8140400052070618
vt 0.0033360000234097242 0.9683110117912292
vt 0.012679999694228172 0.9598720073699951
vt 0.013237999752163887 0.9612129926681519
vt 0.5284379720687866 0.38516101241111755
vt 0.5284379720687866 0.5585259795188904
vt 0.4984149932861328 0.5585219860076904
vt 0.4984149932861328 0.3851569890975952
vt 0.8256819844245911 0.0033360000234097242
vt 0.8372700214385986 0.019331999123096466
vt 0.16653400659561157 0.08092399686574936
vt 0.15878500044345856 0.0812700018286705
vt 0.9665279984474182 0.3923160135746002
vt 0.2149610072374344 0.019336000084877014
vt 0.2028539925813675 0.0233910009264946
vt 0.16411300003528595 0.027885999530553818
vt 0.12634000182151794 0.022353999316692352
vt 0.17912499606609344 0.010943000204861164
vt 0.7917129993438721 0.8097249865531921
vt 0.8086640238761902 0.7980870008468628
vt 0.7926830053329468 0.8104060292243958
vt 0.9557769894599915 0.9794489741325378
vt 0.9564589858055115 0.9799320101737976
vt 0.24925699830055237 0.8061000108718872
vt 0.2492379993200302 0.8167380094528198
vt 0.8945580124855042 0.01116199977695942
vt 0.8952429890632629 0.012129999697208405
vt 0.8840919733047485 0.028164999559521675
vt 0.9892110228538513 0.89308100938797
vt 0.989886999130249 0.8940460085868835
vt 0.953262984752655 0.7497119903564453
vt 0.953262984752655 0.7537559866905212
vt 0.982716977596283 0.45839300751686096
vt 0.9894970059394836 0.45839300751686096
vt 0.2867630124092102 0.005355999805033207
vt 0.321603000164032 0.005311999935656786
vt 0.321603000164032 0.018386000767350197
vt 0.2867630124092102 0.02472599968314171
vt 0.20333799719810486 0.03351299837231636
vt 0.20624400675296783 0.030054999515414238
vt 0.9866859912872314 0.43381500244140625
vt 0.9833419919013977 0.4415630102157593
vt 0.981473982334137 0.4386569857597351
vt 0.979977011680603 0.43381500244140625
vt 0.9152460098266602 0.2600579857826233
vt 0.9128190279006958 0.2605389952659607
vt 0.912771999835968 0.2493640035390854
vt 0.9151989817619324 0.2484000027179718
vt 0.5310840010643005 0.28222399950027466
vt 0.529807984828949 0.2837759852409363
vt 0.5265610218048096 0.2811489999294281
vt 0.5272759795188904 0.27899399399757385
vt 0.7773410081863403 0.5194799900054932
vt 0.7773460149765015 0.5217710137367249
vt 0.7729849815368652 0.5208489894866943
vt 0.7739480137825012 0.5185559988021851
vt 0.04198300093412399 0.645455002784729
vt 0.04936699941754341 0.6420750021934509
vt 0.21157099306583405 0.15002599358558655
vt 0.206727996468544 0.15002599358558655
vt 0.20624400675296783 0.14865699410438538
vt 0.2120549976825714 0.14865699410438538
vt 0.7477539777755737 0.6682419776916504
vt 0.7478439807891846 0.737492024898529
vt 0.7761539816856384 0.7649850249290466
vt 0.7809969782829285 0.7608789801597595
vt 0.9062409996986389 0.020163999870419502
vt 0.9105269908905029 0.00672700023278594
vt 0.0761990025639534 0.4769760072231293
vt 0.04947099834680557 0.49582600593566895
vt 0.04209199920296669 0.4924260079860687
vt 0.042100999504327774 0.47983500361442566
vt 0.052590999752283096 0.8691520094871521
vt 0.05276700109243393 0.8684899806976318
vt 0.6806560158729553 0.9833440184593201
vt 0.6743530035018921 0.9833379983901978
vt 0.03820300102233887 0.15313799679279327
vt 0.03723499923944473 0.1524599939584732
vt 0.04062400013208389 0.14865699410438538
vt 0.04110899940133095 0.15002599358558655
vt 0.0904499962925911 0.9213759899139404
vt 0.09243299812078476 0.9223399758338928
vt 0.17815600335597992 0.24784399569034576
vt 0.18396799266338348 0.24811600148677826
vt 0.5861769914627075 0.2812519967556
vt 0.5889350175857544 0.30994299054145813
vt 0.5843679904937744 0.3080059885978699
vt 0.5816770195960999 0.2800140082836151
vt 0.11403100192546844 0.6610479950904846
vt 0.4307360053062439 0.884880006313324
vt 0.078855000436306 0.8556870222091675
vt 0.04651600122451782 0.8556439876556396
vt 0.05884300172328949 0.8217620253562927
vt 0.06938999891281128 0.8203229904174805
vt 0.5275520086288452 0.8808079957962036
vt 0.09486199915409088 0.0892229974269867
vt 0.24633799493312836 0.8992980122566223
vt 0.31946200132369995 0.8992980122566223
vt 0.17088399827480316 0.8681229948997498
vt 0.1718440055847168 0.8652290105819702
vt 0.1762090027332306 0.8652210235595703
vt 0.0837239995598793 0.22120100259780884
vt 0.168954998254776 0.22120100259780884
vt 0.4609380066394806 0.3239949941635132
vt 0.4609310030937195 0.34337300062179565
vt 0.4261150062084198 0.337009996175766
vt 0.8469210267066956 0.8382859826087952
vt 0.8851780295372009 0.9045720100402832
vt 0.2120549976825714 0.15626400709152222
vt 0.21544499695301056 0.1524599939584732
vt 0.02812499925494194 0.9519299864768982
vt 0.03432900086045265 0.07249099761247635
vt 0.010599999688565731 0.05174500122666359
vt 0.03723499923944473 0.038950998336076736
vt 0.05321500077843666 0.04621199890971184
vt 0.5196239948272705 0.30863699316978455
vt 0.5154560208320618 0.310465008020401
vt 0.5154150128364563 0.3101159930229187
vt 0.464819997549057 0.35885000228881836
vt 0.46386000514030457 0.36077600717544556
vt 0.44930601119995117 0.36032500863075256
vt 0.06103900074958801 0.8731889724731445
vt 0.06329499930143356 0.8741310238838196
vt 0.9292089939117432 0.6730610132217407
vt 0.9369230270385742 0.6763970255851746
vt 0.9369230270385742 0.7335389852523804
vt 0.9292089939117432 0.736981987953186
vt 0.03820300102233887 0.027274999767541885
vt 0.03723499923944473 0.026597000658512115
vt 0.9863319993019104 0.5454810261726379
vt 0.9897230267524719 0.5454810261726379
vt 0.9897230267524719 0.5580719709396362
vt 0.9863319993019104 0.5580719709396362
vt 0.12198100239038467 0.060869000852108
vt 0.12101300060749054 0.055337000638246536
vt 0.04062400013208389 0.030054999515414238
vt 0.0377190001308918 0.03351299837231636
vt 0.03142299875617027 0.026597000658512115
vt 0.7666749954223633 0.5165280103683472
vt 0.7686100006103516 0.5151619911193848
vt 0.7705540060997009 0.5173239707946777
vt 0.76910400390625 0.5189989805221558
vt 0.7483609914779663 0.2901209890842438
vt 0.7498210072517395 0.28963199257850647
vt 0.7498459815979004 0.3002699911594391
vt 0.7483869791030884 0.3007580041885376
vt 0.4604470133781433 0.3220660090446472
vt 0.3033609986305237 0.9759050011634827
vt 0.30410701036453247 0.9768739938735962
vt 0.0033360000234097242 0.9263929724693298
vt 0.004534000065177679 0.925652027130127
vt 0.6690880060195923 0.2775920033454895
vt 0.6705350279808044 0.2785559892654419
vt 0.9516199827194214 0.8346790075302124
vt 0.9515990018844604 0.8303340077400208
vt 0.955473005771637 0.8303340077400208
vt 0.9554939866065979 0.8346790075302124
vt 0.9899089932441711 0.15045399963855743
vt 0.9869269728660583 0.15045399963855743
vt 0.9869210124015808 0.1456110030412674
vt 0.9899020195007324 0.1456110030412674
vt 0.5989760160446167 0.30994001030921936
vt 0.2051199972629547 0.9768850207328796
vt 0.6046959757804871 0.35290199518203735
vt 0.6046959757804871 0.5892210006713867
vt 0.5959389805793762 0.589273989200592
vt 0.5959389805793762 0.35295501351356506
vt 0.06871200352907181 0.24811600148677826
vt 0.07452300190925598 0.24784399569034576
vt 0.3949680030345917 0.8100780248641968
vt 0.42730700969696045 0.810122013092041
vt 0.03894700109958649 0.806240975856781
vt 0.033681999891996384 0.7950959801673889
vt 0.03860599920153618 0.7921969890594482
vt 0.09028699994087219 0.7782229781150818
vt 0.08466300368309021 0.7782160043716431
vt 0.047026000916957855 0.8140010237693787
vt 0.20333799719810486 0.019336000084877014
vt 0.05726899951696396 0.7457330226898193
vt 0.2096710056066513 0.8298460245132446
vt 0.2095790058374405 0.7978140115737915
vt 0.21538999676704407 0.7978140115737915
vt 0.21548199653625488 0.8298460245132446
vt 0.21689799427986145 0.06367599964141846
vt 0.20527499914169312 0.0660960003733635
vt 0.18881000578403473 0.0436209999024868
vt 0.19801099598407745 0.03808800131082535
vt 0.0648379996418953 0.12582199275493622
vt 0.09437800198793411 0.1410360038280487
vt 0.8590350151062012 0.1633789986371994
vt 0.853223979473114 0.1633789986371994
vt 0.8530060052871704 0.1417279988527298
vt 0.8588169813156128 0.1417279988527298
vt 0.007792000193148851 0.9322609901428223
vt 0.4344469904899597 0.0033889999613165855
vt 0.46303001046180725 0.0034050000831484795
vt 0.46350499987602234 0.00532800005748868
vt 0.4354090094566345 0.00531500019133091
vt 0.7827370166778564 0.9896029829978943
vt 0.7778159976005554 0.9895960092544556
vt 0.5274479985237122 0.3798620104789734
vt 0.4983940124511719 0.37985900044441223
vt 0.1373479962348938 0.4446110129356384
vt 0.1506969928741455 0.45625200867652893
vt 0.8102480173110962 0.5126590132713318
vt 0.8126770257949829 0.5136229991912842
vt 0.22155100107192993 0.9347749948501587
vt 0.22106699645519257 0.9357439875602722
vt 0.21721799671649933 0.9337909817695618
vt 0.0459510013461113 0.15273800492286682
vt 0.02616499923169613 0.6454330086708069
vt 0.0033360000234097242 0.6187679767608643
vt 0.025165000930428505 0.568917989730835
vt 0.030762000009417534 0.6066979765892029
vt 0.05210699886083603 0.874754011631012
vt 0.9881119728088379 0.10333699733018875
vt 0.9811390042304993 0.10333699733018875
vt 0.30299699306488037 0.899403989315033
vt 0.9078959822654724 0.4421910047531128
vt 0.960532009601593 0.4569750130176544
vt 0.9561910033226013 0.457956999540329
vt 0.955706000328064 0.45698800683021545
vt 0.9600449800491333 0.4560050070285797
vt 0.34549298882484436 0.9400839805603027
vt 0.3798759877681732 0.9400830268859863
vt 0.3798690140247345 0.9420089721679688
vt 0.34548598527908325 0.9420099854469299
vt 0.9430260062217712 0.7540370225906372
vt 0.938746988773346 0.7536720037460327
vt 0.13069799542427063 0.060869000852108
vt 0.13166700303554535 0.055337000638246536
vt 0.7789329886436462 0.9491639733314514
vt 0.7892450094223022 0.9515740275382996
vt 0.7812870144844055 0.9578030109405518
vt 0.12634000182151794 0.1082409992814064
vt 0.9936320185661316 0.40341201424598694
vt 0.992268979549408 0.4038980007171631
vt 0.7862780094146729 0.9653409719467163
vt 0.7127419710159302 0.2605209946632385
vt 0.7121549844741821 0.26322799921035767
vt 0.6877790093421936 0.2672480046749115
vt 0.6859250068664551 0.265065997838974
vt 0.9572100043296814 0.44409099221229553
vt 0.9565320014953613 0.44409099221229553
vt 0.9523820281028748 0.435373991727829
vt 0.95305997133255 0.435373991727829
vt 0.38279300928115845 0.8547980189323425
vt 0.42347198724746704 0.8627499938011169
vt 0.4350939989089966 0.871740996837616
vt 0.5121390223503113 0.28289398550987244
vt 0.5109300017356873 0.2809720039367676
vt 0.09026099741458893 0.764178991317749
vt 0.08464600145816803 0.7510960102081299
vt 0.08701500296592712 0.7506120204925537
vt 0.9475290179252625 0.7650460004806519
vt 0.9457939863204956 0.7660160064697266
vt 0.8474209904670715 0.648734986782074
vt 0.8474230170249939 0.6932870149612427
vt 0.8662089705467224 0.41115498542785645
vt 0.8662099838256836 0.3588550090789795
vt 0.8676549792289734 0.3588489890098572
vt 0.8676530122756958 0.41066500544548035
vt 0.20333799719810486 0.1451990008354187
vt 0.2028539925813675 0.1524599939584732
vt 0.1607230007648468 0.09925100207328796
vt 0.1621749997138977 0.10062000155448914
vt 0.9819539785385132 0.1799740046262741
vt 0.9812780022621155 0.1809460073709488
vt 0.42756199836730957 0.3815700113773346
vt 0.4043709933757782 0.3815000057220459
vt 0.13484199345111847 0.7477589845657349
vt 0.13894200325012207 0.7477589845657349
vt 0.022890999913215637 0.9719150066375732
vt 0.014266000129282475 0.9797049760818481
vt 0.8840919733047485 0.10467799752950668
vt 0.23562799394130707 0.8123959898948669
vt 0.7778580188751221 0.9392380118370056
vt 0.7792149782180786 0.939424991607666
vt 0.22498300671577454 0.7523829936981201
vt 0.22287200391292572 0.7552859783172607
vt 0.22294700145721436 0.649715006351471
vt 0.22505399584770203 0.6526240110397339
vt 0.9127169847488403 0.7607079744338989
vt 0.9744669795036316 0.07998699694871902
vt 0.9717140197753906 0.08038199692964554
vt 0.9653810262680054 0.06663600355386734
vt 0.9674339890480042 0.06670299917459488
vt 0.0377190001308918 0.1451990008354187
vt 0.049341000616550446 0.1451990008354187
vt 0.04643600061535835 0.14865699410438538
vt 0.1988389939069748 0.7738029956817627
vt 0.19330699741840363 0.7360299825668335
vt 0.19737499952316284 0.7360299825668335
vt 0.202907994389534 0.7738029956817627
vt 0.1359419971704483 0.4441249966621399
vt 0.053725000470876694 0.445468008518219
vt 0.05474400147795677 0.4440160095691681
vt 0.8075190186500549 0.9895960092544556
vt 0.8026779890060425 0.9895960092544556
vt 0.9644039869308472 0.6397470235824585
vt 0.9581140279769897 0.6397510170936584
vt 0.958607017993927 0.6383050084114075
vt 0.9553639888763428 0.3641189932823181
vt 0.9553629755973816 0.32440999150276184
vt 0.9597430229187012 0.3234269917011261
vt 0.022890999913215637 0.9610710144042969
vt 0.02261899970471859 0.9622139930725098
vt 0.6898859739303589 0.8896440267562866
vt 0.6871110200881958 0.878009021282196
vt 0.9638800024986267 0.9535710215568542
vt 0.9638530015945435 0.9528899788856506
vt 0.9696720242500305 0.9529719948768616
vt 0.9697120189666748 0.9539629817008972
vt 0.03578199818730354 0.06367599964141846
vt 0.05466800183057785 0.03808800131082535
vt 0.06386899948120117 0.0436209999024868
vt 0.04740399867296219 0.0660960003733635
vt 0.25601500272750854 0.12146999686956406
vt 0.27195701003074646 0.10542900115251541
vt 0.27195701003074646 0.24731500446796417
vt 0.25601500272750854 0.23139600455760956
vt 0.09389399737119675 0.13698099553585052
vt 0.8945580124855042 0.12157300114631653
vt 0.8952429890632629 0.1206049993634224
vt 0.9735350012779236 0.18964700400829315
vt 0.9793469905853271 0.18964700400829315
vt 0.7151200175285339 0.5835229754447937
vt 0.7150980234146118 0.579177975654602
vt 0.7189720273017883 0.579177975654602
vt 0.7189940214157104 0.5835229754447937
vt 0.19704300165176392 0.026597000658512115
vt 0.0128370001912117 0.9396809935569763
vt 0.3302359879016876 0.9700719714164734
vt 0.3288719952106476 0.9695889949798584
vt 0.8386260271072388 0.5703160166740417
vt 0.8223850131034851 0.5886390209197998
vt 0.8235309720039368 0.5710999965667725
vt 0.8331249952316284 0.5653809905052185
vt 0.8326290249824524 0.6178290247917175
vt 0.8273019790649414 0.6178290247917175
vt 0.8274739980697632 0.5961679816246033
vt 0.8327999711036682 0.5961679816246033
vt 0.2477329969406128 0.7765039801597595
vt 0.2477719932794571 0.7852510213851929
vt 0.24680300056934357 0.7852510213851929
vt 0.24676400423049927 0.7765039801597595
vt 0.29767000675201416 0.9216750264167786
vt 0.24633799493312836 0.94405198097229
vt 0.2986389994621277 0.9172670245170593
vt 0.4879080057144165 0.7733849883079529
vt 0.48787999153137207 0.7588359713554382
vt 0.4907799959182739 0.7593160271644592
vt 0.4908050000667572 0.7733790278434753
vt 0.39184901118278503 0.9797729849815369
vt 0.3923420011997223 0.9783269762992859
vt 0.398144006729126 0.9783200025558472
vt 0.3981359899044037 0.9797660112380981
vt 0.9810119867324829 0.05792799964547157
vt 0.9771379828453064 0.05792799964547157
vt 0.9771220088005066 0.05404200032353401
vt 0.9809960126876831 0.05404200032353401
vt 0.17573900520801544 0.9484930038452148
vt 0.2028539925813675 0.03488200157880783
vt 0.1960739940404892 0.027274999767541885
vt 0.9766340255737305 0.8738179802894592
vt 0.9790629744529724 0.8743090033531189
vt 0.979058027267456 0.8453459739685059
vt 0.9790760278701782 0.8506609797477722
vt 0.976643979549408 0.8511520028114319
vt 0.9766259789466858 0.8458369970321655
vt 0.21914200484752655 0.9266300201416016
vt 0.2095790058374405 0.9116719961166382
vt 0.21165400743484497 0.8574749827384949
vt 0.22155100107192993 0.8637229800224304
vt 0.9566400051116943 0.3813529908657074
vt 0.9611510038375854 0.38201600313186646
vt 0.9569119811058044 0.3910540044307709
vt 0.8550710082054138 0.41115498542785645
vt 0.855072021484375 0.3588550090789795
vt 0.18685799837112427 0.8681319952011108
vt 0.8806689977645874 0.9824000000953674
vt 0.8816999793052673 0.9809489846229553
vt 0.9572100043296814 0.3995380103588104
vt 0.95305997133255 0.408255010843277
vt 0.9523820281028748 0.408255010843277
vt 0.9565320014953613 0.3995380103588104
vt 0.6507269740104675 0.6712290048599243
vt 0.6541849970817566 0.6707450151443481
vt 0.6541849970817566 0.7714719772338867
vt 0.6507269740104675 0.7709879875183105
vt 0.9812769889831543 0.6304600238800049
vt 0.9829670190811157 0.6246410012245178
vt 0.9843360185623169 0.625124990940094
vt 0.9829850196838379 0.6304579973220825
vt 0.8949379920959473 0.7486000061035156
vt 0.8942620158195496 0.747635006904602
vt 0.9015460014343262 0.7413730025291443
vt 0.9029160141944885 0.7418569922447205
vt 0.14768999814987183 0.8652309775352478
vt 0.14864900708198547 0.8681219816207886
vt 0.0033360000234097242 0.11605899780988693
vt 0.0033360000234097242 0.06350100040435791
vt 0.03432900086045265 0.10983499884605408
vt 0.7912909984588623 0.914214015007019
vt 0.6169059872627258 0.9481220245361328
vt 0.6213669776916504 0.9505429863929749
vt 0.7761539816856384 0.9390019774436951
vt 0.7775769829750061 0.948976993560791
vt 0.7761539816856384 0.9492689967155457
vt 0.750789999961853 0.28963199257850647
vt 0.7508149743080139 0.3002699911594391
vt 0.8014950156211853 0.2995989918708801
vt 0.8013579845428467 0.19402900338172913
vt 0.8088110089302063 0.19402900338172913
vt 0.8089479804039001 0.2995989918708801
vt 0.049883998930454254 0.8623589873313904
vt 0.9825729727745056 0.04302399978041649
vt 0.9762880206108093 0.043017998337745667
vt 0.9815930128097534 0.041579000651836395
vt 0.43535199761390686 0.9783390164375305
vt 0.4310150146484375 0.9783250093460083
vt 0.4310140013694763 0.9405530095100403
vt 0.43535101413726807 0.9405670166015625
vt 0.18153400719165802 0.8652240037918091
vt 0.18588300049304962 0.8652349710464478
vt 0.7929959893226624 0.9413350224494934
vt 0.44757699966430664 0.9795339703559875
vt 0.44757699966430664 0.9335290193557739
vt 0.14841000735759735 0.718176007270813
vt 0.15251000225543976 0.718176007270813
vt 0.13799099624156952 0.9460800290107727
vt 0.5491729974746704 0.3086319863796234
vt 0.5433189868927002 0.3086319863796234
vt 0.5434039831161499 0.3079349994659424
vt 0.5492150187492371 0.3082840144634247
vt 0.6084290146827698 0.9355310201644897
vt 0.6104639768600464 0.9302039742469788
vt 0.9425179958343506 0.9268689751625061
vt 0.9424239993095398 0.9244530200958252
vt 0.9855570197105408 0.14512899518013
vt 0.9889540076255798 0.1417279988527298
vt 0.9897000193595886 0.14269599318504333
vt 0.16651299595832825 0.8681399822235107
vt 0.9790800213813782 0.8569539785385132
vt 0.9790700078010559 0.8622879981994629
vt 0.9766380190849304 0.861810028553009
vt 0.9766479730606079 0.8564770221710205
vt 0.0034839999862015247 0.9785979986190796
vt 0.7926830053329468 0.8923940062522888
vt 0.036713000386953354 0.8742340207099915
vt 0.03902500122785568 0.8730720281600952
vt 0.8474569916725159 0.9483109712600708
vt 0.8518790006637573 0.9466720223426819
vt 0.8518679738044739 0.9469810128211975
vt 0.847432017326355 0.9489930272102356
vt 0.7500439882278442 0.6430780291557312
vt 0.7390620112419128 0.6426029801368713
vt 0.320156991481781 0.06294900178909302
vt 0.8743259906768799 0.4423860013484955
vt 0.8770390152931213 0.4423860013484955
vt 0.8770390152931213 0.4472289979457855
vt 0.8743259906768799 0.4472289979457855
vt 0.9504650235176086 0.10301399976015091
vt 0.018306000158190727 0.9661089777946472
vt 0.9662010073661804 0.4407010078430176
vt 0.9638810157775879 0.43869200348854065
vt 0.8962529897689819 0.7801780104637146
vt 0.9098119735717773 0.7856979966163635
vt 0.0837239995598793 0.4232720136642456
vt 0.0662899985909462 0.43158701062202454
vt 0.0662899985909462 0.3976820111274719
vt 0.09389399737119675 0.02771499939262867
vt 0.08905100077390671 0.020107999444007874
vt 0.911853015422821 0.7389540076255798
vt 0.9105709791183472 0.7383670210838318
vt 0.9174569845199585 0.7150319814682007
vt 0.9187390208244324 0.7156180143356323
vt 0.9514170289039612 0.2982789874076843
vt 0.98580002784729 0.29827800393104553
vt 0.9854549765586853 0.8115440011024475
vt 0.6122819781303406 0.2781980037689209
vt 0.20382200181484222 0.15313799679279327
vt 0.7974839806556702 0.022146999835968018
vt 0.8139200210571289 0.057447001338005066
vt 0.6600790023803711 0.30184298753738403
vt 0.657696008682251 0.30087900161743164
vt 0.1486160010099411 0.06880199909210205
vt 0.9827349781990051 0.4781680107116699
vt 0.9895150065422058 0.4781680107116699
vt 0.9325969815254211 0.7394000291824341
vt 0.9461079835891724 0.7335129976272583
vt 0.9475929737091064 0.7393739819526672
vt 0.9410279989242554 0.9784759879112244
vt 0.9458690285682678 0.9784759879112244
vt 0.9475640058517456 0.9842879772186279
vt 0.9427239894866943 0.9842879772186279
vt 0.9433559775352478 0.5780979990959167
vt 0.9542139768600464 0.8144220113754272
vt 0.3880000114440918 0.9783390164375305
vt 0.3880009949207306 0.9405670166015625
vt 0.3923420011997223 0.9405540227890015
vt 0.6059060096740723 0.034320998936891556
vt 0.6093000173568726 0.0033360000234097242
vt 0.6511269807815552 0.0036120000295341015
vt 0.6453160047531128 0.03460400179028511
vt 0.9845029711723328 0.08216399699449539
vt 0.7083629965782166 0.9294750094413757
vt 0.7093679904937744 0.9227460026741028
vt 0.7223629951477051 0.9280959963798523
vt 0.7147700190544128 0.9333570003509521
vt 0.6652399897575378 0.9369819760322571
vt 0.664218008518219 0.9350469708442688
vt 0.6739299893379211 0.9307330250740051
vt 0.6753000020980835 0.932669997215271
vt 0.7768660187721252 0.5252450108528137
vt 0.7817080020904541 0.5252379775047302
vt 0.8784199953079224 0.26223599910736084
vt 0.8798679709434509 0.26271599531173706
vt 0.8784430027008057 0.2724219858646393
vt 0.7917789816856384 0.34097498655319214
vt 0.7904090285301208 0.3424279987812042
vt 0.9866859912872314 0.4087409973144531
vt 0.0952410027384758 0.8860179781913757
vt 0.09773100167512894 0.8986009955406189
vt 0.09238699823617935 0.8865039944648743
vt 0.7918480038642883 0.9558470249176025
vt 0.9748169779777527 0.5262179970741272
vt 0.9796599745750427 0.5262179970741272
vt 0.9461079835891724 0.6763719916343689
vt 0.9833499789237976 0.7833709716796875
vt 0.986437976360321 0.7799710035324097
vt 0.9871839880943298 0.780938982963562
vt 0.3517880141735077 0.7325369715690613
vt 0.009631000459194183 0.13196499645709991
vt 0.038630999624729156 0.9501010179519653
vt 0.6334069967269897 0.9671059846878052
vt 0.6346840262413025 0.9677979946136475
vt 0.6347209811210632 0.9772379994392395
vt 0.633554995059967 0.9773929715156555
vt 0.6532130241394043 0.30377399921417236
vt 0.6552680134773254 0.30522599816322327
vt 0.3231329917907715 0.9768739938735962
vt 0.3223859965801239 0.9759050011634827
vt 0.7915700078010559 0.9709659814834595
vt 0.9503070116043091 0.42617300152778625
vt 0.9509860277175903 0.42617300152778625
vt 0.23563499748706818 0.8017380237579346
vt 0.4917219877243042 0.44000500440597534
vt 0.4917219877243042 0.5499320030212402
vt 0.07273200154304504 0.7505959868431091
vt 0.24922999739646912 0.7847710251808167
vt 0.24925200641155243 0.7949569821357727
vt 0.035638999193906784 0.8707290291786194
vt 0.036146000027656555 0.8669289946556091
vt 0.5096160173416138 0.2862190008163452
vt 0.5080080032348633 0.2850160002708435
vt 0.25311800837516785 0.8733909726142883
vt 0.1893479973077774 0.9741160273551941
vt 0.19071699678897858 0.9746000170707703
vt 0.6205090284347534 0.9302039742469788
vt 0.6218590140342712 0.9345620274543762
vt 0.9237130284309387 0.2255530059337616
vt 0.31632199883461 0.06397800147533417
vt 0.335207998752594 0.06397700309753418
vt 0.335207998752594 0.3002929985523224
vt 0.31632199883461 0.30319899320602417
vt 0.9509860277175903 0.4174560010433197
vt 0.9503070116043091 0.4174560010433197
vt 0.1486160010099411 0.06948000192642212
vt 0.9481210112571716 0.04154499992728233
vt 0.949828028678894 0.04105899855494499
vt 0.9536439776420593 0.05076200142502785
vt 0.9522830247879028 0.051249001175165176
vt 0.84197998046875 0.7253249883651733
vt 0.8473060131072998 0.7253249883651733
vt 0.7761539816856384 0.8984019756317139
vt 0.06774300336837769 0.19321699440479279
vt 0.18493600189685822 0.19321699440479279
vt 0.9680960178375244 0.5654979944229126
vt 0.9661149978637695 0.5675039887428284
vt 0.6521459817886353 0.2790620028972626
vt 0.6552680134773254 0.2819820046424866
vt 0.6532130241394043 0.28343498706817627
vt 0.6504380106925964 0.2810010015964508
vt 0.5869429707527161 0.2791140079498291
vt 0.5819290280342102 0.2775920033454895
vt 0.0377190001308918 0.019336000084877014
vt 0.044794999063014984 0.872098982334137
vt 0.9814620018005371 0.4038980007171631
vt 0.979977011680603 0.4087409973144531
vt 0.5300049781799316 0.3097659945487976
vt 0.7002080082893372 0.0033360000234097242
vt 0.7573509812355042 0.0033360000234097242
vt 0.7572150230407715 0.04633200168609619
vt 0.6961989998817444 0.04633200168609619
vt 0.9947760105133057 0.7242500185966492
vt 0.9930400252342224 0.7242519855499268
vt 0.437514990568161 0.8854979872703552
vt 0.44090500473976135 0.878928005695343
vt 0.8851320147514343 0.4555160105228424
vt 0.8896039724349976 0.4555160105228424
vt 0.9894480109214783 0.18964700400829315
vt 0.9894480109214783 0.20223799347877502
vt 0.9860569834709167 0.20223799347877502
vt 0.9860569834709167 0.18964700400829315
vt 0.9410279989242554 0.8453459739685059
vt 0.945097029209137 0.8453459739685059
vt 0.9499379992485046 0.8773069977760315
vt 0.9458690285682678 0.8773069977760315
vt 0.9833570122718811 0.7891820073127747
vt 0.7295399904251099 0.5878949761390686
vt 0.7256659865379333 0.5878949761390686
vt 0.7256870269775391 0.5835229754447937
vt 0.7295609712600708 0.5835229754447937
vt 0.9740219712257385 0.9525489807128906
vt 0.9820259809494019 0.9718049764633179
vt 0.9576290249824524 0.967805027961731
vt 0.7254949808120728 0.26902300119400024
vt 0.7254170179367065 0.2710669934749603
vt 0.84197598695755 0.6178190112113953
vt 0.8417580127716064 0.5961679816246033
vt 0.8470849990844727 0.5961679816246033
vt 0.8473029732704163 0.6178190112113953
vt 0.9746040105819702 0.6383180022239685
vt 0.33469200134277344 0.9574810266494751
vt 0.3347089886665344 0.9700719714164734
vt 0.16220399737358093 0.6388369798660278
vt 0.1541139930486679 0.6456059813499451
vt 0.14146199822425842 0.6421989798545837
vt 0.15941399335861206 0.606872022151947
vt 0.6898859739303589 0.900297999382019
vt 0.9242309927940369 0.8453459739685059
vt 0.9343569874763489 0.860289990901947
vt 0.9343569874763489 0.9174309968948364
vt 0.9242309927940369 0.9233099818229675
vt 0.8272089958190918 0.6487510204315186
vt 0.917559027671814 0.764801025390625
vt 0.917559027671814 0.8982189893722534
vt 0.7256659865379333 0.579177975654602
vt 0.7295399904251099 0.579177975654602
vt 0.5254769921302795 0.30863699316978455
vt 0.647212028503418 0.9650589823722839
vt 0.6484509706497192 0.9700469970703125
vt 0.6471740007400513 0.9693560004234314
vt 0.9605309963226318 0.4976530075073242
vt 0.992281973361969 0.4386569857597351
vt 0.9904220104217529 0.4415630102157593
vt 0.9771389961242676 0.049695998430252075
vt 0.9810130000114441 0.049695998430252075
vt 0.9687010049819946 0.3131830096244812
vt 0.9686840176582336 0.30929699540138245
vt 0.9725580215454102 0.30929699540138245
vt 0.9725750088691711 0.3131830096244812
vt 0.095830999314785 0.06461899727582932
vt 0.08759800344705582 0.07291799783706665
vt 0.9467329978942871 0.030884999781847
vt 0.9481210112571716 0.020237000659108162
vt 0.949828028678894 0.020719999447464943
vt 0.9484410285949707 0.030882999300956726
vt 0.04982500150799751 0.1524599939584732
vt 0.8851780295372009 0.7979879975318909
vt 0.41251298785209656 0.6189039945602417
vt 0.41251298785209656 0.3825860023498535
vt 0.9699820280075073 0.04302399978041649
vt 0.0859680026769638 0.9532930254936218
vt 0.09394600242376328 0.9601089954376221
vt 0.09257599711418152 0.9605939984321594
vt 0.08529199659824371 0.9542649984359741
vt 0.6652399897575378 0.8527209758758545
vt 0.6753000020980835 0.8571249842643738
vt 0.6739299893379211 0.8590620160102844
vt 0.664218008518219 0.8546599745750427
vt 0.9541559815406799 0.7698699831962585
vt 0.5877479910850525 0.9481220245361328
vt 0.581305980682373 0.9364989995956421
vt 0.9514170289039612 0.2484010010957718
vt 0.98580002784729 0.2484000027179718
vt 0.464819997549057 0.6339089870452881
vt 0.44834399223327637 0.6300489902496338
vt 0.4493130147457123 0.6281120181083679
vt 0.46386000514030457 0.6314769983291626
vt 0.98574298620224 0.8830029964447021
vt 0.9871119856834412 0.882519006729126
vt 0.989886999130249 0.88543701171875
vt 0.9892110228538513 0.8864089846611023
vt 0.07862000167369843 0.9726999998092651
vt 0.07725100219249725 0.972216010093689
vt 0.32209399342536926 0.003384999930858612
vt 0.9516549706459045 0.0724949985742569
vt 0.9572110176086426 0.06521300226449966
vt 0.9586399793624878 0.0661809965968132
vt 0.9530820250511169 0.07297799736261368
vt 0.8551030158996582 0.5823929905891418
vt 0.8549630045890808 0.5447099804878235
vt 0.8607739806175232 0.5447099804878235
vt 0.8609139919281006 0.5823929905891418
vt 0.22727900743484497 0.8268759846687317
vt 0.2259790003299713 0.8181759715080261
vt 0.22754999995231628 0.8181080222129822
vt 0.22895699739456177 0.8274800181388855
vt 0.28290098905563354 0.24701599776744843
vt 0.29841598868370056 0.24559099972248077
vt 0.7150989770889282 0.5878949761390686
vt 0.7189729809761047 0.5878949761390686
vt 0.14331600069999695 0.9460769891738892
vt 0.253371000289917 0.9750080108642578
vt 0.25404998660087585 0.9750990271568298
vt 0.549655020236969 0.958666980266571
vt 0.5544970035552979 0.958666980266571
vt 0.764739990234375 0.5193849802017212
vt 0.7676550149917603 0.522163987159729
vt 0.9465910196304321 0.750760018825531
vt 0.9719650149345398 0.9862220287322998
vt 0.96663898229599 0.9862220287322998
vt 0.995606005191803 0.7083770036697388
vt 0.9792510271072388 0.7083770036697388
vt 0.9856240153312683 0.6896820068359375
vt 0.9927359819412231 0.6898099780082703
vt 0.21544499695301056 0.03488200157880783
vt 0.2028539925813675 0.038950998336076736
vt 0.5133119821548462 0.889041006565094
vt 0.5099220275878906 0.8856509923934937
vt 0.5119760036468506 0.8846819996833801
vt 0.5150279998779297 0.8875880241394043
vt 0.989886999130249 0.904699981212616
vt 0.9892110228538513 0.9056710004806519
vt 0.9542649984359741 0.6383180022239685
vt 0.43151000142097473 0.9797710180282593
vt 0.9891719818115234 0.32485100626945496
vt 0.9823920130729675 0.32485100626945496
vt 0.9823750257492065 0.3219679892063141
vt 0.9891549944877625 0.3219679892063141
vt 0.981328010559082 0.1062680035829544
vt 0.9881290197372437 0.10626699775457382
vt 0.3922770023345947 0.6405810117721558
vt 0.9375929832458496 0.10360000282526016
vt 0.9323099851608276 0.12819500267505646
vt 0.9259129762649536 0.13130399584770203
vt 0.9230149984359741 0.1110130026936531
vt 0.8103449940681458 0.09520400315523148
vt 0.8082990050315857 0.09520699828863144
vt 0.049341000616550446 0.019336000084877014
vt 0.957397997379303 0.9886459708213806
vt 0.9570260047912598 0.9891300201416016
vt 0.9845799803733826 0.3117240071296692
vt 0.9792529940605164 0.3117240071296692
vt 0.04030799865722656 0.7917140126228333
vt 0.9021459817886353 0.4473850131034851
vt 0.9017620086669922 0.43683698773384094
vt 0.43094301223754883 0.3515569865703583
vt 0.3697179853916168 0.9208660125732422
vt 0.43025100231170654 0.9334110021591187
vt 0.9718610048294067 0.3655509948730469
vt 0.15283800661563873 0.4625509977340698
vt 0.15385699272155762 0.4615829885005951
vt 0.31439000368118286 0.06301599740982056
vt 0.31439000368118286 0.30465900897979736
vt 0.6966440081596375 0.5295180082321167
vt 0.6917619705200195 0.5251849889755249
vt 0.7576209902763367 0.5251849889755249
vt 0.7576599717140198 0.5295180082321167
vt 0.5533859729766846 0.31011199951171875
vt 0.13750000298023224 0.9484909772872925
vt 0.1437930017709732 0.9484869837760925
vt 0.9891549944877625 0.3379479944705963
vt 0.9823750257492065 0.3379479944705963
vt 0.9823920130729675 0.3350200057029724
vt 0.9891719818115234 0.3350200057029724
vt 0.9542359709739685 0.9838119745254517
vt 0.880810022354126 0.3024060130119324
vt 0.8798410296440125 0.3024060130119324
vt 0.149167999625206 0.6809509992599487
vt 0.9735350012779236 0.24087099730968475
vt 0.979345977306366 0.24087099730968475
vt 0.9855639934539795 0.15094000101089478
vt 0.9897140264511108 0.15334999561309814
vt 0.9889699816703796 0.15431900322437286
vt 0.5114110112190247 0.34361499547958374
vt 0.5094640254974365 0.332491010427475
vt 0.19071699678897858 0.9461169838905334
vt 0.19071699678897858 0.8681520223617554
vt 0.8373180031776428 0.9473779797554016
vt 0.84163898229599 0.9484080076217651
vt 0.9815790057182312 0.6826969981193542
vt 0.9864190220832825 0.6826339960098267
vt 0.2135079950094223 0.17965500056743622
vt 0.04110899940133095 0.17965500056743622
vt 0.041593000292778015 0.17726199328899384
vt 0.21302300691604614 0.17726199328899384
vt 0.6907439827919006 0.9754830002784729
vt 0.6975629925727844 0.9754819869995117
vt 0.6975629925727844 0.9856520295143127
vt 0.6907650232315063 0.9856520295143127
vt 0.15302099287509918 0.9461079835891724
vt 0.15302099287509918 0.8681430220603943
vt 0.15643200278282166 0.8681750297546387
vt 0.15643200278282166 0.9461399912834167
vt 0.0033360000234097242 0.7781029939651489
vt 0.787988007068634 0.5173010230064392
vt 0.4802500009536743 0.3434410095214844
vt 0.4903770089149475 0.3241269886493683
vt 0.37359198927879333 0.9171169996261597
vt 0.36923399567604065 0.9184730052947998
vt 0.36923399567604065 0.890811026096344
vt 0.37359198927879333 0.8887630105018616
vt 0.9593250155448914 0.9823570251464844
vt 0.8591529726982117 0.1942960023880005
vt 0.8533419966697693 0.1942960023880005
vt 0.9826359748840332 0.0792590007185936
vt 0.6104639768600464 0.923907995223999
vt 0.9574400186538696 0.20448599755764008
vt 0.9644719958305359 0.1911499947309494
vt 0.9668629765510559 0.19107000529766083
vt 0.9605309963226318 0.20486800372600555
vt 0.6792470216751099 0.3529379963874817
vt 0.6792470216751099 0.5892559885978699
vt 0.6744300127029419 0.5892230272293091
vt 0.6744300127029419 0.35290399193763733
vt 0.5785509943962097 0.30821600556373596
vt 0.5743409991264343 0.30994299054145813
vt 0.854964017868042 0.3219679892063141
vt 0.8661019802093506 0.3219679892063141
vt 0.04704099893569946 0.4522390067577362
vt 0.0343719981610775 0.4730449914932251
vt 0.9594420194625854 0.9515699744224548
vt 0.9594290256500244 0.9512609839439392
vt 0.206727996468544 0.026876000687479973
vt 0.21157099306583405 0.026876000687479973
vt 0.9847509860992432 0.08361499756574631
vt 0.28290098905563354 0.10513000190258026
vt 0.2838599979877472 0.1031780019402504
vt 0.29841598868370056 0.1066100001335144
vt 0.6483299732208252 0.2775920033454895
vt 0.6473169922828674 0.2795340120792389
vt 0.8175809979438782 0.9837849736213684
vt 0.8224220275878906 0.9837849736213684
vt 0.8207269906997681 0.9895960092544556
vt 0.8158860206604004 0.9895960092544556
vt 0.9283149838447571 0.4475629925727844
vt 0.9283149838447571 0.3995380103588104
vt 0.9430549740791321 0.40944498777389526
vt 0.9436360001564026 0.4397740066051483
vt 0.7084059715270996 0.5878949761390686
vt 0.7045320272445679 0.5878949761390686
vt 0.09257599711418152 0.972216010093689
vt 0.09394600242376328 0.9726999998092651
vt 0.9860569834709167 0.2185949981212616
vt 0.9894480109214783 0.2185949981212616
vt 0.9894480109214783 0.23118600249290466
vt 0.9860569834709167 0.23118600249290466
vt 0.4878990054130554 0.7879070043563843
vt 0.4907990097999573 0.787418007850647
vt 0.9306920170783997 0.6014350056648254
vt 0.8463349938392639 0.2729640007019043
vt 0.8255879878997803 0.27344900369644165
vt 0.8369989991188049 0.25746798515319824
vt 0.8439139723777771 0.2661849856376648
vt 0.7917789816856384 0.48722198605537415
vt 0.7904090285301208 0.48576900362968445
vt 0.808447003364563 0.4514690041542053
vt 0.8101630210876465 0.45195499062538147
vt 0.9664599895477295 0.8333250284194946
vt 0.9672070145606995 0.8342940211296082
vt 0.21447600424289703 0.15313799679279327
vt 0.060495998710393906 0.939445972442627
vt 0.050085000693798065 0.9352530241012573
vt 0.05170600116252899 0.9310320019721985
vt 0.06329499930143356 0.9326760172843933
vt 0.2843039929866791 0.9516919851303101
vt 0.2850480079650879 0.9507240056991577
vt 0.7653859853744507 0.0033360000234097242
vt 0.764270007610321 0.0047889999113976955
vt 0.034609999507665634 0.8764960169792175
vt 0.9598879814147949 0.05756999924778938
vt 0.9585270285606384 0.05854199826717377
vt 0.9888520240783691 0.8081430196762085
vt 0.9895979762077332 0.809112012386322
vt 0.09004700183868408 0.9349460005760193
vt 0.09528899937868118 0.9228230118751526
vt 0.6151319742202759 0.96983802318573
vt 0.6102889776229858 0.96983802318573
vt 0.6103389859199524 0.958666980266571
vt 0.615181028842926 0.958666980266571
vt 0.6268460154533386 0.8561109900474548
vt 0.6334149837493896 0.8527209758758545
vt 0.6392199993133545 0.8595010042190552
vt 0.15442700684070587 0.0750259980559349
vt 0.3129439949989319 0.24413800239562988
vt 0.5422729849815369 0.2811500132083893
vt 0.5387930274009705 0.30976200103759766
vt 0.03820599988102913 0.782509982585907
vt 0.03650299832224846 0.7825090289115906
vt 0.5177199840545654 0.8900099992752075
vt 0.5221269726753235 0.889041006565094
vt 0.8753600120544434 0.3637399971485138
vt 0.8743259906768799 0.36278799176216125
vt 0.9545480012893677 0.9857479929924011
vt 0.9658439755439758 0.49909499287605286
vt 0.9595540165901184 0.499099999666214
vt 0.7507969737052917 0.2789739966392517
vt 0.9515990018844604 0.8385670185089111
vt 0.955473005771637 0.8385670185089111
vt 0.9581390023231506 0.304951012134552
vt 0.9620130062103271 0.304951012134552
vt 0.7508580088615417 0.3089579939842224
vt 0.7498890161514282 0.3089579939842224
vt 0.9721450209617615 0.499099999666214
vt 0.21447600424289703 0.029986999928951263
vt 0.8632429838180542 0.016919000074267387
vt 0.8684080243110657 0.0033360000234097242
vt 0.5906400084495544 0.2821030020713806
vt 0.5893279910087585 0.28362399339675903
vt 0.8810669779777527 0.36195600032806396
vt 0.7052890062332153 0.9219560027122498
vt 0.710735023021698 0.8490350246429443
vt 0.8086640238761902 0.9046720266342163
vt 0.7946860194206238 0.19402900338172913
vt 0.7946569919586182 0.3136410117149353
vt 0.764270007610321 0.3073889911174774
vt 0.764270007610321 0.19988399744033813
vt 0.9796109795570374 0.5663359761238098
vt 0.9747679829597473 0.5663359761238098
vt 0.9748169779777527 0.5551660060882568
vt 0.9796599745750427 0.5551660060882568
vt 0.20984500646591187 0.7006779909133911
vt 0.21565599739551544 0.7006779909133911
vt 0.9936460256576538 0.4391399919986725
vt 0.9914150238037109 0.443013995885849
vt 0.2584410011768341 0.34345799684524536
vt 0.25601500272750854 0.3240930140018463
vt 0.9892939925193787 0.5008209943771362
vt 0.982716977596283 0.500819981098175
vt 0.9859300255775452 0.041593000292778015
vt 0.9815919995307922 0.0038060001097619534
vt 0.985929012298584 0.003819999983534217
vt 0.3310849964618683 0.9060789942741394
vt 0.3335059881210327 0.9016169905662537
vt 0.3310849964618683 0.9376099705696106
vt 0.31946200132369995 0.94405198097229
vt 0.9671729803085327 0.8081430196762085
vt 0.9664289951324463 0.809112012386322
vt 0.664700984954834 0.9819110035896301
vt 0.6647019982337952 0.9441379904747009
vt 0.669044017791748 0.9441260099411011
vt 0.6690430045127869 0.9818980097770691
vt 0.475492000579834 0.7704769968986511
vt 0.45754000544548035 0.8058040142059326
vt 0.45617198944091797 0.8043500185012817
vt 0.9790539741516113 0.8902829885482788
vt 0.9766250252723694 0.8907610177993774
vt 0.9151809811592102 0.3132779896259308
vt 0.9127569794654846 0.31230801343917847
vt 0.018347999081015587 0.15856300294399261
vt 0.019801000133156776 0.15686100721359253
vt 0.9522830247879028 0.010571000166237354
vt 0.9585270285606384 0.0033360000234097242
vt 0.9598879814147949 0.004300999920815229
vt 0.9536439776420593 0.01105200033634901
vt 0.6391950249671936 0.9684609770774841
vt 0.9906889796257019 0.7334510087966919
vt 0.9828630089759827 0.7334510087966919
vt 0.9896960258483887 0.7319999933242798
vt 0.9538789987564087 0.11268799751996994
vt 0.9531340003013611 0.11268799751996994
vt 0.8232769966125488 0.493274986743927
vt 0.8321840167045593 0.49807798862457275
vt 0.6552950143814087 0.29990899562835693
vt 0.2379859983921051 0.9754830002784729
vt 0.23568400740623474 0.9507240056991577
vt 0.2535710036754608 0.9603710174560547
vt 0.3455049991607666 0.895438015460968
vt 0.2149610072374344 0.1451990008354187
vt 0.8487889766693115 0.3009600043296814
vt 0.8487809896469116 0.2903110086917877
vt 0.06535299867391586 0.7467120289802551
vt 0.6819080114364624 0.8668469786643982
vt 0.8716369867324829 0.26860499382019043
vt 0.8658260107040405 0.26860499382019043
vt 0.12634000182151794 0.15997299551963806
vt 0.25734400749206543 0.024911999702453613
vt 0.25734400749206543 0.005541000049561262
vt 0.5928329825401306 0.919064998626709
vt 0.5911380052566528 0.923907995223999
vt 0.8632429838180542 0.11570800095796585
vt 0.8684239983558655 0.12924300134181976
vt 0.9655609726905823 0.3229379951953888
vt 0.987197995185852 0.7915930151939392
vt 0.9864540100097656 0.7925620079040527
vt 0.4983839988708496 0.27923399209976196
vt 0.49978500604629517 0.2775920033454895
vt 0.7652140259742737 0.513746976852417
vt 0.7676339745521545 0.5126889944076538
vt 0.4083389937877655 0.9783390164375305
vt 0.40396401286125183 0.9783269762992859
vt 0.4039649963378906 0.9405540227890015
vt 0.4083400070667267 0.9405670166015625
vt 0.7654160261154175 0.5059869885444641
vt 0.764739990234375 0.5045379996299744
vt 0.9485830068588257 0.7640770077705383
vt 0.7839030027389526 0.7790600061416626
vt 0.789713978767395 0.7809550166130066
vt 0.7974629998207092 0.7802929878234863
vt 0.7839109897613525 0.7859370112419128
vt 0.5727620124816895 0.958666980266571
vt 0.5785729885101318 0.958666980266571
vt 0.4044399857521057 0.9797729849815369
vt 0.4834119975566864 0.9814720153808594
vt 0.4490300118923187 0.9814710021018982
vt 0.8482890129089355 0.39502400159835815
vt 0.8438169956207275 0.39502400159835815
vt 0.24304799735546112 0.13196499645709991
vt 0.5066050291061401 0.6092429757118225
vt 0.5048959851264954 0.608273983001709
vt 0.5217660069465637 0.5966519713401794
vt 0.05362800136208534 0.8633530139923096
vt 0.6859279870986938 0.07095199823379517
vt 0.7571139931678772 0.07095199823379517
vt 0.3129439949989319 0.3046700060367584
vt 0.9575549960136414 0.7538689970970154
vt 0.4660879969596863 0.7002459764480591
vt 0.05663900077342987 0.8652240037918091
vt 0.37891900539398193 0.9110339879989624
vt 0.3779500126838684 0.9066259860992432
vt 0.1820629984140396 0.9803779721260071
vt 0.1827390044927597 0.9813429713249207
vt 0.9418569803237915 0.8236629962921143
vt 0.9411090016365051 0.8222100138664246
vt 0.9486560225486755 0.8202509880065918
vt 0.6529620289802551 0.9707099795341492
vt 0.644336998462677 0.9785000085830688
vt 0.9417750239372253 0.7607079744338989
vt 0.9410309791564941 0.7621610164642334
vt 0.9814749956130981 0.4140680134296417
vt 0.6151819825172424 0.9804589748382568
vt 0.6103389859199524 0.9804589748382568
vt 0.32976898550987244 0.3219679892063141
vt 0.3156830072402954 0.970071017742157
vt 0.3156670033931732 0.9574810266494751
vt 0.2846890091896057 0.3220219910144806
vt 0.31327199935913086 0.32200899720191956
vt 0.700689971446991 0.5725070238113403
vt 0.7578319907188416 0.5725070238113403
vt 0.9755610227584839 0.457956999540329
vt 0.9755600094795227 0.49766600131988525
vt 0.972428023815155 0.980908989906311
vt 0.972428023815155 0.9828460216522217
vt 0.9719470143318176 0.9809070229530334
vt 0.5973119735717773 0.2821039855480194
vt 0.5986239910125732 0.2836250066757202
vt 0.9966639876365662 0.07441399991512299
vt 0.22747500240802765 0.791172981262207
vt 0.22895699739456177 0.792855978012085
vt 0.04885699972510338 0.15313799679279327
vt 0.0459510013461113 0.15002599358558655
vt 0.9047999978065491 0.911342978477478
vt 0.9097359776496887 0.9114199876785278
vt 0.9479560256004333 0.08219199627637863
vt 0.8467720150947571 0.003848999971523881
vt 0.8443059921264648 0.010625000111758709
vt 0.14667199552059174 0.717208981513977
vt 0.16737000644207 0.7006779909133911
vt 0.1687989979982376 0.7021300196647644
vt 0.8195130228996277 0.5961679816246033
vt 0.8205360174179077 0.5976189970970154
vt 0.9575769901275635 0.6605089902877808
vt 0.9915559887886047 0.7295780181884766
vt 0.8101639747619629 0.5533919930458069
vt 0.8125929832458496 0.5529029965400696
vt 0.20624400675296783 0.15626400709152222
vt 0.9687010049819946 0.304951012134552
vt 0.9725750088691711 0.304951012134552
vt 0.8561170101165771 0.911342978477478
vt 0.855534017086029 0.9140520095825195
vt 0.8311660289764404 0.9181129932403564
vt 0.8293079733848572 0.9159349799156189
vt 0.051635000854730606 0.8727570176124573
vt 0.8784480094909668 0.2835650146007538
vt 0.8784279823303223 0.2942030131816864
vt 0.8101339936256409 0.5890499949455261
vt 0.8101270198822021 0.5842080116271973
vt 0.8131089806556702 0.5842080116271973
vt 0.8131150007247925 0.5890499949455261
vt 0.6600790023803711 0.28537800908088684
vt 0.657696008682251 0.2863509953022003
vt 0.9827349781990051 0.4555160105228424
vt 0.9895150065422058 0.4555160105228424
vt 0.26302000880241394 0.9507240056991577
vt 0.2776319980621338 0.958109974861145
vt 0.27472200989723206 0.9783999919891357
vt 0.268310010433197 0.97530198097229
vt 0.7904289960861206 0.9717860221862793
vt 0.8189160227775574 0.09520400315523148
vt 0.9712420105934143 0.1348389983177185
vt 0.9654309749603271 0.1348389983177185
vt 0.6173930168151855 0.28070101141929626
vt 0.6162310242652893 0.28265199065208435
vt 0.1510239988565445 0.9663640260696411
vt 0.14521299302577972 0.9663640260696411
vt 0.1452620029449463 0.9551939964294434
vt 0.15107400715351105 0.9551939964294434
vt 0.1756719946861267 0.7006779909133911
vt 0.1797409951686859 0.7006779909133911
vt 0.9894970059394836 0.5168009996414185
vt 0.982716977596283 0.5168009996414185
vt 0.854095995426178 0.6848700046539307
vt 0.8540940284729004 0.6330549716949463
vt 0.7666879892349243 0.5846480131149292
vt 0.7676550149917603 0.582165002822876
vt 0.9231060147285461 0.07135999947786331
vt 0.9019150137901306 0.04719199985265732
vt 0.7987849712371826 0.911342978477478
vt 0.15268699824810028 0.6756290197372437
vt 0.15370400249958038 0.676596999168396
vt 0.15053699910640717 0.6819199919700623
vt 0.16556499898433685 0.09026099741458893
vt 0.15781700611114502 0.0892229974269867
vt 0.9410279989242554 0.9092689752578735
vt 0.945097029209137 0.9092689752578735
vt 0.20382200181484222 0.06745900213718414
vt 0.18784199655056 0.045329999178647995
vt 0.6859300136566162 0.06901799887418747
vt 0.757116973400116 0.06901799887418747
vt 0.953827977180481 0.07297799736261368
vt 0.9212329983711243 0.14511999487876892
vt 0.25459399819374084 0.9605090022087097
vt 0.9891719818115234 0.34750300645828247
vt 0.9823920130729675 0.34750300645828247
vt 0.9823750257492065 0.3446199893951416
vt 0.9891549944877625 0.3446199893951416
vt 0.029380999505519867 0.9150930047035217
vt 0.027295999228954315 0.9059540033340454
vt 0.9680889844894409 0.5848349928855896
vt 0.9671139717102051 0.5843470096588135
vt 0.9671170115470886 0.574180006980896
vt 0.968093991279602 0.5741860270500183
vt 0.5962240099906921 0.9156759977340698
vt 0.5979390144348145 0.9171289801597595
vt 0.9665759801864624 0.05792900174856186
vt 0.9704499840736389 0.05792900174856186
vt 0.16992400586605072 0.08329100161790848
vt 0.12881800532341003 0.7797369956970215
vt 0.9060850143432617 0.2503400146961212
vt 0.9060850143432617 0.31087198853492737
vt 0.8983690142631531 0.3079240024089813
vt 0.8983690142631531 0.2536869943141937
vt 0.08614599704742432 0.08092399686574936
vt 0.09389399737119675 0.0812700018286705
vt 0.09040600061416626 0.8874769806861877
vt 0.4878239929676056 0.8235700130462646
vt 0.4878169894218445 0.8187270164489746
vt 0.4907990097999573 0.8187270164489746
vt 0.4908050000667572 0.8235700130462646
vt 0.6135730147361755 0.30994001030921936
vt 0.8549609780311584 0.44884398579597473
vt 0.8660989999771118 0.44884398579597473
vt 0.9889469742774963 0.360601007938385
vt 0.9823750257492065 0.36059999465942383
vt 0.9823920130729675 0.3576720058917999
vt 0.9891719818115234 0.3576729893684387
vt 0.8981279730796814 0.9224830269813538
vt 0.8933770060539246 0.9225599765777588
vt 0.9410279989242554 0.9896150231361389
vt 0.9458690285682678 0.9896150231361389
vt 0.19765500724315643 0.9163579940795898
vt 0.20152899622917175 0.9163579940795898
vt 0.9018920063972473 0.4217259883880615
vt 0.9017620086669922 0.3219679892063141
vt 0.9215139746665955 0.3219679892063141
vt 0.9216430187225342 0.4217259883880615
vt 0.9668629765510559 0.22891399264335632
vt 0.9645439982414246 0.23093299567699432
vt 0.9807350039482117 0.7194089889526367
vt 0.9825950264930725 0.7165030241012573
vt 0.15107400715351105 0.9774699807167053
vt 0.14526300132274628 0.9774699807167053
vt 0.8158860206604004 0.9784579873085022
vt 0.8207269906997681 0.9784579873085022
vt 0.313167005777359 0.9115030169487
vt 0.3068709969520569 0.9115030169487
vt 0.1526689976453781 0.8411790132522583
vt 0.7434329986572266 0.8772339820861816
vt 0.732342004776001 0.9171919822692871
vt 0.0899680033326149 0.8739280104637146
vt 0.08711499720811844 0.8748990297317505
vt 0.01714099943637848 0.966264009475708
vt 0.950767993927002 0.23034599423408508
vt 0.992920994758606 0.7300609946250916
vt 0.1321839988231659 0.9485089778900146
vt 0.4373440146446228 0.018386000767350197
vt 0.07888399809598923 0.8150089979171753
vt 0.6576510071754456 0.30619001388549805
vt 0.206727996468544 0.15273800492286682
vt 0.959941029548645 0.9809020161628723
vt 0.803363025188446 0.5388709902763367
vt 0.8004680275917053 0.538864016532898
vt 0.9666209816932678 0.9809070229530334
vt 0.4252130091190338 0.9405459761619568
vt 0.0459510013461113 0.03275400027632713
vt 0.9111070036888123 0.4283980131149292
vt 0.9509689807891846 0.5534290075302124
vt 0.9492520093917847 0.5534279942512512
vt 0.21060200035572052 0.3973369896411896
vt 0.21060200035572052 0.4373440146446228
vt 0.06386899948120117 0.12176699936389923
vt 0.6939640045166016 0.579177975654602
vt 0.6978380084037781 0.579177975654602
vt 0.9523389935493469 0.5534290075302124
vt 0.04791000112891197 0.8679100275039673
vt 0.16310399770736694 0.9461309909820557
vt 0.16310399770736694 0.8681650161743164
vt 0.14864900708198547 0.9460870027542114
vt 0.14912700653076172 0.948498010635376
vt 0.9560149908065796 0.6563310027122498
vt 0.045295000076293945 0.919314980506897
vt 0.051635999232530594 0.9124109745025635
vt 0.013435999862849712 0.9657710194587708
vt 0.9897500276565552 0.1256379932165146
vt 0.986024022102356 0.1256379932165146
vt 0.9860069751739502 0.1130480021238327
vt 0.9897339940071106 0.1130480021238327
vt 0.030886000022292137 0.772816002368927
vt 0.03370700031518936 0.7611979842185974
vt 0.6908000111579895 0.9885820150375366
vt 0.6975799798965454 0.9885820150375366
vt 0.39814499020576477 0.9405480027198792
vt 0.9105709791183472 0.7538579702377319
vt 0.9144449830055237 0.7538579702377319
vt 0.04885699972510338 0.027274999767541885
vt 0.4038819968700409 0.38247400522232056
vt 0.32978999614715576 0.3824720084667206
vt 0.43477898836135864 0.6232770085334778
vt 0.9787830114364624 0.8274919986724854
vt 0.9787669777870178 0.8149009943008423
vt 0.08953499794006348 0.10300000011920929
vt 0.8102719783782959 0.5775359869003296
vt 0.810204029083252 0.5664420127868652
vt 0.8126320242881775 0.5659530162811279
vt 0.8126969933509827 0.5765650272369385
vt 0.09825199842453003 0.0750259980559349
vt 0.6459169983863831 0.9505429863929749
vt 0.805683970451355 0.9269649982452393
vt 0.8064090013504028 0.9290199875831604
vt 0.889182984828949 0.307904988527298
vt 0.889182984828949 0.25366801023483276
vt 0.9517070055007935 0.1131730005145073
vt 0.9812780022621155 0.16835500299930573
vt 0.9819539785385132 0.1693200021982193
vt 0.1675020009279251 0.09128399938344955
vt 0.9599490165710449 0.9867140054702759
vt 0.9698870182037354 0.5173900127410889
vt 0.9692109823226929 0.5183619856834412
vt 0.9570119976997375 0.9784759879112244
vt 0.9573860168457031 0.9789609909057617
vt 0.1539430022239685 0.0964839980006218
vt 0.9835889935493469 0.443013995885849
vt 0.9285100102424622 0.7540370225906372
vt 0.8784199953079224 0.247297003865242
vt 0.8784199953079224 0.1417279988527298
vt 0.8825110197067261 0.1441430002450943
vt 0.8825110197067261 0.24486899375915527
vt 0.9158030152320862 0.43505099415779114
vt 0.867821991443634 0.30531200766563416
vt 0.8670759797096252 0.30531200766563416
vt 0.03723499923944473 0.03488200157880783
vt 0.04982500150799751 0.16516000032424927
vt 0.03723499923944473 0.16516000032424927
vt 0.6680650115013123 0.9833440184593201
vt 0.23723700642585754 0.15686100721359253
vt 0.23869000375270844 0.15856300294399261
vt 0.05988600105047226 0.8832020163536072
vt 0.5099220275878906 0.8691859841346741
vt 0.20382200181484222 0.15585100650787354
vt 0.8170729875564575 0.19550299644470215
vt 0.8187519907951355 0.1950410008430481
vt 0.8172879815101624 0.2039009928703308
vt 0.8156200051307678 0.20378699898719788
vt 0.9553629755973816 0.3806619942188263
vt 0.9557459950447083 0.3912090063095093
vt 0.9895150065422058 0.49414899945259094
vt 0.9829689860343933 0.49414899945259094
vt 0.5048360228538513 0.856594979763031
vt 0.5816929936408997 0.03432200103998184
vt 0.6059060096740723 0.27063700556755066
vt 0.5816929936408997 0.27063798904418945
vt 0.9652649760246277 0.3735629916191101
vt 0.9647070169448853 0.37222298979759216
vt 0.9751539826393127 0.3736819922924042
vt 0.7575979828834534 0.2538299858570099
vt 0.6863539814949036 0.25384899973869324
vt 0.988631010055542 0.3882029950618744
vt 0.9818249940872192 0.3882029950618744
vt 0.21834999322891235 0.10203699767589569
vt 0.4505540132522583 0.7951419949531555
vt 0.9828389883041382 0.7150480151176453
vt 0.9410309791564941 0.8303340077400208
vt 0.9449049830436707 0.8303340077400208
vt 0.9486910104751587 0.39286598563194275
vt 0.9323700070381165 0.3875119984149933
vt 0.9283149838447571 0.35731399059295654
vt 0.941366970539093 0.3451870083808899
vt 0.133651003241539 0.8652390241622925
vt 0.7052890062332153 0.9850649833679199
vt 0.7052890062332153 0.9414809942245483
vt 0.2986389994621277 0.9260820150375366
vt 0.30009201169013977 0.924705982208252
vt 0.6427509784698486 0.958666980266571
vt 0.6529620289802551 0.9598659873008728
vt 0.9814609885215759 0.42848798632621765
vt 0.9760450124740601 0.45698800683021545
vt 0.09774599969387054 0.9102240204811096
vt 0.9654629826545715 0.3781209886074066
vt 0.05660500004887581 0.15720699727535248
vt 0.04982500150799751 0.1492539942264557
vt 0.23807699978351593 0.7915549874305725
vt 0.8712360262870789 0.314985990524292
vt 0.8704910278320312 0.314985990524292
vt 0.23806799948215485 0.8235229849815369
vt 0.46350499987602234 0.02469800040125847
vt 0.7362499833106995 0.579177975654602
vt 0.740123987197876 0.579177975654602
vt 0.16847099363803864 0.08125700056552887
vt 0.9815790057182312 0.6556419730186462
vt 0.9832860231399536 0.6556400060653687
vt 0.970704972743988 0.6397510170936584
vt 0.7918699979782104 0.5846149921417236
vt 0.7908999919891357 0.582135021686554
vt 0.9790710210800171 0.8946539759635925
vt 0.976643979549408 0.8956189751625061
vt 0.5533429980278015 0.31046000123023987
vt 0.880836009979248 0.26271599531173706
vt 0.08420799672603607 0.08125700056552887
vt 0.3547059893608093 0.9154419898986816
vt 0.3561590015888214 0.9140650033950806
vt 0.17866000533103943 0.8584409952163696
vt 0.17567799985408783 0.8584409952163696
vt 0.1756719946861267 0.8535990118980408
vt 0.17865300178527832 0.8535990118980408
vt 0.541558027267456 0.27899399399757385
vt 0.04207700118422508 0.4373440146446228
vt 0.04207700118422508 0.3973369896411896
vt 0.6972339749336243 0.829584002494812
vt 0.6986179947853088 0.837332010269165
vt 0.8421329855918884 0.5166490077972412
vt 0.8364260196685791 0.5148710012435913
vt 0.8549609780311584 0.49241000413894653
vt 0.8607720136642456 0.49241000413894653
vt 0.6218529939651489 0.9804589748382568
vt 0.626695990562439 0.9804589748382568
vt 0.07064200192689896 0.9794430136680603
vt 0.06996600329875946 0.9784780144691467
vt 0.28290098905563354 0.3152959942817688
vt 0.29937800765037537 0.31143900752067566
vt 0.8550980091094971 0.4555160105228424
vt 0.8609089851379395 0.4555160105228424
vt 0.6908000111579895 0.9726020097732544
vt 0.6975799798965454 0.9726020097732544
vt 0.08575300127267838 0.8763539791107178
vt 0.9655640125274658 0.3219679892063141
vt 0.4878329932689667 0.7471780180931091
vt 0.49073299765586853 0.7481420040130615
vt 0.3184939920902252 0.9135379791259766
vt 0.7720199823379517 0.5243229866027832
vt 0.9845830202102661 0.3059149980545044
vt 0.9792559742927551 0.3059149980545044
vt 0.9792609810829163 0.304951012134552
vt 0.9845880270004272 0.304951012134552
vt 0.8798289895057678 0.2539690136909485
vt 0.8807970285415649 0.2539690136909485
vt 0.6681889891624451 0.01395499985665083
vt 0.6662399768829346 0.025074999779462814
vt 0.7575349807739258 0.5068389773368835
vt 0.6863489747047424 0.5068389773368835
vt 0.6863459944725037 0.5049039721488953
vt 0.7575309872627258 0.5049039721488953
vt 0.7654160261154175 0.3219679892063141
vt 0.764739990234375 0.32342401146888733
vt 0.6453160047531128 0.2709200084209442
vt 0.04695399850606918 0.8715149760246277
vt 0.9661369919776917 0.58433997631073
vt 0.966143012046814 0.5741750001907349
vt 0.3175249993801117 0.9007869958877563
vt 0.5690829753875732 0.2855829894542694
vt 0.5675039887428284 0.2843419909477234
vt 0.5403299927711487 0.8846819996833801
vt 0.9796609878540039 0.5774419903755188
vt 0.9748179912567139 0.5774419903755188
vt 0.3779500126838684 0.9154419898986816
vt 0.37456101179122925 0.918832004070282
vt 0.3764980137348175 0.9140650033950806
vt 0.13310499489307404 0.747277021408081
vt 0.878853976726532 0.41740700602531433
vt 0.8843560218811035 0.41246598958969116
vt 0.8939489722251892 0.41817599534988403
vt 0.8950909972190857 0.4357140064239502
vt 0.987197995185852 0.7723309993743896
vt 0.9864540100097656 0.773298978805542
vt 0.7508249878883362 0.26927000284194946
vt 0.6576510071754456 0.2810080051422119
vt 0.5853229761123657 0.9698349833488464
vt 0.5852839946746826 0.958666980266571
vt 0.591094970703125 0.958666980266571
vt 0.5911340117454529 0.9698349833488464
vt 0.8431649804115295 0.5156959891319275
vt 0.5377560257911682 0.28222501277923584
vt 0.5390310287475586 0.28377699851989746
vt 0.5127059817314148 0.9738190174102783
vt 0.4983940124511719 0.9835330247879028
vt 0.4983940124511719 0.958666980266571
vt 0.5146520137786865 0.9697809815406799
vt 0.13717100024223328 0.6935240030288696
vt 0.9587090015411377 0.11945000290870667
vt 0.9572830200195312 0.12041900306940079
vt 0.030455000698566437 0.027274999767541885
vt 0.0648379996418953 0.045329999178647995
vt 0.04885699972510338 0.06745900213718414
vt 0.3590640127658844 0.890146017074585
vt 0.3634229898452759 0.891156017780304
vt 0.5274479985237122 0.563880980014801
vt 0.4983940124511719 0.5638769865036011
vt 0.6907939910888672 0.9659299850463867
vt 0.6966050267219543 0.9659299850463867
vt 0.650068998336792 0.8595010042190552
vt 0.6470239758491516 0.8832299709320068
vt 0.9886050224304199 0.37222298979759216
vt 0.9818249940872192 0.37222298979759216
vt 0.16566500067710876 0.9551929831504822
vt 0.1753920018672943 0.9552559852600098
vt 0.1753920018672943 0.9809219837188721
vt 0.16566500067710876 0.9808580279350281
vt 0.3040730059146881 0.9507240056991577
vt 0.3033289909362793 0.9516919851303101
vt 0.9849939942359924 0.6212409734725952
vt 0.9860259890556335 0.6226950287818909
vt 0.35809600353240967 0.9028970003128052
vt 0.6552950143814087 0.28731799125671387
vt 0.04740399867296219 0.09860000014305115
vt 0.9215530157089233 0.4298569858074188
vt 0.9592620134353638 0.3224560022354126
vt 0.5300890207290649 0.310465008020401
vt 0.5133119821548462 0.8657960295677185
vt 0.5150279998779297 0.8672490119934082
vt 0.5630059838294983 0.854174017906189
vt 0.3813279867172241 0.9415349960327148
vt 0.3813279867172241 0.9851179718971252
vt 0.15398600697517395 0.9485229849815369
vt 0.7571840286254883 0.05066699907183647
vt 0.6913250088691711 0.05066699907183647
vt 0.3416300117969513 0.9425230026245117
vt 0.3416300117969513 0.9841690063476562
vt 0.796006977558136 0.9784640073776245
vt 0.7943369746208191 0.9837920069694519
vt 0.7894160151481628 0.9837849736213684
vt 0.7910850048065186 0.9784579873085022
vt 0.6204490065574646 0.28434300422668457
vt 0.6188690066337585 0.2855840027332306
vt 0.47710898518562317 0.8347470164299011
vt 0.2872549891471863 0.0034290000330656767
vt 0.7839030027389526 0.8852850198745728
vt 0.7839040160179138 0.8779169917106628
vt 0.797461986541748 0.883404016494751
vt 0.789713978767395 0.8834139704704285
vt 0.8556740283966064 0.5961679816246033
vt 0.866811990737915 0.5961679816246033
vt 0.08529199659824371 0.9784780144691467
vt 0.0859680026769638 0.9794430136680603
vt 0.7917129993438721 0.892458975315094
vt 0.7055829763412476 0.8247420191764832
vt 0.7073850035667419 0.8266779780387878
vt 0.7959989905357361 0.9896029829978943
vt 0.7910779714584351 0.9895960092544556
vt 0.8688840270042419 0.9198229908943176
vt 0.8687959909439087 0.9222400188446045
vt 0.026273999363183975 0.4924049973487854
vt 0.03081599995493889 0.5311520099639893
vt 0.003407000098377466 0.519008994102478
vt 0.904000997543335 0.7808319926261902
vt 0.9098119735717773 0.778892993927002
vt 0.04982500150799751 0.038950998336076736
vt 0.030879000201821327 0.7834699749946594
vt 0.3335059881210327 0.8770670294761658
vt 0.9561899900436401 0.49766600131988525
vt 0.04835699871182442 0.7394220232963562
vt 0.03991499915719032 0.747642993927002
vt 0.206727996468544 0.15896299481391907
vt 0.7578380107879639 0.6851909756660461
vt 0.7578960061073303 0.7297430038452148
vt 0.22106799483299255 0.9754530191421509
vt 0.7052890062332153 0.836978018283844
vt 0.9725790023803711 0.735505998134613
vt 0.9577980041503906 0.7394000291824341
vt 0.4451099932193756 0.0629659965634346
vt 0.9739959836006165 0.9519309997558594
vt 0.2578510046005249 0.029789999127388
vt 0.2578510046005249 0.040442999452352524
vt 0.9475550055503845 0.304951012134552
vt 0.951429009437561 0.304951012134552
vt 0.03987099975347519 0.8086609840393066
vt 0.04830100014805794 0.8169050216674805
vt 0.4917120039463043 0.005512000061571598
vt 0.48928600549697876 0.02487500011920929
vt 0.9845849871635437 0.31269699335098267
vt 0.9792580008506775 0.31269699335098267
vt 0.880620002746582 0.31014400720596313
vt 0.880620002746582 0.314985990524292
vt 0.8779079914093018 0.314985990524292
vt 0.8779079914093018 0.31014400720596313
vt 0.10441800206899643 0.864300012588501
vt 0.10441800206899643 0.9248319864273071
vt 0.9790449738502502 0.8671470284461975
vt 0.9766169786453247 0.8661829829216003
vt 0.5852839946746826 0.9804589748382568
vt 0.591094970703125 0.9804589748382568
vt 0.9673619866371155 0.10637599974870682
vt 0.9653810262680054 0.10437700152397156
vt 0.538707971572876 0.31046000123023987
vt 0.22222499549388885 0.027274999767541885
vt 0.9553629755973816 0.3234409987926483
vt 0.749904990196228 0.2605209946632385
vt 0.7508739829063416 0.2605209946632385
vt 0.048496000468730927 0.8751440048217773
vt 0.052393000572919846 0.8736739754676819
vt 0.05315199866890907 0.8745899796485901
vt 0.053266000002622604 0.8760510087013245
vt 0.22222499549388885 0.03134400025010109
vt 0.23965799808502197 0.03134400025010109
vt 0.5035269856452942 0.61360102891922
vt 0.5138599872589111 0.61360102891922
vt 0.5128219723701477 0.6150540113449097
vt 0.04390399903059006 0.8735679984092712
vt 0.04472700133919716 0.8723549842834473
vt 0.04583999887108803 0.8719350099563599
vt 0.04629399999976158 0.8777790069580078
vt 0.04506700113415718 0.8767380118370056
vt 0.0476979985833168 0.8781520128250122
vt 0.05299999937415123 0.87705397605896
vt 0.05179699882864952 0.8778079748153687
vt 0.9084540009498596 0.9538699984550476
vt 0.9112380146980286 0.9507089853286743
vt 0.8552470207214355 0.9344879984855652
vt 0.8524600267410278 0.9313399791717529
vt 0.22222499549388885 0.15720699727535248
vt 0.21544499695301056 0.1492539942264557
vt 0.6036170125007629 0.958666980266571
vt 0.5987280011177063 0.9683830142021179
vt 0.5978059768676758 0.958666980266571
vt 0.03435400128364563 0.49919500946998596
vt 0.9438520073890686 0.9622480273246765
vt 0.9563990235328674 0.9480230212211609
vt 0.5035269856452942 0.8286160230636597
vt 0.5128219723701477 0.8271629810333252
vt 0.5138599872589111 0.8286160230636597
vt 0.8961660265922546 0.9740750193595886
vt 0.9087920188903809 0.9624350070953369
vt 0.04910200089216232 0.8785240054130554
vt 0.05068400129675865 0.8782280087471008
vt 0.013020999729633331 0.03134400025010109
vt 0.03723499923944473 0.011979999952018261
vt 0.03723499923944473 0.0233910009264946
vt 0.030455000698566437 0.03134400025010109
vt 0.5231490135192871 0.5961679816246033
vt 0.6030229926109314 0.5961679816246033
vt 0.9560620188713074 0.9390850067138672
vt 0.9588519930839539 0.935929000377655
vt 0.04982500150799751 0.0233910009264946
vt 0.05757400020956993 0.011979999952018261
vt 0.1960739940404892 0.03134400025010109
vt 0.5231490135192871 0.8460490107536316
vt 0.6030229926109314 0.8460490107536316
vt 0.8549090027809143 0.9434260129928589
vt 0.8674589991569519 0.9576190114021301
vt 0.04363799840211868 0.8745700120925903
vt 0.044307999312877655 0.8758209943771362
vt 0.7118030190467834 0.2844089865684509
vt 0.7090209722518921 0.2812559902667999
vt 0.711463987827301 0.29297399520874023
vt 0.7240920066833496 0.3045809864997864
vt 0.034255001693964005 0.6386640071868896
vt 0.9837390184402466 0.7527130246162415
vt 0.9800130128860474 0.7527130246162415
vt 0.9800040125846863 0.7464179992675781
vt 0.983722984790802 0.7401220202445984
vt 0.28118300437927246 0.7238039970397949
vt 0.03723499923944473 0.1492539942264557
vt 0.030455000698566437 0.15720699727535248
vt 0.05660500004887581 0.03134400025010109
vt 0.08856700360774994 0.027885999530553818
vt 0.17028400301933289 0.6456279754638672
vt 0.6084290146827698 0.919064998626709
vt 0.302029013633728 0.9135379791259766
vt 0.033316999673843384 0.4735279977321625
vt 0.9219459891319275 0.2484000027179718
vt 0.21544499695301056 0.0233910009264946
vt 0.21544499695301056 0.011979999952018261
vt 0.8397060036659241 0.3106690049171448
vt 0.8255879878997803 0.3106690049171448
vt 0.8286759853363037 0.28011998534202576
vt 0.795041024684906 0.8975690007209778
vt 0.8076320290565491 0.8941980004310608
vt 0.8030930161476135 0.9427379965782166
vt 0.789713978767395 0.8994389772415161
vt 0.8948000073432922 0.8873770236968994
vt 0.8986740112304688 0.8851360082626343
vt 0.689749002456665 0.2908270061016083
vt 0.6905519962310791 0.29502299427986145
vt 0.7553579807281494 0.8820160031318665
vt 0.1650650054216385 0.5691059827804565
vt 0.94268798828125 0.339231014251709
vt 0.9864130020141602 0.0033360000234097242
vt 0.033385999500751495 0.9802989959716797
vt 0.035027001053094864 0.973173975944519
vt 0.03693800047039986 0.9791719913482666
vt 0.18493600189685822 0.3976820111274719
vt 0.3880009949207306 0.9400830268859863
vt 0.9366369843482971 0.0033360000234097242
vt 0.7805200219154358 0.887499988079071
vt 0.026278000324964523 0.4861089885234833
vt 0.15200600028038025 0.0033360000234097242
vt 0.977321982383728 0.9500550031661987
vt 0.9781200289726257 0.94548499584198
vt 0.5221269726753235 0.8657960295677185
vt 0.08178699761629105 0.0033360000234097242
vt 0.6006309986114502 0.9403730034828186
vt 0.2996949851512909 0.3515709936618805
vt 0.904000997543335 0.8992909789085388
vt 0.8986740112304688 0.8974339962005615
vt 0.8171700239181519 0.3112320005893707
vt 0.8156200051307678 0.3066070079803467
vt 0.8171700239181519 0.2875620126724243
vt 0.9542649984359741 0.6531640291213989
vt 0.9547790288925171 0.9436110258102417
vt 0.06774300336837769 0.3976820111274719
vt 0.07452300190925598 0.39465099573135376
vt 0.7450810074806213 0.6372770071029663
vt 0.32333600521087646 0.9216750264167786
vt 0.8138030171394348 0.9422699809074402
vt 0.813273012638092 0.9461069703102112
vt 0.904000997543335 0.7647560238838196
vt 0.6662399768829346 0.0347599983215332
vt 0.15410499274730682 0.6581969857215881
vt 0.7047280073165894 0.27953600883483887
vt 0.69889897108078 0.2799319922924042
vt 0.7950419783592224 0.7791910171508789
vt 0.162321999669075 0.47321799397468567
vt 0.154231995344162 0.4799869954586029
vt 0.8090119957923889 0.9538270235061646
vt 0.8058949708938599 0.9558389782905579
vt 0.9490349888801575 0.5195469856262207
vt 0.9308680295944214 0.48782598972320557
vt 0.9363059997558594 0.47587600350379944
vt 0.7989150285720825 0.7768170237541199
vt 0.7989150285720825 0.7689909934997559
vt 0.6106169819831848 0.8378170132637024
vt 0.6379330158233643 0.7952010035514832
vt 0.8857139945030212 0.3219679892063141
vt 0.8950909972190857 0.33155199885368347
vt 0.37456101179122925 0.9028970003128052
vt 0.4994960129261017 0.3146919906139374
vt 0.48831799626350403 0.5659319758415222
vt 0.8540940284729004 0.7533770203590393
vt 0.8540940284729004 0.7297160029411316
vt 0.8556410074234009 0.7487490177154541
vt 0.6772230267524719 0.2775920033454895
vt 0.6777560114860535 0.2957319915294647
vt 0.6772230267524719 0.30176299810409546
vt 0.7130780220031738 0.28893300890922546
vt 0.6438120007514954 0.6625120043754578
vt 0.9155330061912537 0.9489790201187134
vt 0.9213650226593018 0.9493600130081177
vt 0.1703920066356659 0.4925990104675293
vt 0.03382499888539314 0.966949999332428
vt 0.03693800047039986 0.9598720073699951
vt 0.03468799963593483 0.9671689867973328
vt 0.16218499839305878 0.6649870276451111
vt 0.5366209745407104 0.8431439995765686
vt 0.23208999633789062 0.6439170241355896
vt 0.8331390023231506 0.7398179769515991
vt 0.832086980342865 0.7417200207710266
vt 0.17815600335597992 0.39465099573135376
vt 0.17040100693702698 0.48000800609588623
vt 0.5177199840545654 0.864342987537384
vt 0.6200109720230103 0.9519960284233093
vt 0.9237329959869385 0.4555160105228424
vt 0.9241960048675537 0.48233699798583984
vt 0.9237329959869385 0.5356220006942749
vt 0.8948000073432922 0.7766929864883423
vt 0.3416309952735901 0.8923329710960388
vt 0.6438120007514954 0.7797049880027771
vt 0.811797022819519 0.9336789846420288
vt 0.8133559823036194 0.937807023525238
vt 0.10441800206899643 0.9748299717903137
vt 0.10441800206899643 0.9339209794998169
vt 0.11465399712324142 0.9444590210914612
vt 0.1702750027179718 0.6582189798355103
vt 0.32188400626182556 0.9172670245170593
vt 0.5366209745407104 0.5990729928016663
vt 0.4903770089149475 0.34349700808525085
vt 0.029563000425696373 0.9683030247688293
vt 0.03453100100159645 0.9697380065917969
vt 0.6050390005111694 0.9389209747314453
vt 0.4983940124511719 0.8286160230636597
vt 0.2095790058374405 0.8365179896354675
vt 0.795041024684906 0.766759991645813
vt 0.789713978767395 0.7649040222167969
vt 0.2594209909439087 0.1055150032043457
vt 0.8986740112304688 0.7666260004043579
vt 0.38666701316833496 0.8427159786224365
vt 0.7384139895439148 0.6203290224075317
vt 0.415012001991272 0.9400830268859863
vt 0.8849499821662903 0.911342978477478
vt 0.4480249881744385 0.03295600041747093
vt 0.9026970267295837 0.2484000027179718
vt 0.9163429737091064 0.13399900496006012
vt 0.9019150137901306 0.13399900496006012
vt 0.9132879972457886 0.10360000282526016
vt 0.2594209909439087 0.24740099906921387
vt 0.5114110112190247 0.353300005197525
vt 0.7989150285720825 0.8953279852867126
vt 0.7989150285720825 0.8875010013580322
vt 0.8623120188713074 0.7526370286941528
vt 0.8623120188713074 0.7297160029411316
vt 0.8639240264892578 0.7476459741592407
vt 0.7087140083312988 0.8333500027656555
vt 0.5240430235862732 0.9670649766921997
vt 0.9026970267295837 0.3132910132408142
vt 0.46226900815963745 0.9249209761619568
vt 0.5370990037918091 0.8527209758758545
vt 0.03318199887871742 0.6643289923667908
vt 0.5173709988594055 0.9669100046157837
vt 0.25634801387786865 0.9783229827880859
vt 0.8272089958190918 0.7320070266723633
vt 0.8330190181732178 0.7320070266723633
vt 0.9566090106964111 0.9087799787521362
vt 0.9566090106964111 0.8933299779891968
vt 0.9582030177116394 0.9003999829292297
vt 0.8734880089759827 0.752996027469635
vt 0.8845260143280029 0.7224500179290771
vt 0.8875899910926819 0.752996027469635
vt 0.43535101413726807 0.9400830268859863
vt 0.9631490111351013 0.9342060089111328
vt 0.45100200176239014 0.8313249945640564
vt 0.811631977558136 0.9502800107002258
vt 0.9594659805297852 0.5894860029220581
vt 0.9590100049972534 0.58473801612854
vt 0.9594659805297852 0.5741750001907349
vt 0.35325300693511963 0.9110339879989624
vt 0.9542649984359741 0.6741589903831482
vt 0.525518000125885 0.8856509923934937
vt 0.6106169819831848 0.6043999791145325
vt 0.6379330158233643 0.6470159888267517
vt 0.9486910104751587 0.3219679892063141
vt 0.22354799509048462 0.6217560172080994
vt 0.9788849949836731 0.16168400645256042
vt 0.9774619936943054 0.15449699759483337
vt 0.9788849949836731 0.1417279988527298
vt 0.8570759892463684 0.3030509948730469
vt 0.8554610013961792 0.2980630099773407
vt 0.8570759892463684 0.28011998534202576
vt 0.9442059993743896 0.5961679816246033
vt 0.28992199897766113 0.8533560037612915
vt 0.2287140041589737 0.8365179896354675
vt 0.2287140041589737 0.9166579842567444
vt 0.22822299599647522 0.8633300065994263
vt 0.929718017578125 0.9644309878349304
vt 0.8860830068588257 0.8940969705581665
vt 0.8339999914169312 0.945510983467102
vt 0.833204984664917 0.9409440159797668
vt 0.12151200324296951 0.9533129930496216
vt 0.12132599949836731 0.9431179761886597
vt 0.12151200324296951 0.9339209794998169
vt 0.6859179735183716 0.5892559885978699
vt 0.686369001865387 0.5867469906806946
vt 0.6872919797897339 0.5867120027542114
vt 0.9689810276031494 0.9345970153808594
vt 0.3547059893608093 0.9066259860992432
vt 0.8481640219688416 0.9296280145645142
vt 0.9253680109977722 0.09692899882793427
vt 0.9316189885139465 0.4756680130958557
vt 0.9490349888801575 0.4555160105228424
vt 0.8948000073432922 0.8952029943466187
vt 0.8176209926605225 0.19402900338172913
vt 0.9661300182342529 0.06521300226449966
vt 0.8223850131034851 0.484483003616333
vt 0.8317300081253052 0.47488799691200256
vt 0.6681889891624451 0.021219000220298767
vt 0.4449540078639984 0.6261749863624573
vt 0.8933680057525635 0.9400650262832642
vt 0.7343090176582336 0.2605209946632385
vt 0.7343090176582336 0.3134549856185913
vt 0.7335590124130249 0.3055109977722168
vt 0.9673470258712769 0.5262179970741272
vt 0.9473429918289185 0.1417279988527298
vt 0.9132019877433777 0.8873590230941772
vt 0.107805997133255 0.8623589873313904
vt 0.8565300107002258 0.9390100240707397
vt 0.9006959795951843 0.19035300612449646
vt 0.38666701316833496 0.8313249945640564
vt 0.9325969815254211 0.6711199879646301
vt 0.9649689793586731 0.3995380103588104
vt 0.3349590003490448 0.9029729962348938
vt 0.22784200310707092 0.8284749984741211
vt 0.2809410095214844 0.2808780074119568
vt 0.8423349857330322 0.9300339818000793
vt 0.22299699485301971 0.4440160095691681
vt 0.9305229783058167 0.9602320194244385
vt 0.202907994389534 0.8783209919929504
vt 0.19766399264335632 0.8558099865913391
vt 0.202907994389534 0.8535990118980408
vt 0.8093429803848267 0.9308940172195435
vt 0.8986740112304688 0.7790729999542236
vt 0.22822299599647522 0.9651659727096558
vt 0.22822299599647522 0.9498559832572937
vt 0.22867900133132935 0.9604189991950989
vt 0.664218008518219 0.9436540007591248
vt 0.9375929832458496 0.13095000386238098
vt 0.7805129885673523 0.7767170071601868
vt 0.28992199897766113 0.8419659733772278
vt 0.026159999892115593 0.6517289876937866
vt 0.8948000073432922 0.768867015838623
vt 0.795041024684906 0.8852710127830505
vt 0.2809410095214844 0.07507099956274033
vt 0.2135079950094223 0.19321699440479279
vt 0.107805997133255 0.927249014377594
vt 0.4983940124511719 0.61360102891922
vt 0.9132019877433777 0.7766690254211426
vt 0.22643500566482544 0.7832850217819214
vt 0.9566090106964111 0.8866580128669739
vt 0.9566090106964111 0.8453459739685059
vt 0.9699450135231018 0.8744029998779297
vt 0.9105709791183472 0.6929749846458435
vt 0.9071779847145081 0.9583979845046997
vt 0.8702800273895264 0.9213659763336182
vt 0.9707909822463989 0.18297599256038666
vt 0.9574400186538696 0.17072099447250366
vt 0.9707909822463989 0.1417279988527298
vt 0.19763800501823425 0.9096860289573669
vt 0.19763800501823425 0.8849920034408569
vt 0.202907994389534 0.8872349858283997
vt 0.23797200620174408 0.7766140103340149
vt 0.2320069968700409 0.7611089944839478
vt 0.9410279989242554 0.9259989857673645
vt 0.48831799626350403 0.42404401302337646
vt 0.7668700218200684 0.8828819990158081
vt 0.5094640254974365 0.33975499868392944
vt 0.9779130220413208 0.1329990029335022
vt 0.9779130220413208 0.1130480021238327
vt 0.9793360233306885 0.12581199407577515
vt 0.25634801387786865 0.957302987575531
vt 0.4878149926662445 0.7405059933662415
vt 0.4878149926662445 0.6405810117721558
vt 0.4880549907684326 0.7334049940109253
vt 0.933899998664856 0.5058199763298035
vt 0.4083400070667267 0.9400830268859863
vt 0.9766780138015747 0.801472008228302
vt 0.9664289951324463 0.7712529897689819
vt 0.9766780138015747 0.7607079744338989
vt 0.4667780101299286 0.599498987197876
vt 0.6406450271606445 0.2826800048351288
vt 0.6271200180053711 0.3100520074367523
vt 0.6271200180053711 0.2775920033454895
vt 0.9657760262489319 0.18964700400829315
vt 0.9225379824638367 0.5961679816246033
vt 0.889182984828949 0.19120700657367706
vt 0.7386509776115417 0.8024129867553711
vt 0.8187519907951355 0.28088998794555664
vt 0.25679999589920044 0.6405810117721558
vt 0.4667780101299286 0.39368900656700134
vt 0.04110899940133095 0.19321699440479279
vt 0.22297100722789764 0.6212509870529175
vt 0.26302000880241394 0.9780660271644592
vt 0.23807699978351593 0.6284279823303223
vt 0.6859179735183716 0.579177975654602
vt 0.22866100072860718 0.9431840181350708
vt 0.22822299599647522 0.9344639778137207
vt 0.22866100072860718 0.9233289957046509
vt 0.9792510271072388 0.7401220202445984
vt 0.3027670085430145 0.30756500363349915
vt 0.7409809827804565 0.2605209946632385
vt 0.7416899800300598 0.3055329918861389
vt 0.7409809827804565 0.31342899799346924
vt 0.7268869876861572 0.27056801319122314
o mesh_input
f 143/1 142/2 260/3 261/4
f 38/5 36/6 40/7 42/8
f 1430/9 1431/10 1383/11 1382/12
f 1475/13 1558/14 1568/15 1479/16
f 247/17 133/18 135/19 249/20
f 433/21 450/22 114/23 93/24
f 978/25 994/26 986/27 970/28
f 351/29 310/30 314/31 353/32
f 1576/33 1488/34 1487/35 1575/36
f 1483/37 1572/38 1575/36 1487/35
f 235/39 125/40 127/41 237/42
f 1645/43 1598/44 1600/45 1647/46
f 1361/47 1374/48 1261/49 1256/50
f 843/51 833/52 824/53 818/54
f 1756/55 1728/56 1730/57 1760/58
f 40/7 92/59 100/60 44/61
f 1193/62 1195/63 1097/64 1095/65
f 571/66 575/67 1076/68 1074/69
f 1244/70 1596/71 1602/72 1246/73
f 985/74 993/75 977/76 969/77
f 1688/78 1707/79 1709/80 1690/81
f 259/82 265/83 263/84 255/85
f 1186/86 1189/87 1218/88 1214/89
f 162/90 163/91 338/92 337/93
f 1705/94 1743/95 1750/96 1707/97
f 1661/98 1719/99 1720/100 1662/101
f 10/102 82/103 86/104 14/105
f 761/106 729/107 733/108 753/109
f 1306/110 1222/111 1227/112 1316/113
f 52/114 51/115 55/116 56/117
f 427/118 425/119 429/120 441/121
f 328/122 334/123 158/124 151/125
f 1342/126 1350/127 1346/128 1344/129
f 1213/130 1216/131 1187/132 1184/133
f 934/134 936/135 952/136 950/137
f 14/138 86/139 88/140 36/6
f 1271/141 1274/142 1216/143 1213/144
f 627/145 611/146 613/147 619/148
f 1206/149 1194/150 1196/151 1208/152
f 916/153 918/154 884/155 880/156
f 891/157 1133/158 1113/159 873/160
f 975/161 976/162 978/163 980/164
f 1204/165 1206/149 1243/166 1241/167
f 1141/168 1142/169 1152/170 1150/171
f 1731/172 1733/173 1676/174 1674/175
f 776/176 788/177 782/178 762/179
f 779/180 761/106 753/109 765/181
f 306/182 309/183 256/184 250/185
f 1502/186 1566/187 1574/188 1504/189
f 1367/190 1293/191 1298/192 1375/193
f 1279/194 1280/195 1285/196 1284/197
f 1317/198 1398/199 1408/200 1328/201
f 1616/202 1618/203 1685/204 1683/205
f 566/206 570/207 568/208 564/209
f 1340/210 1496/211 1498/212 1343/213
f 452/214 460/215 480/216 457/217
f 309/183 313/218 262/219 256/184
f 887/220 935/221 947/222 893/223
f 1299/224 1304/225 1303/226 1298/227
f 1210/228 1198/229 1183/230 1212/231
f 145/232 155/233 380/234 375/235
f 1442/236 1444/237 1473/238 1470/239
f 1112/240 1126/241 1152/170 1142/169
f 878/242 872/243 856/244 842/245
f 434/246 94/247 115/248 451/249
f 1453/250 1456/251 1436/252 1434/253
f 301/254 305/255 348/256 346/257
f 1759/258 1769/259 1761/260 1757/261
f 1058/262 1056/263 1060/264 1062/265
f 1460/266 1464/267 1440/268 1438/269
f 1639/270 1641/271 1645/272 1643/273
f 1543/274 1549/275 1547/276 1545/277
f 362/278 368/279 363/280 358/281
f 275/282 277/283 212/284 206/285
f 350/286 352/287 313/218 309/183
f 377/288 147/289 159/290 382/291
f 791/292 506/293 515/294 766/295
f 705/296 677/297 797/298 795/299
f 808/300 810/301 796/302 794/303
f 1682/304 1701/305 1703/306 1684/307
f 720/308 696/309 697/310 721/311
f 8/312 10/313 14/138 12/314
f 837/315 849/316 853/317 841/318
f 1535/319 1537/320 1620/321 1618/203
f 1757/261 1761/260 1731/322 1729/323
f 1567/324 1577/325 1571/326 1561/327
f 187/328 186/329 118/330 119/331
f 612/332 610/333 626/334 618/335
f 1736/336 1679/337 1680/338 1737/339
f 1563/340 1565/341 1632/342 1630/343
f 1425/344 1377/345 1385/346 1433/347
f 87/348 91/349 429/350 419/351
f 1420/352 1427/353 1379/354 1372/355
f 1175/356 1180/357 1165/358 1173/359
f 4/360 5/361 77/362 76/363
f 976/162 992/364 994/365 978/163
f 819/366 769/367 805/368 825/369
f 957/370 963/371 939/372 937/373
f 1754/374 1726/375 1728/376 1756/377
f 1500/378 1552/379 1566/187 1502/186
f 1355/380 1363/381 1357/382 1353/383
f 1622/384 1624/385 1691/386 1689/387
f 386/388 387/389 165/390 164/391
f 913/392 929/393 921/394 903/395
f 327/396 332/397 333/398 328/399
f 182/400 187/328 119/331 112/401
f 851/402 867/403 871/404 855/405
f 1762/406 1770/407 1766/408 1760/58
f 1108/409 1054/410 1112/240 1142/169
f 1775/411 1773/412 1716/413 1718/414
f 400/415 405/416 403/417 392/418
f 1012/419 898/420 1140/421 1036/422
f 1336/423 1338/424 1495/425 1493/426
f 435/427 444/428 437/429 421/430
f 1389/431 1393/432 1392/433 1388/434
f 411/435 274/436 276/437 414/438
f 57/439 1/440 3/441 67/442
f 1478/443 1482/444 1448/445 1446/446
f 1574/447 1570/448 1578/449 1582/450
f 1063/451 1067/452 564/453 562/454
f 1586/455 1633/456 1634/457 1587/458
f 1728/376 1671/459 1673/460 1730/461
f 720/462 721/463 793/464 792/465
f 679/466 681/467 713/468 709/469
f 908/470 860/471 859/472 907/473
f 1450/474 1452/475 1488/34 1484/476
f 255/85 263/84 257/477 253/478
f 1641/479 1594/480 1598/481 1645/482
f 965/483 973/484 989/485 981/486
f 1208/487 1210/488 1251/489 1249/490
f 1511/491 1515/492 1521/493 1514/494
f 1681/495 1700/496 1701/305 1682/304
f 718/497 682/498 666/499 694/500
f 101/501 95/502 106/503 107/504
f 1737/339 1768/505 1767/506 1736/336
f 1608/507 1363/381 1369/508 1610/509
f 1637/510 1590/511 1594/480 1641/479
f 1607/512 1612/513 1659/514 1654/515
f 1108/516 1086/517 1042/518 1054/519
f 739/520 542/521 536/522 741/523
f 114/524 124/525 48/526 46/527
f 1233/528 1239/529 1593/530 1588/531
f 1238/532 1592/533 1596/71 1244/70
f 194/534 198/535 201/536 199/537
f 1022/538 1024/539 1034/540 1032/541
f 1566/542 1560/543 1570/448 1574/447
f 819/544 494/545 518/546 769/547
f 250/548 256/549 252/550 248/551
f 1466/552 1470/239 1543/553 1533/554
f 231/555 233/556 240/557 236/558
f 144/559 145/560 375/561 374/562
f 206/285 212/284 210/563 208/564
f 1577/325 1583/565 1579/566 1571/326
f 1438/567 1440/568 1466/569 1462/570
f 1439/571 1465/572 1469/573 1441/574
f 649/575 655/576 677/577 675/578
f 1633/456 1636/579 1637/580 1634/457
f 741/523 536/522 538/581 743/582
f 41/583 46/584 43/585 39/586
f 130/587 132/588 22/589 20/590
f 553/591 580/592 480/593 461/594
f 849/316 865/595 869/596 853/317
f 727/597 711/598 715/599 731/600
f 157/601 162/602 337/603 332/604
f 76/605 385/606 393/607 78/608
f 1242/609 1244/610 1246/611 1248/612
f 1159/613 1147/614 1133/158 1145/615
f 343/616 296/617 300/618 345/619
f 725/620 729/621 761/622 757/623
f 172/624 101/625 107/626 177/627
f 1163/628 1187/629 1190/630 1137/631
f 423/632 425/633 283/634 281/635
f 1017/636 1022/538 1032/541 1027/637
f 493/638 495/639 485/640 487/641
f 1248/642 1250/643 1209/644 1207/645
f 1061/646 1063/451 562/454 560/647
f 480/648 580/649 555/650 463/651
f 1518/652 1520/653 1530/654 1527/655
f 489/656 496/657 517/658 515/294
f 712/659 728/660 732/661 716/662
f 1761/260 1763/663 1733/664 1731/322
f 422/665 90/666 94/667 434/668
f 1414/669 1419/670 1418/671 1410/672
f 412/673 414/674 416/675 420/676
f 82/677 401/678 412/679 86/680
f 954/681 900/682 882/683 934/684
f 1281/685 1287/686 1321/687 1314/688
f 724/689 728/690 712/691 708/692
f 1374/48 1384/693 1268/694 1261/49
f 847/695 835/696 837/697 850/698
f 126/699 128/700 18/701 16/702
f 205/703 298/704 302/705 209/706
f 1277/707 1281/685 1314/688 1309/708
f 1252/709 1606/710 1611/711 1264/712
f 303/713 306/714 250/715 244/716
f 943/717 924/718 928/719 945/720
f 1436/721 1438/567 1462/570 1458/722
f 542/723 508/724 492/725 526/726
f 550/727 475/728 477/729 552/730
f 507/731 490/732 492/725 508/724
f 45/733 48/734 47/735 44/61
f 414/438 276/437 278/736 416/737
f 1435/738 1457/739 1461/740 1437/741
f 1140/421 1149/742 1151/743 1139/744
f 374/745 379/746 152/747 144/748
f 1726/375 1668/749 1671/459 1728/376
f 4/360 76/363 78/750 6/751
f 589/752 510/753 512/754 613/755
f 1016/756 1021/757 1009/758 1004/759
f 1028/760 1030/761 1020/762 1018/763
f 474/764 549/765 551/766 476/767
f 148/768 53/769 59/770 153/771
f 747/772 741/523 743/582 749/773
f 1461/740 1523/774 1532/775 1465/572
f 1212/776 1215/777 1273/778 1263/779
f 1052/780 1106/781 1084/782 1040/783
f 352/287 354/784 317/785 313/218
f 313/218 317/785 264/786 262/219
f 62/787 74/788 70/789 63/790
f 1527/655 1614/791 1615/792 1529/793
f 1092/794 534/795 544/796 1056/797
f 1151/743 1155/798 1159/799 1157/800
f 1214/801 1218/802 1276/803 1272/804
f 465/805 464/806 372/807 373/808
f 1701/305 1739/809 1741/810 1703/306
f 738/811 740/812 535/813 541/814
f 163/815 162/816 70/789 71/817
f 244/818 250/548 248/551 246/819
f 1467/820 1441/821 1443/822 1471/823
f 1489/824 1451/825 1452/826 1490/827
f 245/828 247/829 249/830 251/831
f 1042/832 1044/833 1030/761 1028/760
f 381/834 384/835 397/836 388/837
f 180/838 190/839 122/840 110/841
f 329/842 335/843 330/844 325/845
f 662/846 688/847 690/848 664/849
f 1070/850 1074/851 1100/852 1098/853
f 552/730 477/729 459/854 554/855
f 830/856 821/857 823/858 828/859
f 961/860 1079/861 1080/862 962/863
f 881/864 933/865 935/866 887/867
f 971/868 979/869 995/870 987/871
f 1593/530 1597/872 1644/873 1640/874
f 1497/875 1499/876 1539/877 1526/878
f 1360/879 1255/880 1260/881 1373/882
f 382/291 159/290 167/883 389/884
f 1609/885 1610/509 1369/508 1364/886
f 58/887 152/888 164/889 72/890
f 990/891 995/892 979/893 974/894
f 153/895 59/896 68/897 160/898
f 1412/899 1416/900 1423/901 1422/902
f 1534/903 1617/904 1619/905 1536/906
f 1/440 2/907 5/908 4/909
f 1501/910 1503/911 1567/912 1553/913
f 215/914 312/915 316/916 219/917
f 160/898 68/897 69/918 161/919
f 1154/920 1156/921 1174/922 1177/923
f 346/924 348/925 306/714 303/713
f 366/926 365/927 370/928 371/929
f 1049/930 1033/931 1031/932 1045/933
f 179/934 189/935 453/936 445/937
f 726/938 758/939 750/940 730/941
f 11/942 37/943 35/944 13/945
f 408/946 84/947 90/666 422/665
f 1365/948 1366/949 1292/950 1291/951
f 863/952 909/953 913/954 867/955
f 274/956 203/957 207/958 276/959
f 287/960 339/961 341/962 290/963
f 71/817 70/789 74/788 75/964
f 1307/965 1388/434 1398/966 1317/967
f 1594/968 1332/969 1339/970 1598/44
f 1065/971 1095/65 1097/64 1069/972
f 1299/224 1294/973 1300/974 1304/225
f 1259/975 1370/976 1382/977 1266/978
f 1517/979 1526/878 1531/980 1522/981
f 967/982 899/983 900/984 968/985
f 1157/986 1159/987 1145/988 1143/989
f 1471/823 1443/822 1445/990 1477/991
f 882/683 880/156 890/992 888/993
f 1657/994 1660/995 1658/996 1655/997
f 1729/998 1731/172 1674/175 1672/999
f 574/1000 656/1001 658/1002 576/1003
f 1493/426 1495/425 1517/979 1512/1004
f 402/1005 403/417 269/1006 268/1007
f 728/1008 760/1009 752/1010 732/1011
f 928/1012 912/1013 902/1014 920/1015
f 598/1016 602/1017 620/1018 614/1019
f 1332/1020 1340/1021 1343/1022 1339/1023
f 1378/1024 1379/354 1427/353 1426/1025
f 585/1026 508/1027 542/1028 601/1029
f 1157/986 1143/989 1121/1030 1127/1031
f 286/1032 285/1033 427/1034 428/1035
f 1026/1036 1040/1037 1045/933 1031/932
f 173/1038 359/1039 364/1040 178/1041
f 886/1042 807/1043 815/1044 874/1045
f 890/1046 876/1047 892/1048 896/1049
f 1098/1050 1100/1051 1198/229 1196/151
f 440/1052 171/1053 183/1054 447/1055
f 1414/1056 1415/1057 1366/949 1365/948
f 1371/1058 1378/1024 1426/1025 1419/670
f 969/77 977/76 979/869 971/868
f 877/1059 919/1060 931/1061 920/1015
f 1710/1062 1712/1063 1769/1064 1759/1065
f 1349/1066 1347/1067 1351/1068 1357/382
f 428/1069 442/1070 430/1071 426/1072
f 150/1073 157/601 332/604 327/1074
f 355/1075 318/1076 322/1077 357/1078
f 1586/455 1588/531 1635/1079 1633/456
f 56/1080 55/1081 150/1082 151/1083
f 1012/1084 1016/756 1004/759 998/1085
f 803/1086 747/1087 749/1088 809/1089
f 926/1090 956/1091 941/1092 910/1093
f 148/1094 325/1095 326/1096 149/1097
f 1074/69 1076/68 1172/1098 1170/1099
f 1470/239 1473/238 1549/1100 1543/553
f 831/1101 829/1102 820/1103 816/1104
f 80/1105 8/312 12/314 84/1106
f 1512/1004 1517/979 1522/981 1516/1107
f 1747/1108 1749/1109 1723/1110 1721/1111
f 537/1112 742/1113 744/1114 539/1115
f 238/1116 244/818 246/819 242/1117
f 1406/1118 1407/1119 1327/1120 1326/1121
f 254/1122 252/550 256/549 262/1123
f 682/498 650/1124 642/1125 666/499
f 1486/1126 1490/827 1452/826 1450/1127
f 1740/1128 1742/1129 1749/1130 1747/1131
f 786/1132 817/1133 775/1134 787/1135
f 106/1136 176/1137 188/1138 120/1139
f 493/638 494/1140 819/1141 818/54
f 1415/1057 1420/1142 1372/1143 1366/949
f 458/1144 457/217 480/216 463/1145
f 853/1146 869/1147 877/1059 841/1148
f 1308/1149 1389/431 1388/434 1307/965
f 852/1150 838/1151 842/1152 856/1153
f 1104/1154 1050/1155 1146/1156 1144/1157
f 585/1026 601/1029 605/1158 593/1159
f 1060/1160 559/1161 561/1162 1062/1163
f 1295/1164 1301/1165 1378/1166 1371/1167
f 477/1168 432/1169 436/1170 459/1171
f 393/1172 385/1173 402/1005 404/1174
f 202/1175 206/285 208/564 204/1176
f 567/1177 565/1178 569/1179 571/1180
f 1695/1181 1697/1182 1716/413 1714/1183
f 1242/1184 1248/1185 1207/1186 1205/1187
f 1472/1188 1548/1189 1558/1190 1475/1191
f 424/1192 282/1193 284/1194 426/1195
f 529/1196 556/1197 545/1198 523/1199
f 689/1200 663/1201 665/1202 691/1203
f 135/1204 26/1205 28/1206 137/1207
f 1317/1208 1328/1209 1236/1210 1228/1211
f 258/1212 254/1122 262/1123 264/1213
f 367/1214 371/1215 187/1216 182/1217
f 1549/275 1559/1218 1555/1219 1547/276
f 108/1220 178/1221 185/1222 117/1223
f 491/1224 501/1225 503/1226 499/1227
f 104/1228 112/401 113/1229 98/1230
f 360/1231 365/927 366/926 361/1232
f 557/1233 561/1162 559/1161 544/1234
f 1057/1235 1061/1236 1059/1237 1055/1238
f 1330/1239 1325/1240 1334/1241 1335/1242
f 290/963 341/962 343/1243 294/1244
f 844/1245 819/1141 825/1246 834/1247
f 83/1248 89/1249 37/943 11/942
f 1293/1250 1367/1251 1368/1252 1294/1253
f 1541/1254 1551/1255 1474/1256 1468/1257
f 818/1258 824/1259 804/1260 768/1261
f 933/1262 949/1263 951/1264 935/1265
f 1738/1266 1745/1267 1746/1268 1739/809
f 690/1269 722/1270 706/1271 664/1272
f 1465/1273 1532/1274 1542/1275 1469/1276
f 1589/1277 1325/1278 1330/1279 1590/511
f 1646/1280 1648/1281 1601/1282 1599/1283
f 60/1284 154/1285 161/919 69/918
f 1130/1286 1132/1287 918/1288 916/1289
f 276/959 207/958 213/1290 278/1291
f 1021/757 1031/932 1033/931 1023/1292
f 789/1293 779/180 765/181 783/1294
f 261/1295 260/1296 266/1297 267/1298
f 1537/1299 1545/1300 1622/384 1620/1301
f 1389/431 1308/1149 1320/1302 1401/1303
f 669/1304 671/1305 647/1306 645/1307
f 843/1308 1117/1309 1131/1310 917/1311
f 1437/741 1461/740 1465/572 1439/571
f 1585/1312 1509/1313 1508/1314 1584/1315
f 401/1316 411/1317 414/674 412/673
f 193/1318 196/1319 200/1320 197/1321
f 1152/170 1158/1322 1160/1323 1156/921
f 1084/782 1083/1324 1087/1325 1089/1326
f 735/1327 734/1328 770/1329 771/1330
f 957/1331 959/1332 961/1333 963/1334
f 318/1076 265/1335 267/1336 322/1077
f 1056/263 1058/262 1094/1337 1092/1338
f 1112/1339 954/1340 950/137 1116/1341
f 1328/201 1329/1342 1237/1343 1236/1344
f 340/1345 342/1346 295/1347 291/1348
f 653/1349 645/1307 635/1350 631/1351
f 1765/1352 1763/663 1771/1353 1773/1354
f 1602/1355 1649/1356 1653/1357 1606/710
f 740/812 742/1113 537/1112 535/813
f 1309/1358 1314/1359 1395/1360 1390/1361
f 502/1362 510/1363 540/1364 528/1365
f 395/1366 397/836 408/1367 399/1368
f 348/1369 350/286 309/183 306/182
f 971/868 987/871 895/1370 893/1371
f 1285/196 1280/195 1286/1372 1290/1373
f 214/1374 218/1375 315/1376 311/1377
f 1361/1378 1412/899 1422/902 1374/1379
f 1150/171 1154/920 1132/1380 1130/1381
f 1101/1382 1103/1383 1089/1384 1087/1385
f 639/1386 641/1387 655/576 649/575
f 796/1388 798/1389 519/1390 511/1391
f 1702/1392 1704/1393 1742/1129 1740/1128
f 1306/1394 1316/1395 1397/1396 1387/1397
f 1743/95 1751/1398 1754/1399 1750/96
f 1246/611 1252/1400 1254/1401 1250/1402
f 802/1403 800/1404 810/1405 808/1406
f 541/1407 525/1408 491/1224 505/1409
f 1347/1410 1502/1411 1504/1412 1351/1413
f 39/586 43/585 99/1414 91/1415
f 866/1416 850/1417 854/1418 870/1419
f 217/1420 215/914 219/917 221/1421
f 325/1422 148/1423 153/1424 329/1425
f 366/926 371/929 367/1426 361/1232
f 911/1427 927/1428 919/1060 901/1429
f 981/486 989/485 1003/1430 997/1431
f 384/1432 67/1433 80/1434 397/1435
f 282/1193 221/1436 227/1437 284/1194
f 1338/1438 1341/1439 1497/1440 1495/1441
f 1334/1241 1491/1442 1492/1443 1335/1242
f 335/1444 160/1445 161/1446 336/1447
f 1174/1448 1156/1449 1136/1450 1166/1451
f 349/1452 307/1453 310/30 351/29
f 59/896 58/1454 72/1455 68/897
f 326/1456 325/845 330/844 331/1457
f 1562/1458 1629/1459 1631/1460 1564/1461
f 766/1462 768/1463 804/1464 800/1404
f 729/1465 713/1466 717/1467 733/1468
f 1606/710 1653/1357 1658/1469 1611/711
f 76/605 77/1470 392/1471 385/606
f 5/361 9/1472 81/1473 77/362
f 960/1474 962/1475 1080/1476 1078/1477
f 582/1478 590/1479 602/1017 598/1016
f 1683/205 1685/204 1704/1393 1702/1392
f 415/1480 417/1481 279/1482 277/1483
f 634/1484 639/1386 649/575 644/1485
f 836/1486 838/1487 852/1488 846/1489
f 1088/1490 1102/1491 1048/1492 1044/1493
f 656/1494 686/1495 688/1496 662/1497
f 127/41 17/1498 19/1499 129/1500
f 437/1501 444/1502 176/1503 168/1504
f 1491/1442 1510/1505 1511/491 1492/1443
f 1513/1506 1453/250 1455/1507 1515/1508
f 552/1509 554/1510 573/1511 569/1512
f 104/1513 103/1514 174/1515 175/1516
f 591/1517 596/1518 594/1519 590/1479
f 1693/1520 1695/1181 1714/1183 1712/1063
f 488/1521 487/1522 485/1523 486/1524
f 599/1525 603/1526 591/1517 583/1527
f 34/1528 33/1529 142/2 143/1
f 972/1530 894/1531 896/1532 988/1533
f 1587/458 1634/457 1639/270 1592/1534
f 1617/1535 1684/1536 1686/1537 1619/1538
f 1760/58 1730/57 1732/1539 1762/406
f 462/1540 455/1541 458/1144 463/1145
f 1126/1542 1116/1341 1120/1543 1128/1544
f 775/1545 779/1546 789/1547 787/1548
f 864/1549 868/1550 914/1551 910/1552
f 1294/1553 1368/1554 1376/1555 1300/1556
f 942/1557 955/1558 923/1559 905/1560
f 1555/1561 1557/1562 1628/1563 1626/1564
f 1025/1565 1015/1566 1019/1567 1029/1568
f 1480/1569 1484/476 1573/1570 1569/1571
f 905/1572 923/1573 927/1574 911/1575
f 621/1576 626/334 610/333 603/1577
f 1305/1578 1221/1579 1222/1580 1306/1394
f 1281/1581 1277/1582 1282/1583 1287/1584
f 251/831 249/830 253/478 257/477
f 67/442 3/441 8/312 80/1105
f 299/1585 303/1586 244/818 238/1116
f 403/417 405/416 271/1587 269/1006
f 656/1588 662/1589 660/1590 658/1591
f 1748/1592 1722/1593 1724/1594 1751/1595
f 223/1596 320/1597 324/1598 225/1599
f 1386/1600 1394/1601 1313/1602 1305/1578
f 1286/1603 1319/1604 1324/1605 1290/1606
f 1565/1607 1576/1608 1575/1609 1564/1610
f 629/1611 651/1612 643/1613 633/1614
f 1454/1615 1458/722 1520/653 1518/652
f 506/1616 505/1409 491/1224 489/1617
f 892/1048 874/1045 1114/1618 1134/1619
f 1337/1620 1494/1621 1496/211 1340/210
f 1723/1622 1725/1623 1667/1624 1665/1625
f 696/309 702/1626 699/1627 697/310
f 719/1628 718/497 694/500 695/1629
f 996/1630 980/1631 972/1530 988/1533
f 1409/1632 1329/1342 1328/201 1408/200
f 307/1453 251/1633 257/1634 310/30
f 311/1635 315/1636 352/1637 350/1638
f 45/733 43/585 46/584 48/734
f 131/1639 21/1640 23/1641 133/1642
f 659/1643 577/1644 579/1645 661/1646
f 1309/1358 1310/1647 1278/1648 1277/1649
f 1275/1650 1276/803 1218/802 1217/1651
f 1335/1242 1492/1443 1494/1652 1337/1653
f 1557/1654 1555/1219 1559/1218 1569/1655
f 1208/152 1196/151 1198/229 1210/228
f 865/1656 911/1427 901/1429 869/1147
f 1356/1657 1354/1658 1358/1659 1364/886
f 556/1197 543/1660 558/1661 560/1662
f 77/1470 81/1663 400/1664 392/1471
f 959/1665 1077/1666 1079/1667 961/1668
f 1556/1669 1568/1670 1558/1671 1554/1672
f 64/1673 71/817 75/964 65/1674
f 1485/1675 1449/1676 1451/825 1489/824
f 53/769 148/768 149/1677 54/1678
f 1039/1679 1025/1565 1029/1568 1043/1680
f 133/1642 23/1641 26/1681 135/1682
f 1227/1683 1232/1684 1238/1685 1235/1686
f 1229/1687 1237/1688 1329/1689 1320/1690
f 1137/631 1138/1691 1124/1692 1123/1693
f 1449/1694 1483/37 1487/35 1451/1695
f 1381/1696 1429/1697 1428/1698 1380/1699
f 1753/1700 1759/258 1757/261 1755/1701
f 1292/1702 1297/1703 1296/1704 1291/1705
f 472/1706 474/1707 431/1708 398/1709
f 1165/1710 1167/1711 1113/159 1135/1712
f 1482/1713 1486/1126 1450/1127 1448/1714
f 709/1715 725/1716 691/1717 665/1718
f 1311/1719 1279/1720 1284/1721 1318/1722
f 811/1723 797/1724 799/1725 813/1726
f 271/1587 273/1727 202/1175 196/1319
f 171/1728 170/1729 97/1730 98/1230
f 938/1731 687/1732 689/1733 940/1734
f 660/1590 662/1589 663/1735 661/1736
f 1552/1737 1550/1738 1560/543 1566/542
f 68/897 72/1455 73/1739 69/918
f 1419/670 1426/1025 1430/1740 1418/671
f 1267/1741 1264/1742 1270/1743 1274/1744
f 829/1745 859/472 857/1746 827/1747
f 1749/1109 1752/1748 1725/1749 1723/1110
f 210/1750 214/1751 311/1635 305/255
f 770/1329 820/1752 822/1753 780/1754
f 103/1514 111/1755 181/1756 174/1515
f 359/1757 358/281 363/280 364/1758
f 724/689 756/1759 760/1760 728/690
f 1201/1761 1203/1762 1191/1763 1180/1764
f 1410/672 1411/1765 1415/1766 1414/669
f 736/1767 731/1768 715/1769 692/1770
f 418/1771 280/1772 282/1773 424/1774
f 652/1775 644/1776 668/1777 684/1778
f 1774/1779 1717/1780 1715/1781 1772/1782
f 421/430 437/429 438/1783 433/1784
f 1321/1785 1322/1786 1403/1787 1402/1788
f 1217/1651 1218/802 1189/1789 1188/1790
f 939/1791 963/1792 955/1558 942/1557
f 492/725 502/1793 528/1794 526/726
f 1523/774 1534/903 1536/906 1532/775
f 422/1795 434/1796 439/1797 440/1798
f 1762/406 1732/1539 1734/1799 1764/1800
f 1035/1801 1011/1802 1015/1566 1025/1565
f 1319/1803 1400/1804 1405/1805 1324/1806
f 1504/189 1574/188 1582/1807 1506/1808
f 843/51 917/1809 883/1810 833/52
f 1041/1811 1046/1812 1090/1813 1085/1814
f 398/1709 431/1708 421/430 407/1815
f 792/465 793/464 803/1086 801/1816
f 409/1817 419/1818 415/1819 413/1820
f 1107/1821 1108/409 1142/169 1141/168
f 1526/878 1539/877 1541/1822 1531/980
f 1272/804 1273/778 1215/777 1214/801
f 791/1823 800/1404 802/1403 790/1824
f 1691/386 1693/1825 1712/1826 1710/1827
f 843/51 844/1245 1118/1828 1117/1829
f 1202/1830 1181/1831 1192/1832 1204/165
f 826/1833 828/859 823/858 781/1834
f 1390/1835 1395/1836 1394/1601 1386/1600
f 1434/1837 1436/721 1458/722 1454/1615
f 1247/1838 1251/1839 1257/1840 1253/1841
f 699/1627 703/1842 673/1843 671/1844
f 1160/1845 1146/1846 1134/1619 1148/1847
f 1707/97 1750/96 1758/1848 1709/1849
f 792/1850 767/1851 516/1852 507/1853
f 1376/1854 1424/1855 1429/1697 1381/1696
f 376/1856 146/1857 147/1858 377/1859
f 1581/1860 1579/566 1583/565 1585/1861
f 1417/1862 1413/1863 1425/1864 1424/1855
f 1711/1865 1766/1866 1770/1867 1713/1868
f 211/1869 308/1870 312/1871 215/1872
f 1202/1830 1204/165 1241/167 1231/1873
f 1738/1266 1740/1128 1747/1131 1745/1267
f 1394/1874 1406/1118 1326/1121 1313/1875
f 1440/568 1442/1876 1470/1877 1466/569
f 1473/238 1476/1878 1559/1879 1549/1100
f 1372/1880 1379/1881 1302/1882 1297/1883
f 1279/1884 1311/1885 1312/1886 1280/1887
f 1040/783 1084/782 1089/1326 1045/1888
f 1012/1084 1036/1889 1026/1036 1016/756
f 1068/1890 565/1891 567/1892 1072/1893
f 844/1245 834/1247 884/1894 918/1895
f 13/945 35/944 87/1896 85/1897
f 220/1898 226/1899 222/1900 218/1375
f 192/1901 195/1902 198/535 194/534
f 216/1903 220/1898 218/1375 214/1374
f 1426/1025 1427/353 1431/1904 1430/1740
f 213/1290 211/1905 215/914 217/1420
f 81/1906 85/1907 409/1908 400/1909
f 1649/1910 1647/1911 1651/1912 1653/1913
f 1333/1914 1338/424 1336/423 1331/1915
f 92/1916 430/1917 442/1918 100/1919
f 1533/1920 1543/274 1545/277 1537/320
f 1250/1921 1258/1922 1211/1923 1209/1924
f 684/1778 668/1777 696/309 720/308
f 679/466 708/1925 712/1926 681/467
f 958/1927 938/1731 940/1734 964/1928
f 395/1366 399/1368 471/1929 469/1930
f 417/1481 423/1931 281/1932 279/1482
f 987/1933 995/1934 1009/758 1001/1935
f 1285/196 1290/1373 1289/1936 1284/197
f 453/1937 457/1938 456/1939 450/1940
f 1741/810 1748/1941 1751/1398 1743/95
f 905/1572 911/1575 865/1942 861/1943
f 603/1526 610/1944 596/1518 591/1517
f 158/1945 163/815 71/817 64/1673
f 1010/1946 996/1947 988/1948 1002/1949
f 85/1907 87/348 419/351 409/1908
f 1125/1950 1127/1951 1119/1952 1115/1953
f 1614/791 1616/202 1683/205 1681/495
f 333/398 338/1954 334/1955 328/399
f 1580/1956 1584/1957 1582/450 1578/449
f 232/1958 237/42 241/1959 234/1960
f 1510/1505 1512/1004 1516/1107 1513/1961
f 760/1009 778/1962 764/1963 752/1010
f 296/617 234/1960 239/1964 300/618
f 1158/1965 1144/1966 1146/1967 1160/1968
f 316/1969 353/1970 355/1971 320/1972
f 801/1816 811/1973 807/1974 805/1975
f 721/311 697/310 669/1976 685/1977
f 404/1174 270/1978 272/1979 406/1980
f 1476/1981 1480/1569 1569/1571 1559/1982
f 1599/1283 1601/1282 1350/1983 1342/1984
f 1597/1985 1603/1986 1650/1987 1644/1988
f 1397/1396 1407/1989 1403/1787 1396/1990
f 1494/1652 1514/494 1525/1991 1496/1992
f 151/1083 158/1993 64/1994 56/1080
f 1192/1832 1094/1995 1096/1996 1194/150
f 1589/1277 1591/1997 1331/1998 1325/1278
f 119/331 118/330 122/1999 123/2000
f 771/1330 770/1329 780/1754 781/2001
f 1474/1256 1478/443 1446/446 1444/2002
f 288/2003 291/1348 231/555 230/2004
f 1506/1808 1582/1807 1584/1315 1508/1314
f 1216/143 1217/1651 1190/630 1187/629
f 1079/2005 1081/2006 1082/2007 1080/2008
f 963/1792 964/2009 956/1091 955/1558
f 888/2010 894/2011 948/2012 936/2013
f 1405/1805 1409/2014 1408/2015 1404/2016
f 378/2017 383/2018 66/2019 57/2020
f 473/2021 399/1368 432/2022 475/2023
f 943/717 945/720 927/2024 923/2025
f 630/2026 616/2027 622/2028 634/1484
f 1571/326 1579/566 1486/1126 1482/1713
f 643/1613 667/2029 674/2030 648/2031
f 170/1729 180/2032 110/2033 97/1730
f 283/634 285/1033 228/2034 226/2035
f 586/2036 594/2037 596/2038 588/2039
f 1650/2040 1654/2041 1652/2042 1648/2043
f 833/2044 885/2045 806/2046 824/2047
f 1633/456 1635/1079 1638/2048 1636/579
f 821/2049 771/1330 781/2001 823/2050
f 236/558 240/557 128/700 126/699
f 1316/113 1227/112 1235/2051 1327/2052
f 1315/2053 1322/2054 1288/2055 1283/2056
f 1421/2057 1431/1904 1427/353 1420/352
f 1462/570 1466/569 1533/1920 1524/2058
f 1433/347 1385/346 1384/2059 1432/2060
f 1069/2061 1073/2062 1071/2063 1067/2064
f 1604/2065 1357/2066 1363/2067 1608/2068
f 293/2069 297/2070 344/2071 342/2072
f 629/2073 506/2074 791/1823 651/2075
f 1346/2076 1348/2077 1503/2078 1501/2079
f 1492/1443 1511/491 1514/494 1494/1652
f 614/2080 620/2081 632/2082 628/2083
f 358/2084 172/2085 177/2086 362/2087
f 1545/1300 1547/2088 1624/385 1622/384
f 1360/2089 1373/2090 1421/2057 1411/1765
f 243/2091 131/2092 133/18 247/17
f 12/314 14/138 36/6 38/5
f 242/2093 246/2094 132/2095 130/2096
f 844/2097 918/2098 1132/2099 1118/2100
f 50/2101 54/2102 60/1284 61/2103
f 1245/2104 1247/2105 1603/1986 1597/1985
f 1620/1301 1622/384 1689/387 1687/2106
f 868/2107 852/1150 856/1153 872/2108
f 315/2109 319/2110 354/2111 352/2112
f 579/2113 581/2114 580/2115 578/2116
f 680/2117 710/2118 714/2119 692/2120
f 155/2121 61/2122 73/2123 165/2124
f 1690/81 1709/80 1711/2125 1692/2126
f 1243/2127 1249/2128 1247/1838 1245/2129
f 342/1346 344/2130 299/1585 295/1347
f 1111/2131 1139/744 1151/743 1125/2132
f 339/2133 288/2003 292/2134 341/2135
f 308/1870 349/2136 351/2137 312/1871
f 1109/2138 1110/2139 1082/2140 1081/2141
f 1768/505 1765/1352 1773/1354 1775/2142
f 1000/2143 1014/2144 1018/763 1006/2145
f 605/2146 623/2147 625/2148 607/2149
f 1529/793 1615/792 1617/904 1534/903
f 1687/2106 1689/387 1708/2150 1706/2151
f 125/40 15/2152 17/1498 127/41
f 538/581 540/2153 745/2154 743/582
f 1591/1997 1595/2155 1333/2156 1331/1998
f 1619/1538 1686/1537 1688/78 1621/2157
f 401/1316 393/1172 404/1174 406/1980
f 700/2158 704/2159 701/2160 698/2161
f 1111/2131 1051/2162 1105/2163 1139/744
f 808/300 794/303 744/2164 748/2165
f 1312/1886 1393/2166 1400/2167 1319/2168
f 129/1500 19/1499 21/1640 131/1639
f 1626/1564 1628/1563 1695/2169 1693/1825
f 1021/757 1023/1292 1001/1935 1009/758
f 248/2170 252/2171 136/2172 134/2173
f 1588/531 1593/530 1640/874 1635/1079
f 98/1230 113/1229 183/2174 171/1728
f 827/1747 857/1746 826/1833 822/2175
f 1704/1393 1706/2176 1744/2177 1742/1129
f 595/2178 607/2179 609/2180 587/2181
f 1164/2182 1138/1691 1189/1789 1186/2183
f 1191/1763 1193/62 1095/65 1093/2184
f 368/2185 184/2186 185/2187 369/2188
f 1453/250 1434/253 1435/2189 1455/1507
f 1713/1868 1770/1867 1772/1782 1715/1781
f 110/2033 122/1999 118/330 111/2190
f 502/1362 504/2191 512/2192 510/1363
f 840/2193 832/2194 830/856 860/471
f 494/1140 488/2195 486/2196 498/2197
f 399/1368 408/1367 422/1795 432/2022
f 209/706 302/705 308/1870 211/1869
f 1657/994 1656/2198 1659/2199 1660/995
f 1069/2200 1097/2201 1099/2202 1073/2203
f 525/2204 535/813 537/1112 527/2205
f 353/32 314/31 318/1076 355/1075
f 758/939 776/176 762/179 750/940
f 1390/1361 1391/2206 1310/1647 1309/1358
f 269/1006 271/1587 196/1319 193/1318
f 1106/781 1105/2207 1083/1324 1084/782
f 1396/1990 1403/1787 1322/1786 1315/2208
f 1253/2209 1265/2210 1612/513 1607/512
f 259/2211 141/2212 143/1 261/4
f 1570/448 1481/2213 1485/1675 1578/449
f 925/2214 929/2215 913/954 909/953
f 402/1005 268/1007 270/1978 404/1174
f 490/2216 516/1852 518/2217 497/2218
f 926/2219 930/2220 946/2221 944/2222
f 314/31 263/2223 265/1335 318/1076
f 1447/2224 1479/16 1483/37 1449/1694
f 602/2225 606/2226 624/2227 620/2081
f 1073/2228 1169/2229 1171/2230 1075/2231
f 877/1059 920/1015 902/1014 870/2232
f 915/2233 879/2234 883/2235 917/2236
f 278/2237 213/2238 217/2239 280/2240
f 1631/1460 1698/2241 1699/2242 1632/342
f 1528/2243 1463/2244 1467/820 1540/2245
f 93/2246 114/524 46/527 41/2247
f 1334/1241 1336/423 1493/426 1491/1442
f 752/1010 764/1963 737/2248 732/1011
f 1354/2249 1356/2250 1509/1313 1507/2251
f 239/1964 243/2252 247/829 245/828
f 339/2133 340/1345 291/1348 288/2003
f 379/746 386/2253 164/2254 152/747
f 1764/1800 1734/1799 1736/336 1767/506
f 516/1852 767/1851 769/2255 518/2217
f 1368/1252 1417/2256 1424/2257 1376/2258
f 1400/1804 1401/1303 1409/2014 1405/1805
f 44/61 100/60 105/2259 45/733
f 1241/2260 1243/2127 1245/2129 1239/529
f 1518/652 1527/655 1529/793 1519/2261
f 663/1201 662/846 664/849 665/1202
f 169/2262 96/2263 109/2264 179/2265
f 137/1207 28/1206 30/2266 139/2267
f 1374/2268 1422/2269 1432/2060 1384/2059
f 300/618 239/1964 245/828 304/2270
f 320/1972 355/1971 357/2271 324/2272
f 1464/267 1468/1257 1442/2273 1440/268
f 834/2274 825/2275 807/1043 886/1042
f 199/537 201/536 205/2276 203/957
f 56/117 64/1673 65/1674 52/114
f 204/2277 208/2278 301/254 297/2070
f 1708/2279 1710/2280 1759/258 1753/1700
f 685/1977 669/1976 645/2281 653/2282
f 800/1404 804/1464 806/2283 810/1405
f 123/2284 122/840 190/839 191/2285
f 973/484 977/2286 993/2287 989/485
f 880/156 884/155 886/2288 890/992
f 1055/2289 1059/2290 558/2291 543/2292
f 323/2293 324/2272 357/2271 356/2294
f 1481/2213 1447/2295 1449/1676 1485/1675
f 1393/432 1389/431 1401/1303 1400/1804
f 198/2296 290/2297 294/2298 201/2299
f 1595/2300 1599/1283 1342/1984 1333/2301
f 688/2302 939/1791 942/1557 690/1269
f 1117/1829 1118/1828 1177/2303 1176/2304
f 887/220 893/223 895/2305 889/2306
f 136/2307 138/2308 29/2309 27/2310
f 1053/2311 1041/1811 1085/1814 1107/2312
f 1424/1855 1425/1864 1433/2313 1429/1697
f 1411/1765 1421/2057 1420/352 1415/1766
f 1742/1129 1744/2177 1752/2314 1749/1130
f 716/2315 732/1011 737/2248 693/2316
f 668/1777 675/2317 702/1626 696/309
f 1614/791 1681/495 1682/304 1615/792
f 500/2318 465/2319 467/2320 514/2321
f 929/393 946/2322 932/2323 921/394
f 767/2324 801/1816 805/1975 769/2325
f 78/608 393/607 401/2326 82/2327
f 168/2328 169/2329 438/2330 437/2331
f 100/2332 442/2333 443/2334 105/2335
f 1417/2256 1368/1252 1367/1251 1416/2336
f 149/2337 326/2338 331/2339 154/2340
f 588/2039 612/2341 511/2342 509/2343
f 1158/1965 1128/2344 1122/2345 1144/1966
f 260/1296 258/1212 264/1213 266/1297
f 1605/2346 1609/2347 1364/2348 1358/2349
f 644/1485 649/575 675/578 668/2350
f 1384/2059 1385/346 1269/2351 1268/2352
f 1332/1020 1330/1239 1335/1242 1337/1653
f 240/557 242/1117 130/587 128/700
f 750/940 762/179 736/1767 730/941
f 380/2353 387/2354 396/2355 383/2356
f 229/2357 228/2034 285/1033 286/1032
f 818/2358 768/2359 517/2360 493/2361
f 1600/45 1349/2362 1357/2066 1604/2065
f 487/641 488/2195 494/1140 493/638
f 940/2363 689/2364 691/1717 941/1092
f 154/2340 331/2339 336/2365 161/2366
f 702/1626 705/2367 703/1842 699/1627
f 177/2368 107/504 116/2369 184/2370
f 1017/636 1005/2371 1010/1946 1022/538
f 736/1767 763/2372 751/2373 731/1768
f 362/2087 177/2086 184/2374 368/2375
f 174/2376 181/2377 365/2378 360/2379
f 1350/127 1358/1659 1352/2380 1348/2381
f 195/2382 197/2383 289/2384 287/2385
f 1398/966 1399/2386 1404/2016 1408/2015
f 859/472 860/471 858/2387 857/1746
f 1056/797 544/796 559/2388 1060/2389
f 1578/449 1485/1675 1489/824 1580/1956
f 1038/2390 1028/760 1018/763 1014/2144
f 156/2391 166/2392 74/2393 62/2394
f 1763/663 1761/260 1769/259 1771/1353
f 277/2395 279/2396 216/2397 212/2398
f 1448/2399 1450/474 1484/476 1480/1569
f 953/2400 897/2401 965/483 981/486
f 746/2402 748/2403 742/1113 740/812
f 504/2404 514/2405 520/2406 512/2407
f 237/42 127/41 129/1500 241/1959
f 102/2408 173/2409 178/2410 108/2411
f 120/1139 188/1138 189/2412 121/2413
f 1240/2414 1242/1184 1205/1187 1203/1762
f 1522/2415 1531/2416 1464/2417 1460/2418
f 396/2419 407/2420 83/2421 79/2422
f 476/2423 461/2424 435/2425 431/2426
f 810/2427 812/2428 798/1389 796/1388
f 292/2134 232/1958 234/1960 296/617
f 1310/2429 1315/2053 1283/2056 1278/2430
f 1495/425 1497/875 1526/878 1517/979
f 1621/2157 1688/78 1690/81 1623/2431
f 1047/2432 1101/1382 1087/1385 1043/2433
f 155/233 165/2434 387/2435 380/234
f 1692/2436 1711/1865 1713/1868 1694/2437
f 333/398 332/397 337/2438 338/1954
f 1733/173 1735/2439 1678/2440 1676/174
f 575/2441 577/2442 659/2443 657/2444
f 1359/2445 1254/1401 1255/2446 1360/2089
f 1750/96 1754/1399 1756/55 1758/1848
f 426/1195 284/1194 286/1032 428/1035
f 999/2447 983/2448 991/2449 1005/2450
f 1022/538 1010/1946 1002/1949 1024/539
f 175/1516 182/2451 112/2452 104/1513
f 1380/1699 1303/226 1304/225 1381/1696
f 622/2028 604/2453 611/146 627/145
f 617/2454 631/1351 635/1350 623/2147
f 1700/496 1702/1392 1740/1128 1738/1266
f 755/2455 759/2456 777/2457 773/2458
f 845/2459 861/1943 865/1942 849/2460
f 1703/306 1741/810 1743/95 1705/94
f 84/1106 12/314 38/5 90/2461
f 1076/2462 958/2463 960/2464 1078/2465
f 416/737 278/736 280/1772 418/1771
f 1612/513 1613/2466 1660/2467 1659/514
f 378/2017 57/2020 67/1433 384/1432
f 1429/1697 1433/2313 1432/2468 1428/1698
f 1751/1595 1724/1594 1726/2469 1754/2470
f 1724/2471 1666/2472 1668/749 1726/375
f 218/1375 222/1900 319/2473 315/1376
f 52/114 65/1674 159/2474 147/2475
f 1115/1953 1119/1952 951/1264 949/1263
f 1166/1451 1136/1450 1114/1618 1168/2476
f 584/2477 507/2478 508/1027 585/1026
f 629/1611 633/1614 621/1576 615/2479
f 1611/711 1658/1469 1660/2467 1613/2466
f 937/373 939/372 688/1496 686/1495
f 184/2370 116/2369 117/1223 185/1222
f 695/1629 694/500 698/2161 701/2160
f 373/808 391/2480 467/2481 465/805
f 1232/1684 1587/458 1592/1534 1238/1685
f 1091/2482 1055/2289 543/2292 533/2483
f 513/2484 523/2485 468/2486 466/2487
f 694/500 666/499 670/2488 698/2161
f 1544/2489 1621/2157 1623/2431 1546/2490
f 707/2491 711/2492 727/2493 723/2494
f 1745/2495 1747/1108 1721/1111 1720/100
f 319/2110 323/2293 356/2294 354/2111
f 1477/991 1445/990 1447/2496 1481/2497
f 394/2498 398/1709 407/1815 396/2355
f 1775/411 1718/414 1717/1780 1774/1779
f 1224/2499 1229/1687 1320/1690 1308/2500
f 1392/2501 1311/1885 1318/2502 1399/2503
f 1491/1442 1493/426 1512/1004 1510/1505
f 1076/68 1110/2504 1138/2505 1172/1098
f 1618/2506 1620/1301 1687/2106 1685/2507
f 611/2508 597/2509 589/752 613/755
f 774/2510 787/1548 789/1547 778/2511
f 1199/2512 1200/2513 1220/2514 1219/2515
f 754/2516 758/2517 726/2518 722/2519
f 1627/2520 1694/2521 1696/2522 1629/2523
f 1689/387 1691/386 1710/1827 1708/2150
f 428/1069 427/118 441/121 443/2524
f 1714/1183 1716/413 1773/412 1771/2525
f 1179/2526 1181/1831 1202/1830 1200/2527
f 604/2528 592/2529 597/2530 611/2531
f 1720/100 1721/1111 1663/2532 1662/101
f 88/2533 420/2534 430/1917 92/1916
f 877/1059 870/2232 854/2535 841/1148
f 1139/744 1105/2163 1106/2536 1140/421
f 501/2537 527/2538 539/2539 509/2540
f 838/1151 851/402 855/405 842/1152
f 1457/739 1519/2261 1523/774 1461/740
f 1718/414 1699/2242 1698/2241 1717/1780
f 1062/2541 561/2542 563/2543 1064/2544
f 1086/517 1088/2545 1044/2546 1042/518
f 1247/2105 1253/2547 1607/2548 1603/1986
f 850/1417 837/315 841/318 854/1418
f 436/2549 422/1795 440/1798 447/2550
f 608/2551 606/2552 594/2037 586/2036
f 1296/1704 1297/1703 1302/2553 1301/2554
f 912/1013 866/2555 870/2232 902/1014
f 889/2556 895/2557 891/157 875/2558
f 134/2559 136/2307 27/2310 25/2560
f 36/6 88/140 92/59 40/7
f 784/2561 788/2562 776/2563 772/2564
f 1170/2565 1172/2566 1185/2567 1183/2568
f 1280/2569 1312/2570 1319/1604 1286/1603
f 75/2571 74/2393 166/2392 167/2572
f 439/2573 170/2574 171/2575 440/2576
f 1344/2577 1346/2076 1501/2079 1499/2578
f 515/294 517/658 768/2579 766/295
f 958/2580 964/2581 962/2582 960/2583
f 94/2584 42/2585 47/2586 115/2587
f 1510/1505 1513/1961 1515/492 1511/491
f 1418/2588 1430/9 1382/12 1370/2589
f 1314/2590 1321/1785 1402/1788 1395/1836
f 1542/2591 1544/2592 1546/2593 1548/2594
f 1401/2595 1320/2596 1329/1342 1409/1632
f 273/1727 275/282 206/285 202/1175
f 860/471 830/856 828/859 858/2387
f 1547/2088 1555/1561 1626/1564 1624/385
f 1603/2597 1607/512 1654/515 1650/2598
f 1685/204 1687/2599 1706/2176 1704/1393
f 201/2299 294/2298 298/2600 205/2601
f 737/2248 765/181 753/109 733/108
f 1391/2206 1396/2602 1315/2603 1310/1647
f 1351/2604 1504/189 1506/1808 1353/2605
f 180/2606 446/2607 454/2608 190/2609
f 1469/1276 1542/1275 1548/1189 1472/1188
f 697/310 699/1627 671/1844 669/1976
f 1615/792 1682/304 1684/307 1617/904
f 1149/742 1129/2610 1131/2611 1153/2612
f 1560/543 1477/2613 1481/2213 1570/448
f 885/2045 873/160 814/2614 806/2046
f 667/2615 695/1629 701/2160 674/2616
f 324/1598 323/2617 224/2618 225/1599
f 1141/168 899/983 1013/2619 1037/2620
f 1058/262 1066/2621 1096/2622 1094/1337
f 1745/2495 1720/100 1719/99 1746/2623
f 1013/2624 999/2625 1005/2371 1017/636
f 302/705 347/2626 349/2136 308/1870
f 597/2509 595/2178 587/2181 589/752
f 1366/2627 1372/1880 1297/1883 1292/2628
f 1375/193 1298/192 1303/2629 1380/2630
f 312/1871 351/2137 353/2631 316/2632
f 1013/2624 1017/636 1027/637 1037/2633
f 1295/2634 1291/1705 1296/1704 1301/2554
f 785/2635 816/2636 820/1752 770/1329
f 1037/2637 1027/2638 1041/1811 1053/2311
f 1062/265 1064/2639 1066/2621 1058/262
f 898/2640 897/2641 881/864 879/2234
f 780/2642 822/2175 826/1833 781/1834
f 832/2643 817/2644 821/2645 830/2646
f 156/2647 381/2648 388/2649 166/2650
f 91/349 99/2651 441/2652 429/350
f 1085/1814 1090/1813 1088/2545 1086/517
f 777/2653 759/2654 751/2373 763/2372
f 1212/231 1183/230 1185/2655 1215/2656
f 1064/2544 563/2543 565/1891 1068/1890
f 775/2657 757/623 761/622 779/2658
f 992/2659 1006/2145 1008/2660 994/2661
f 738/2662 790/1824 802/1403 746/2663
f 541/2664 505/2665 582/1478 598/1016
f 37/943 41/583 39/586 35/944
f 1373/2666 1383/11 1431/10 1421/2667
f 989/2668 993/2669 1007/2670 1003/2671
f 66/2672 79/2673 7/2674 2/907
f 249/20 135/19 137/2675 253/2676
f 406/2677 272/2678 274/436 411/435
f 1200/2513 1202/2679 1231/2680 1220/2514
f 200/2681 204/2682 297/2683 293/2684
f 1356/1657 1369/508 1363/381 1355/380
f 95/502 101/501 102/2685 96/2263
f 914/2686 868/2687 872/243 904/2688
f 1455/1507 1435/2189 1437/2689 1459/2690
f 1055/1238 1091/2691 1093/2692 1057/1235
f 34/1528 143/1 141/2212 32/2693
f 1103/1383 1143/2694 1145/2695 1049/2696
f 739/2697 747/1087 803/1086 793/464
f 803/1086 809/1089 811/1973 801/1816
f 1402/1788 1403/1787 1407/1989 1406/2698
f 1441/2699 1469/1276 1472/1188 1443/2700
f 207/958 209/2701 211/1905 213/1290
f 505/2665 506/2074 583/1527 582/1478
f 279/2396 281/635 220/2702 216/2397
f 397/2703 80/2704 84/947 408/946
f 551/766 553/591 461/594 476/767
f 291/1348 295/1347 233/556 231/555
f 1225/2705 1233/528 1588/531 1586/455
f 1175/2706 1199/2707 1201/1761 1180/1764
f 982/2708 990/891 974/894 966/2709
f 786/2710 771/1330 821/2049 817/2711
f 633/1614 643/1613 648/2031 638/2712
f 1416/2336 1367/1251 1375/2713 1423/2714
f 459/1171 436/1170 449/2715 481/2716
f 1709/2717 1758/2718 1766/1866 1711/1865
f 1598/44 1339/970 1349/2362 1600/45
f 666/2719 642/2720 646/2721 670/2722
f 90/2723 38/2724 42/2585 94/2584
f 1446/2725 1448/2399 1480/1569 1476/1981
f 845/2726 835/2727 839/2728 831/2729
f 1373/882 1260/881 1267/2730 1383/2731
f 96/2263 102/2685 108/1220 109/2264
f 1548/2594 1546/2593 1554/1672 1558/1671
f 650/2732 628/2083 632/2082 642/2720
f 139/2267 30/2266 32/2693 141/2212
f 526/2733 528/2734 538/581 536/522
f 451/249 115/248 124/2735 456/2736
f 1240/2737 1238/1685 1244/610 1242/609
f 530/2738 524/2739 546/2740 557/1233
f 1768/505 1775/2142 1774/2741 1767/506
f 548/2742 473/2743 475/728 550/727
f 798/1389 814/2614 531/2744 519/1390
f 425/633 427/1034 285/1033 283/634
f 363/280 368/279 369/2745 364/1758
f 1/440 4/909 6/2746 3/441
f 42/8 40/7 44/61 47/735
f 584/2477 585/1026 593/1159 592/2529
f 1393/2166 1312/1886 1311/1885 1392/2501
f 1764/1800 1772/2747 1770/407 1762/406
f 1700/496 1738/1266 1739/809 1701/305
f 792/465 507/2478 630/2748 652/2749
f 113/2750 123/2284 191/2285 183/2751
f 1443/2752 1472/2753 1475/13 1445/2754
f 116/2369 120/2755 121/2756 117/1223
f 1444/2757 1446/2725 1476/1981 1473/2758
f 737/2248 733/108 717/2759 693/2316
f 1520/653 1524/2058 1535/319 1530/654
f 170/2760 439/2761 446/2607 180/2606
f 1206/149 1208/152 1249/2762 1243/166
f 1234/2763 1326/1121 1327/1120 1235/2764
f 1210/228 1212/231 1263/2765 1251/2766
f 499/2767 513/2484 466/2487 464/2768
f 1027/637 1032/541 1046/2769 1041/2770
f 1755/2771 1757/2772 1729/998 1727/2773
f 1036/2774 1052/780 1040/783 1026/2775
f 945/2776 928/1012 920/1015 931/1061
f 461/2424 484/2777 448/2778 435/2425
f 1399/2386 1318/2779 1323/2780 1404/2016
f 845/2781 849/2782 837/697 835/696
f 1516/2783 1522/2415 1460/2418 1456/251
f 657/2784 659/2785 661/1736 663/1735
f 1642/2786 1646/2787 1599/2788 1595/2155
f 9/1472 13/2789 85/2790 81/1473
f 1090/2791 1104/1154 1102/1491 1088/1490
f 878/242 922/2792 904/2688 872/243
f 3/441 6/2746 10/313 8/312
f 413/2793 415/1480 277/1483 275/2794
f 1016/756 1026/1036 1031/932 1021/757
f 1387/1397 1397/1396 1396/1990 1391/2795
f 181/2377 186/2796 370/2797 365/2378
f 809/2798 795/2799 797/2800 811/2801
f 1734/1799 1677/2802 1679/337 1736/336
f 57/439 66/2672 2/907 1/440
f 1550/2803 1471/823 1477/991 1560/2804
f 327/2805 328/2806 151/2807 150/2808
f 258/2809 260/3 142/2 140/2810
f 774/2811 778/2812 760/1760 756/1759
f 1075/2813 1077/2814 959/2815 957/2816
f 345/619 300/618 304/2270 347/2817
f 1265/2210 1270/2818 1613/2466 1612/513
f 1254/2819 1359/2820 1370/976 1259/975
f 1105/2207 1051/2821 1039/2822 1083/1324
f 1226/2823 1313/2824 1326/2825 1234/2826
f 383/2018 396/2827 79/2828 66/2019
f 725/620 709/2829 713/2830 729/621
f 1596/71 1643/2831 1649/2832 1602/72
f 1556/2833 1627/2834 1629/1459 1562/1458
f 492/725 500/2835 504/2836 502/1793
f 1681/495 1683/205 1702/1392 1700/496
f 344/2130 346/2837 303/1586 299/1585
f 390/2838 466/2839 468/2840 394/2498
f 1538/2841 1540/2842 1550/1738 1552/1737
f 99/2843 105/2335 443/2334 441/2844
f 1647/1911 1600/2845 1604/2846 1651/1912
f 546/2847 471/2848 473/2743 548/2742
f 1456/251 1460/2418 1438/2849 1436/252
f 882/683 888/993 936/2850 934/684
f 1103/1383 1049/2696 1045/2851 1089/1384
f 906/2852 912/2853 928/2854 924/2855
f 1565/1607 1563/2856 1573/2857 1576/1608
f 347/2858 304/2859 307/2860 349/2861
f 125/40 126/699 16/702 15/2152
f 998/2862 1004/2863 990/891 982/2708
f 1107/2312 1085/1814 1086/517 1108/516
f 1395/1836 1402/1788 1406/2698 1394/1601
f 1291/2864 1295/1164 1371/1167 1365/2865
f 1339/1023 1343/1022 1345/2866 1349/1066
f 1636/2867 1589/1277 1590/511 1637/510
f 1140/2868 898/2869 915/2870 1129/2871
f 1553/2872 1567/324 1561/327 1551/2873
f 1507/2251 1509/1313 1585/1312 1583/2874
f 1225/2705 1586/455 1587/458 1232/1684
f 261/1295 267/1298 265/83 259/82
f 360/2875 361/2876 175/2877 174/2878
f 101/625 172/624 173/2409 102/2408
f 1083/1324 1039/2822 1043/2879 1087/1325
f 1239/2880 1245/2104 1597/1985 1593/2881
f 847/2882 850/2883 866/2884 862/2885
f 836/1486 848/2886 851/2887 838/1487
f 281/635 283/634 226/2035 220/2702
f 925/2888 944/2222 946/2221 929/2889
f 329/1425 153/1424 160/2890 335/2891
f 660/2892 661/2893 579/2894 578/2895
f 501/2537 509/2540 511/2896 503/2897
f 855/2898 871/2899 878/242 842/245
f 1221/2900 1305/2901 1313/2824 1226/2823
f 784/2561 773/2902 777/2903 788/2562
f 790/1824 718/2904 719/2905 791/1823
f 1590/511 1330/1279 1332/2906 1594/480
f 879/2234 889/2907 885/2908 883/2235
f 1352/2909 1354/2249 1507/2251 1505/2910
f 111/2190 118/330 186/329 181/2911
f 1388/434 1392/433 1399/2386 1398/966
f 899/2912 880/156 882/683 900/682
f 930/2913 914/2686 904/2688 922/2792
f 1536/2914 1619/1538 1621/2157 1544/2489
f 1207/1186 1209/1924 1197/2915 1195/63
f 778/1962 789/1293 783/1294 764/1963
f 797/1724 512/2407 520/2406 799/1725
f 297/2070 301/254 346/257 344/2071
f 400/415 409/1817 413/1820 410/2916
f 255/2917 139/2267 141/2212 259/2211
f 1287/1584 1288/2918 1322/1786 1321/1785
f 1721/1111 1723/1110 1665/2919 1663/2532
f 1345/2920 1500/2921 1502/1411 1347/1410
f 1581/1860 1585/1861 1584/1957 1580/1956
f 1727/2773 1729/998 1672/999 1669/2922
f 623/2147 635/1350 637/2923 625/2148
f 1072/1893 567/1892 571/66 1074/69
f 1293/2924 1294/973 1299/224 1298/227
f 147/2475 146/2925 51/115 52/114
f 317/785 321/2926 266/2927 264/786
f 755/2455 723/2494 727/2493 759/2456
f 485/640 495/639 499/2928 464/2929
f 1635/1079 1640/874 1642/2930 1638/2048
f 334/123 338/2931 163/2932 158/124
f 322/1077 321/2926 356/2933 357/1078
f 1763/663 1765/1352 1735/2934 1733/664
f 391/2480 395/1366 469/1930 467/2481
f 1628/1563 1630/2935 1697/2936 1695/2169
f 1546/2490 1623/2431 1625/2937 1554/2938
f 1651/1912 1604/2846 1608/507 1655/997
f 1046/2939 1050/1155 1104/1154 1090/2791
f 1562/2940 1572/2941 1568/1670 1556/1669
f 1634/457 1637/580 1641/271 1639/270
f 97/1730 110/2033 111/2190 103/2942
f 166/2943 388/2944 389/2945 167/2946
f 225/1599 229/2947 227/2948 223/1596
f 706/2949 722/2519 726/2518 710/2950
f 1540/2245 1467/820 1471/823 1550/2803
f 35/944 39/586 91/1415 87/1896
f 642/2720 632/2082 636/2951 646/2721
f 634/1484 622/2028 627/145 639/1386
f 361/2952 367/1214 182/1217 175/2953
f 1423/901 1375/2954 1380/1699 1428/1698
f 270/1978 194/534 199/537 272/1979
f 1066/2955 1070/2956 1098/1050 1096/1996
f 1422/902 1423/901 1428/1698 1432/2468
f 799/1725 520/2406 532/2957 815/1044
f 1530/654 1535/319 1618/203 1616/202
f 1266/2958 1382/12 1383/11 1267/2959
f 1333/1914 1342/126 1344/129 1341/2960
f 405/2961 410/2962 273/2963 271/2964
f 51/115 62/787 63/790 55/116
f 61/2103 60/1284 69/918 73/1739
f 112/401 119/331 123/2000 113/1229
f 1561/327 1571/326 1482/1713 1478/2965
f 1151/743 1157/800 1127/2966 1125/2132
f 132/588 134/2967 25/2968 22/589
f 980/1631 978/25 970/28 972/1530
f 98/1230 97/1730 103/2942 104/1228
f 1129/2871 915/2870 917/2969 1131/2970
f 310/30 257/1634 263/2223 314/31
f 1515/1508 1455/1507 1459/2690 1521/2971
f 55/1081 63/2972 157/2973 150/1082
f 1204/165 1192/1832 1194/150 1206/149
f 1496/1992 1525/1991 1538/2841 1498/2974
f 1719/99 1661/98 1664/2975 1722/1593
f 54/1678 149/1677 154/2976 60/2977
f 1625/2937 1692/2126 1694/2521 1627/2520
f 1752/1748 1755/2978 1727/2979 1725/1749
f 1514/494 1521/493 1528/2980 1525/1991
f 974/894 979/893 977/2286 973/484
f 1301/2554 1302/2553 1379/354 1378/1024
f 107/504 106/503 120/2755 116/2369
f 759/2654 727/2981 731/1768 751/2373
f 330/844 335/843 336/2982 331/1457
f 1110/2983 1109/2984 1123/2985 1124/2986
f 63/790 70/789 162/816 157/2987
f 287/960 289/2988 340/2989 339/961
f 1362/2990 1413/1863 1412/899 1361/1378
f 1341/1439 1344/2577 1499/2578 1497/1440
f 1223/2991 1224/2992 1308/1149 1307/965
f 901/1429 919/1060 877/1059 869/1147
f 997/2993 1003/2671 1015/1566 1011/1802
f 967/982 968/985 976/162 975/161
f 961/1333 962/2582 964/2581 963/1334
f 1219/2515 1230/2994 1201/2995 1199/2512
f 1684/307 1703/306 1705/94 1686/2996
f 968/985 984/2997 992/364 976/162
f 1282/1583 1283/2998 1288/2918 1287/1584
f 551/2999 568/3000 572/3001 553/3002
f 145/3003 50/2101 61/2103 155/3004
f 1655/997 1608/507 1610/509 1657/994
f 863/952 867/955 851/3005 848/3006
f 968/985 900/984 954/3007 984/2997
f 6/751 78/750 82/103 10/102
f 1746/2623 1719/99 1722/1593 1748/1592
f 354/784 356/2933 321/2926 317/785
f 583/1527 591/1517 590/1479 582/1478
f 1071/3008 1073/2228 570/3009 566/3010
f 49/3011 144/3012 152/3013 58/1454
f 554/855 459/854 463/3014 555/3015
f 1006/2145 1018/763 1020/762 1008/2660
f 864/1549 846/3016 852/3017 868/1550
f 1592/1534 1639/270 1643/273 1596/3018
f 2/907 7/2674 9/3019 5/908
f 867/3020 913/392 903/395 871/2899
f 927/1428 945/2776 931/1061 919/1060
f 1563/2856 1557/1654 1569/1655 1573/2857
f 284/1194 227/1437 229/2357 286/1032
f 1300/1556 1376/1555 1381/3021 1304/3022
f 1169/3023 1182/3024 1184/3025 1171/3026
f 272/1979 199/537 203/957 274/956
f 144/3012 49/3011 50/2101 145/3003
f 1686/1537 1705/3027 1707/79 1688/78
f 1274/142 1275/1650 1217/1651 1216/143
f 952/136 948/3028 1122/3029 1120/1543
f 615/3030 621/3031 603/1526 599/1525
f 246/2094 248/2170 134/2173 132/2095
f 192/1901 193/1318 197/1321 195/1902
f 95/502 168/3032 176/3033 106/503
f 714/3034 730/941 736/1767 692/1770
f 1032/541 1034/540 1050/3035 1046/2769
f 1353/2605 1506/1808 1508/1314 1355/3036
f 903/395 921/394 878/242 871/2899
f 53/3037 49/3011 58/1454 59/896
f 1228/3038 1236/3039 1239/529 1233/528
f 1531/3040 1541/1254 1468/1257 1464/267
f 168/3032 95/502 96/2263 169/2262
f 289/2988 293/3041 342/3042 340/2989
f 1551/1255 1561/3043 1478/443 1474/1256
f 1579/566 1581/1860 1490/827 1486/1126
f 1209/1924 1211/1923 1182/3044 1197/2915
f 1318/1722 1284/1721 1289/3045 1323/3046
f 372/807 464/806 466/2839 390/2838
f 267/1336 266/2927 321/2926 322/1077
f 1706/2176 1708/2279 1753/1700 1744/2177
f 1624/385 1626/1564 1693/1825 1691/386
f 1643/273 1645/272 1647/1911 1649/1910
f 1519/2261 1529/793 1534/903 1523/774
f 1498/2974 1538/2841 1552/1737 1500/3047
f 711/598 680/2117 692/2120 715/599
f 681/3048 712/659 716/662 693/3049
f 630/2026 634/1484 644/1485 652/3050
f 1557/3051 1563/340 1630/343 1628/3052
f 253/2676 137/2675 139/3053 255/3054
f 115/2587 47/2586 48/526 124/525
f 672/3055 700/2158 698/2161 670/2488
f 1463/2244 1439/3056 1441/821 1467/820
f 1499/876 1501/3057 1553/2872 1539/877
f 1323/2780 1289/1936 1290/1373 1324/1806
f 878/242 921/394 932/2323 922/2792
f 601/1029 617/3058 623/3059 605/1158
f 172/3060 358/3061 359/3062 173/3063
f 7/2674 11/942 13/945 9/3019
f 1434/1837 1454/1615 1457/739 1435/738
f 1712/1063 1714/1183 1771/2525 1769/1064
f 713/1466 681/3048 693/3049 717/1467
f 683/3064 719/1628 695/1629 667/2615
f 486/2196 465/3065 500/3066 498/2197
f 1324/1806 1405/1805 1404/2016 1323/2780
f 897/2401 898/420 966/2709 965/483
f 1059/3067 1061/3068 560/1662 558/1661
f 234/1960 241/1959 243/2252 239/1964
f 1061/1236 1057/1235 1065/3069 1063/3070
f 407/2420 421/3071 89/3072 83/2421
f 169/3073 179/934 445/937 438/3074
f 109/2264 108/1220 117/1223 121/2756
f 179/3075 109/3076 121/2413 189/2412
f 1305/1578 1306/1394 1387/1397 1386/1600
f 203/957 205/2276 209/2701 207/958
f 503/3077 511/1391 519/1390 513/3078
f 222/1900 224/2618 323/2617 319/2473
f 221/1421 219/917 223/1596 227/2948
f 421/3071 433/3079 93/3080 89/3072
f 754/2516 772/3081 776/3082 758/2517
f 1503/911 1505/2910 1577/3083 1567/912
f 638/2712 640/3084 618/335 626/334
f 1348/2077 1352/3085 1505/3086 1503/2078
f 738/2662 682/3087 718/2904 790/1824
f 1717/1780 1698/2241 1696/3088 1715/1781
f 1413/1863 1417/1862 1416/900 1412/899
f 1386/1600 1387/1397 1391/2795 1390/1835
f 450/22 456/2736 124/2735 114/23
f 1067/452 1071/3008 566/3010 564/453
f 1767/506 1774/2741 1772/2747 1764/1800
f 1732/3089 1675/3090 1677/3091 1734/3092
f 1459/3093 1437/3094 1439/3056 1463/2244
f 1737/339 1735/2934 1765/1352 1768/505
f 1479/16 1568/15 1572/38 1483/37
f 212/284 216/1903 214/1374 210/563
f 1075/2231 1171/2230 1137/3095 1109/3096
f 268/1007 192/1901 194/534 270/1978
f 470/3097 545/3098 547/3099 472/3100
f 392/418 403/417 402/1005 385/1173
f 1532/775 1536/906 1544/2592 1542/2591
f 43/585 45/733 105/2259 99/1414
f 89/3101 93/2246 41/2247 37/3102
f 946/2322 930/2913 922/2792 932/2323
f 570/3009 1073/2228 1075/2231 574/3103
f 1735/2934 1737/339 1680/338 1678/3104
f 1359/2445 1360/2089 1411/1765 1410/672
f 304/2859 245/3105 251/3106 307/2860
f 896/1049 892/1048 1134/1619 1146/1846
f 590/1479 594/1519 606/3107 602/1017
f 1054/519 1042/518 1028/3108 1038/3109
f 1331/1915 1336/423 1334/1241 1325/1240
f 233/556 238/1116 242/1117 240/557
f 268/1007 269/1006 193/1318 192/1901
f 991/2449 975/161 980/164 996/3110
f 146/3111 376/3112 381/2648 156/2647
f 1654/2041 1659/2199 1656/2198 1652/2042
f 1454/1615 1518/652 1519/2261 1457/739
f 1264/712 1611/711 1613/2466 1270/2818
f 616/3113 600/3114 604/2528 622/3115
f 1744/2177 1753/1700 1755/1701 1752/2314
f 788/177 777/2653 763/2372 782/178
f 826/1833 857/1746 858/2387 828/859
f 1468/1257 1474/1256 1444/2002 1442/2273
f 1636/2867 1638/3116 1591/1997 1589/1277
f 1513/1506 1516/2783 1456/251 1453/250
f 1070/3117 1068/3118 1072/3119 1074/3120
f 1365/948 1371/3121 1419/3122 1414/1056
f 1694/2437 1713/1868 1715/1781 1696/3088
f 1458/722 1462/570 1524/2058 1520/653
f 298/704 345/3123 347/2626 302/705
f 1632/342 1565/341 1564/1461 1631/1460
f 1739/809 1746/1268 1748/1941 1741/810
f 254/3124 258/2809 140/2810 138/2308
f 1718/414 1716/413 1697/1182 1699/2242
f 1262/3125 1269/3126 1385/3127 1377/3128
f 230/2004 235/39 237/42 232/1958
f 241/1959 129/1500 131/1639 243/2252
f 1653/1913 1651/1912 1655/997 1658/996
f 1484/476 1488/34 1576/33 1573/1570
f 1057/1235 1093/2692 1095/3129 1065/3069
f 651/3130 683/3064 667/2615 643/3131
f 704/3132 794/3133 796/3134 676/3135
f 394/2498 468/2840 470/3136 398/1709
f 547/3099 549/765 474/764 472/3100
f 1490/827 1581/1860 1580/1956 1489/824
f 1525/1991 1528/2980 1540/2842 1538/2841
f 964/2009 940/2363 941/1092 956/1091
f 1205/1187 1207/1186 1195/63 1193/62
f 1521/2971 1459/2690 1463/3137 1528/3138
f 1003/2671 1007/2670 1019/1567 1015/1566
f 1413/1863 1362/2990 1377/3139 1425/1864
f 1648/2043 1652/2042 1605/3140 1601/3141
f 593/1159 605/1158 607/3142 595/3143
f 657/3144 663/3145 689/1733 687/1732
f 1307/3146 1317/1208 1228/1211 1223/3147
f 1153/2612 1176/3148 1173/3149 1155/798
f 737/2248 764/1963 783/1294 765/181
f 926/3150 910/1552 914/1551 930/3151
f 1527/655 1530/654 1616/202 1614/791
f 658/3152 660/3153 578/3154 576/3155
f 1316/3156 1327/1120 1407/1119 1397/3157
f 1116/1341 950/137 952/136 1120/1543
f 710/2118 726/3158 730/3159 714/2119
f 280/2240 217/2239 221/1436 282/1193
f 721/463 685/3160 739/2697 793/464
f 197/2383 200/2681 293/2684 289/2384
f 839/2728 859/472 829/1745 831/2729
f 138/2308 140/2810 31/3161 29/2309
f 1640/874 1644/873 1646/3162 1642/2930
f 146/2925 156/3163 62/787 51/115
f 86/680 412/679 420/2534 88/2533
f 895/2557 1145/615 1133/158 891/157
f 1445/2754 1475/13 1479/16 1447/2224
f 235/39 236/558 126/699 125/40
f 219/917 316/916 320/1597 223/1596
f 818/54 819/1141 844/1245 843/51
f 638/2712 648/2031 654/3164 640/3084
f 1203/1762 1205/1187 1193/62 1191/1763
f 675/2317 677/3165 705/2367 702/1626
f 1725/1623 1727/2773 1669/2922 1667/1624
f 341/2135 292/2134 296/617 343/616
f 984/2997 1000/3166 1006/3167 992/364
f 1152/170 1126/241 1128/3168 1158/1322
f 983/2448 967/982 975/161 991/2449
f 208/2278 210/1750 305/255 301/254
f 523/2485 545/3098 470/3097 468/2486
f 79/2673 83/1248 11/942 7/2674
f 951/1264 1119/1952 1121/3169 947/3170
f 1554/2938 1625/2937 1627/2520 1556/3171
f 514/2321 467/2320 469/3172 524/3173
f 1111/3174 1115/1953 949/1263 953/3175
f 707/3176 678/3177 680/3178 711/3179
f 600/3114 584/2477 592/2529 604/2528
f 906/2852 862/2885 866/2884 912/2853
f 1051/2821 1035/3180 1025/3181 1039/2822
f 491/1224 525/1408 527/3182 501/1225
f 1230/3183 1240/2414 1203/1762 1201/1761
f 1652/2042 1656/2198 1609/885 1605/3140
f 772/3184 816/3185 785/3186 784/3187
f 1246/73 1602/72 1606/3188 1252/3189
f 72/890 164/889 165/2124 73/2123
f 65/3190 75/2571 167/2572 159/3191
f 881/864 887/867 889/2907 879/2234
f 820/3192 829/1745 827/1747 822/2175
f 1524/2058 1533/1920 1537/320 1535/319
f 1258/3193 1271/141 1213/144 1211/3194
f 706/3195 710/3196 680/3178 678/3177
f 966/2709 974/894 973/484 965/483
f 1630/343 1632/342 1699/2242 1697/1182
f 633/1614 638/2712 626/334 621/1576
f 809/2798 749/3197 745/3198 795/2799
f 454/3199 451/3200 456/1939 458/3201
f 410/2962 413/2793 275/2794 273/2963
f 840/2193 836/3202 846/3203 832/2194
f 1256/3204 1257/1840 1362/2990 1361/1378
f 225/1599 224/2618 228/3205 229/2947
f 1539/877 1553/2872 1551/2873 1541/1822
f 802/1403 808/1406 748/3206 746/2663
f 1005/2371 991/3207 996/1947 1010/1946
f 1194/150 1096/1996 1098/1050 1196/151
f 230/2004 231/555 236/558 235/39
f 128/700 130/587 20/590 18/701
f 1638/3116 1642/2786 1595/2155 1591/1997
f 420/676 418/3208 424/3209 430/1071
f 1758/1848 1756/55 1760/58 1766/408
f 1278/3210 1283/2998 1282/1583 1277/1582
f 1623/2431 1690/81 1692/2126 1625/2937
f 1564/1610 1575/1609 1572/2941 1562/2940
f 1505/2910 1507/2251 1583/2874 1577/3083
f 1188/1790 1189/1789 1162/3211 1161/3212
f 195/2382 287/2385 290/2297 198/2296
f 1343/213 1498/212 1500/2921 1345/2920
f 1004/759 1009/758 995/1934 990/3213
f 1644/873 1650/2040 1648/2043 1646/3162
f 524/3173 469/3172 471/2848 546/2847
f 645/1307 647/1306 637/2923 635/1350
f 1601/1282 1605/2346 1358/2349 1350/1983
f 953/3214 933/865 881/864 897/2641
f 305/255 311/1635 350/1638 348/256
f 224/2618 222/1900 226/1899 228/3205
f 1509/1313 1356/2250 1355/3036 1508/1314
f 1186/86 1214/89 1215/3215 1185/3216
f 1097/64 1195/63 1197/2915 1099/3217
f 588/2039 596/2038 610/3218 612/2341
f 1173/3219 1165/1710 1135/1712 1155/3220
f 1730/461 1673/460 1675/3090 1732/3089
f 1488/34 1452/475 1451/1695 1487/35
f 639/1386 627/145 619/148 641/1387
f 288/2003 230/2004 232/1958 292/2134
f 178/1041 364/1040 369/3221 185/3222
f 1629/1459 1696/3088 1698/2241 1631/1460
f 736/1767 762/179 782/178 763/2372
f 592/2529 593/1159 595/3143 597/2530
f 295/1347 299/1585 238/1116 233/556
f 419/1818 429/120 423/3223 417/3224
f 196/1319 202/1175 204/1176 200/1320
f 1211/1923 1213/3225 1184/3226 1182/3044
f 1722/3227 1664/3228 1666/2472 1724/2471
f 186/3229 187/3230 371/3231 370/3232
f 49/3011 53/3037 54/2102 50/2101
f 33/1529 31/3161 140/2810 142/2
f 620/2081 624/2227 636/2951 632/2082
f 1656/2198 1657/994 1610/509 1609/885
f 1141/3233 1130/1286 916/1289 899/3234
f 252/2171 254/3235 138/3236 136/2172
f 1257/3237 1262/3125 1377/3128 1362/3238
f 888/2010 890/3239 896/3240 894/2011
f 704/2159 676/3241 674/2616 701/2160
f 1410/672 1418/671 1370/3242 1359/2445
f 676/3243 654/3164 648/2031 674/2030
f 294/3244 343/3245 345/3123 298/704
f 1670/3246 1675/3247 1673/3248 1671/3249
f 1065/3069 1069/2061 1067/2064 1063/3070
f 1250/1402 1254/1401 1259/3250 1258/3251
f 1133/158 1147/614 1135/1712 1113/159
f 522/3252 530/2738 534/3253 532/3254
f 1670/3246 1672/3255 1674/3256 1676/3257
f 1663/3258 1665/3259 1670/3246 1662/3260
f 1167/1711 1165/1710 1180/1764 1191/1763
f 1668/3261 1666/3262 1670/3246 1671/3249
f 1029/3263 1121/1030 1143/989 1047/3264
f 647/3265 673/3266 795/2799 745/3198
f 1230/2994 1226/3267 1234/3268 1240/2737
f 188/3269 176/1503 448/3270 478/3271
f 434/1796 451/3200 446/3272 439/1797
f 509/2343 539/3273 624/3274 608/2551
f 521/3275 531/3276 533/3277 529/1196
f 893/1371 947/3278 1007/3279 985/74
f 1661/3280 1662/3260 1670/3246 1664/3281
f 1263/3282 1273/3283 1269/3284 1262/3285
f 548/3286 550/3287 569/1179 557/1233
f 646/3288 744/2164 794/303 672/3289
f 1268/3290 1269/3284 1273/3283 1272/3291
f 1134/1619 1114/1618 1136/1450 1148/1847
f 1252/1400 1264/1742 1260/3292 1255/2446
f 547/3293 556/1197 568/208 549/3294
f 510/753 609/2180 625/3295 540/3296
f 1669/3297 1672/3255 1670/3246 1667/3298
f 1066/2621 1064/2639 1068/3118 1070/3117
f 1030/3299 1048/3300 1144/1966 1122/2345
f 1251/1839 1263/3282 1262/3285 1257/1840
f 894/1531 986/27 1008/3301 948/3302
f 433/1784 438/1783 445/3303 450/1940
f 1168/2476 1192/1832 1181/1831 1166/1451
f 190/3304 454/3305 455/3306 191/3307
f 554/1510 555/650 581/3308 573/1511
f 1231/2680 1241/2260 1237/3309 1229/3310
f 1253/1841 1256/3204 1261/3311 1265/3312
f 1161/3212 1137/631 1190/630 1188/1790
f 375/3313 380/2353 383/2356
f 1052/3314 1140/421 1106/2536
f 509/2343 608/2551 586/2036
f 456/1939 457/1938 458/3201
f 683/3315 791/1823 719/2905
f 436/2549 447/2550 449/3316
f 1177/2303 1200/2513 1199/2512
f 1173/359 1176/3317 1175/356
f 1266/3318 1267/1741 1271/3319
f 734/3320 785/3321 770/3322
f 691/1717 817/1133 941/1092
f 665/1718 707/3323 734/3324
f 15/2152 16/702 24/3325
f 665/1718 678/3326 707/3323
f 1223/2991 1228/3038 1233/528
f 756/3327 786/1132 774/3328
f 896/1532 1024/3329 1002/3330
f 875/3331 885/2908 889/2907
f 372/807 383/2356 378/3332
f 1664/3281 1670/3246 1666/3262
f 1163/3333 1171/3026 1184/3025
f 986/3334 994/2661 1008/2660
f 506/2074 629/2073 615/3030
f 1220/2514 1231/2680 1229/3310
f 189/3335 452/3336 453/3337
f 495/639 496/3338 499/2928
f 606/2226 608/3339 624/2227
f 526/726 536/3340 542/723
f 754/3341 816/3185 772/3184
f 454/3199 458/3201 455/3342
f 1270/1743 1275/3343 1274/1744
f 511/2342 618/3344 640/3345
f 506/2074 599/1525 583/1527
f 1038/3346 1112/240 1054/410
f 1270/1743 1276/3347 1275/3343
f 1258/3251 1259/3250 1266/3318
f 1149/742 1153/2612 1155/798
f 953/2400 1011/3348 1111/2131
f 1170/3349 1183/230 1198/229
f 679/3350 734/3324 708/3351
f 1023/3352 1033/3353 1145/3354
f 1034/3355 1146/1156 1050/1155
f 636/3356 744/2164 646/3288
f 494/1140 497/3357 518/3358
f 1164/2182 1186/2183 1172/3359
f 898/420 998/2862 982/2708
f 541/2664 628/3360 738/2662
f 542/1028 617/3058 601/1029
f 24/3325 33/3361 34/3362
f 926/1090 944/3363 956/1091
f 1075/2231 1109/3096 1081/3364
f 1268/3290 1272/3291 1270/1743
f 386/3365 390/2838 396/2355
f 1102/3366 1104/3367 1144/1966
f 1220/2514 1223/2991 1233/528
f 835/2727 847/3368 839/2728
f 382/3369 389/3370 391/2480
f 24/3325 30/3371 28/3372
f 534/795 874/1045 815/1044
f 489/656 515/294 506/293
f 1166/3373 1179/3374 1174/3375
f 532/2957 534/795 815/1044
f 862/3376 906/3377 907/473
f 1138/1691 1161/3212 1162/3211
f 572/3378 574/3379 580/2115
f 1094/1337 1168/3380 1114/3381
f 1253/1841 1257/1840 1256/3204
f 652/2749 684/3382 792/465
f 432/1169 477/1168 475/3383
f 805/3384 807/1043 825/2275
f 575/67 687/1732 1076/68
f 507/2478 616/3113 630/2748
f 423/3223 429/120 425/119
f 1024/3385 1146/3386 1034/3387
f 1138/3388 1164/3389 1172/3390
f 948/3302 1008/3301 1020/3391
f 577/3392 581/2114 579/2113
f 1101/3393 1143/989 1103/3394
f 376/3395 384/835 381/834
f 15/2152 24/3325 17/1498
f 17/1498 24/3325 19/1499
f 478/3396 484/3397 483/3398
f 372/807 390/2838 379/3399
f 874/1045 1092/794 1114/1618
f 556/1197 560/1662 562/3400
f 1078/3401 1080/2008 1082/2007
f 183/1054 481/3402 449/3403
f 493/638 517/3404 496/3338
f 373/808 376/3395 377/3405
f 415/1819 419/1818 417/3224
f 1150/171 1156/921 1154/920
f 954/3007 1112/240 1014/3406
f 1111/2131 1125/2132 1115/3407
f 459/3408 481/3409 463/3410
f 556/1197 564/209 568/208
f 840/2193 908/470 863/3411
f 739/2697 741/3412 747/1087
f 576/3413 578/2116 580/2115
f 24/3325 29/3414 31/3415
f 372/807 378/3332 373/808
f 398/1709 470/3136 472/1706
f 1100/1051 1170/3349 1198/229
f 389/3370 397/836 391/2480
f 1670/3246 1677/2802 1675/3247
f 500/3416 514/3417 504/3418
f 372/807 379/3399 374/3419
f 1093/2184 1167/1711 1191/1763
f 1020/3391 1030/3299 1122/2345
f 1261/3311 1268/3290 1265/3312
f 628/3360 650/3420 738/2662
f 1048/3300 1102/3366 1144/1966
f 557/1233 563/3421 561/1162
f 510/753 589/752 587/2181
f 650/3420 682/3087 738/2662
f 1178/3422 1179/2526 1200/2527
f 188/3423 478/3396 460/3424
f 1035/3425 1051/2162 1111/2131
f 954/3007 1014/3406 1000/3166
f 1150/171 1152/170 1156/921
f 513/3426 521/3275 523/1199
f 1118/2100 1132/2099 1177/3427
f 924/3428 943/3429 956/1091
f 833/2044 883/3430 885/2045
f 665/1718 679/3350 709/1715
f 1333/1914 1341/2960 1338/424
f 372/807 374/3419 375/3313
f 907/473 944/3363 925/3431
f 533/3277 543/1660 556/1197
f 1094/1995 1192/1832 1168/2476
f 807/1974 811/1973 813/3432
f 1172/3359 1186/2183 1185/3433
f 647/1306 671/1305 673/3434
f 373/808 382/3369 391/2480
f 460/3424 478/3396 483/3398
f 1074/851 1170/3435 1100/852
f 534/3253 557/1233 544/1234
f 893/1371 969/77 971/868
f 1099/3217 1197/2915 1169/3436
f 1129/2871 1149/3437 1140/2868
f 428/1069 443/2524 442/1070
f 839/3438 907/3439 859/3440
f 804/3441 824/2047 806/2046
f 1076/68 1082/3442 1110/2504
f 391/2480 397/836 395/1366
f 1220/2514 1229/3310 1224/2992
f 723/3443 755/3444 734/3324
f 1260/3292 1264/1742 1267/1741
f 893/1371 985/74 969/77
f 533/2483 873/160 1091/2482
f 953/2400 997/1431 1011/3348
f 641/3445 797/3446 655/3447
f 507/2478 600/3114 616/3113
f 388/837 397/836 389/3370
f 933/865 953/3214 949/3448
f 907/473 924/3428 956/1091
f 529/1196 533/3277 556/1197
f 655/3449 797/298 677/297
f 879/3450 915/2870 898/2869
f 489/1617 499/1227 496/3451
f 189/3335 460/3424 452/3336
f 1112/240 1116/3452 1126/241
f 445/3303 453/1937 450/1940
f 435/427 448/3453 444/428
f 373/808 378/3332 384/835
f 654/3454 676/3135 796/3134
f 1029/3455 1047/2432 1043/2433
f 183/1054 191/3456 479/3457
f 1670/3246 1676/3257 1678/3104
f 831/3458 905/3459 861/3460
f 735/3461 771/3462 786/3463
f 607/2149 625/2148 609/3464
f 1220/2514 1233/528 1225/2705
f 672/3289 794/303 700/3465
f 525/1408 541/1407 535/3466
f 24/3325 32/3467 30/3371
f 556/1197 562/3400 564/209
f 520/3468 522/3469 532/3470
f 542/1028 739/2697 631/3471
f 1030/3472 1044/1493 1048/1492
f 570/207 574/3379 572/3378
f 1053/3473 1107/1821 1141/168
f 1352/2380 1358/1659 1354/1658
f 422/1795 436/2549 432/2022
f 571/1180 573/3474 575/3475
f 416/675 418/3208 420/676
f 23/1641 24/3325 26/1681
f 1137/3476 1171/3026 1163/3333
f 1176/2304 1177/2303 1199/2512
f 664/1272 678/3326 665/1718
f 831/2729 942/1557 905/1560
f 24/3325 31/3415 33/3361
f 899/983 967/982 983/2448
f 455/1541 462/1540 479/3477
f 546/2740 548/3286 557/1233
f 1135/3478 1147/3479 1159/3480
f 545/1198 556/1197 547/3293
f 490/732 500/2835 492/725
f 640/3481 654/3482 796/3483
f 766/295 800/3484 791/292
f 806/2283 812/3485 810/1405
f 461/3486 480/3487 484/3488
f 895/1370 987/871 1001/3489
f 735/3490 786/1132 756/3327
f 512/754 619/3491 613/755
f 512/754 641/3492 619/3491
f 1246/611 1250/1402 1248/612
f 1247/1838 1249/2128 1251/1839
f 691/3493 757/3494 817/3495
f 953/2400 981/486 997/1431
f 462/3496 482/3497 479/3498
f 894/1531 972/1530 970/28
f 379/3399 390/2838 386/3365
f 506/2074 615/3030 599/1525
f 700/3465 794/303 704/3499
f 631/3471 739/2697 653/3500
f 533/2483 814/2614 873/160
f 18/701 20/590 24/3325
f 673/3266 703/3501 795/2799
f 183/1054 479/3457 481/3402
f 490/732 497/3502 500/2835
f 1174/3375 1178/3503 1177/3504
f 724/3505 735/3490 756/3327
f 1265/3312 1268/3290 1270/1743
f 373/808 384/835 376/3395
f 549/3506 568/3000 551/2999
f 936/2013 948/2012 952/3507
f 1332/1020 1337/1653 1340/1021
f 1093/2692 1113/3508 1167/3509
f 573/3474 581/2114 575/3475
f 894/1531 970/28 986/27
f 708/3351 735/3490 724/3505
f 1109/3096 1137/3095 1123/3510
f 514/2405 522/3511 520/2406
f 707/3323 723/3443 734/3324
f 1119/3512 1127/1031 1121/1030
f 463/3513 481/3514 482/3515
f 1037/2620 1053/3473 1141/168
f 1270/1743 1272/3291 1276/3347
f 935/221 951/3516 947/222
f 510/753 587/2181 609/2180
f 934/684 950/3517 954/681
f 1220/2514 1224/2992 1223/2991
f 839/2728 862/3376 907/473
f 1351/1068 1353/383 1357/382
f 1047/3264 1143/989 1101/3393
f 734/3324 755/3444 785/3186
f 757/3518 775/1134 817/1133
f 557/1233 569/1179 565/1178
f 20/590 22/589 24/3325
f 1130/1286 1141/3233 1150/3519
f 1234/3268 1238/1685 1240/2737
f 637/3520 647/3265 745/3198
f 876/3521 890/992 886/2288
f 575/3475 581/2114 577/3392
f 807/1974 813/3432 815/3522
f 1258/3251 1266/3318 1271/3319
f 873/160 875/2558 891/157
f 899/983 999/2447 1013/2619
f 1670/3246 1678/3104 1680/338
f 767/1851 792/1850 801/3523
f 557/1233 565/1178 563/3421
f 539/3273 636/3356 624/3274
f 528/1365 540/1364 538/3524
f 534/795 1092/794 874/1045
f 738/2662 746/2663 740/3525
f 431/2426 474/3526 476/2423
f 954/3007 1000/3166 984/2997
f 651/2075 791/1823 683/3315
f 1219/2515 1232/1684 1222/1580
f 907/473 956/1091 944/3363
f 511/1391 640/3527 796/1388
f 464/806 465/805 485/1523
f 531/2744 814/2614 533/2483
f 686/1495 1075/2231 937/373
f 703/3501 705/3528 795/2799
f 1219/2515 1220/2514 1225/2705
f 460/215 483/3529 480/216
f 895/1370 1001/3489 1023/3530
f 575/3531 657/3532 687/3533
f 24/3325 25/2968 27/3534
f 684/3382 720/462 792/465
f 948/3302 1020/3391 1122/2345
f 1036/422 1140/421 1052/3314
f 446/3272 451/3200 454/3199
f 836/3202 840/2193 848/3535
f 519/3536 531/3537 521/3538
f 542/1028 631/3471 617/3058
f 1222/1580 1232/1684 1227/1683
f 985/3539 1007/2670 993/2669
f 401/1316 406/1980 411/1317
f 938/3540 958/2463 1076/2462
f 923/1559 955/1558 943/3429
f 898/420 982/2708 966/2709
f 831/2729 861/3541 845/2726
f 839/2728 847/3368 862/3376
f 188/3423 460/3424 189/3335
f 806/2283 814/3542 812/3485
f 421/430 431/1708 435/427
f 452/3543 457/1938 453/1937
f 863/3411 908/470 909/3544
f 1011/3348 1035/3425 1111/2131
f 773/3545 784/3187 785/3186
f 895/2557 1023/3546 1145/615
f 509/2343 586/2036 588/2039
f 1175/3547 1176/2304 1199/2512
f 1345/2866 1347/1067 1349/1066
f 539/3273 744/2164 636/3356
f 880/3548 899/3234 916/1289
f 664/1272 706/1271 678/3326
f 514/3549 524/2739 522/3252
f 22/589 25/2968 24/3325
f 832/2194 846/3203 864/3550
f 898/420 1012/419 998/2862
f 1174/3375 1179/3374 1178/3503
f 1670/3246 1680/338 1679/337
f 1138/1691 1162/3211 1189/1789
f 1219/2515 1226/3267 1230/2994
f 448/2778 484/2777 478/3551
f 399/1368 473/2021 471/1929
f 665/1718 734/3324 679/3350
f 708/3351 734/3324 735/3490
f 798/1389 812/2428 814/2614
f 899/983 983/2448 999/2447
f 755/3444 773/3545 785/3186
f 817/1133 832/2194 941/1092
f 1188/1790 1190/630 1217/1651
f 1136/3552 1156/3553 1160/3554
f 1092/1338 1094/1337 1114/3381
f 1073/2203 1099/2202 1169/3555
f 1149/742 1155/798 1151/743
f 372/807 375/3313 383/2356
f 1019/3556 1121/1030 1029/3263
f 840/2193 863/3411 848/3535
f 743/3557 745/3198 749/3197
f 1135/3558 1159/3559 1155/3560
f 574/3561 686/3562 656/3563
f 1346/128 1350/127 1348/2381
f 1075/3564 1081/2006 1077/3565
f 1077/3565 1081/2006 1079/2005
f 947/3278 1121/1030 1019/3556
f 653/3500 739/2697 685/3160
f 742/3566 748/2165 744/2164
f 906/3377 924/3428 907/473
f 834/2274 886/1042 884/3567
f 1267/1741 1274/1744 1271/3319
f 943/3429 955/1558 956/1091
f 908/470 925/3431 909/3544
f 541/2664 614/1019 628/3360
f 1670/3246 1679/337 1677/2802
f 873/3568 885/2908 875/3331
f 774/3328 786/1132 787/1135
f 568/208 570/207 572/3378
f 373/808 377/3405 382/3369
f 489/1617 491/1224 499/1227
f 1110/2504 1124/3569 1138/2505
f 1136/3570 1160/3571 1148/3572
f 691/1717 725/1716 757/3518
f 19/1499 24/3325 21/1640
f 24/3325 28/3372 26/1681
f 21/1640 24/3325 23/1641
f 1033/3573 1049/2696 1145/2695
f 540/3296 625/3295 637/3520
f 722/3574 831/3575 754/3576
f 1236/3039 1237/3309 1239/529
f 1166/3373 1181/3577 1179/3374
f 646/2721 672/3578 670/2722
f 390/2838 394/2498 396/2355
f 874/1045 892/1048 876/1047
f 499/3579 503/3580 513/3581
f 490/2216 507/1853 516/1852
f 1132/1380 1154/920 1177/923
f 864/3550 910/1093 941/1092
f 493/638 496/3338 495/639
f 1169/3436 1197/2915 1182/3044
f 511/2342 612/2341 618/3344
f 512/2407 797/1724 641/3582
f 947/3278 1019/3556 1007/3279
f 1014/3406 1112/240 1038/3346
f 569/1179 573/3474 571/1180
f 687/1732 938/1731 1076/68
f 497/3357 498/2197 500/3066
f 1137/631 1161/3212 1138/1691
f 840/3583 860/3584 908/3585
f 799/1725 815/1044 813/1726
f 522/3252 524/2739 530/2738
f 527/2538 537/3586 539/2539
f 1117/1309 1176/3587 1131/1310
f 555/650 580/649 581/3308
f 540/3296 637/3520 745/3198
f 1219/2515 1221/1579 1226/3267
f 1131/2611 1176/3148 1153/2612
f 521/3275 529/1196 523/1199
f 874/3588 876/3521 886/2288
f 1163/628 1184/3589 1187/629
f 690/1269 831/2729 722/1270
f 873/160 1113/159 1091/2482
f 907/473 925/3431 908/470
f 1237/3309 1241/2260 1239/529
f 553/3002 572/3001 580/3590
f 24/3325 27/3534 29/3414
f 494/1140 498/2197 497/3357
f 550/3591 552/1509 569/1512
f 896/1049 1146/1846 1024/3592
f 574/3103 1075/2231 686/1495
f 1177/2303 1178/3593 1200/2513
f 462/1540 463/1145 482/3594
f 896/1532 1002/3330 988/1533
f 937/3595 1075/2813 957/2816
f 1076/3596 1078/3401 1082/2007
f 479/3498 482/3497 481/3597
f 1234/3268 1235/1686 1238/1685
f 400/415 410/2916 405/416
f 1665/3259 1667/3298 1670/3246
f 183/1054 449/3403 447/1055
f 16/702 18/701 24/3325
f 1252/1400 1255/2446 1254/1401
f 465/805 486/1524 485/1523
f 574/3379 576/3413 580/2115
f 690/1269 942/1557 831/2729
f 754/3341 831/2729 816/3185
f 1356/1657 1364/886 1369/508
f 176/1503 444/1502 448/3270
f 832/3598 864/3599 941/3600
f 1219/2515 1222/1580 1221/1579
f 191/3307 455/3306 479/3601
f 386/3365 396/2355 387/2354
f 513/3078 519/1390 521/3602
f 530/2738 557/1233 534/3253
f 1219/2515 1225/2705 1232/1684
f 480/3603 483/3604 484/3605
f 24/3325 34/3362 32/3467
f 507/2478 584/2477 600/3114
f 424/3209 426/1072 430/1071
f 541/2664 598/1016 614/1019
f 1091/2691 1113/3508 1093/2692
f 1120/3606 1122/2345 1128/2344
