mtllib material.mtl
s 0
usemtl Material
v -0.011718999594449997 -0.625 -0.9492189884185791
v 0.011718999594449997 -0.625 -0.9492189884185791
v -0.011718999594449997 -0.44726601243019104 -0.9492189884185791
v 0.011718999594449997 -0.44726601243019104 -0.9492189884185791
v -0.019531000405550003 0.44726601243019104 -0.9492189884185791
v 0.0 0.44726601243019104 -0.9492189884185791
v 0.019531000405550003 0.44726601243019104 -0.9492189884185791
v -0.019531000405550003 0.6210939884185791 -0.9492189884185791
v 0.0 0.6210939884185791 -0.9492189884185791
v 0.019531000405550003 0.6210939884185791 -0.9492189884185791
v 0.0 -0.6328120231628418 -0.9394530057907104
v 0.0 -0.4375 -0.9394530057907104
v -0.019531000405550003 0.43945300579071045 -0.9394530057907104
v 0.019531000405550003 0.43945300579071045 -0.9394530057907104
v -0.019531000405550003 0.6308590173721313 -0.9394530057907104
v 0.0 0.6308590173721313 -0.9394530057907104
v 0.019531000405550003 0.6308590173721313 -0.9394530057907104
v 0.0 0.43945300579071045 -0.9316409826278687
v -0.43945300579071045 0.44726601243019104 -0.8632810115814209
v 0.43945300579071045 0.44726601243019104 -0.8632810115814209
v -0.43945300579071045 0.6210939884185791 -0.8632810115814209
v 0.43945300579071045 0.6210939884185791 -0.8632810115814209
v -0.4414060115814209 -0.625 -0.8613280057907104
v 0.4414060115814209 -0.625 -0.8613280057907104
v -0.4414060115814209 -0.44726601243019104 -0.8613280057907104
v 0.4414060115814209 -0.44726601243019104 -0.8613280057907104
v -0.43554699420928955 0.43945300579071045 -0.8535159826278687
v 0.43554699420928955 0.43945300579071045 -0.8535159826278687
v -0.43554699420928955 0.6308590173721313 -0.8535159826278687
v 0.43554699420928955 0.6308590173721313 -0.8535159826278687
v -0.43554699420928955 -0.6328120231628418 -0.8515620231628418
v 0.43554699420928955 -0.6328120231628418 -0.8515620231628418
v -0.43554699420928955 -0.4375 -0.8515620231628418
v 0.43554699420928955 -0.4375 -0.8515620231628418
v -0.0664059966802597 -0.4375 -0.8144530057907104
v 0.0664059966802597 -0.4375 -0.8144530057907104
v -0.06445299834012985 -0.36132800579071045 -0.8085939884185791
v 0.06445299834012985 -0.36132800579071045 -0.8085939884185791
v -0.06445299834012985 -0.2734380066394806 -0.8066409826278687
v 0.06445299834012985 -0.2734380066394806 -0.8066409826278687
v -0.06445299834012985 -0.2539060115814209 -0.8066409826278687
v 0.06445299834012985 -0.2539060115814209 -0.8066409826278687
v -0.06445299834012985 -0.17773400247097015 -0.8066409826278687
v 0.06445299834012985 -0.17773400247097015 -0.8066409826278687
v -0.06445299834012985 -0.1601559966802597 -0.8066409826278687
v 0.06445299834012985 -0.1601559966802597 -0.8066409826278687
v -0.06445299834012985 -0.0859379991889 -0.8066409826278687
v 0.06445299834012985 -0.0859379991889 -0.8066409826278687
v -0.06445299834012985 -0.06835900247097015 -0.8066409826278687
v 0.06445299834012985 -0.06835900247097015 -0.8066409826278687
v -0.06445299834012985 0.0019529999699443579 -0.8066409826278687
v 0.06445299834012985 0.0019529999699443579 -0.8066409826278687
v -0.06445299834012985 0.017578000202775 -0.8066409826278687
v 0.06445299834012985 0.017578000202775 -0.8066409826278687
v -0.06445299834012985 0.08789099752902985 -0.8066409826278687
v 0.06445299834012985 0.08789099752902985 -0.8066409826278687
v -0.06445299834012985 0.10351599752902985 -0.8066409826278687
v 0.06445299834012985 0.10351599752902985 -0.8066409826278687
v -0.06445299834012985 0.1757809966802597 -0.8066409826278687
v 0.06445299834012985 0.1757809966802597 -0.8066409826278687
v -0.06445299834012985 0.1914059966802597 -0.8066409826278687
v 0.06445299834012985 0.1914059966802597 -0.8066409826278687
v -0.06445299834012985 0.265625 -0.8066409826278687
v 0.06445299834012985 0.265625 -0.8066409826278687
v -0.06445299834012985 0.28320300579071045 -0.8066409826278687
v 0.06445299834012985 0.28320300579071045 -0.8066409826278687
v -0.06445299834012985 0.35742199420928955 -0.8066409826278687
v 0.06445299834012985 0.35742199420928955 -0.8066409826278687
v -0.06445299834012985 0.375 -0.8066409826278687
v 0.06445299834012985 0.375 -0.8066409826278687
v -0.06445299834012985 0.4335939884185791 -0.8066409826278687
v 0.06445299834012985 0.4335939884185791 -0.8066409826278687
v -0.06445299834012985 -0.3789060115814209 -0.8046879768371582
v 0.06445299834012985 -0.3789060115814209 -0.8046879768371582
v -0.06445299834012985 -0.34375 -0.8046879768371582
v 0.06445299834012985 -0.34375 -0.8046879768371582
v -0.06445299834012985 -0.29101601243019104 -0.7988280057907104
v 0.06445299834012985 -0.29101601243019104 -0.7988280057907104
v -0.06445299834012985 -0.2382809966802597 -0.7988280057907104
v 0.06445299834012985 -0.2382809966802597 -0.7988280057907104
v -0.06445299834012985 -0.1953119933605194 -0.7988280057907104
v 0.06445299834012985 -0.1953119933605194 -0.7988280057907104
v -0.06445299834012985 -0.1445309966802597 -0.7988280057907104
v 0.06445299834012985 -0.1445309966802597 -0.7988280057907104
v -0.06445299834012985 -0.10351599752902985 -0.7988280057907104
v 0.06445299834012985 -0.10351599752902985 -0.7988280057907104
v -0.06445299834012985 -0.052733998745679855 -0.7988280057907104
v 0.06445299834012985 -0.052733998745679855 -0.7988280057907104
v -0.06445299834012985 -0.015625 -0.7988280057907104
v 0.06445299834012985 -0.015625 -0.7988280057907104
v -0.06445299834012985 0.03125 -0.7988280057907104
v 0.06445299834012985 0.03125 -0.7988280057907104
v -0.06445299834012985 0.0703120008111 -0.7988280057907104
v 0.06445299834012985 0.0703120008111 -0.7988280057907104
v -0.06445299834012985 0.11914099752902985 -0.7988280057907104
v 0.06445299834012985 0.11914099752902985 -0.7988280057907104
v -0.06445299834012985 0.15820300579071045 -0.7988280057907104
v 0.06445299834012985 0.15820300579071045 -0.7988280057907104
v -0.06445299834012985 0.20898400247097015 -0.7988280057907104
v 0.06445299834012985 0.20898400247097015 -0.7988280057907104
v -0.06445299834012985 0.24804699420928955 -0.7988280057907104
v 0.06445299834012985 0.24804699420928955 -0.7988280057907104
v -0.06445299834012985 0.29882800579071045 -0.7988280057907104
v 0.06445299834012985 0.29882800579071045 -0.7988280057907104
v -0.06445299834012985 0.3398439884185791 -0.7988280057907104
v 0.06445299834012985 0.3398439884185791 -0.7988280057907104
v -0.06445299834012985 0.390625 -0.7988280057907104
v 0.06445299834012985 0.390625 -0.7988280057907104
v -0.0625 -0.3945310115814209 -0.7929689884185791
v 0.0625 -0.3945310115814209 -0.7929689884185791
v -0.0625 -0.328125 -0.7929689884185791
v 0.0625 -0.328125 -0.7929689884185791
v -0.0625 -0.4335939884185791 -0.7910159826278687
v 0.0625 -0.4335939884185791 -0.7910159826278687
v -0.1953119933605194 -0.4375 -0.7871090173721313
v 0.1953119933605194 -0.4375 -0.7871090173721313
v -0.1953119933605194 -0.36132800579071045 -0.7851560115814209
v 0.1953119933605194 -0.36132800579071045 -0.7851560115814209
v -0.0625 -0.30273398756980896 -0.7851560115814209
v 0.0625 -0.30273398756980896 -0.7851560115814209
v -0.0625 -0.2265619933605194 -0.7851560115814209
v 0.0625 -0.2265619933605194 -0.7851560115814209
v -0.0625 -0.2070309966802597 -0.7851560115814209
v 0.0625 -0.2070309966802597 -0.7851560115814209
v -0.0625 -0.1328119933605194 -0.7851560115814209
v 0.0625 -0.1328119933605194 -0.7851560115814209
v -0.0625 -0.11523400247097015 -0.7851560115814209
v 0.0625 -0.11523400247097015 -0.7851560115814209
v -0.0625 -0.04492200165987015 -0.7851560115814209
v 0.0625 -0.04492200165987015 -0.7851560115814209
v -0.0625 -0.027343999594449997 -0.7851560115814209
v 0.0625 -0.027343999594449997 -0.7851560115814209
v -0.0625 0.041016001254320145 -0.7851560115814209
v 0.0625 0.041016001254320145 -0.7851560115814209
v -0.0625 0.05859399959445 -0.7851560115814209
v 0.0625 0.05859399959445 -0.7851560115814209
v -0.0625 0.1289059966802597 -0.7851560115814209
v 0.0625 0.1289059966802597 -0.7851560115814209
v -0.0625 0.1484380066394806 -0.7851560115814209
v 0.0625 0.1484380066394806 -0.7851560115814209
v -0.0625 0.21875 -0.7851560115814209
v 0.0625 0.21875 -0.7851560115814209
v -0.0625 0.2382809966802597 -0.7851560115814209
v 0.0625 0.2382809966802597 -0.7851560115814209
v -0.0625 0.31054699420928955 -0.7851560115814209
v 0.0625 0.31054699420928955 -0.7851560115814209
v -0.0625 0.328125 -0.7851560115814209
v 0.0625 0.328125 -0.7851560115814209
v -0.0625 0.40039101243019104 -0.7851560115814209
v 0.0625 0.40039101243019104 -0.7851560115814209
v -0.1953119933605194 -0.2734380066394806 -0.7832030057907104
v 0.1953119933605194 -0.2734380066394806 -0.7832030057907104
v -0.1953119933605194 -0.2539060115814209 -0.7832030057907104
v 0.1953119933605194 -0.2539060115814209 -0.7832030057907104
v -0.1953119933605194 -0.17773400247097015 -0.7832030057907104
v 0.1953119933605194 -0.17773400247097015 -0.7832030057907104
v -0.1953119933605194 -0.1601559966802597 -0.7832030057907104
v 0.1953119933605194 -0.1601559966802597 -0.7832030057907104
v -0.1953119933605194 -0.0859379991889 -0.7832030057907104
v 0.1953119933605194 -0.0859379991889 -0.7832030057907104
v -0.1953119933605194 -0.06835900247097015 -0.7832030057907104
v 0.1953119933605194 -0.06835900247097015 -0.7832030057907104
v -0.1953119933605194 0.0019529999699443579 -0.7832030057907104
v 0.1953119933605194 0.0019529999699443579 -0.7832030057907104
v -0.1953119933605194 0.017578000202775 -0.7832030057907104
v 0.1953119933605194 0.017578000202775 -0.7832030057907104
v -0.1953119933605194 0.08789099752902985 -0.7832030057907104
v 0.1953119933605194 0.08789099752902985 -0.7832030057907104
v -0.1953119933605194 0.10351599752902985 -0.7832030057907104
v 0.1953119933605194 0.10351599752902985 -0.7832030057907104
v -0.1953119933605194 0.1757809966802597 -0.7832030057907104
v 0.1953119933605194 0.1757809966802597 -0.7832030057907104
v -0.1953119933605194 0.1914059966802597 -0.7832030057907104
v 0.1953119933605194 0.1914059966802597 -0.7832030057907104
v -0.1953119933605194 0.265625 -0.7832030057907104
v 0.1953119933605194 0.265625 -0.7832030057907104
v -0.1953119933605194 0.28320300579071045 -0.7832030057907104
v 0.1953119933605194 0.28320300579071045 -0.7832030057907104
v -0.1953119933605194 0.35742199420928955 -0.7832030057907104
v 0.1953119933605194 0.35742199420928955 -0.7832030057907104
v -0.1953119933605194 0.375 -0.7832030057907104
v 0.1953119933605194 0.375 -0.7832030057907104
v -0.1953119933605194 0.4335939884185791 -0.7832030057907104
v 0.1953119933605194 0.4335939884185791 -0.7832030057907104
v -0.0625 -0.4023439884185791 -0.78125
v 0.0625 -0.4023439884185791 -0.78125
v -0.1953119933605194 -0.3789060115814209 -0.78125
v 0.1953119933605194 -0.3789060115814209 -0.78125
v -0.1953119933605194 -0.34375 -0.78125
v 0.1953119933605194 -0.34375 -0.78125
v -0.0625 -0.32226601243019104 -0.78125
v 0.0625 -0.32226601243019104 -0.78125
v -0.19335900247097015 -0.29101601243019104 -0.7753909826278687
v 0.19335900247097015 -0.29101601243019104 -0.7753909826278687
v -0.19335900247097015 -0.2382809966802597 -0.7753909826278687
v 0.19335900247097015 -0.2382809966802597 -0.7753909826278687
v -0.19335900247097015 -0.1953119933605194 -0.7753909826278687
v 0.19335900247097015 -0.1953119933605194 -0.7753909826278687
v -0.19335900247097015 -0.1445309966802597 -0.7753909826278687
v 0.19335900247097015 -0.1445309966802597 -0.7753909826278687
v -0.19335900247097015 -0.10351599752902985 -0.7753909826278687
v 0.19335900247097015 -0.10351599752902985 -0.7753909826278687
v -0.19335900247097015 -0.052733998745679855 -0.7753909826278687
v 0.19335900247097015 -0.052733998745679855 -0.7753909826278687
v -0.19335900247097015 -0.015625 -0.7753909826278687
v 0.19335900247097015 -0.015625 -0.7753909826278687
v -0.19335900247097015 0.03125 -0.7753909826278687
v 0.19335900247097015 0.03125 -0.7753909826278687
v -0.19335900247097015 0.0703120008111 -0.7753909826278687
v 0.19335900247097015 0.0703120008111 -0.7753909826278687
v -0.19335900247097015 0.11914099752902985 -0.7753909826278687
v 0.19335900247097015 0.11914099752902985 -0.7753909826278687
v -0.19335900247097015 0.15820300579071045 -0.7753909826278687
v 0.19335900247097015 0.15820300579071045 -0.7753909826278687
v -0.19335900247097015 0.20898400247097015 -0.7753909826278687
v 0.19335900247097015 0.20898400247097015 -0.7753909826278687
v -0.19335900247097015 0.24804699420928955 -0.7753909826278687
v 0.19335900247097015 0.24804699420928955 -0.7753909826278687
v -0.19335900247097015 0.29882800579071045 -0.7753909826278687
v 0.19335900247097015 0.29882800579071045 -0.7753909826278687
v -0.19335900247097015 0.3398439884185791 -0.7753909826278687
v 0.19335900247097015 0.3398439884185791 -0.7753909826278687
v -0.19335900247097015 0.390625 -0.7753909826278687
v 0.19335900247097015 0.390625 -0.7753909826278687
v -0.1914059966802597 -0.3945310115814209 -0.7695310115814209
v 0.1914059966802597 -0.3945310115814209 -0.7695310115814209
v -0.1914059966802597 -0.328125 -0.7695310115814209
v 0.1914059966802597 -0.328125 -0.7695310115814209
v -0.06054700165987015 -0.20898400247097015 -0.7675780057907104
v 0.06054700165987015 -0.20898400247097015 -0.7675780057907104
v -0.18945300579071045 -0.4335939884185791 -0.765625
v 0.18945300579071045 -0.4335939884185791 -0.765625
v -0.06054700165987015 -0.3046880066394806 -0.765625
v 0.06054700165987015 -0.3046880066394806 -0.765625
v -0.18945300579071045 -0.30273398756980896 -0.7617189884185791
v 0.18945300579071045 -0.30273398756980896 -0.7617189884185791
v -0.18945300579071045 -0.2265619933605194 -0.7617189884185791
v 0.18945300579071045 -0.2265619933605194 -0.7617189884185791
v -0.18945300579071045 -0.2070309966802597 -0.7617189884185791
v 0.18945300579071045 -0.2070309966802597 -0.7617189884185791
v -0.18945300579071045 -0.1328119933605194 -0.7617189884185791
v 0.18945300579071045 -0.1328119933605194 -0.7617189884185791
v -0.18945300579071045 -0.11523400247097015 -0.7617189884185791
v 0.18945300579071045 -0.11523400247097015 -0.7617189884185791
v -0.18945300579071045 -0.04492200165987015 -0.7617189884185791
v 0.18945300579071045 -0.04492200165987015 -0.7617189884185791
v -0.18945300579071045 -0.027343999594449997 -0.7617189884185791
v 0.18945300579071045 -0.027343999594449997 -0.7617189884185791
v -0.18945300579071045 0.041016001254320145 -0.7617189884185791
v 0.18945300579071045 0.041016001254320145 -0.7617189884185791
v -0.18945300579071045 0.05859399959445 -0.7617189884185791
v 0.18945300579071045 0.05859399959445 -0.7617189884185791
v -0.18945300579071045 0.1289059966802597 -0.7617189884185791
v 0.18945300579071045 0.1289059966802597 -0.7617189884185791
v -0.18945300579071045 0.1484380066394806 -0.7617189884185791
v 0.18945300579071045 0.1484380066394806 -0.7617189884185791
v -0.18945300579071045 0.21875 -0.7617189884185791
v 0.18945300579071045 0.21875 -0.7617189884185791
v -0.18945300579071045 0.2382809966802597 -0.7617189884185791
v 0.18945300579071045 0.2382809966802597 -0.7617189884185791
v -0.18945300579071045 0.31054699420928955 -0.7617189884185791
v 0.18945300579071045 0.31054699420928955 -0.7617189884185791
v -0.18945300579071045 0.328125 -0.7617189884185791
v 0.18945300579071045 0.328125 -0.7617189884185791
v -0.18945300579071045 0.40039101243019104 -0.7617189884185791
v 0.18945300579071045 0.40039101243019104 -0.7617189884185791
v -0.06054700165987015 -0.2226559966802597 -0.7597659826278687
v 0.06054700165987015 -0.2226559966802597 -0.7597659826278687
v -0.06054700165987015 -0.2109380066394806 -0.7597659826278687
v 0.06054700165987015 -0.2109380066394806 -0.7597659826278687
v -0.06054700165987015 -0.1289059966802597 -0.7597659826278687
v 0.06054700165987015 -0.1289059966802597 -0.7597659826278687
v -0.06054700165987015 -0.1171879991889 -0.7597659826278687
v 0.06054700165987015 -0.1171879991889 -0.7597659826278687
v -0.06054700165987015 -0.041016001254320145 -0.7597659826278687
v 0.06054700165987015 -0.041016001254320145 -0.7597659826278687
v -0.06054700165987015 -0.029296999797225 -0.7597659826278687
v 0.06054700165987015 -0.029296999797225 -0.7597659826278687
v -0.06054700165987015 0.04492200165987015 -0.7597659826278687
v 0.06054700165987015 0.04492200165987015 -0.7597659826278687
v -0.06054700165987015 0.056641001254320145 -0.7597659826278687
v 0.06054700165987015 0.056641001254320145 -0.7597659826278687
v -0.06054700165987015 0.1328119933605194 -0.7597659826278687
v 0.06054700165987015 0.1328119933605194 -0.7597659826278687
v -0.06054700165987015 0.1445309966802597 -0.7597659826278687
v 0.06054700165987015 0.1445309966802597 -0.7597659826278687
v -0.06054700165987015 0.2226559966802597 -0.7597659826278687
v 0.06054700165987015 0.2226559966802597 -0.7597659826278687
v -0.06054700165987015 0.234375 -0.7597659826278687
v 0.06054700165987015 0.234375 -0.7597659826278687
v -0.06054700165987015 0.31445300579071045 -0.7597659826278687
v 0.06054700165987015 0.31445300579071045 -0.7597659826278687
v -0.06054700165987015 0.3242189884185791 -0.7597659826278687
v 0.06054700165987015 0.3242189884185791 -0.7597659826278687
v -0.06054700165987015 0.4023439884185791 -0.7597659826278687
v 0.06054700165987015 0.4023439884185791 -0.7597659826278687
v -0.05859399959445 -0.40429699420928955 -0.7578120231628418
v 0.05859399959445 -0.40429699420928955 -0.7578120231628418
v -0.1875 -0.4023439884185791 -0.7578120231628418
v 0.1875 -0.4023439884185791 -0.7578120231628418
v -0.1875 -0.32226601243019104 -0.7578120231628418
v 0.1875 -0.32226601243019104 -0.7578120231628418
v -0.05859399959445 -0.31835898756980896 -0.7578120231628418
v 0.05859399959445 -0.31835898756980896 -0.7578120231628418
v -0.05859399959445 -0.3085939884185791 -0.7578120231628418
v 0.05859399959445 -0.3085939884185791 -0.7578120231628418
v -0.05859399959445 0.40625 -0.75
v 0.05859399959445 0.40625 -0.75
v -0.05859399959445 0.4257810115814209 -0.75
v 0.05859399959445 0.4257810115814209 -0.75
v -0.05859399959445 -0.42773398756980896 -0.7480469942092896
v 0.05859399959445 -0.42773398756980896 -0.7480469942092896
v -0.05859399959445 -0.40625 -0.7480469942092896
v 0.05859399959445 -0.40625 -0.7480469942092896
v -0.05859399959445 -0.41601601243019104 -0.7460939884185791
v 0.05859399959445 -0.41601601243019104 -0.7460939884185791
v -0.1835940033197403 -0.20898400247097015 -0.7460939884185791
v 0.1835940033197403 -0.20898400247097015 -0.7460939884185791
v -0.1835940033197403 -0.3046880066394806 -0.7441409826278687
v 0.1835940033197403 -0.3046880066394806 -0.7441409826278687
v -0.3242189884185791 -0.4375 -0.7402340173721313
v 0.3242189884185791 -0.4375 -0.7402340173721313
v -0.32617199420928955 -0.36132800579071045 -0.7382810115814209
v 0.32617199420928955 -0.36132800579071045 -0.7382810115814209
v -0.32617199420928955 -0.2734380066394806 -0.7382810115814209
v 0.32617199420928955 -0.2734380066394806 -0.7382810115814209
v -0.32617199420928955 -0.2539060115814209 -0.7382810115814209
v 0.32617199420928955 -0.2539060115814209 -0.7382810115814209
v -0.18164099752902985 -0.2226559966802597 -0.7382810115814209
v 0.18164099752902985 -0.2226559966802597 -0.7382810115814209
v -0.18164099752902985 -0.2109380066394806 -0.7382810115814209
v 0.18164099752902985 -0.2109380066394806 -0.7382810115814209
v -0.32617199420928955 -0.17773400247097015 -0.7382810115814209
v 0.32617199420928955 -0.17773400247097015 -0.7382810115814209
v -0.32617199420928955 -0.1601559966802597 -0.7382810115814209
v 0.32617199420928955 -0.1601559966802597 -0.7382810115814209
v -0.18164099752902985 -0.1289059966802597 -0.7382810115814209
v 0.18164099752902985 -0.1289059966802597 -0.7382810115814209
v -0.18164099752902985 -0.1171879991889 -0.7382810115814209
v 0.18164099752902985 -0.1171879991889 -0.7382810115814209
v -0.32617199420928955 -0.0859379991889 -0.7382810115814209
v 0.32617199420928955 -0.0859379991889 -0.7382810115814209
v -0.32617199420928955 -0.06835900247097015 -0.7382810115814209
v 0.32617199420928955 -0.06835900247097015 -0.7382810115814209
v -0.18164099752902985 -0.041016001254320145 -0.7382810115814209
v 0.18164099752902985 -0.041016001254320145 -0.7382810115814209
v -0.18164099752902985 -0.029296999797225 -0.7382810115814209
v 0.18164099752902985 -0.029296999797225 -0.7382810115814209
v -0.32617199420928955 0.0019529999699443579 -0.7382810115814209
v 0.32617199420928955 0.0019529999699443579 -0.7382810115814209
v -0.32617199420928955 0.017578000202775 -0.7382810115814209
v 0.32617199420928955 0.017578000202775 -0.7382810115814209
v -0.18164099752902985 0.04492200165987015 -0.7382810115814209
v 0.18164099752902985 0.04492200165987015 -0.7382810115814209
v -0.18164099752902985 0.056641001254320145 -0.7382810115814209
v 0.18164099752902985 0.056641001254320145 -0.7382810115814209
v -0.32617199420928955 0.08789099752902985 -0.7382810115814209
v 0.32617199420928955 0.08789099752902985 -0.7382810115814209
v -0.32617199420928955 0.10351599752902985 -0.7382810115814209
v 0.32617199420928955 0.10351599752902985 -0.7382810115814209
v -0.18164099752902985 0.1328119933605194 -0.7382810115814209
v 0.18164099752902985 0.1328119933605194 -0.7382810115814209
v -0.18164099752902985 0.1445309966802597 -0.7382810115814209
v 0.18164099752902985 0.1445309966802597 -0.7382810115814209
v -0.32617199420928955 0.1757809966802597 -0.7382810115814209
v 0.32617199420928955 0.1757809966802597 -0.7382810115814209
v -0.32617199420928955 0.1914059966802597 -0.7382810115814209
v 0.32617199420928955 0.1914059966802597 -0.7382810115814209
v -0.18164099752902985 0.2226559966802597 -0.7382810115814209
v 0.18164099752902985 0.2226559966802597 -0.7382810115814209
v -0.18164099752902985 0.234375 -0.7382810115814209
v 0.18164099752902985 0.234375 -0.7382810115814209
v -0.32617199420928955 0.265625 -0.7382810115814209
v 0.32617199420928955 0.265625 -0.7382810115814209
v -0.32617199420928955 0.28320300579071045 -0.7382810115814209
v 0.32617199420928955 0.28320300579071045 -0.7382810115814209
v -0.18164099752902985 0.31445300579071045 -0.7382810115814209
v 0.18164099752902985 0.31445300579071045 -0.7382810115814209
v -0.18164099752902985 0.3242189884185791 -0.7382810115814209
v 0.18164099752902985 0.3242189884185791 -0.7382810115814209
v -0.32617199420928955 0.35742199420928955 -0.7382810115814209
v 0.32617199420928955 0.35742199420928955 -0.7382810115814209
v -0.32617199420928955 0.375 -0.7382810115814209
v 0.32617199420928955 0.375 -0.7382810115814209
v -0.18164099752902985 0.4023439884185791 -0.7382810115814209
v 0.18164099752902985 0.4023439884185791 -0.7382810115814209
v -0.32617199420928955 0.4335939884185791 -0.7382810115814209
v 0.32617199420928955 0.4335939884185791 -0.7382810115814209
v -0.3242189884185791 -0.3789060115814209 -0.7363280057907104
v 0.3242189884185791 -0.3789060115814209 -0.7363280057907104
v -0.3242189884185791 -0.34375 -0.7363280057907104
v 0.3242189884185791 -0.34375 -0.7363280057907104
v -0.18164099752902985 -0.3085939884185791 -0.7363280057907104
v 0.18164099752902985 -0.3085939884185791 -0.7363280057907104
v -0.18164099752902985 -0.40429699420928955 -0.734375
v 0.18164099752902985 -0.40429699420928955 -0.734375
v -0.18164099752902985 -0.31835898756980896 -0.734375
v 0.18164099752902985 -0.31835898756980896 -0.734375
v -0.32226601243019104 -0.29101601243019104 -0.7304689884185791
v 0.32226601243019104 -0.29101601243019104 -0.7304689884185791
v -0.32226601243019104 -0.2382809966802597 -0.7304689884185791
v 0.32226601243019104 -0.2382809966802597 -0.7304689884185791
v -0.32226601243019104 -0.1953119933605194 -0.7304689884185791
v 0.32226601243019104 -0.1953119933605194 -0.7304689884185791
v -0.32226601243019104 -0.1445309966802597 -0.7304689884185791
v 0.32226601243019104 -0.1445309966802597 -0.7304689884185791
v -0.32226601243019104 -0.10351599752902985 -0.7304689884185791
v 0.32226601243019104 -0.10351599752902985 -0.7304689884185791
v -0.32226601243019104 -0.052733998745679855 -0.7304689884185791
v 0.32226601243019104 -0.052733998745679855 -0.7304689884185791
v -0.32226601243019104 -0.015625 -0.7304689884185791
v 0.32226601243019104 -0.015625 -0.7304689884185791
v -0.32226601243019104 0.03125 -0.7304689884185791
v 0.32226601243019104 0.03125 -0.7304689884185791
v -0.32226601243019104 0.0703120008111 -0.7304689884185791
v 0.32226601243019104 0.0703120008111 -0.7304689884185791
v -0.32226601243019104 0.11914099752902985 -0.7304689884185791
v 0.32226601243019104 0.11914099752902985 -0.7304689884185791
v -0.32226601243019104 0.15820300579071045 -0.7304689884185791
v 0.32226601243019104 0.15820300579071045 -0.7304689884185791
v -0.32226601243019104 0.20898400247097015 -0.7304689884185791
v 0.32226601243019104 0.20898400247097015 -0.7304689884185791
v -0.32226601243019104 0.24804699420928955 -0.7304689884185791
v 0.32226601243019104 0.24804699420928955 -0.7304689884185791
v -0.32226601243019104 0.29882800579071045 -0.7304689884185791
v 0.32226601243019104 0.29882800579071045 -0.7304689884185791
v -0.32226601243019104 0.3398439884185791 -0.7304689884185791
v 0.32226601243019104 0.3398439884185791 -0.7304689884185791
v -0.32226601243019104 0.390625 -0.7304689884185791
v 0.32226601243019104 0.390625 -0.7304689884185791
v -0.1796880066394806 0.40625 -0.7304689884185791
v 0.1796880066394806 0.40625 -0.7304689884185791
v -0.1796880066394806 0.4257810115814209 -0.7304689884185791
v 0.1796880066394806 0.4257810115814209 -0.7304689884185791
v -0.17773400247097015 -0.42773398756980896 -0.7246090173721313
v 0.17773400247097015 -0.42773398756980896 -0.7246090173721313
v -0.17773400247097015 -0.41601601243019104 -0.7246090173721313
v 0.17773400247097015 -0.41601601243019104 -0.7246090173721313
v -0.17773400247097015 -0.40625 -0.7246090173721313
v 0.17773400247097015 -0.40625 -0.7246090173721313
v -0.31835898756980896 -0.3945310115814209 -0.7246090173721313
v 0.31835898756980896 -0.3945310115814209 -0.7246090173721313
v -0.31835898756980896 -0.328125 -0.7246090173721313
v 0.31835898756980896 -0.328125 -0.7246090173721313
v -0.31445300579071045 -0.4335939884185791 -0.7207030057907104
v 0.31445300579071045 -0.4335939884185791 -0.7207030057907104
v -0.31445300579071045 -0.30273398756980896 -0.7167969942092896
v 0.31445300579071045 -0.30273398756980896 -0.7167969942092896
v -0.31445300579071045 -0.2265619933605194 -0.7167969942092896
v 0.31445300579071045 -0.2265619933605194 -0.7167969942092896
v -0.31445300579071045 -0.2070309966802597 -0.7167969942092896
v 0.31445300579071045 -0.2070309966802597 -0.7167969942092896
v -0.31445300579071045 -0.1328119933605194 -0.7167969942092896
v 0.31445300579071045 -0.1328119933605194 -0.7167969942092896
v -0.31445300579071045 -0.11523400247097015 -0.7167969942092896
v 0.31445300579071045 -0.11523400247097015 -0.7167969942092896
v -0.31445300579071045 -0.04492200165987015 -0.7167969942092896
v 0.31445300579071045 -0.04492200165987015 -0.7167969942092896
v -0.31445300579071045 -0.027343999594449997 -0.7167969942092896
v 0.31445300579071045 -0.027343999594449997 -0.7167969942092896
v -0.31445300579071045 0.041016001254320145 -0.7167969942092896
v 0.31445300579071045 0.041016001254320145 -0.7167969942092896
v -0.31445300579071045 0.05859399959445 -0.7167969942092896
v 0.31445300579071045 0.05859399959445 -0.7167969942092896
v -0.31445300579071045 0.1289059966802597 -0.7167969942092896
v 0.31445300579071045 0.1289059966802597 -0.7167969942092896
v -0.31445300579071045 0.1484380066394806 -0.7167969942092896
v 0.31445300579071045 0.1484380066394806 -0.7167969942092896
v -0.31445300579071045 0.21875 -0.7167969942092896
v 0.31445300579071045 0.21875 -0.7167969942092896
v -0.31445300579071045 0.2382809966802597 -0.7167969942092896
v 0.31445300579071045 0.2382809966802597 -0.7167969942092896
v -0.31445300579071045 0.31054699420928955 -0.7167969942092896
v 0.31445300579071045 0.31054699420928955 -0.7167969942092896
v -0.31445300579071045 0.328125 -0.7167969942092896
v 0.31445300579071045 0.328125 -0.7167969942092896
v -0.31445300579071045 0.40039101243019104 -0.7167969942092896
v 0.31445300579071045 0.40039101243019104 -0.7167969942092896
v -0.3125 -0.4023439884185791 -0.7128909826278687
v 0.3125 -0.4023439884185791 -0.7128909826278687
v -0.3125 -0.32226601243019104 -0.7128909826278687
v 0.3125 -0.32226601243019104 -0.7128909826278687
v -0.30664101243019104 -0.20898400247097015 -0.7011719942092896
v 0.30664101243019104 -0.20898400247097015 -0.7011719942092896
v -0.30664101243019104 -0.3046880066394806 -0.6992189884185791
v 0.30664101243019104 -0.3046880066394806 -0.6992189884185791
v -0.30273398756980896 -0.2226559966802597 -0.6933590173721313
v 0.30273398756980896 -0.2226559966802597 -0.6933590173721313
v -0.30273398756980896 -0.2109380066394806 -0.6933590173721313
v 0.30273398756980896 -0.2109380066394806 -0.6933590173721313
v -0.30273398756980896 -0.1289059966802597 -0.6933590173721313
v 0.30273398756980896 -0.1289059966802597 -0.6933590173721313
v -0.30273398756980896 -0.1171879991889 -0.6933590173721313
v 0.30273398756980896 -0.1171879991889 -0.6933590173721313
v -0.30273398756980896 -0.041016001254320145 -0.6933590173721313
v 0.30273398756980896 -0.041016001254320145 -0.6933590173721313
v -0.30273398756980896 -0.029296999797225 -0.6933590173721313
v 0.30273398756980896 -0.029296999797225 -0.6933590173721313
v -0.30273398756980896 0.04492200165987015 -0.6933590173721313
v 0.30273398756980896 0.04492200165987015 -0.6933590173721313
v -0.30273398756980896 0.056641001254320145 -0.6933590173721313
v 0.30273398756980896 0.056641001254320145 -0.6933590173721313
v -0.30273398756980896 0.1328119933605194 -0.6933590173721313
v 0.30273398756980896 0.1328119933605194 -0.6933590173721313
v -0.30273398756980896 0.1445309966802597 -0.6933590173721313
v 0.30273398756980896 0.1445309966802597 -0.6933590173721313
v -0.30273398756980896 0.2226559966802597 -0.6933590173721313
v 0.30273398756980896 0.2226559966802597 -0.6933590173721313
v -0.30273398756980896 0.234375 -0.6933590173721313
v 0.30273398756980896 0.234375 -0.6933590173721313
v -0.30273398756980896 0.31445300579071045 -0.6933590173721313
v 0.30273398756980896 0.31445300579071045 -0.6933590173721313
v -0.30273398756980896 0.3242189884185791 -0.6933590173721313
v 0.30273398756980896 0.3242189884185791 -0.6933590173721313
v -0.30273398756980896 0.4023439884185791 -0.6933590173721313
v 0.30273398756980896 0.4023439884185791 -0.6933590173721313
v -0.3007810115814209 -0.40429699420928955 -0.6914060115814209
v 0.3007810115814209 -0.40429699420928955 -0.6914060115814209
v -0.3007810115814209 -0.31835898756980896 -0.6914060115814209
v 0.3007810115814209 -0.31835898756980896 -0.6914060115814209
v -0.30273398756980896 -0.3085939884185791 -0.6914060115814209
v 0.30273398756980896 -0.3085939884185791 -0.6914060115814209
v -0.3007810115814209 0.40625 -0.6855469942092896
v 0.3007810115814209 0.40625 -0.6855469942092896
v -0.3007810115814209 0.4257810115814209 -0.6855469942092896
v 0.3007810115814209 0.4257810115814209 -0.6855469942092896
v -0.296875 -0.42773398756980896 -0.6816409826278687
v 0.296875 -0.42773398756980896 -0.6816409826278687
v -0.296875 -0.41601601243019104 -0.6816409826278687
v 0.296875 -0.41601601243019104 -0.6816409826278687
v -0.296875 -0.40625 -0.6816409826278687
v 0.296875 -0.40625 -0.6816409826278687
v -0.44335898756980896 -0.4375 -0.671875
v 0.44335898756980896 -0.4375 -0.671875
v -0.44726601243019104 -0.36132800579071045 -0.671875
v 0.44726601243019104 -0.36132800579071045 -0.671875
v -0.4453119933605194 -0.2734380066394806 -0.6699219942092896
v 0.4453119933605194 -0.2734380066394806 -0.6699219942092896
v -0.4453119933605194 -0.2539060115814209 -0.6699219942092896
v 0.4453119933605194 -0.2539060115814209 -0.6699219942092896
v -0.4453119933605194 -0.17773400247097015 -0.6699219942092896
v 0.4453119933605194 -0.17773400247097015 -0.6699219942092896
v -0.4453119933605194 -0.1601559966802597 -0.6699219942092896
v 0.4453119933605194 -0.1601559966802597 -0.6699219942092896
v -0.4453119933605194 -0.0859379991889 -0.6699219942092896
v 0.4453119933605194 -0.0859379991889 -0.6699219942092896
v -0.4453119933605194 -0.06835900247097015 -0.6699219942092896
v 0.4453119933605194 -0.06835900247097015 -0.6699219942092896
v -0.4453119933605194 0.0019529999699443579 -0.6699219942092896
v 0.4453119933605194 0.0019529999699443579 -0.6699219942092896
v -0.4453119933605194 0.017578000202775 -0.6699219942092896
v 0.4453119933605194 0.017578000202775 -0.6699219942092896
v -0.4453119933605194 0.08789099752902985 -0.6699219942092896
v 0.4453119933605194 0.08789099752902985 -0.6699219942092896
v -0.4453119933605194 0.10351599752902985 -0.6699219942092896
v 0.4453119933605194 0.10351599752902985 -0.6699219942092896
v -0.4453119933605194 0.1757809966802597 -0.6699219942092896
v 0.4453119933605194 0.1757809966802597 -0.6699219942092896
v -0.4453119933605194 0.1914059966802597 -0.6699219942092896
v 0.4453119933605194 0.1914059966802597 -0.6699219942092896
v -0.4453119933605194 0.265625 -0.6699219942092896
v 0.4453119933605194 0.265625 -0.6699219942092896
v -0.4453119933605194 0.28320300579071045 -0.6699219942092896
v 0.4453119933605194 0.28320300579071045 -0.6699219942092896
v -0.4453119933605194 0.35742199420928955 -0.6699219942092896
v 0.4453119933605194 0.35742199420928955 -0.6699219942092896
v -0.4453119933605194 0.375 -0.6699219942092896
v 0.4453119933605194 0.375 -0.6699219942092896
v -0.4453119933605194 0.4335939884185791 -0.6699219942092896
v 0.4453119933605194 0.4335939884185791 -0.6699219942092896
v -0.4453119933605194 -0.3789060115814209 -0.6679689884185791
v 0.4453119933605194 -0.3789060115814209 -0.6679689884185791
v -0.4453119933605194 -0.34375 -0.6679689884185791
v 0.4453119933605194 -0.34375 -0.6679689884185791
v -0.4414060115814209 -0.29101601243019104 -0.6621090173721313
v 0.4414060115814209 -0.29101601243019104 -0.6621090173721313
v -0.4414060115814209 -0.2382809966802597 -0.6621090173721313
v 0.4414060115814209 -0.2382809966802597 -0.6621090173721313
v -0.4414060115814209 -0.1953119933605194 -0.6621090173721313
v 0.4414060115814209 -0.1953119933605194 -0.6621090173721313
v -0.4414060115814209 -0.1445309966802597 -0.6621090173721313
v 0.4414060115814209 -0.1445309966802597 -0.6621090173721313
v -0.4414060115814209 -0.10351599752902985 -0.6621090173721313
v 0.4414060115814209 -0.10351599752902985 -0.6621090173721313
v -0.4414060115814209 -0.052733998745679855 -0.6621090173721313
v 0.4414060115814209 -0.052733998745679855 -0.6621090173721313
v -0.4414060115814209 -0.015625 -0.6621090173721313
v 0.4414060115814209 -0.015625 -0.6621090173721313
v -0.4414060115814209 0.03125 -0.6621090173721313
v 0.4414060115814209 0.03125 -0.6621090173721313
v -0.4414060115814209 0.0703120008111 -0.6621090173721313
v 0.4414060115814209 0.0703120008111 -0.6621090173721313
v -0.4414060115814209 0.11914099752902985 -0.6621090173721313
v 0.4414060115814209 0.11914099752902985 -0.6621090173721313
v -0.4414060115814209 0.15820300579071045 -0.6621090173721313
v 0.4414060115814209 0.15820300579071045 -0.6621090173721313
v -0.4414060115814209 0.20898400247097015 -0.6621090173721313
v 0.4414060115814209 0.20898400247097015 -0.6621090173721313
v -0.4414060115814209 0.24804699420928955 -0.6621090173721313
v 0.4414060115814209 0.24804699420928955 -0.6621090173721313
v -0.4414060115814209 0.29882800579071045 -0.6621090173721313
v 0.4414060115814209 0.29882800579071045 -0.6621090173721313
v -0.4414060115814209 0.3398439884185791 -0.6621090173721313
v 0.4414060115814209 0.3398439884185791 -0.6621090173721313
v -0.4414060115814209 0.390625 -0.6621090173721313
v 0.4414060115814209 0.390625 -0.6621090173721313
v -0.4375 -0.3945310115814209 -0.6582030057907104
v 0.4375 -0.3945310115814209 -0.6582030057907104
v -0.4375 -0.328125 -0.6582030057907104
v 0.4375 -0.328125 -0.6582030057907104
v -0.43164101243019104 -0.4335939884185791 -0.6542969942092896
v 0.43164101243019104 -0.4335939884185791 -0.6542969942092896
v -0.43164101243019104 -0.30273398756980896 -0.6503909826278687
v 0.43164101243019104 -0.30273398756980896 -0.6503909826278687
v -0.43164101243019104 -0.2265619933605194 -0.6503909826278687
v 0.43164101243019104 -0.2265619933605194 -0.6503909826278687
v -0.43164101243019104 -0.2070309966802597 -0.6503909826278687
v 0.43164101243019104 -0.2070309966802597 -0.6503909826278687
v -0.43164101243019104 -0.1328119933605194 -0.6503909826278687
v 0.43164101243019104 -0.1328119933605194 -0.6503909826278687
v -0.43164101243019104 -0.11523400247097015 -0.6503909826278687
v 0.43164101243019104 -0.11523400247097015 -0.6503909826278687
v -0.43164101243019104 -0.04492200165987015 -0.6503909826278687
v 0.43164101243019104 -0.04492200165987015 -0.6503909826278687
v -0.43164101243019104 -0.027343999594449997 -0.6503909826278687
v 0.43164101243019104 -0.027343999594449997 -0.6503909826278687
v -0.43164101243019104 0.041016001254320145 -0.6503909826278687
v 0.43164101243019104 0.041016001254320145 -0.6503909826278687
v -0.43164101243019104 0.05859399959445 -0.6503909826278687
v 0.43164101243019104 0.05859399959445 -0.6503909826278687
v -0.43164101243019104 0.1289059966802597 -0.6503909826278687
v 0.43164101243019104 0.1289059966802597 -0.6503909826278687
v -0.43164101243019104 0.1484380066394806 -0.6503909826278687
v 0.43164101243019104 0.1484380066394806 -0.6503909826278687
v -0.43164101243019104 0.21875 -0.6503909826278687
v 0.43164101243019104 0.21875 -0.6503909826278687
v -0.43164101243019104 0.2382809966802597 -0.6503909826278687
v 0.43164101243019104 0.2382809966802597 -0.6503909826278687
v -0.43164101243019104 0.31054699420928955 -0.6503909826278687
v 0.43164101243019104 0.31054699420928955 -0.6503909826278687
v -0.43164101243019104 0.328125 -0.6503909826278687
v 0.43164101243019104 0.328125 -0.6503909826278687
v -0.43164101243019104 0.40039101243019104 -0.6503909826278687
v 0.43164101243019104 0.40039101243019104 -0.6503909826278687
v -0.4296880066394806 -0.4023439884185791 -0.6464840173721313
v 0.4296880066394806 -0.4023439884185791 -0.6464840173721313
v -0.4296880066394806 -0.32226601243019104 -0.6464840173721313
v 0.4296880066394806 -0.32226601243019104 -0.6464840173721313
v -0.421875 -0.20898400247097015 -0.6367189884185791
v 0.421875 -0.20898400247097015 -0.6367189884185791
v -0.41992199420928955 -0.3046880066394806 -0.6347659826278687
v 0.41992199420928955 -0.3046880066394806 -0.6347659826278687
v -0.41601601243019104 -0.2226559966802597 -0.6308590173721313
v 0.41601601243019104 -0.2226559966802597 -0.6308590173721313
v -0.41601601243019104 -0.2109380066394806 -0.6308590173721313
v 0.41601601243019104 -0.2109380066394806 -0.6308590173721313
v -0.41601601243019104 -0.1289059966802597 -0.6308590173721313
v 0.41601601243019104 -0.1289059966802597 -0.6308590173721313
v -0.41601601243019104 -0.1171879991889 -0.6308590173721313
v 0.41601601243019104 -0.1171879991889 -0.6308590173721313
v -0.41601601243019104 -0.041016001254320145 -0.6308590173721313
v 0.41601601243019104 -0.041016001254320145 -0.6308590173721313
v -0.41601601243019104 -0.029296999797225 -0.6308590173721313
v 0.41601601243019104 -0.029296999797225 -0.6308590173721313
v -0.41601601243019104 0.04492200165987015 -0.6308590173721313
v 0.41601601243019104 0.04492200165987015 -0.6308590173721313
v -0.41601601243019104 0.056641001254320145 -0.6308590173721313
v 0.41601601243019104 0.056641001254320145 -0.6308590173721313
v -0.41601601243019104 0.1328119933605194 -0.6308590173721313
v 0.41601601243019104 0.1328119933605194 -0.6308590173721313
v -0.41601601243019104 0.1445309966802597 -0.6308590173721313
v 0.41601601243019104 0.1445309966802597 -0.6308590173721313
v -0.41601601243019104 0.2226559966802597 -0.6308590173721313
v 0.41601601243019104 0.2226559966802597 -0.6308590173721313
v -0.41601601243019104 0.234375 -0.6308590173721313
v 0.41601601243019104 0.234375 -0.6308590173721313
v -0.41601601243019104 0.31445300579071045 -0.6308590173721313
v 0.41601601243019104 0.31445300579071045 -0.6308590173721313
v -0.41601601243019104 0.3242189884185791 -0.6308590173721313
v 0.41601601243019104 0.3242189884185791 -0.6308590173721313
v -0.41601601243019104 0.4023439884185791 -0.6308590173721313
v 0.41601601243019104 0.4023439884185791 -0.6308590173721313
v -0.4140619933605194 -0.40429699420928955 -0.6269530057907104
v 0.4140619933605194 -0.40429699420928955 -0.6269530057907104
v -0.4140619933605194 -0.31835898756980896 -0.6269530057907104
v 0.4140619933605194 -0.31835898756980896 -0.6269530057907104
v -0.41601601243019104 -0.3085939884185791 -0.6269530057907104
v 0.41601601243019104 -0.3085939884185791 -0.6269530057907104
v -0.41210898756980896 0.40625 -0.6230469942092896
v 0.41210898756980896 0.40625 -0.6230469942092896
v -0.41210898756980896 0.4257810115814209 -0.6230469942092896
v 0.41210898756980896 0.4257810115814209 -0.6230469942092896
v -0.40820300579071045 -0.42773398756980896 -0.6171879768371582
v 0.40820300579071045 -0.42773398756980896 -0.6171879768371582
v -0.40625 -0.41601601243019104 -0.6171879768371582
v 0.40625 -0.41601601243019104 -0.6171879768371582
v -0.40820300579071045 -0.40625 -0.6171879768371582
v 0.40820300579071045 -0.40625 -0.6171879768371582
v -0.7539060115814209 0.44726601243019104 -0.5976560115814209
v 0.7539060115814209 0.44726601243019104 -0.5976560115814209
v -0.7539060115814209 0.6210939884185791 -0.5976560115814209
v 0.7539060115814209 0.6210939884185791 -0.5976560115814209
v -0.7460939884185791 0.6308590173721313 -0.5917969942092896
v 0.7460939884185791 0.6308590173721313 -0.5917969942092896
v -0.7597659826278687 -0.625 -0.5898439884185791
v 0.7597659826278687 -0.625 -0.5898439884185791
v -0.7597659826278687 -0.44726601243019104 -0.5898439884185791
v 0.7597659826278687 -0.44726601243019104 -0.5898439884185791
v -0.75 -0.6328120231628418 -0.5839840173721313
v 0.75 -0.6328120231628418 -0.5839840173721313
v -0.75 -0.4375 -0.5839840173721313
v -0.5488280057907104 -0.4375 -0.5839840173721313
v 0.5488280057907104 -0.4375 -0.5839840173721313
v 0.75 -0.4375 -0.5839840173721313
v -0.5546879768371582 -0.36132800579071045 -0.5839840173721313
v 0.5546879768371582 -0.36132800579071045 -0.5839840173721313
v -0.5546879768371582 -0.2734380066394806 -0.5820310115814209
v 0.5546879768371582 -0.2734380066394806 -0.5820310115814209
v -0.5546879768371582 -0.2539060115814209 -0.5820310115814209
v 0.5546879768371582 -0.2539060115814209 -0.5820310115814209
v -0.5546879768371582 -0.17773400247097015 -0.5820310115814209
v 0.5546879768371582 -0.17773400247097015 -0.5820310115814209
v -0.5546879768371582 -0.1601559966802597 -0.5820310115814209
v 0.5546879768371582 -0.1601559966802597 -0.5820310115814209
v -0.5546879768371582 -0.0859379991889 -0.5820310115814209
v 0.5546879768371582 -0.0859379991889 -0.5820310115814209
v -0.5546879768371582 -0.06835900247097015 -0.5820310115814209
v 0.5546879768371582 -0.06835900247097015 -0.5820310115814209
v -0.5546879768371582 0.0019529999699443579 -0.5820310115814209
v 0.5546879768371582 0.0019529999699443579 -0.5820310115814209
v -0.5546879768371582 0.017578000202775 -0.5820310115814209
v 0.5546879768371582 0.017578000202775 -0.5820310115814209
v -0.5546879768371582 0.08789099752902985 -0.5820310115814209
v 0.5546879768371582 0.08789099752902985 -0.5820310115814209
v -0.5546879768371582 0.10351599752902985 -0.5820310115814209
v 0.5546879768371582 0.10351599752902985 -0.5820310115814209
v -0.5546879768371582 0.1757809966802597 -0.5820310115814209
v 0.5546879768371582 0.1757809966802597 -0.5820310115814209
v -0.5546879768371582 0.1914059966802597 -0.5820310115814209
v 0.5546879768371582 0.1914059966802597 -0.5820310115814209
v -0.5546879768371582 0.265625 -0.5820310115814209
v 0.5546879768371582 0.265625 -0.5820310115814209
v -0.5546879768371582 0.28320300579071045 -0.5820310115814209
v 0.5546879768371582 0.28320300579071045 -0.5820310115814209
v -0.5546879768371582 0.35742199420928955 -0.5820310115814209
v 0.5546879768371582 0.35742199420928955 -0.5820310115814209
v -0.5546879768371582 0.375 -0.5820310115814209
v 0.5546879768371582 0.375 -0.5820310115814209
v -0.5546879768371582 0.4335939884185791 -0.5820310115814209
v 0.5546879768371582 0.4335939884185791 -0.5820310115814209
v -0.5527340173721313 -0.3789060115814209 -0.5800780057907104
v 0.5527340173721313 -0.3789060115814209 -0.5800780057907104
v -0.5527340173721313 -0.34375 -0.5800780057907104
v 0.5527340173721313 -0.34375 -0.5800780057907104
v -0.5488280057907104 -0.29101601243019104 -0.5761719942092896
v 0.5488280057907104 -0.29101601243019104 -0.5761719942092896
v -0.5488280057907104 -0.2382809966802597 -0.5761719942092896
v 0.5488280057907104 -0.2382809966802597 -0.5761719942092896
v -0.5488280057907104 -0.1953119933605194 -0.5761719942092896
v 0.5488280057907104 -0.1953119933605194 -0.5761719942092896
v -0.5488280057907104 -0.1445309966802597 -0.5761719942092896
v 0.5488280057907104 -0.1445309966802597 -0.5761719942092896
v -0.5488280057907104 -0.10351599752902985 -0.5761719942092896
v 0.5488280057907104 -0.10351599752902985 -0.5761719942092896
v -0.5488280057907104 -0.052733998745679855 -0.5761719942092896
v 0.5488280057907104 -0.052733998745679855 -0.5761719942092896
v -0.5488280057907104 -0.015625 -0.5761719942092896
v 0.5488280057907104 -0.015625 -0.5761719942092896
v -0.5488280057907104 0.03125 -0.5761719942092896
v 0.5488280057907104 0.03125 -0.5761719942092896
v -0.5488280057907104 0.0703120008111 -0.5761719942092896
v 0.5488280057907104 0.0703120008111 -0.5761719942092896
v -0.5488280057907104 0.11914099752902985 -0.5761719942092896
v 0.5488280057907104 0.11914099752902985 -0.5761719942092896
v -0.5488280057907104 0.15820300579071045 -0.5761719942092896
v 0.5488280057907104 0.15820300579071045 -0.5761719942092896
v -0.5488280057907104 0.20898400247097015 -0.5761719942092896
v 0.5488280057907104 0.20898400247097015 -0.5761719942092896
v -0.5488280057907104 0.24804699420928955 -0.5761719942092896
v 0.5488280057907104 0.24804699420928955 -0.5761719942092896
v -0.5488280057907104 0.29882800579071045 -0.5761719942092896
v 0.5488280057907104 0.29882800579071045 -0.5761719942092896
v -0.5488280057907104 0.3398439884185791 -0.5761719942092896
v 0.5488280057907104 0.3398439884185791 -0.5761719942092896
v -0.5488280057907104 0.390625 -0.5761719942092896
v 0.5488280057907104 0.390625 -0.5761719942092896
v -0.5429689884185791 -0.3945310115814209 -0.5722659826278687
v 0.5429689884185791 -0.3945310115814209 -0.5722659826278687
v -0.5429689884185791 -0.328125 -0.5722659826278687
v 0.5429689884185791 -0.328125 -0.5722659826278687
v -0.5351560115814209 -0.4335939884185791 -0.5683590173721313
v 0.5351560115814209 -0.4335939884185791 -0.5683590173721313
v -0.5371090173721313 -0.30273398756980896 -0.5664060115814209
v 0.5371090173721313 -0.30273398756980896 -0.5664060115814209
v -0.5371090173721313 -0.2265619933605194 -0.5664060115814209
v 0.5371090173721313 -0.2265619933605194 -0.5664060115814209
v -0.5371090173721313 -0.2070309966802597 -0.5664060115814209
v 0.5371090173721313 -0.2070309966802597 -0.5664060115814209
v -0.5371090173721313 -0.1328119933605194 -0.5664060115814209
v 0.5371090173721313 -0.1328119933605194 -0.5664060115814209
v -0.5371090173721313 -0.11523400247097015 -0.5664060115814209
v 0.5371090173721313 -0.11523400247097015 -0.5664060115814209
v -0.5371090173721313 -0.04492200165987015 -0.5664060115814209
v 0.5371090173721313 -0.04492200165987015 -0.5664060115814209
v -0.5371090173721313 -0.027343999594449997 -0.5664060115814209
v 0.5371090173721313 -0.027343999594449997 -0.5664060115814209
v -0.5371090173721313 0.041016001254320145 -0.5664060115814209
v 0.5371090173721313 0.041016001254320145 -0.5664060115814209
v -0.5371090173721313 0.05859399959445 -0.5664060115814209
v 0.5371090173721313 0.05859399959445 -0.5664060115814209
v -0.5371090173721313 0.1289059966802597 -0.5664060115814209
v 0.5371090173721313 0.1289059966802597 -0.5664060115814209
v -0.5371090173721313 0.1484380066394806 -0.5664060115814209
v 0.5371090173721313 0.1484380066394806 -0.5664060115814209
v -0.5371090173721313 0.21875 -0.5664060115814209
v 0.5371090173721313 0.21875 -0.5664060115814209
v -0.5371090173721313 0.2382809966802597 -0.5664060115814209
v 0.5371090173721313 0.2382809966802597 -0.5664060115814209
v -0.5371090173721313 0.31054699420928955 -0.5664060115814209
v 0.5371090173721313 0.31054699420928955 -0.5664060115814209
v -0.5371090173721313 0.328125 -0.5664060115814209
v 0.5371090173721313 0.328125 -0.5664060115814209
v -0.5371090173721313 0.40039101243019104 -0.5664060115814209
v 0.5371090173721313 0.40039101243019104 -0.5664060115814209
v -0.5332030057907104 -0.4023439884185791 -0.5625
v 0.5332030057907104 -0.4023439884185791 -0.5625
v -0.5332030057907104 -0.32226601243019104 -0.5625
v 0.5332030057907104 -0.32226601243019104 -0.5625
v -0.5253909826278687 -0.20898400247097015 -0.5546879768371582
v 0.5253909826278687 -0.20898400247097015 -0.5546879768371582
v -0.5234379768371582 -0.3046880066394806 -0.5507810115814209
v 0.5234379768371582 -0.3046880066394806 -0.5507810115814209
v -0.5195310115814209 -0.2226559966802597 -0.5488280057907104
v 0.5195310115814209 -0.2226559966802597 -0.5488280057907104
v -0.5195310115814209 -0.2109380066394806 -0.5488280057907104
v 0.5195310115814209 -0.2109380066394806 -0.5488280057907104
v -0.5195310115814209 -0.1289059966802597 -0.5488280057907104
v 0.5195310115814209 -0.1289059966802597 -0.5488280057907104
v -0.5195310115814209 -0.1171879991889 -0.5488280057907104
v 0.5195310115814209 -0.1171879991889 -0.5488280057907104
v -0.5195310115814209 -0.041016001254320145 -0.5488280057907104
v 0.5195310115814209 -0.041016001254320145 -0.5488280057907104
v -0.5195310115814209 -0.029296999797225 -0.5488280057907104
v 0.5195310115814209 -0.029296999797225 -0.5488280057907104
v -0.5195310115814209 0.04492200165987015 -0.5488280057907104
v 0.5195310115814209 0.04492200165987015 -0.5488280057907104
v -0.5195310115814209 0.056641001254320145 -0.5488280057907104
v 0.5195310115814209 0.056641001254320145 -0.5488280057907104
v -0.5195310115814209 0.1328119933605194 -0.5488280057907104
v 0.5195310115814209 0.1328119933605194 -0.5488280057907104
v -0.5195310115814209 0.1445309966802597 -0.5488280057907104
v 0.5195310115814209 0.1445309966802597 -0.5488280057907104
v -0.5195310115814209 0.2226559966802597 -0.5488280057907104
v 0.5195310115814209 0.2226559966802597 -0.5488280057907104
v -0.5195310115814209 0.234375 -0.5488280057907104
v 0.5195310115814209 0.234375 -0.5488280057907104
v -0.5195310115814209 0.31445300579071045 -0.5488280057907104
v 0.5195310115814209 0.31445300579071045 -0.5488280057907104
v -0.5195310115814209 0.3242189884185791 -0.5488280057907104
v 0.5195310115814209 0.3242189884185791 -0.5488280057907104
v -0.5195310115814209 0.4023439884185791 -0.5488280057907104
v 0.5195310115814209 0.4023439884185791 -0.5488280057907104
v -0.515625 -0.40429699420928955 -0.5449219942092896
v 0.515625 -0.40429699420928955 -0.5449219942092896
v -0.515625 -0.31835898756980896 -0.5449219942092896
v 0.515625 -0.31835898756980896 -0.5449219942092896
v -0.5175780057907104 -0.3085939884185791 -0.5449219942092896
v 0.5175780057907104 -0.3085939884185791 -0.5449219942092896
v -0.515625 0.40625 -0.5429689884185791
v 0.515625 0.40625 -0.5429689884185791
v -0.515625 0.4257810115814209 -0.5429689884185791
v 0.515625 0.4257810115814209 -0.5429689884185791
v -0.5078120231628418 -0.42773398756980896 -0.5371090173721313
v 0.5078120231628418 -0.42773398756980896 -0.5371090173721313
v -0.5058590173721313 -0.41601601243019104 -0.5371090173721313
v 0.5058590173721313 -0.41601601243019104 -0.5371090173721313
v -0.5078120231628418 -0.40625 -0.5371090173721313
v 0.5078120231628418 -0.40625 -0.5371090173721313
v -0.6484379768371582 -0.36132800579071045 -0.48242199420928955
v 0.6484379768371582 -0.36132800579071045 -0.48242199420928955
v -0.6425780057907104 -0.4375 -0.4804689884185791
v 0.6425780057907104 -0.4375 -0.4804689884185791
v -0.6464840173721313 -0.2734380066394806 -0.4804689884185791
v 0.6464840173721313 -0.2734380066394806 -0.4804689884185791
v -0.6464840173721313 -0.2539060115814209 -0.4804689884185791
v 0.6464840173721313 -0.2539060115814209 -0.4804689884185791
v -0.6464840173721313 -0.17773400247097015 -0.4804689884185791
v 0.6464840173721313 -0.17773400247097015 -0.4804689884185791
v -0.6464840173721313 -0.1601559966802597 -0.4804689884185791
v 0.6464840173721313 -0.1601559966802597 -0.4804689884185791
v -0.6464840173721313 -0.0859379991889 -0.4804689884185791
v 0.6464840173721313 -0.0859379991889 -0.4804689884185791
v -0.6464840173721313 -0.06835900247097015 -0.4804689884185791
v 0.6464840173721313 -0.06835900247097015 -0.4804689884185791
v -0.6464840173721313 0.0019529999699443579 -0.4804689884185791
v 0.6464840173721313 0.0019529999699443579 -0.4804689884185791
v -0.6464840173721313 0.017578000202775 -0.4804689884185791
v 0.6464840173721313 0.017578000202775 -0.4804689884185791
v -0.6464840173721313 0.08789099752902985 -0.4804689884185791
v 0.6464840173721313 0.08789099752902985 -0.4804689884185791
v -0.6464840173721313 0.10351599752902985 -0.4804689884185791
v 0.6464840173721313 0.10351599752902985 -0.4804689884185791
v -0.6464840173721313 0.1757809966802597 -0.4804689884185791
v 0.6464840173721313 0.1757809966802597 -0.4804689884185791
v -0.6464840173721313 0.1914059966802597 -0.4804689884185791
v 0.6464840173721313 0.1914059966802597 -0.4804689884185791
v -0.6464840173721313 0.265625 -0.4804689884185791
v 0.6464840173721313 0.265625 -0.4804689884185791
v -0.6464840173721313 0.28320300579071045 -0.4804689884185791
v 0.6464840173721313 0.28320300579071045 -0.4804689884185791
v -0.6464840173721313 0.35742199420928955 -0.4804689884185791
v 0.6464840173721313 0.35742199420928955 -0.4804689884185791
v -0.6464840173721313 0.375 -0.4804689884185791
v 0.6464840173721313 0.375 -0.4804689884185791
v -0.6464840173721313 0.4335939884185791 -0.4804689884185791
v 0.6464840173721313 0.4335939884185791 -0.4804689884185791
v 0.0 0.6328120231628418 -0.4804689884185791
v 0.0 -0.6328120231628418 -0.47851601243019104
v -0.6445310115814209 -0.3789060115814209 -0.47851601243019104
v 0.6445310115814209 -0.3789060115814209 -0.47851601243019104
v -0.6445310115814209 -0.34375 -0.47851601243019104
v 0.6445310115814209 -0.34375 -0.47851601243019104
v -0.640625 -0.29101601243019104 -0.47460898756980896
v 0.640625 -0.29101601243019104 -0.47460898756980896
v -0.640625 -0.2382809966802597 -0.47460898756980896
v 0.640625 -0.2382809966802597 -0.47460898756980896
v -0.640625 -0.1953119933605194 -0.47460898756980896
v 0.640625 -0.1953119933605194 -0.47460898756980896
v -0.640625 -0.1445309966802597 -0.47460898756980896
v 0.640625 -0.1445309966802597 -0.47460898756980896
v -0.640625 -0.10351599752902985 -0.47460898756980896
v 0.640625 -0.10351599752902985 -0.47460898756980896
v -0.640625 -0.052733998745679855 -0.47460898756980896
v 0.640625 -0.052733998745679855 -0.47460898756980896
v -0.640625 -0.015625 -0.47460898756980896
v 0.640625 -0.015625 -0.47460898756980896
v -0.640625 0.03125 -0.47460898756980896
v 0.640625 0.03125 -0.47460898756980896
v -0.640625 0.0703120008111 -0.47460898756980896
v 0.640625 0.0703120008111 -0.47460898756980896
v -0.640625 0.11914099752902985 -0.47460898756980896
v 0.640625 0.11914099752902985 -0.47460898756980896
v -0.640625 0.15820300579071045 -0.47460898756980896
v 0.640625 0.15820300579071045 -0.47460898756980896
v -0.640625 0.20898400247097015 -0.47460898756980896
v 0.640625 0.20898400247097015 -0.47460898756980896
v -0.640625 0.24804699420928955 -0.47460898756980896
v 0.640625 0.24804699420928955 -0.47460898756980896
v -0.640625 0.29882800579071045 -0.47460898756980896
v 0.640625 0.29882800579071045 -0.47460898756980896
v -0.640625 0.3398439884185791 -0.47460898756980896
v 0.640625 0.3398439884185791 -0.47460898756980896
v -0.640625 0.390625 -0.47460898756980896
v 0.640625 0.390625 -0.47460898756980896
v -0.6347659826278687 -0.3945310115814209 -0.4726560115814209
v 0.6347659826278687 -0.3945310115814209 -0.4726560115814209
v -0.6347659826278687 -0.328125 -0.4726560115814209
v 0.6347659826278687 -0.328125 -0.4726560115814209
v -0.625 -0.4335939884185791 -0.46679699420928955
v 0.625 -0.4335939884185791 -0.46679699420928955
v -0.6269530057907104 -0.30273398756980896 -0.46679699420928955
v 0.6269530057907104 -0.30273398756980896 -0.46679699420928955
v -0.6269530057907104 -0.2265619933605194 -0.46679699420928955
v 0.6269530057907104 -0.2265619933605194 -0.46679699420928955
v -0.6269530057907104 -0.2070309966802597 -0.46679699420928955
v 0.6269530057907104 -0.2070309966802597 -0.46679699420928955
v -0.6269530057907104 -0.1328119933605194 -0.46679699420928955
v 0.6269530057907104 -0.1328119933605194 -0.46679699420928955
v -0.6269530057907104 -0.11523400247097015 -0.46679699420928955
v 0.6269530057907104 -0.11523400247097015 -0.46679699420928955
v -0.6269530057907104 -0.04492200165987015 -0.46679699420928955
v 0.6269530057907104 -0.04492200165987015 -0.46679699420928955
v -0.6269530057907104 -0.027343999594449997 -0.46679699420928955
v 0.6269530057907104 -0.027343999594449997 -0.46679699420928955
v -0.6269530057907104 0.041016001254320145 -0.46679699420928955
v 0.6269530057907104 0.041016001254320145 -0.46679699420928955
v -0.6269530057907104 0.05859399959445 -0.46679699420928955
v 0.6269530057907104 0.05859399959445 -0.46679699420928955
v -0.6269530057907104 0.1289059966802597 -0.46679699420928955
v 0.6269530057907104 0.1289059966802597 -0.46679699420928955
v -0.6269530057907104 0.1484380066394806 -0.46679699420928955
v 0.6269530057907104 0.1484380066394806 -0.46679699420928955
v -0.6269530057907104 0.21875 -0.46679699420928955
v 0.6269530057907104 0.21875 -0.46679699420928955
v -0.6269530057907104 0.2382809966802597 -0.46679699420928955
v 0.6269530057907104 0.2382809966802597 -0.46679699420928955
v -0.6269530057907104 0.31054699420928955 -0.46679699420928955
v 0.6269530057907104 0.31054699420928955 -0.46679699420928955
v -0.6269530057907104 0.328125 -0.46679699420928955
v 0.6269530057907104 0.328125 -0.46679699420928955
v -0.6269530057907104 0.40039101243019104 -0.46679699420928955
v 0.6269530057907104 0.40039101243019104 -0.46679699420928955
v -0.6230469942092896 -0.4023439884185791 -0.46289101243019104
v 0.6230469942092896 -0.4023439884185791 -0.46289101243019104
v -0.6230469942092896 -0.32226601243019104 -0.46289101243019104
v 0.6230469942092896 -0.32226601243019104 -0.46289101243019104
v 0.0 0.6269530057907104 -0.45898398756980896
v -0.6113280057907104 -0.3046880066394806 -0.45507800579071045
v 0.6113280057907104 -0.3046880066394806 -0.45507800579071045
v -0.6132810115814209 -0.20898400247097015 -0.45507800579071045
v 0.6132810115814209 -0.20898400247097015 -0.45507800579071045
v -0.6074219942092896 -0.2226559966802597 -0.45117199420928955
v 0.6074219942092896 -0.2226559966802597 -0.45117199420928955
v -0.6074219942092896 -0.2109380066394806 -0.45117199420928955
v 0.6074219942092896 -0.2109380066394806 -0.45117199420928955
v -0.6074219942092896 -0.1289059966802597 -0.45117199420928955
v 0.6074219942092896 -0.1289059966802597 -0.45117199420928955
v -0.6074219942092896 -0.1171879991889 -0.45117199420928955
v 0.6074219942092896 -0.1171879991889 -0.45117199420928955
v -0.6074219942092896 -0.041016001254320145 -0.45117199420928955
v 0.6074219942092896 -0.041016001254320145 -0.45117199420928955
v -0.6074219942092896 -0.029296999797225 -0.45117199420928955
v 0.6074219942092896 -0.029296999797225 -0.45117199420928955
v -0.6074219942092896 0.04492200165987015 -0.45117199420928955
v 0.6074219942092896 0.04492200165987015 -0.45117199420928955
v -0.6074219942092896 0.056641001254320145 -0.45117199420928955
v 0.6074219942092896 0.056641001254320145 -0.45117199420928955
v -0.6074219942092896 0.1328119933605194 -0.45117199420928955
v 0.6074219942092896 0.1328119933605194 -0.45117199420928955
v -0.6074219942092896 0.1445309966802597 -0.45117199420928955
v 0.6074219942092896 0.1445309966802597 -0.45117199420928955
v -0.6074219942092896 0.2226559966802597 -0.45117199420928955
v 0.6074219942092896 0.2226559966802597 -0.45117199420928955
v -0.6074219942092896 0.234375 -0.45117199420928955
v 0.6074219942092896 0.234375 -0.45117199420928955
v -0.6074219942092896 0.31445300579071045 -0.45117199420928955
v 0.6074219942092896 0.31445300579071045 -0.45117199420928955
v -0.6074219942092896 0.3242189884185791 -0.45117199420928955
v 0.6074219942092896 0.3242189884185791 -0.45117199420928955
v -0.6074219942092896 0.4023439884185791 -0.45117199420928955
v 0.6074219942092896 0.4023439884185791 -0.45117199420928955
v 0.0 -0.625 -0.4492189884185791
v -0.6015620231628418 -0.40429699420928955 -0.4492189884185791
v 0.6015620231628418 -0.40429699420928955 -0.4492189884185791
v -0.6015620231628418 -0.31835898756980896 -0.4492189884185791
v 0.6015620231628418 -0.31835898756980896 -0.4492189884185791
v -0.6035159826278687 -0.3085939884185791 -0.4492189884185791
v 0.6035159826278687 -0.3085939884185791 -0.4492189884185791
v -0.5996090173721313 0.40625 -0.44726601243019104
v 0.5996090173721313 0.40625 -0.44726601243019104
v -0.5996090173721313 0.4257810115814209 -0.44726601243019104
v 0.5996090173721313 0.4257810115814209 -0.44726601243019104
v -0.59375 -0.42773398756980896 -0.4414060115814209
v 0.59375 -0.42773398756980896 -0.4414060115814209
v -0.5917969942092896 -0.41601601243019104 -0.4414060115814209
v 0.5917969942092896 -0.41601601243019104 -0.4414060115814209
v -0.59375 -0.40625 -0.4414060115814209
v 0.59375 -0.40625 -0.4414060115814209
v -0.20898400247097015 0.6328120231628418 -0.4375
v 0.20898400247097015 0.6328120231628418 -0.4375
v -0.21679699420928955 -0.6328120231628418 -0.4335939884185791
v 0.21679699420928955 -0.6328120231628418 -0.4335939884185791
v -0.1992190033197403 0.6269530057907104 -0.4179689884185791
v 0.1992190033197403 0.6269530057907104 -0.4179689884185791
v 0.0 -0.625 -0.4140619933605194
v 0.0 0.6230469942092896 -0.41210898756980896
v -0.20507800579071045 -0.625 -0.40625
v 0.20507800579071045 -0.625 -0.40625
v 0.0 -0.6152340173721313 -0.40625
v 0.0 0.6132810115814209 -0.40429699420928955
v 0.0 -0.48632800579071045 -0.39648398756980896
v 0.0 0.4570310115814209 -0.39648398756980896
v 0.0 0.45898398756980896 -0.3945310115814209
v -0.1875 -0.625 -0.375
v 0.1875 -0.625 -0.375
v -0.1796880066394806 0.6230469942092896 -0.375
v 0.1796880066394806 0.6230469942092896 -0.375
v -0.1757809966802597 -0.6152340173721313 -0.36914101243019104
v 0.1757809966802597 -0.6152340173721313 -0.36914101243019104
v -0.7167969942092896 -0.4375 -0.36914101243019104
v 0.7167969942092896 -0.4375 -0.36914101243019104
v -0.7207030057907104 -0.36132800579071045 -0.36914101243019104
v 0.7207030057907104 -0.36132800579071045 -0.36914101243019104
v -0.7167969942092896 -0.3789060115814209 -0.3671880066394806
v 0.7167969942092896 -0.3789060115814209 -0.3671880066394806
v -0.7167969942092896 -0.34375 -0.3671880066394806
v 0.7167969942092896 -0.34375 -0.3671880066394806
v -0.7207030057907104 -0.2734380066394806 -0.3671880066394806
v 0.7207030057907104 -0.2734380066394806 -0.3671880066394806
v -0.7207030057907104 -0.2539060115814209 -0.3671880066394806
v 0.7207030057907104 -0.2539060115814209 -0.3671880066394806
v -0.7207030057907104 -0.17773400247097015 -0.3671880066394806
v 0.7207030057907104 -0.17773400247097015 -0.3671880066394806
v -0.7207030057907104 -0.1601559966802597 -0.3671880066394806
v 0.7207030057907104 -0.1601559966802597 -0.3671880066394806
v -0.7207030057907104 -0.0859379991889 -0.3671880066394806
v 0.7207030057907104 -0.0859379991889 -0.3671880066394806
v -0.7207030057907104 -0.06835900247097015 -0.3671880066394806
v 0.7207030057907104 -0.06835900247097015 -0.3671880066394806
v -0.7207030057907104 0.0019529999699443579 -0.3671880066394806
v 0.7207030057907104 0.0019529999699443579 -0.3671880066394806
v -0.7207030057907104 0.017578000202775 -0.3671880066394806
v 0.7207030057907104 0.017578000202775 -0.3671880066394806
v -0.7207030057907104 0.08789099752902985 -0.3671880066394806
v 0.7207030057907104 0.08789099752902985 -0.3671880066394806
v -0.7207030057907104 0.10351599752902985 -0.3671880066394806
v 0.7207030057907104 0.10351599752902985 -0.3671880066394806
v -0.7207030057907104 0.1757809966802597 -0.3671880066394806
v 0.7207030057907104 0.1757809966802597 -0.3671880066394806
v -0.7207030057907104 0.1914059966802597 -0.3671880066394806
v 0.7207030057907104 0.1914059966802597 -0.3671880066394806
v -0.7207030057907104 0.265625 -0.3671880066394806
v 0.7207030057907104 0.265625 -0.3671880066394806
v -0.7207030057907104 0.28320300579071045 -0.3671880066394806
v 0.7207030057907104 0.28320300579071045 -0.3671880066394806
v -0.7207030057907104 0.35742199420928955 -0.3671880066394806
v 0.7207030057907104 0.35742199420928955 -0.3671880066394806
v -0.7207030057907104 0.375 -0.3671880066394806
v 0.7207030057907104 0.375 -0.3671880066394806
v -0.7207030057907104 0.4335939884185791 -0.3671880066394806
v 0.7207030057907104 0.4335939884185791 -0.3671880066394806
v -0.1757809966802597 0.6132810115814209 -0.3671880066394806
v 0.1757809966802597 0.6132810115814209 -0.3671880066394806
v -0.7128909826278687 -0.29101601243019104 -0.3632810115814209
v 0.7128909826278687 -0.29101601243019104 -0.3632810115814209
v -0.7128909826278687 -0.2382809966802597 -0.3632810115814209
v 0.7128909826278687 -0.2382809966802597 -0.3632810115814209
v -0.7128909826278687 -0.1953119933605194 -0.3632810115814209
v 0.7128909826278687 -0.1953119933605194 -0.3632810115814209
v -0.7128909826278687 -0.1445309966802597 -0.3632810115814209
v 0.7128909826278687 -0.1445309966802597 -0.3632810115814209
v -0.7128909826278687 -0.10351599752902985 -0.3632810115814209
v 0.7128909826278687 -0.10351599752902985 -0.3632810115814209
v -0.7128909826278687 -0.052733998745679855 -0.3632810115814209
v 0.7128909826278687 -0.052733998745679855 -0.3632810115814209
v -0.7128909826278687 -0.015625 -0.3632810115814209
v 0.7128909826278687 -0.015625 -0.3632810115814209
v -0.7128909826278687 0.03125 -0.3632810115814209
v 0.7128909826278687 0.03125 -0.3632810115814209
v -0.7128909826278687 0.0703120008111 -0.3632810115814209
v 0.7128909826278687 0.0703120008111 -0.3632810115814209
v -0.7128909826278687 0.11914099752902985 -0.3632810115814209
v 0.7128909826278687 0.11914099752902985 -0.3632810115814209
v -0.7128909826278687 0.15820300579071045 -0.3632810115814209
v 0.7128909826278687 0.15820300579071045 -0.3632810115814209
v -0.7128909826278687 0.20898400247097015 -0.3632810115814209
v 0.7128909826278687 0.20898400247097015 -0.3632810115814209
v -0.7128909826278687 0.24804699420928955 -0.3632810115814209
v 0.7128909826278687 0.24804699420928955 -0.3632810115814209
v -0.7128909826278687 0.29882800579071045 -0.3632810115814209
v 0.7128909826278687 0.29882800579071045 -0.3632810115814209
v -0.7128909826278687 0.3398439884185791 -0.3632810115814209
v 0.7128909826278687 0.3398439884185791 -0.3632810115814209
v -0.7128909826278687 0.390625 -0.3632810115814209
v 0.7128909826278687 0.390625 -0.3632810115814209
v -0.7070310115814209 -0.3945310115814209 -0.36132800579071045
v 0.7070310115814209 -0.3945310115814209 -0.36132800579071045
v -0.7070310115814209 -0.328125 -0.36132800579071045
v 0.7070310115814209 -0.328125 -0.36132800579071045
v -0.171875 -0.48632800579071045 -0.359375
v 0.171875 -0.48632800579071045 -0.359375
v -0.171875 0.4570310115814209 -0.359375
v 0.171875 0.4570310115814209 -0.359375
v -0.171875 0.45898398756980896 -0.359375
v 0.171875 0.45898398756980896 -0.359375
v -0.6972659826278687 -0.4335939884185791 -0.35742199420928955
v 0.6972659826278687 -0.4335939884185791 -0.35742199420928955
v -0.6992189884185791 -0.30273398756980896 -0.35742199420928955
v 0.6992189884185791 -0.30273398756980896 -0.35742199420928955
v -0.6992189884185791 -0.2265619933605194 -0.35742199420928955
v 0.6992189884185791 -0.2265619933605194 -0.35742199420928955
v -0.6992189884185791 -0.2070309966802597 -0.35742199420928955
v 0.6992189884185791 -0.2070309966802597 -0.35742199420928955
v -0.6992189884185791 -0.1328119933605194 -0.35742199420928955
v 0.6992189884185791 -0.1328119933605194 -0.35742199420928955
v -0.6992189884185791 -0.11523400247097015 -0.35742199420928955
v 0.6992189884185791 -0.11523400247097015 -0.35742199420928955
v -0.6992189884185791 -0.04492200165987015 -0.35742199420928955
v 0.6992189884185791 -0.04492200165987015 -0.35742199420928955
v -0.6992189884185791 -0.027343999594449997 -0.35742199420928955
v 0.6992189884185791 -0.027343999594449997 -0.35742199420928955
v -0.6992189884185791 0.041016001254320145 -0.35742199420928955
v 0.6992189884185791 0.041016001254320145 -0.35742199420928955
v -0.6992189884185791 0.05859399959445 -0.35742199420928955
v 0.6992189884185791 0.05859399959445 -0.35742199420928955
v -0.6992189884185791 0.1289059966802597 -0.35742199420928955
v 0.6992189884185791 0.1289059966802597 -0.35742199420928955
v -0.6992189884185791 0.1484380066394806 -0.35742199420928955
v 0.6992189884185791 0.1484380066394806 -0.35742199420928955
v -0.6992189884185791 0.21875 -0.35742199420928955
v 0.6992189884185791 0.21875 -0.35742199420928955
v -0.6992189884185791 0.2382809966802597 -0.35742199420928955
v 0.6992189884185791 0.2382809966802597 -0.35742199420928955
v -0.6992189884185791 0.31054699420928955 -0.35742199420928955
v 0.6992189884185791 0.31054699420928955 -0.35742199420928955
v -0.6992189884185791 0.328125 -0.35742199420928955
v 0.6992189884185791 0.328125 -0.35742199420928955
v -0.6992189884185791 0.40039101243019104 -0.35742199420928955
v 0.6992189884185791 0.40039101243019104 -0.35742199420928955
v -0.6953120231628418 -0.4023439884185791 -0.3554689884185791
v 0.6953120231628418 -0.4023439884185791 -0.3554689884185791
v -0.6953120231628418 -0.32226601243019104 -0.3554689884185791
v 0.6953120231628418 -0.32226601243019104 -0.3554689884185791
v -0.6835939884185791 -0.20898400247097015 -0.34960898756980896
v 0.6835939884185791 -0.20898400247097015 -0.34960898756980896
v -0.6816409826278687 -0.3046880066394806 -0.3476560115814209
v 0.6816409826278687 -0.3046880066394806 -0.3476560115814209
v -0.6777340173721313 -0.2226559966802597 -0.34570300579071045
v 0.6777340173721313 -0.2226559966802597 -0.34570300579071045
v -0.6777340173721313 -0.2109380066394806 -0.34570300579071045
v 0.6777340173721313 -0.2109380066394806 -0.34570300579071045
v -0.6777340173721313 -0.1289059966802597 -0.34570300579071045
v 0.6777340173721313 -0.1289059966802597 -0.34570300579071045
v -0.6777340173721313 -0.1171879991889 -0.34570300579071045
v 0.6777340173721313 -0.1171879991889 -0.34570300579071045
v -0.6777340173721313 -0.041016001254320145 -0.34570300579071045
v 0.6777340173721313 -0.041016001254320145 -0.34570300579071045
v -0.6777340173721313 -0.029296999797225 -0.34570300579071045
v 0.6777340173721313 -0.029296999797225 -0.34570300579071045
v -0.6777340173721313 0.04492200165987015 -0.34570300579071045
v 0.6777340173721313 0.04492200165987015 -0.34570300579071045
v -0.6777340173721313 0.056641001254320145 -0.34570300579071045
v 0.6777340173721313 0.056641001254320145 -0.34570300579071045
v -0.6777340173721313 0.1328119933605194 -0.34570300579071045
v 0.6777340173721313 0.1328119933605194 -0.34570300579071045
v -0.6777340173721313 0.1445309966802597 -0.34570300579071045
v 0.6777340173721313 0.1445309966802597 -0.34570300579071045
v -0.6777340173721313 0.2226559966802597 -0.34570300579071045
v 0.6777340173721313 0.2226559966802597 -0.34570300579071045
v -0.6777340173721313 0.234375 -0.34570300579071045
v 0.6777340173721313 0.234375 -0.34570300579071045
v -0.6777340173721313 0.31445300579071045 -0.34570300579071045
v 0.6777340173721313 0.31445300579071045 -0.34570300579071045
v -0.6777340173721313 0.3242189884185791 -0.34570300579071045
v 0.6777340173721313 0.3242189884185791 -0.34570300579071045
v -0.6777340173721313 0.4023439884185791 -0.34570300579071045
v 0.6777340173721313 0.4023439884185791 -0.34570300579071045
v -0.671875 -0.40429699420928955 -0.34375
v 0.671875 -0.40429699420928955 -0.34375
v -0.671875 -0.31835898756980896 -0.34375
v 0.671875 -0.31835898756980896 -0.34375
v -0.6738280057907104 -0.3085939884185791 -0.34375
v 0.6738280057907104 -0.3085939884185791 -0.34375
v -0.6699219942092896 0.40625 -0.34179699420928955
v 0.6699219942092896 0.40625 -0.34179699420928955
v -0.6699219942092896 0.4257810115814209 -0.34179699420928955
v 0.6699219942092896 0.4257810115814209 -0.34179699420928955
v -0.6621090173721313 -0.42773398756980896 -0.33789101243019104
v 0.6621090173721313 -0.42773398756980896 -0.33789101243019104
v -0.6601560115814209 -0.41601601243019104 -0.33789101243019104
v 0.6601560115814209 -0.41601601243019104 -0.33789101243019104
v -0.6621090173721313 -0.40625 -0.33789101243019104
v 0.6621090173721313 -0.40625 -0.33789101243019104
v -0.36914101243019104 0.6328120231628418 -0.32226601243019104
v 0.36914101243019104 0.6328120231628418 -0.32226601243019104
v -0.37695300579071045 -0.6328120231628418 -0.31835898756980896
v 0.37695300579071045 -0.6328120231628418 -0.31835898756980896
v -0.35351601243019104 0.6269530057907104 -0.30664101243019104
v 0.35351601243019104 0.6269530057907104 -0.30664101243019104
v -0.3554689884185791 -0.625 -0.29882800579071045
v 0.3554689884185791 -0.625 -0.29882800579071045
v -0.32617199420928955 -0.625 -0.27539101243019104
v 0.32617199420928955 -0.625 -0.27539101243019104
v -0.31835898756980896 0.6230469942092896 -0.27539101243019104
v 0.31835898756980896 0.6230469942092896 -0.27539101243019104
v -0.3164060115814209 -0.6152340173721313 -0.2695310115814209
v 0.3164060115814209 -0.6152340173721313 -0.2695310115814209
v -0.3125 0.6132810115814209 -0.2695310115814209
v 0.3125 0.6132810115814209 -0.2695310115814209
v -0.3085939884185791 -0.48632800579071045 -0.26367199420928955
v 0.3085939884185791 -0.48632800579071045 -0.26367199420928955
v -0.3085939884185791 0.4570310115814209 -0.26367199420928955
v 0.3085939884185791 0.4570310115814209 -0.26367199420928955
v -0.30664101243019104 0.45898398756980896 -0.26367199420928955
v 0.30664101243019104 0.45898398756980896 -0.26367199420928955
v -0.7734379768371582 -0.4375 -0.25195300579071045
v 0.7734379768371582 -0.4375 -0.25195300579071045
v -0.7734379768371582 -0.36132800579071045 -0.25195300579071045
v 0.7734379768371582 -0.36132800579071045 -0.25195300579071045
v -0.7714840173721313 -0.2734380066394806 -0.25195300579071045
v 0.7714840173721313 -0.2734380066394806 -0.25195300579071045
v -0.7714840173721313 -0.2539060115814209 -0.25195300579071045
v 0.7714840173721313 -0.2539060115814209 -0.25195300579071045
v -0.7714840173721313 -0.17773400247097015 -0.25195300579071045
v 0.7714840173721313 -0.17773400247097015 -0.25195300579071045
v -0.7714840173721313 -0.1601559966802597 -0.25195300579071045
v 0.7714840173721313 -0.1601559966802597 -0.25195300579071045
v -0.7714840173721313 -0.0859379991889 -0.25195300579071045
v 0.7714840173721313 -0.0859379991889 -0.25195300579071045
v -0.7714840173721313 -0.06835900247097015 -0.25195300579071045
v 0.7714840173721313 -0.06835900247097015 -0.25195300579071045
v -0.7714840173721313 0.0019529999699443579 -0.25195300579071045
v 0.7714840173721313 0.0019529999699443579 -0.25195300579071045
v -0.7714840173721313 0.017578000202775 -0.25195300579071045
v 0.7714840173721313 0.017578000202775 -0.25195300579071045
v -0.7714840173721313 0.08789099752902985 -0.25195300579071045
v 0.7714840173721313 0.08789099752902985 -0.25195300579071045
v -0.7714840173721313 0.10351599752902985 -0.25195300579071045
v 0.7714840173721313 0.10351599752902985 -0.25195300579071045
v -0.7714840173721313 0.1757809966802597 -0.25195300579071045
v 0.7714840173721313 0.1757809966802597 -0.25195300579071045
v -0.7714840173721313 0.1914059966802597 -0.25195300579071045
v 0.7714840173721313 0.1914059966802597 -0.25195300579071045
v -0.7714840173721313 0.265625 -0.25195300579071045
v 0.7714840173721313 0.265625 -0.25195300579071045
v -0.7714840173721313 0.28320300579071045 -0.25195300579071045
v 0.7714840173721313 0.28320300579071045 -0.25195300579071045
v -0.7714840173721313 0.35742199420928955 -0.25195300579071045
v 0.7714840173721313 0.35742199420928955 -0.25195300579071045
v -0.7714840173721313 0.375 -0.25195300579071045
v 0.7714840173721313 0.375 -0.25195300579071045
v -0.7714840173721313 0.4335939884185791 -0.25195300579071045
v 0.7714840173721313 0.4335939884185791 -0.25195300579071045
v -0.7695310115814209 -0.3789060115814209 -0.25
v 0.7695310115814209 -0.3789060115814209 -0.25
v -0.7695310115814209 -0.34375 -0.25
v 0.7695310115814209 -0.34375 -0.25
v -0.7636719942092896 -0.29101601243019104 -0.24804699420928955
v 0.7636719942092896 -0.29101601243019104 -0.24804699420928955
v -0.7636719942092896 -0.2382809966802597 -0.24804699420928955
v 0.7636719942092896 -0.2382809966802597 -0.24804699420928955
v -0.7636719942092896 -0.1953119933605194 -0.24804699420928955
v 0.7636719942092896 -0.1953119933605194 -0.24804699420928955
v -0.7636719942092896 -0.1445309966802597 -0.24804699420928955
v 0.7636719942092896 -0.1445309966802597 -0.24804699420928955
v -0.7636719942092896 -0.10351599752902985 -0.24804699420928955
v 0.7636719942092896 -0.10351599752902985 -0.24804699420928955
v -0.7636719942092896 -0.052733998745679855 -0.24804699420928955
v 0.7636719942092896 -0.052733998745679855 -0.24804699420928955
v -0.7636719942092896 -0.015625 -0.24804699420928955
v 0.7636719942092896 -0.015625 -0.24804699420928955
v -0.7636719942092896 0.03125 -0.24804699420928955
v 0.7636719942092896 0.03125 -0.24804699420928955
v -0.7636719942092896 0.0703120008111 -0.24804699420928955
v 0.7636719942092896 0.0703120008111 -0.24804699420928955
v -0.7636719942092896 0.11914099752902985 -0.24804699420928955
v 0.7636719942092896 0.11914099752902985 -0.24804699420928955
v -0.7636719942092896 0.15820300579071045 -0.24804699420928955
v 0.7636719942092896 0.15820300579071045 -0.24804699420928955
v -0.7636719942092896 0.20898400247097015 -0.24804699420928955
v 0.7636719942092896 0.20898400247097015 -0.24804699420928955
v -0.7636719942092896 0.24804699420928955 -0.24804699420928955
v 0.7636719942092896 0.24804699420928955 -0.24804699420928955
v -0.7636719942092896 0.29882800579071045 -0.24804699420928955
v 0.7636719942092896 0.29882800579071045 -0.24804699420928955
v -0.7636719942092896 0.3398439884185791 -0.24804699420928955
v 0.7636719942092896 0.3398439884185791 -0.24804699420928955
v -0.7636719942092896 0.390625 -0.24804699420928955
v 0.7636719942092896 0.390625 -0.24804699420928955
v -0.7539060115814209 -0.4335939884185791 -0.2460940033197403
v 0.7539060115814209 -0.4335939884185791 -0.2460940033197403
v -0.7578120231628418 -0.3945310115814209 -0.2460940033197403
v 0.7578120231628418 -0.3945310115814209 -0.2460940033197403
v -0.7578120231628418 -0.328125 -0.2460940033197403
v 0.7578120231628418 -0.328125 -0.2460940033197403
v -0.75 -0.30273398756980896 -0.24414099752902985
v 0.75 -0.30273398756980896 -0.24414099752902985
v -0.75 -0.2265619933605194 -0.24414099752902985
v 0.75 -0.2265619933605194 -0.24414099752902985
v -0.75 -0.2070309966802597 -0.24414099752902985
v 0.75 -0.2070309966802597 -0.24414099752902985
v -0.75 -0.1328119933605194 -0.24414099752902985
v 0.75 -0.1328119933605194 -0.24414099752902985
v -0.75 -0.11523400247097015 -0.24414099752902985
v 0.75 -0.11523400247097015 -0.24414099752902985
v -0.75 -0.04492200165987015 -0.24414099752902985
v 0.75 -0.04492200165987015 -0.24414099752902985
v -0.75 -0.027343999594449997 -0.24414099752902985
v 0.75 -0.027343999594449997 -0.24414099752902985
v -0.75 0.041016001254320145 -0.24414099752902985
v 0.75 0.041016001254320145 -0.24414099752902985
v -0.75 0.05859399959445 -0.24414099752902985
v 0.75 0.05859399959445 -0.24414099752902985
v -0.75 0.1289059966802597 -0.24414099752902985
v 0.75 0.1289059966802597 -0.24414099752902985
v -0.75 0.1484380066394806 -0.24414099752902985
v 0.75 0.1484380066394806 -0.24414099752902985
v -0.75 0.21875 -0.24414099752902985
v 0.75 0.21875 -0.24414099752902985
v -0.75 0.2382809966802597 -0.24414099752902985
v 0.75 0.2382809966802597 -0.24414099752902985
v -0.75 0.31054699420928955 -0.24414099752902985
v 0.75 0.31054699420928955 -0.24414099752902985
v -0.75 0.328125 -0.24414099752902985
v 0.75 0.328125 -0.24414099752902985
v -0.75 0.40039101243019104 -0.24414099752902985
v 0.75 0.40039101243019104 -0.24414099752902985
v -0.7441409826278687 -0.4023439884185791 -0.2421880066394806
v 0.7441409826278687 -0.4023439884185791 -0.2421880066394806
v -0.7441409826278687 -0.32226601243019104 -0.2421880066394806
v 0.7441409826278687 -0.32226601243019104 -0.2421880066394806
v -0.7304689884185791 -0.3046880066394806 -0.2382809966802597
v 0.7304689884185791 -0.3046880066394806 -0.2382809966802597
v -0.7324219942092896 -0.20898400247097015 -0.2382809966802597
v 0.7324219942092896 -0.20898400247097015 -0.2382809966802597
v -0.7265620231628418 -0.2226559966802597 -0.23632800579071045
v 0.7265620231628418 -0.2226559966802597 -0.23632800579071045
v -0.7265620231628418 -0.2109380066394806 -0.23632800579071045
v 0.7265620231628418 -0.2109380066394806 -0.23632800579071045
v -0.7265620231628418 -0.1289059966802597 -0.23632800579071045
v 0.7265620231628418 -0.1289059966802597 -0.23632800579071045
v -0.7265620231628418 -0.1171879991889 -0.23632800579071045
v 0.7265620231628418 -0.1171879991889 -0.23632800579071045
v -0.7265620231628418 -0.041016001254320145 -0.23632800579071045
v 0.7265620231628418 -0.041016001254320145 -0.23632800579071045
v -0.7265620231628418 -0.029296999797225 -0.23632800579071045
v 0.7265620231628418 -0.029296999797225 -0.23632800579071045
v -0.7265620231628418 0.04492200165987015 -0.23632800579071045
v 0.7265620231628418 0.04492200165987015 -0.23632800579071045
v -0.7265620231628418 0.056641001254320145 -0.23632800579071045
v 0.7265620231628418 0.056641001254320145 -0.23632800579071045
v -0.7265620231628418 0.1328119933605194 -0.23632800579071045
v 0.7265620231628418 0.1328119933605194 -0.23632800579071045
v -0.7265620231628418 0.1445309966802597 -0.23632800579071045
v 0.7265620231628418 0.1445309966802597 -0.23632800579071045
v -0.7265620231628418 0.2226559966802597 -0.23632800579071045
v 0.7265620231628418 0.2226559966802597 -0.23632800579071045
v -0.7265620231628418 0.234375 -0.23632800579071045
v 0.7265620231628418 0.234375 -0.23632800579071045
v -0.7265620231628418 0.31445300579071045 -0.23632800579071045
v 0.7265620231628418 0.31445300579071045 -0.23632800579071045
v -0.7265620231628418 0.3242189884185791 -0.23632800579071045
v 0.7265620231628418 0.3242189884185791 -0.23632800579071045
v -0.7265620231628418 0.4023439884185791 -0.23632800579071045
v 0.7265620231628418 0.4023439884185791 -0.23632800579071045
v -0.7207030057907104 -0.40429699420928955 -0.234375
v 0.7207030057907104 -0.40429699420928955 -0.234375
v -0.7207030057907104 -0.31835898756980896 -0.234375
v 0.7207030057907104 -0.31835898756980896 -0.234375
v -0.7246090173721313 -0.3085939884185791 -0.234375
v 0.7246090173721313 -0.3085939884185791 -0.234375
v -0.71875 0.40625 -0.234375
v 0.71875 0.40625 -0.234375
v -0.71875 0.4257810115814209 -0.234375
v 0.71875 0.4257810115814209 -0.234375
v -0.7109379768371582 -0.42773398756980896 -0.2304690033197403
v 0.7109379768371582 -0.42773398756980896 -0.2304690033197403
v -0.7089840173721313 -0.41601601243019104 -0.2304690033197403
v 0.7089840173721313 -0.41601601243019104 -0.2304690033197403
v -0.7109379768371582 -0.40625 -0.2304690033197403
v 0.7109379768371582 -0.40625 -0.2304690033197403
v -0.9394530057907104 -0.625 -0.2070309966802597
v 0.9394530057907104 -0.625 -0.2070309966802597
v -0.9394530057907104 -0.44726601243019104 -0.2070309966802597
v 0.9394530057907104 -0.44726601243019104 -0.2070309966802597
v -0.9316409826278687 0.43945300579071045 -0.2070309966802597
v 0.9316409826278687 0.43945300579071045 -0.2070309966802597
v -0.9414060115814209 0.44726601243019104 -0.2070309966802597
v 0.9414060115814209 0.44726601243019104 -0.2070309966802597
v -0.9414060115814209 0.6210939884185791 -0.2070309966802597
v 0.9414060115814209 0.6210939884185791 -0.2070309966802597
v -0.9316409826278687 0.6308590173721313 -0.2070309966802597
v 0.9316409826278687 0.6308590173721313 -0.2070309966802597
v -0.9296879768371582 -0.6328120231628418 -0.20507800579071045
v 0.9296879768371582 -0.6328120231628418 -0.20507800579071045
v -0.9296879768371582 -0.4375 -0.20507800579071045
v 0.9296879768371582 -0.4375 -0.20507800579071045
v -0.9316409826278687 0.4375 -0.18554699420928955
v -0.9316409826278687 0.43945300579071045 -0.18554699420928955
v 0.9316409826278687 0.43945300579071045 -0.18554699420928955
v -0.9414060115814209 0.44726601243019104 -0.18554699420928955
v 0.9414060115814209 0.44726601243019104 -0.18554699420928955
v -0.9414060115814209 0.6210939884185791 -0.18554699420928955
v 0.9414060115814209 0.6210939884185791 -0.18554699420928955
v -0.9316409826278687 0.6308590173721313 -0.18554699420928955
v 0.9316409826278687 0.6308590173721313 -0.18554699420928955
v -0.46679699420928955 -0.6328120231628418 -0.16992199420928955
v 0.46679699420928955 -0.6328120231628418 -0.16992199420928955
v -0.4609380066394806 0.6328120231628418 -0.1679690033197403
v 0.4609380066394806 0.6328120231628418 -0.1679690033197403
v -0.43945300579071045 -0.625 -0.1601559966802597
v 0.43945300579071045 -0.625 -0.1601559966802597
v -0.4414060115814209 0.6269530057907104 -0.1601559966802597
v 0.4414060115814209 0.6269530057907104 -0.1601559966802597
v -0.4023439884185791 -0.625 -0.1445309966802597
v 0.4023439884185791 -0.625 -0.1445309966802597
v -0.3984380066394806 0.6230469942092896 -0.14257800579071045
v 0.3984380066394806 0.6230469942092896 -0.14257800579071045
v -0.39257800579071045 -0.6152340173721313 -0.140625
v 0.39257800579071045 -0.6152340173721313 -0.140625
v -0.390625 0.6132810115814209 -0.140625
v 0.390625 0.6132810115814209 -0.140625
v -0.3828119933605194 -0.48632800579071045 -0.13867199420928955
v 0.3828119933605194 -0.48632800579071045 -0.13867199420928955
v -0.3828119933605194 0.4570310115814209 -0.13867199420928955
v 0.3828119933605194 0.4570310115814209 -0.13867199420928955
v -0.3828119933605194 0.45898398756980896 -0.1367190033197403
v 0.3828119933605194 0.45898398756980896 -0.1367190033197403
v -0.8105469942092896 -0.4375 -0.13085900247097015
v 0.8105469942092896 -0.4375 -0.13085900247097015
v -0.8046879768371582 -0.36132800579071045 -0.1289059966802597
v 0.8046879768371582 -0.36132800579071045 -0.1289059966802597
v -0.8027340173721313 -0.2734380066394806 -0.1289059966802597
v 0.8027340173721313 -0.2734380066394806 -0.1289059966802597
v -0.8027340173721313 -0.2539060115814209 -0.1289059966802597
v 0.8027340173721313 -0.2539060115814209 -0.1289059966802597
v -0.8027340173721313 -0.17773400247097015 -0.1289059966802597
v 0.8027340173721313 -0.17773400247097015 -0.1289059966802597
v -0.8027340173721313 -0.1601559966802597 -0.1289059966802597
v 0.8027340173721313 -0.1601559966802597 -0.1289059966802597
v -0.8027340173721313 -0.0859379991889 -0.1289059966802597
v 0.8027340173721313 -0.0859379991889 -0.1289059966802597
v -0.8027340173721313 -0.06835900247097015 -0.1289059966802597
v 0.8027340173721313 -0.06835900247097015 -0.1289059966802597
v -0.8027340173721313 0.0019529999699443579 -0.1289059966802597
v 0.8027340173721313 0.0019529999699443579 -0.1289059966802597
v -0.8027340173721313 0.017578000202775 -0.1289059966802597
v 0.8027340173721313 0.017578000202775 -0.1289059966802597
v -0.8027340173721313 0.08789099752902985 -0.1289059966802597
v 0.8027340173721313 0.08789099752902985 -0.1289059966802597
v -0.8027340173721313 0.10351599752902985 -0.1289059966802597
v 0.8027340173721313 0.10351599752902985 -0.1289059966802597
v -0.8027340173721313 0.1757809966802597 -0.1289059966802597
v 0.8027340173721313 0.1757809966802597 -0.1289059966802597
v -0.8027340173721313 0.1914059966802597 -0.1289059966802597
v 0.8027340173721313 0.1914059966802597 -0.1289059966802597
v -0.8027340173721313 0.265625 -0.1289059966802597
v 0.8027340173721313 0.265625 -0.1289059966802597
v -0.8027340173721313 0.28320300579071045 -0.1289059966802597
v 0.8027340173721313 0.28320300579071045 -0.1289059966802597
v -0.8027340173721313 0.35742199420928955 -0.1289059966802597
v 0.8027340173721313 0.35742199420928955 -0.1289059966802597
v -0.8027340173721313 0.375 -0.1289059966802597
v 0.8027340173721313 0.375 -0.1289059966802597
v -0.8027340173721313 0.4335939884185791 -0.1289059966802597
v 0.8027340173721313 0.4335939884185791 -0.1289059966802597
v -0.8007810115814209 -0.3789060115814209 -0.12695300579071045
v 0.8007810115814209 -0.3789060115814209 -0.12695300579071045
v -0.8007810115814209 -0.34375 -0.12695300579071045
v 0.8007810115814209 -0.34375 -0.12695300579071045
v -0.7949219942092896 -0.29101601243019104 -0.12695300579071045
v 0.7949219942092896 -0.29101601243019104 -0.12695300579071045
v -0.7949219942092896 -0.2382809966802597 -0.12695300579071045
v 0.7949219942092896 -0.2382809966802597 -0.12695300579071045
v -0.7949219942092896 -0.1953119933605194 -0.12695300579071045
v 0.7949219942092896 -0.1953119933605194 -0.12695300579071045
v -0.7949219942092896 -0.1445309966802597 -0.12695300579071045
v 0.7949219942092896 -0.1445309966802597 -0.12695300579071045
v -0.7949219942092896 -0.10351599752902985 -0.12695300579071045
v 0.7949219942092896 -0.10351599752902985 -0.12695300579071045
v -0.7949219942092896 -0.052733998745679855 -0.12695300579071045
v 0.7949219942092896 -0.052733998745679855 -0.12695300579071045
v -0.7949219942092896 -0.015625 -0.12695300579071045
v 0.7949219942092896 -0.015625 -0.12695300579071045
v -0.7949219942092896 0.03125 -0.12695300579071045
v 0.7949219942092896 0.03125 -0.12695300579071045
v -0.7949219942092896 0.0703120008111 -0.12695300579071045
v 0.7949219942092896 0.0703120008111 -0.12695300579071045
v -0.7949219942092896 0.11914099752902985 -0.12695300579071045
v 0.7949219942092896 0.11914099752902985 -0.12695300579071045
v -0.7949219942092896 0.15820300579071045 -0.12695300579071045
v 0.7949219942092896 0.15820300579071045 -0.12695300579071045
v -0.7949219942092896 0.20898400247097015 -0.12695300579071045
v 0.7949219942092896 0.20898400247097015 -0.12695300579071045
v -0.7949219942092896 0.24804699420928955 -0.12695300579071045
v 0.7949219942092896 0.24804699420928955 -0.12695300579071045
v -0.7949219942092896 0.29882800579071045 -0.12695300579071045
v 0.7949219942092896 0.29882800579071045 -0.12695300579071045
v -0.7949219942092896 0.3398439884185791 -0.12695300579071045
v 0.7949219942092896 0.3398439884185791 -0.12695300579071045
v -0.7949219942092896 0.390625 -0.12695300579071045
v 0.7949219942092896 0.390625 -0.12695300579071045
v -0.7871090173721313 -0.4335939884185791 -0.125
v 0.7871090173721313 -0.4335939884185791 -0.125
v -0.7890620231628418 -0.3945310115814209 -0.125
v 0.7890620231628418 -0.3945310115814209 -0.125
v -0.7890620231628418 -0.328125 -0.125
v 0.7890620231628418 -0.328125 -0.125
v -0.78125 -0.30273398756980896 -0.125
v 0.78125 -0.30273398756980896 -0.125
v -0.78125 -0.2265619933605194 -0.125
v 0.78125 -0.2265619933605194 -0.125
v -0.78125 -0.2070309966802597 -0.125
v 0.78125 -0.2070309966802597 -0.125
v -0.78125 -0.1328119933605194 -0.125
v 0.78125 -0.1328119933605194 -0.125
v -0.78125 -0.11523400247097015 -0.125
v 0.78125 -0.11523400247097015 -0.125
v -0.78125 -0.04492200165987015 -0.125
v 0.78125 -0.04492200165987015 -0.125
v -0.78125 -0.027343999594449997 -0.125
v 0.78125 -0.027343999594449997 -0.125
v -0.78125 0.041016001254320145 -0.125
v 0.78125 0.041016001254320145 -0.125
v -0.78125 0.05859399959445 -0.125
v 0.78125 0.05859399959445 -0.125
v -0.78125 0.1289059966802597 -0.125
v 0.78125 0.1289059966802597 -0.125
v -0.78125 0.1484380066394806 -0.125
v 0.78125 0.1484380066394806 -0.125
v -0.78125 0.21875 -0.125
v 0.78125 0.21875 -0.125
v -0.78125 0.2382809966802597 -0.125
v 0.78125 0.2382809966802597 -0.125
v -0.78125 0.31054699420928955 -0.125
v 0.78125 0.31054699420928955 -0.125
v -0.78125 0.328125 -0.125
v 0.78125 0.328125 -0.125
v -0.78125 0.40039101243019104 -0.125
v 0.78125 0.40039101243019104 -0.125
v -0.7753909826278687 -0.4023439884185791 -0.12304700165987015
v 0.7753909826278687 -0.4023439884185791 -0.12304700165987015
v -0.7753909826278687 -0.32226601243019104 -0.12304700165987015
v 0.7753909826278687 -0.32226601243019104 -0.12304700165987015
v -0.7617189884185791 -0.3046880066394806 -0.1210940033197403
v 0.7617189884185791 -0.3046880066394806 -0.1210940033197403
v -0.7636719942092896 -0.20898400247097015 -0.1210940033197403
v 0.7636719942092896 -0.20898400247097015 -0.1210940033197403
v -0.7519530057907104 -0.40429699420928955 -0.11914099752902985
v 0.7519530057907104 -0.40429699420928955 -0.11914099752902985
v -0.7519530057907104 -0.31835898756980896 -0.11914099752902985
v 0.7519530057907104 -0.31835898756980896 -0.11914099752902985
v -0.7539060115814209 -0.3085939884185791 -0.11914099752902985
v 0.7539060115814209 -0.3085939884185791 -0.11914099752902985
v -0.7558590173721313 -0.2226559966802597 -0.11914099752902985
v 0.7558590173721313 -0.2226559966802597 -0.11914099752902985
v -0.7558590173721313 -0.2109380066394806 -0.11914099752902985
v 0.7558590173721313 -0.2109380066394806 -0.11914099752902985
v -0.7558590173721313 -0.1289059966802597 -0.11914099752902985
v 0.7558590173721313 -0.1289059966802597 -0.11914099752902985
v -0.7558590173721313 -0.1171879991889 -0.11914099752902985
v 0.7558590173721313 -0.1171879991889 -0.11914099752902985
v -0.7558590173721313 -0.041016001254320145 -0.11914099752902985
v 0.7558590173721313 -0.041016001254320145 -0.11914099752902985
v -0.7558590173721313 -0.029296999797225 -0.11914099752902985
v 0.7558590173721313 -0.029296999797225 -0.11914099752902985
v -0.7558590173721313 0.04492200165987015 -0.11914099752902985
v 0.7558590173721313 0.04492200165987015 -0.11914099752902985
v -0.7558590173721313 0.056641001254320145 -0.11914099752902985
v 0.7558590173721313 0.056641001254320145 -0.11914099752902985
v -0.7558590173721313 0.1328119933605194 -0.11914099752902985
v 0.7558590173721313 0.1328119933605194 -0.11914099752902985
v -0.7558590173721313 0.1445309966802597 -0.11914099752902985
v 0.7558590173721313 0.1445309966802597 -0.11914099752902985
v -0.7558590173721313 0.2226559966802597 -0.11914099752902985
v 0.7558590173721313 0.2226559966802597 -0.11914099752902985
v -0.7558590173721313 0.234375 -0.11914099752902985
v 0.7558590173721313 0.234375 -0.11914099752902985
v -0.7558590173721313 0.31445300579071045 -0.11914099752902985
v 0.7558590173721313 0.31445300579071045 -0.11914099752902985
v -0.7558590173721313 0.3242189884185791 -0.11914099752902985
v 0.7558590173721313 0.3242189884185791 -0.11914099752902985
v -0.7558590173721313 0.4023439884185791 -0.11914099752902985
v 0.7558590173721313 0.4023439884185791 -0.11914099752902985
v -0.7460939884185791 0.40625 -0.11914099752902985
v 0.7460939884185791 0.40625 -0.11914099752902985
v -0.7460939884185791 0.4257810115814209 -0.11914099752902985
v 0.7460939884185791 0.4257810115814209 -0.11914099752902985
v -0.7421879768371582 -0.42773398756980896 -0.1171879991889
v 0.7421879768371582 -0.42773398756980896 -0.1171879991889
v -0.7402340173721313 -0.41601601243019104 -0.1171879991889
v 0.7402340173721313 -0.41601601243019104 -0.1171879991889
v -0.7421879768371582 -0.40625 -0.1171879991889
v 0.7421879768371582 -0.40625 -0.1171879991889
v -0.49414101243019104 -0.6328120231628418 0.0
v 0.49414101243019104 -0.6328120231628418 0.0
v -0.4648439884185791 -0.625 0.0
v -0.42773398756980896 -0.625 0.0
v 0.42773398756980896 -0.625 0.0
v 0.4648439884185791 -0.625 0.0
v -0.4179689884185791 -0.6152340173721313 0.0
v 0.4179689884185791 -0.6152340173721313 0.0
v -0.40820300579071045 -0.48632800579071045 0.0
v 0.40820300579071045 -0.48632800579071045 0.0
v -0.8222659826278687 -0.4375 0.0
v 0.8222659826278687 -0.4375 0.0
v -0.8007810115814209 -0.4335939884185791 0.0
v 0.8007810115814209 -0.4335939884185791 0.0
v -0.7539060115814209 -0.42773398756980896 0.0
v 0.7539060115814209 -0.42773398756980896 0.0
v -0.7519530057907104 -0.41601601243019104 0.0
v 0.7519530057907104 -0.41601601243019104 0.0
v -0.7539060115814209 -0.40625 0.0
v 0.7539060115814209 -0.40625 0.0
v -0.7636719942092896 -0.40429699420928955 0.0
v 0.7636719942092896 -0.40429699420928955 0.0
v -0.7871090173721313 -0.4023439884185791 0.0
v 0.7871090173721313 -0.4023439884185791 0.0
v -0.8007810115814209 -0.3945310115814209 0.0
v 0.8007810115814209 -0.3945310115814209 0.0
v -0.8125 -0.3789060115814209 0.0
v 0.8125 -0.3789060115814209 0.0
v -0.8164060115814209 -0.36132800579071045 0.0
v 0.8164060115814209 -0.36132800579071045 0.0
v -0.8125 -0.34375 0.0
v 0.8125 -0.34375 0.0
v -0.8007810115814209 -0.328125 0.0
v 0.8007810115814209 -0.328125 0.0
v -0.7871090173721313 -0.32226601243019104 0.0
v 0.7871090173721313 -0.32226601243019104 0.0
v -0.7636719942092896 -0.31835898756980896 0.0
v 0.7636719942092896 -0.31835898756980896 0.0
v -0.765625 -0.3085939884185791 0.0
v 0.765625 -0.3085939884185791 0.0
v -0.7734379768371582 -0.3046880066394806 0.0
v 0.7734379768371582 -0.3046880066394806 0.0
v -0.7929689884185791 -0.30273398756980896 0.0
v 0.7929689884185791 -0.30273398756980896 0.0
v -0.8066409826278687 -0.29101601243019104 0.0
v 0.8066409826278687 -0.29101601243019104 0.0
v -0.8144530057907104 -0.2734380066394806 0.0
v 0.8144530057907104 -0.2734380066394806 0.0
v -0.8144530057907104 -0.2539060115814209 0.0
v 0.8144530057907104 -0.2539060115814209 0.0
v -0.8066409826278687 -0.2382809966802597 0.0
v 0.8066409826278687 -0.2382809966802597 0.0
v -0.7929689884185791 -0.2265619933605194 0.0
v 0.7929689884185791 -0.2265619933605194 0.0
v -0.765625 -0.2226559966802597 0.0
v 0.765625 -0.2226559966802597 0.0
v -0.765625 -0.2109380066394806 0.0
v 0.765625 -0.2109380066394806 0.0
v -0.7753909826278687 -0.20898400247097015 0.0
v 0.7753909826278687 -0.20898400247097015 0.0
v -0.7929689884185791 -0.2070309966802597 0.0
v 0.7929689884185791 -0.2070309966802597 0.0
v -0.8066409826278687 -0.1953119933605194 0.0
v 0.8066409826278687 -0.1953119933605194 0.0
v -0.8144530057907104 -0.17773400247097015 0.0
v 0.8144530057907104 -0.17773400247097015 0.0
v -0.8144530057907104 -0.1601559966802597 0.0
v 0.8144530057907104 -0.1601559966802597 0.0
v -0.8066409826278687 -0.1445309966802597 0.0
v 0.8066409826278687 -0.1445309966802597 0.0
v -0.7929689884185791 -0.1328119933605194 0.0
v 0.7929689884185791 -0.1328119933605194 0.0
v -0.765625 -0.1289059966802597 0.0
v 0.765625 -0.1289059966802597 0.0
v -0.765625 -0.1171879991889 0.0
v 0.765625 -0.1171879991889 0.0
v -0.7929689884185791 -0.11523400247097015 0.0
v 0.7929689884185791 -0.11523400247097015 0.0
v -0.8066409826278687 -0.10351599752902985 0.0
v 0.8066409826278687 -0.10351599752902985 0.0
v -0.8144530057907104 -0.0859379991889 0.0
v 0.8144530057907104 -0.0859379991889 0.0
v -0.8144530057907104 -0.06835900247097015 0.0
v 0.8144530057907104 -0.06835900247097015 0.0
v -0.8066409826278687 -0.052733998745679855 0.0
v 0.8066409826278687 -0.052733998745679855 0.0
v -0.7929689884185791 -0.04492200165987015 0.0
v 0.7929689884185791 -0.04492200165987015 0.0
v -0.765625 -0.041016001254320145 0.0
v 0.765625 -0.041016001254320145 0.0
v -0.765625 -0.029296999797225 0.0
v 0.765625 -0.029296999797225 0.0
v -0.7929689884185791 -0.027343999594449997 0.0
v 0.7929689884185791 -0.027343999594449997 0.0
v -0.8066409826278687 -0.015625 0.0
v 0.8066409826278687 -0.015625 0.0
v -0.8144530057907104 0.0019529999699443579 -0.0
v 0.8144530057907104 0.0019529999699443579 -0.0
v -0.8144530057907104 0.017578000202775 -0.0
v 0.8144530057907104 0.017578000202775 -0.0
v -0.8066409826278687 0.03125 -0.0
v 0.8066409826278687 0.03125 -0.0
v -0.7929689884185791 0.041016001254320145 -0.0
v 0.7929689884185791 0.041016001254320145 -0.0
v -0.765625 0.04492200165987015 -0.0
v 0.765625 0.04492200165987015 -0.0
v -0.765625 0.056641001254320145 -0.0
v 0.765625 0.056641001254320145 -0.0
v -0.7929689884185791 0.05859399959445 -0.0
v 0.7929689884185791 0.05859399959445 -0.0
v -0.8066409826278687 0.0703120008111 -0.0
v 0.8066409826278687 0.0703120008111 -0.0
v -0.8144530057907104 0.08789099752902985 -0.0
v 0.8144530057907104 0.08789099752902985 -0.0
v -0.8144530057907104 0.10351599752902985 -0.0
v 0.8144530057907104 0.10351599752902985 -0.0
v -0.8066409826278687 0.11914099752902985 -0.0
v 0.8066409826278687 0.11914099752902985 -0.0
v -0.7929689884185791 0.1289059966802597 -0.0
v 0.7929689884185791 0.1289059966802597 -0.0
v -0.765625 0.1328119933605194 -0.0
v 0.765625 0.1328119933605194 -0.0
v -0.765625 0.1445309966802597 -0.0
v 0.765625 0.1445309966802597 -0.0
v -0.7929689884185791 0.1484380066394806 -0.0
v 0.7929689884185791 0.1484380066394806 -0.0
v -0.8066409826278687 0.15820300579071045 -0.0
v 0.8066409826278687 0.15820300579071045 -0.0
v -0.8144530057907104 0.1757809966802597 -0.0
v 0.8144530057907104 0.1757809966802597 -0.0
v -0.8144530057907104 0.1914059966802597 -0.0
v 0.8144530057907104 0.1914059966802597 -0.0
v -0.8066409826278687 0.20898400247097015 -0.0
v 0.8066409826278687 0.20898400247097015 -0.0
v -0.7929689884185791 0.21875 -0.0
v 0.7929689884185791 0.21875 -0.0
v -0.765625 0.2226559966802597 -0.0
v 0.765625 0.2226559966802597 -0.0
v -0.765625 0.234375 -0.0
v 0.765625 0.234375 -0.0
v -0.7929689884185791 0.2382809966802597 -0.0
v 0.7929689884185791 0.2382809966802597 -0.0
v -0.8066409826278687 0.24804699420928955 -0.0
v 0.8066409826278687 0.24804699420928955 -0.0
v -0.8144530057907104 0.265625 -0.0
v 0.8144530057907104 0.265625 -0.0
v -0.8144530057907104 0.28320300579071045 -0.0
v 0.8144530057907104 0.28320300579071045 -0.0
v -0.8066409826278687 0.29882800579071045 -0.0
v 0.8066409826278687 0.29882800579071045 -0.0
v -0.7929689884185791 0.31054699420928955 -0.0
v 0.7929689884185791 0.31054699420928955 -0.0
v -0.765625 0.31445300579071045 -0.0
v 0.765625 0.31445300579071045 -0.0
v -0.765625 0.3242189884185791 -0.0
v 0.765625 0.3242189884185791 -0.0
v -0.7929689884185791 0.328125 -0.0
v 0.7929689884185791 0.328125 -0.0
v -0.8066409826278687 0.3398439884185791 -0.0
v 0.8066409826278687 0.3398439884185791 -0.0
v -0.8144530057907104 0.35742199420928955 -0.0
v 0.8144530057907104 0.35742199420928955 -0.0
v -0.8144530057907104 0.375 -0.0
v 0.8144530057907104 0.375 -0.0
v -0.8066409826278687 0.390625 -0.0
v 0.8066409826278687 0.390625 -0.0
v -0.7929689884185791 0.40039101243019104 -0.0
v 0.7929689884185791 0.40039101243019104 -0.0
v -0.765625 0.4023439884185791 -0.0
v 0.765625 0.4023439884185791 -0.0
v -0.7558590173721313 0.40625 -0.0
v 0.7558590173721313 0.40625 -0.0
v -0.7558590173721313 0.4257810115814209 -0.0
v 0.7558590173721313 0.4257810115814209 -0.0
v -0.8144530057907104 0.4335939884185791 -0.0
v 0.8144530057907104 0.4335939884185791 -0.0
v -0.9316409826278687 0.4375 -0.0
v -0.9414060115814209 0.44726601243019104 -0.0
v -0.40820300579071045 0.4570310115814209 -0.0
v 0.40820300579071045 0.4570310115814209 -0.0
v -0.40625 0.45898398756980896 -0.0
v 0.40625 0.45898398756980896 -0.0
v -0.41601601243019104 0.6132810115814209 -0.0
v 0.41601601243019104 0.6132810115814209 -0.0
v -0.9414060115814209 0.6210939884185791 -0.0
v -0.42382800579071045 0.6230469942092896 -0.0
v 0.42382800579071045 0.6230469942092896 -0.0
v -0.4726560115814209 0.6269530057907104 -0.0
v 0.4726560115814209 0.6269530057907104 -0.0
v -0.9316409826278687 0.6308590173721313 -0.0
v -0.49414101243019104 0.6328120231628418 -0.0
v 0.49414101243019104 0.6328120231628418 -0.0
v -0.7421879768371582 -0.42773398756980896 0.1171879991889
v 0.7421879768371582 -0.42773398756980896 0.1171879991889
v -0.7402340173721313 -0.41601601243019104 0.1171879991889
v 0.7402340173721313 -0.41601601243019104 0.1171879991889
v -0.7421879768371582 -0.40625 0.1171879991889
v 0.7421879768371582 -0.40625 0.1171879991889
v -0.7519530057907104 -0.40429699420928955 0.11914099752902985
v 0.7519530057907104 -0.40429699420928955 0.11914099752902985
v -0.7519530057907104 -0.31835898756980896 0.11914099752902985
v 0.7519530057907104 -0.31835898756980896 0.11914099752902985
v -0.7539060115814209 -0.3085939884185791 0.11914099752902985
v 0.7539060115814209 -0.3085939884185791 0.11914099752902985
v -0.7558590173721313 -0.2226559966802597 0.11914099752902985
v 0.7558590173721313 -0.2226559966802597 0.11914099752902985
v -0.7558590173721313 -0.2109380066394806 0.11914099752902985
v 0.7558590173721313 -0.2109380066394806 0.11914099752902985
v -0.7558590173721313 -0.1289059966802597 0.11914099752902985
v 0.7558590173721313 -0.1289059966802597 0.11914099752902985
v -0.7558590173721313 -0.1171879991889 0.11914099752902985
v 0.7558590173721313 -0.1171879991889 0.11914099752902985
v -0.7558590173721313 -0.041016001254320145 0.11914099752902985
v 0.7558590173721313 -0.041016001254320145 0.11914099752902985
v -0.7558590173721313 -0.029296999797225 0.11914099752902985
v 0.7558590173721313 -0.029296999797225 0.11914099752902985
v -0.7558590173721313 0.04492200165987015 0.11914099752902985
v 0.7558590173721313 0.04492200165987015 0.11914099752902985
v -0.7558590173721313 0.056641001254320145 0.11914099752902985
v 0.7558590173721313 0.056641001254320145 0.11914099752902985
v -0.7558590173721313 0.1328119933605194 0.11914099752902985
v 0.7558590173721313 0.1328119933605194 0.11914099752902985
v -0.7558590173721313 0.1445309966802597 0.11914099752902985
v 0.7558590173721313 0.1445309966802597 0.11914099752902985
v -0.7558590173721313 0.2226559966802597 0.11914099752902985
v 0.7558590173721313 0.2226559966802597 0.11914099752902985
v -0.7558590173721313 0.234375 0.11914099752902985
v 0.7558590173721313 0.234375 0.11914099752902985
v -0.7558590173721313 0.31445300579071045 0.11914099752902985
v 0.7558590173721313 0.31445300579071045 0.11914099752902985
v -0.7558590173721313 0.3242189884185791 0.11914099752902985
v 0.7558590173721313 0.3242189884185791 0.11914099752902985
v -0.7558590173721313 0.4023439884185791 0.11914099752902985
v 0.7558590173721313 0.4023439884185791 0.11914099752902985
v -0.7460939884185791 0.40625 0.11914099752902985
v 0.7460939884185791 0.40625 0.11914099752902985
v -0.7460939884185791 0.4257810115814209 0.11914099752902985
v 0.7460939884185791 0.4257810115814209 0.11914099752902985
v -0.7617189884185791 -0.3046880066394806 0.1210940033197403
v 0.7617189884185791 -0.3046880066394806 0.1210940033197403
v -0.7636719942092896 -0.20898400247097015 0.1210940033197403
v 0.7636719942092896 -0.20898400247097015 0.1210940033197403
v -0.7753909826278687 -0.4023439884185791 0.12304700165987015
v 0.7753909826278687 -0.4023439884185791 0.12304700165987015
v -0.7753909826278687 -0.32226601243019104 0.12304700165987015
v 0.7753909826278687 -0.32226601243019104 0.12304700165987015
v -0.7871090173721313 -0.4335939884185791 0.125
v 0.7871090173721313 -0.4335939884185791 0.125
v -0.7890620231628418 -0.3945310115814209 0.125
v 0.7890620231628418 -0.3945310115814209 0.125
v -0.7890620231628418 -0.328125 0.125
v 0.7890620231628418 -0.328125 0.125
v -0.78125 -0.30273398756980896 0.125
v 0.78125 -0.30273398756980896 0.125
v -0.78125 -0.2265619933605194 0.125
v 0.78125 -0.2265619933605194 0.125
v -0.78125 -0.2070309966802597 0.125
v 0.78125 -0.2070309966802597 0.125
v -0.78125 -0.1328119933605194 0.125
v 0.78125 -0.1328119933605194 0.125
v -0.78125 -0.11523400247097015 0.125
v 0.78125 -0.11523400247097015 0.125
v -0.78125 -0.04492200165987015 0.125
v 0.78125 -0.04492200165987015 0.125
v -0.78125 -0.027343999594449997 0.125
v 0.78125 -0.027343999594449997 0.125
v -0.78125 0.041016001254320145 0.125
v 0.78125 0.041016001254320145 0.125
v -0.78125 0.05859399959445 0.125
v 0.78125 0.05859399959445 0.125
v -0.78125 0.1289059966802597 0.125
v 0.78125 0.1289059966802597 0.125
v -0.78125 0.1484380066394806 0.125
v 0.78125 0.1484380066394806 0.125
v -0.78125 0.21875 0.125
v 0.78125 0.21875 0.125
v -0.78125 0.2382809966802597 0.125
v 0.78125 0.2382809966802597 0.125
v -0.78125 0.31054699420928955 0.125
v 0.78125 0.31054699420928955 0.125
v -0.78125 0.328125 0.125
v 0.78125 0.328125 0.125
v -0.78125 0.40039101243019104 0.125
v 0.78125 0.40039101243019104 0.125
v -0.8007810115814209 -0.3789060115814209 0.12695300579071045
v 0.8007810115814209 -0.3789060115814209 0.12695300579071045
v -0.8007810115814209 -0.34375 0.12695300579071045
v 0.8007810115814209 -0.34375 0.12695300579071045
v -0.7949219942092896 -0.29101601243019104 0.12695300579071045
v 0.7949219942092896 -0.29101601243019104 0.12695300579071045
v -0.7949219942092896 -0.2382809966802597 0.12695300579071045
v 0.7949219942092896 -0.2382809966802597 0.12695300579071045
v -0.7949219942092896 -0.1953119933605194 0.12695300579071045
v 0.7949219942092896 -0.1953119933605194 0.12695300579071045
v -0.7949219942092896 -0.1445309966802597 0.12695300579071045
v 0.7949219942092896 -0.1445309966802597 0.12695300579071045
v -0.7949219942092896 -0.10351599752902985 0.12695300579071045
v 0.7949219942092896 -0.10351599752902985 0.12695300579071045
v -0.7949219942092896 -0.052733998745679855 0.12695300579071045
v 0.7949219942092896 -0.052733998745679855 0.12695300579071045
v -0.7949219942092896 -0.015625 0.12695300579071045
v 0.7949219942092896 -0.015625 0.12695300579071045
v -0.7949219942092896 0.03125 0.12695300579071045
v 0.7949219942092896 0.03125 0.12695300579071045
v -0.7949219942092896 0.0703120008111 0.12695300579071045
v 0.7949219942092896 0.0703120008111 0.12695300579071045
v -0.7949219942092896 0.11914099752902985 0.12695300579071045
v 0.7949219942092896 0.11914099752902985 0.12695300579071045
v -0.7949219942092896 0.15820300579071045 0.12695300579071045
v 0.7949219942092896 0.15820300579071045 0.12695300579071045
v -0.7949219942092896 0.20898400247097015 0.12695300579071045
v 0.7949219942092896 0.20898400247097015 0.12695300579071045
v -0.7949219942092896 0.24804699420928955 0.12695300579071045
v 0.7949219942092896 0.24804699420928955 0.12695300579071045
v -0.7949219942092896 0.29882800579071045 0.12695300579071045
v 0.7949219942092896 0.29882800579071045 0.12695300579071045
v -0.7949219942092896 0.3398439884185791 0.12695300579071045
v 0.7949219942092896 0.3398439884185791 0.12695300579071045
v -0.7949219942092896 0.390625 0.12695300579071045
v 0.7949219942092896 0.390625 0.12695300579071045
v -0.8046879768371582 -0.36132800579071045 0.1289059966802597
v 0.8046879768371582 -0.36132800579071045 0.1289059966802597
v -0.8027340173721313 -0.2734380066394806 0.1289059966802597
v 0.8027340173721313 -0.2734380066394806 0.1289059966802597
v -0.8027340173721313 -0.2539060115814209 0.1289059966802597
v 0.8027340173721313 -0.2539060115814209 0.1289059966802597
v -0.8027340173721313 -0.17773400247097015 0.1289059966802597
v 0.8027340173721313 -0.17773400247097015 0.1289059966802597
v -0.8027340173721313 -0.1601559966802597 0.1289059966802597
v 0.8027340173721313 -0.1601559966802597 0.1289059966802597
v -0.8027340173721313 -0.0859379991889 0.1289059966802597
v 0.8027340173721313 -0.0859379991889 0.1289059966802597
v -0.8027340173721313 -0.06835900247097015 0.1289059966802597
v 0.8027340173721313 -0.06835900247097015 0.1289059966802597
v -0.8027340173721313 0.0019529999699443579 0.1289059966802597
v 0.8027340173721313 0.0019529999699443579 0.1289059966802597
v -0.8027340173721313 0.017578000202775 0.1289059966802597
v 0.8027340173721313 0.017578000202775 0.1289059966802597
v -0.8027340173721313 0.08789099752902985 0.1289059966802597
v 0.8027340173721313 0.08789099752902985 0.1289059966802597
v -0.8027340173721313 0.10351599752902985 0.1289059966802597
v 0.8027340173721313 0.10351599752902985 0.1289059966802597
v -0.8027340173721313 0.1757809966802597 0.1289059966802597
v 0.8027340173721313 0.1757809966802597 0.1289059966802597
v -0.8027340173721313 0.1914059966802597 0.1289059966802597
v 0.8027340173721313 0.1914059966802597 0.1289059966802597
v -0.8027340173721313 0.265625 0.1289059966802597
v 0.8027340173721313 0.265625 0.1289059966802597
v -0.8027340173721313 0.28320300579071045 0.1289059966802597
v 0.8027340173721313 0.28320300579071045 0.1289059966802597
v -0.8027340173721313 0.35742199420928955 0.1289059966802597
v 0.8027340173721313 0.35742199420928955 0.1289059966802597
v -0.8027340173721313 0.375 0.1289059966802597
v 0.8027340173721313 0.375 0.1289059966802597
v -0.8027340173721313 0.4335939884185791 0.1289059966802597
v 0.8027340173721313 0.4335939884185791 0.1289059966802597
v -0.8105469942092896 -0.4375 0.13085900247097015
v 0.8105469942092896 -0.4375 0.13085900247097015
v -0.3828119933605194 0.45898398756980896 0.1367190033197403
v 0.3828119933605194 0.45898398756980896 0.1367190033197403
v -0.3828119933605194 -0.48632800579071045 0.13867199420928955
v 0.3828119933605194 -0.48632800579071045 0.13867199420928955
v -0.3828119933605194 0.4570310115814209 0.13867199420928955
v 0.3828119933605194 0.4570310115814209 0.13867199420928955
v -0.39257800579071045 -0.6152340173721313 0.140625
v 0.39257800579071045 -0.6152340173721313 0.140625
v -0.390625 0.6132810115814209 0.140625
v 0.390625 0.6132810115814209 0.140625
v -0.3984380066394806 0.6230469942092896 0.14257800579071045
v 0.3984380066394806 0.6230469942092896 0.14257800579071045
v -0.4023439884185791 -0.625 0.1445309966802597
v 0.4023439884185791 -0.625 0.1445309966802597
v -0.43945300579071045 -0.625 0.1601559966802597
v 0.43945300579071045 -0.625 0.1601559966802597
v -0.4414060115814209 0.6269530057907104 0.1601559966802597
v 0.4414060115814209 0.6269530057907104 0.1601559966802597
v -0.4609380066394806 0.6328120231628418 0.1679690033197403
v 0.4609380066394806 0.6328120231628418 0.1679690033197403
v -0.46679699420928955 -0.6328120231628418 0.16992199420928955
v 0.46679699420928955 -0.6328120231628418 0.16992199420928955
v -0.9316409826278687 0.4375 0.18554699420928955
v -0.9316409826278687 0.43945300579071045 0.18554699420928955
v 0.9316409826278687 0.43945300579071045 0.18554699420928955
v -0.9414060115814209 0.44726601243019104 0.18554699420928955
v 0.9414060115814209 0.44726601243019104 0.18554699420928955
v -0.9414060115814209 0.6210939884185791 0.18554699420928955
v 0.9414060115814209 0.6210939884185791 0.18554699420928955
v -0.9316409826278687 0.6308590173721313 0.18554699420928955
v 0.9316409826278687 0.6308590173721313 0.18554699420928955
v -0.9296879768371582 -0.6328120231628418 0.20507800579071045
v 0.9296879768371582 -0.6328120231628418 0.20507800579071045
v -0.9296879768371582 -0.4375 0.20507800579071045
v 0.9296879768371582 -0.4375 0.20507800579071045
v -0.9394530057907104 -0.625 0.2070309966802597
v 0.9394530057907104 -0.625 0.2070309966802597
v -0.9394530057907104 -0.44726601243019104 0.2070309966802597
v 0.9394530057907104 -0.44726601243019104 0.2070309966802597
v -0.9316409826278687 0.43945300579071045 0.2070309966802597
v 0.9316409826278687 0.43945300579071045 0.2070309966802597
v -0.9414060115814209 0.44726601243019104 0.2070309966802597
v 0.9414060115814209 0.44726601243019104 0.2070309966802597
v -0.9414060115814209 0.6210939884185791 0.2070309966802597
v 0.9414060115814209 0.6210939884185791 0.2070309966802597
v -0.9316409826278687 0.6308590173721313 0.2070309966802597
v 0.9316409826278687 0.6308590173721313 0.2070309966802597
v -0.7109379768371582 -0.42773398756980896 0.2304690033197403
v 0.7109379768371582 -0.42773398756980896 0.2304690033197403
v -0.7089840173721313 -0.41601601243019104 0.2304690033197403
v 0.7089840173721313 -0.41601601243019104 0.2304690033197403
v -0.7109379768371582 -0.40625 0.2304690033197403
v 0.7109379768371582 -0.40625 0.2304690033197403
v -0.7207030057907104 -0.40429699420928955 0.234375
v 0.7207030057907104 -0.40429699420928955 0.234375
v -0.7207030057907104 -0.31835898756980896 0.234375
v 0.7207030057907104 -0.31835898756980896 0.234375
v -0.7246090173721313 -0.3085939884185791 0.234375
v 0.7246090173721313 -0.3085939884185791 0.234375
v -0.71875 0.40625 0.234375
v 0.71875 0.40625 0.234375
v -0.71875 0.4257810115814209 0.234375
v 0.71875 0.4257810115814209 0.234375
v -0.7265620231628418 -0.2226559966802597 0.23632800579071045
v 0.7265620231628418 -0.2226559966802597 0.23632800579071045
v -0.7265620231628418 -0.2109380066394806 0.23632800579071045
v 0.7265620231628418 -0.2109380066394806 0.23632800579071045
v -0.7265620231628418 -0.1289059966802597 0.23632800579071045
v 0.7265620231628418 -0.1289059966802597 0.23632800579071045
v -0.7265620231628418 -0.1171879991889 0.23632800579071045
v 0.7265620231628418 -0.1171879991889 0.23632800579071045
v -0.7265620231628418 -0.041016001254320145 0.23632800579071045
v 0.7265620231628418 -0.041016001254320145 0.23632800579071045
v -0.7265620231628418 -0.029296999797225 0.23632800579071045
v 0.7265620231628418 -0.029296999797225 0.23632800579071045
v -0.7265620231628418 0.04492200165987015 0.23632800579071045
v 0.7265620231628418 0.04492200165987015 0.23632800579071045
v -0.7265620231628418 0.056641001254320145 0.23632800579071045
v 0.7265620231628418 0.056641001254320145 0.23632800579071045
v -0.7265620231628418 0.1328119933605194 0.23632800579071045
v 0.7265620231628418 0.1328119933605194 0.23632800579071045
v -0.7265620231628418 0.1445309966802597 0.23632800579071045
v 0.7265620231628418 0.1445309966802597 0.23632800579071045
v -0.7265620231628418 0.2226559966802597 0.23632800579071045
v 0.7265620231628418 0.2226559966802597 0.23632800579071045
v -0.7265620231628418 0.234375 0.23632800579071045
v 0.7265620231628418 0.234375 0.23632800579071045
v -0.7265620231628418 0.31445300579071045 0.23632800579071045
v 0.7265620231628418 0.31445300579071045 0.23632800579071045
v -0.7265620231628418 0.3242189884185791 0.23632800579071045
v 0.7265620231628418 0.3242189884185791 0.23632800579071045
v -0.7265620231628418 0.4023439884185791 0.23632800579071045
v 0.7265620231628418 0.4023439884185791 0.23632800579071045
v -0.7304689884185791 -0.3046880066394806 0.2382809966802597
v 0.7304689884185791 -0.3046880066394806 0.2382809966802597
v -0.7324219942092896 -0.20898400247097015 0.2382809966802597
v 0.7324219942092896 -0.20898400247097015 0.2382809966802597
v -0.7441409826278687 -0.4023439884185791 0.2421880066394806
v 0.7441409826278687 -0.4023439884185791 0.2421880066394806
v -0.7441409826278687 -0.32226601243019104 0.2421880066394806
v 0.7441409826278687 -0.32226601243019104 0.2421880066394806
v -0.75 -0.30273398756980896 0.24414099752902985
v 0.75 -0.30273398756980896 0.24414099752902985
v -0.75 -0.2265619933605194 0.24414099752902985
v 0.75 -0.2265619933605194 0.24414099752902985
v -0.75 -0.2070309966802597 0.24414099752902985
v 0.75 -0.2070309966802597 0.24414099752902985
v -0.75 -0.1328119933605194 0.24414099752902985
v 0.75 -0.1328119933605194 0.24414099752902985
v -0.75 -0.11523400247097015 0.24414099752902985
v 0.75 -0.11523400247097015 0.24414099752902985
v -0.75 -0.04492200165987015 0.24414099752902985
v 0.75 -0.04492200165987015 0.24414099752902985
v -0.75 -0.027343999594449997 0.24414099752902985
v 0.75 -0.027343999594449997 0.24414099752902985
v -0.75 0.041016001254320145 0.24414099752902985
v 0.75 0.041016001254320145 0.24414099752902985
v -0.75 0.05859399959445 0.24414099752902985
v 0.75 0.05859399959445 0.24414099752902985
v -0.75 0.1289059966802597 0.24414099752902985
v 0.75 0.1289059966802597 0.24414099752902985
v -0.75 0.1484380066394806 0.24414099752902985
v 0.75 0.1484380066394806 0.24414099752902985
v -0.75 0.21875 0.24414099752902985
v 0.75 0.21875 0.24414099752902985
v -0.75 0.2382809966802597 0.24414099752902985
v 0.75 0.2382809966802597 0.24414099752902985
v -0.75 0.31054699420928955 0.24414099752902985
v 0.75 0.31054699420928955 0.24414099752902985
v -0.75 0.328125 0.24414099752902985
v 0.75 0.328125 0.24414099752902985
v -0.75 0.40039101243019104 0.24414099752902985
v 0.75 0.40039101243019104 0.24414099752902985
v -0.7539060115814209 -0.4335939884185791 0.2460940033197403
v 0.7539060115814209 -0.4335939884185791 0.2460940033197403
v -0.7578120231628418 -0.3945310115814209 0.2460940033197403
v 0.7578120231628418 -0.3945310115814209 0.2460940033197403
v -0.7578120231628418 -0.328125 0.2460940033197403
v 0.7578120231628418 -0.328125 0.2460940033197403
v -0.7636719942092896 -0.29101601243019104 0.24804699420928955
v 0.7636719942092896 -0.29101601243019104 0.24804699420928955
v -0.7636719942092896 -0.2382809966802597 0.24804699420928955
v 0.7636719942092896 -0.2382809966802597 0.24804699420928955
v -0.7636719942092896 -0.1953119933605194 0.24804699420928955
v 0.7636719942092896 -0.1953119933605194 0.24804699420928955
v -0.7636719942092896 -0.1445309966802597 0.24804699420928955
v 0.7636719942092896 -0.1445309966802597 0.24804699420928955
v -0.7636719942092896 -0.10351599752902985 0.24804699420928955
v 0.7636719942092896 -0.10351599752902985 0.24804699420928955
v -0.7636719942092896 -0.052733998745679855 0.24804699420928955
v 0.7636719942092896 -0.052733998745679855 0.24804699420928955
v -0.7636719942092896 -0.015625 0.24804699420928955
v 0.7636719942092896 -0.015625 0.24804699420928955
v -0.7636719942092896 0.03125 0.24804699420928955
v 0.7636719942092896 0.03125 0.24804699420928955
v -0.7636719942092896 0.0703120008111 0.24804699420928955
v 0.7636719942092896 0.0703120008111 0.24804699420928955
v -0.7636719942092896 0.11914099752902985 0.24804699420928955
v 0.7636719942092896 0.11914099752902985 0.24804699420928955
v -0.7636719942092896 0.15820300579071045 0.24804699420928955
v 0.7636719942092896 0.15820300579071045 0.24804699420928955
v -0.7636719942092896 0.20898400247097015 0.24804699420928955
v 0.7636719942092896 0.20898400247097015 0.24804699420928955
v -0.7636719942092896 0.24804699420928955 0.24804699420928955
v 0.7636719942092896 0.24804699420928955 0.24804699420928955
v -0.7636719942092896 0.29882800579071045 0.24804699420928955
v 0.7636719942092896 0.29882800579071045 0.24804699420928955
v -0.7636719942092896 0.3398439884185791 0.24804699420928955
v 0.7636719942092896 0.3398439884185791 0.24804699420928955
v -0.7636719942092896 0.390625 0.24804699420928955
v 0.7636719942092896 0.390625 0.24804699420928955
v -0.7695310115814209 -0.3789060115814209 0.25
v 0.7695310115814209 -0.3789060115814209 0.25
v -0.7695310115814209 -0.34375 0.25
v 0.7695310115814209 -0.34375 0.25
v -0.7734379768371582 -0.4375 0.25195300579071045
v 0.7734379768371582 -0.4375 0.25195300579071045
v -0.7734379768371582 -0.36132800579071045 0.25195300579071045
v 0.7734379768371582 -0.36132800579071045 0.25195300579071045
v -0.7714840173721313 -0.2734380066394806 0.25195300579071045
v 0.7714840173721313 -0.2734380066394806 0.25195300579071045
v -0.7714840173721313 -0.2539060115814209 0.25195300579071045
v 0.7714840173721313 -0.2539060115814209 0.25195300579071045
v -0.7714840173721313 -0.17773400247097015 0.25195300579071045
v 0.7714840173721313 -0.17773400247097015 0.25195300579071045
v -0.7714840173721313 -0.1601559966802597 0.25195300579071045
v 0.7714840173721313 -0.1601559966802597 0.25195300579071045
v -0.7714840173721313 -0.0859379991889 0.25195300579071045
v 0.7714840173721313 -0.0859379991889 0.25195300579071045
v -0.7714840173721313 -0.06835900247097015 0.25195300579071045
v 0.7714840173721313 -0.06835900247097015 0.25195300579071045
v -0.7714840173721313 0.0019529999699443579 0.25195300579071045
v 0.7714840173721313 0.0019529999699443579 0.25195300579071045
v -0.7714840173721313 0.017578000202775 0.25195300579071045
v 0.7714840173721313 0.017578000202775 0.25195300579071045
v -0.7714840173721313 0.08789099752902985 0.25195300579071045
v 0.7714840173721313 0.08789099752902985 0.25195300579071045
v -0.7714840173721313 0.10351599752902985 0.25195300579071045
v 0.7714840173721313 0.10351599752902985 0.25195300579071045
v -0.7714840173721313 0.1757809966802597 0.25195300579071045
v 0.7714840173721313 0.1757809966802597 0.25195300579071045
v -0.7714840173721313 0.1914059966802597 0.25195300579071045
v 0.7714840173721313 0.1914059966802597 0.25195300579071045
v -0.7714840173721313 0.265625 0.25195300579071045
v 0.7714840173721313 0.265625 0.25195300579071045
v -0.7714840173721313 0.28320300579071045 0.25195300579071045
v 0.7714840173721313 0.28320300579071045 0.25195300579071045
v -0.7714840173721313 0.35742199420928955 0.25195300579071045
v 0.7714840173721313 0.35742199420928955 0.25195300579071045
v -0.7714840173721313 0.375 0.25195300579071045
v 0.7714840173721313 0.375 0.25195300579071045
v -0.7714840173721313 0.4335939884185791 0.25195300579071045
v 0.7714840173721313 0.4335939884185791 0.25195300579071045
v -0.3085939884185791 -0.48632800579071045 0.26367199420928955
v 0.3085939884185791 -0.48632800579071045 0.26367199420928955
v -0.3085939884185791 0.4570310115814209 0.26367199420928955
v 0.3085939884185791 0.4570310115814209 0.26367199420928955
v -0.30664101243019104 0.45898398756980896 0.26367199420928955
v 0.30664101243019104 0.45898398756980896 0.26367199420928955
v -0.3164060115814209 -0.6152340173721313 0.2695310115814209
v 0.3164060115814209 -0.6152340173721313 0.2695310115814209
v -0.3125 0.6132810115814209 0.2695310115814209
v 0.3125 0.6132810115814209 0.2695310115814209
v -0.32617199420928955 -0.625 0.27539101243019104
v 0.32617199420928955 -0.625 0.27539101243019104
v -0.31835898756980896 0.6230469942092896 0.27539101243019104
v 0.31835898756980896 0.6230469942092896 0.27539101243019104
v -0.3554689884185791 -0.625 0.29882800579071045
v 0.3554689884185791 -0.625 0.29882800579071045
v -0.35351601243019104 0.6269530057907104 0.30664101243019104
v 0.35351601243019104 0.6269530057907104 0.30664101243019104
v -0.37695300579071045 -0.6328120231628418 0.31835898756980896
v 0.37695300579071045 -0.6328120231628418 0.31835898756980896
v -0.36914101243019104 0.6328120231628418 0.32226601243019104
v 0.36914101243019104 0.6328120231628418 0.32226601243019104
v -0.6621090173721313 -0.42773398756980896 0.33789101243019104
v 0.6621090173721313 -0.42773398756980896 0.33789101243019104
v -0.6601560115814209 -0.41601601243019104 0.33789101243019104
v 0.6601560115814209 -0.41601601243019104 0.33789101243019104
v -0.6621090173721313 -0.40625 0.33789101243019104
v 0.6621090173721313 -0.40625 0.33789101243019104
v -0.6699219942092896 0.40625 0.34179699420928955
v 0.6699219942092896 0.40625 0.34179699420928955
v -0.6699219942092896 0.4257810115814209 0.34179699420928955
v 0.6699219942092896 0.4257810115814209 0.34179699420928955
v -0.671875 -0.40429699420928955 0.34375
v 0.671875 -0.40429699420928955 0.34375
v -0.671875 -0.31835898756980896 0.34375
v 0.671875 -0.31835898756980896 0.34375
v -0.6738280057907104 -0.3085939884185791 0.34375
v 0.6738280057907104 -0.3085939884185791 0.34375
v -0.6777340173721313 -0.2226559966802597 0.34570300579071045
v 0.6777340173721313 -0.2226559966802597 0.34570300579071045
v -0.6777340173721313 -0.2109380066394806 0.34570300579071045
v 0.6777340173721313 -0.2109380066394806 0.34570300579071045
v -0.6777340173721313 -0.1289059966802597 0.34570300579071045
v 0.6777340173721313 -0.1289059966802597 0.34570300579071045
v -0.6777340173721313 -0.1171879991889 0.34570300579071045
v 0.6777340173721313 -0.1171879991889 0.34570300579071045
v -0.6777340173721313 -0.041016001254320145 0.34570300579071045
v 0.6777340173721313 -0.041016001254320145 0.34570300579071045
v -0.6777340173721313 -0.029296999797225 0.34570300579071045
v 0.6777340173721313 -0.029296999797225 0.34570300579071045
v -0.6777340173721313 0.04492200165987015 0.34570300579071045
v 0.6777340173721313 0.04492200165987015 0.34570300579071045
v -0.6777340173721313 0.056641001254320145 0.34570300579071045
v 0.6777340173721313 0.056641001254320145 0.34570300579071045
v -0.6777340173721313 0.1328119933605194 0.34570300579071045
v 0.6777340173721313 0.1328119933605194 0.34570300579071045
v -0.6777340173721313 0.1445309966802597 0.34570300579071045
v 0.6777340173721313 0.1445309966802597 0.34570300579071045
v -0.6777340173721313 0.2226559966802597 0.34570300579071045
v 0.6777340173721313 0.2226559966802597 0.34570300579071045
v -0.6777340173721313 0.234375 0.34570300579071045
v 0.6777340173721313 0.234375 0.34570300579071045
v -0.6777340173721313 0.31445300579071045 0.34570300579071045
v 0.6777340173721313 0.31445300579071045 0.34570300579071045
v -0.6777340173721313 0.3242189884185791 0.34570300579071045
v 0.6777340173721313 0.3242189884185791 0.34570300579071045
v -0.6777340173721313 0.4023439884185791 0.34570300579071045
v 0.6777340173721313 0.4023439884185791 0.34570300579071045
v -0.6816409826278687 -0.3046880066394806 0.3476560115814209
v 0.6816409826278687 -0.3046880066394806 0.3476560115814209
v -0.6835939884185791 -0.20898400247097015 0.34960898756980896
v 0.6835939884185791 -0.20898400247097015 0.34960898756980896
v -0.6953120231628418 -0.4023439884185791 0.3554689884185791
v 0.6953120231628418 -0.4023439884185791 0.3554689884185791
v -0.6953120231628418 -0.32226601243019104 0.3554689884185791
v 0.6953120231628418 -0.32226601243019104 0.3554689884185791
v -0.6972659826278687 -0.4335939884185791 0.35742199420928955
v 0.6972659826278687 -0.4335939884185791 0.35742199420928955
v -0.6992189884185791 -0.30273398756980896 0.35742199420928955
v 0.6992189884185791 -0.30273398756980896 0.35742199420928955
v -0.6992189884185791 -0.2265619933605194 0.35742199420928955
v 0.6992189884185791 -0.2265619933605194 0.35742199420928955
v -0.6992189884185791 -0.2070309966802597 0.35742199420928955
v 0.6992189884185791 -0.2070309966802597 0.35742199420928955
v -0.6992189884185791 -0.1328119933605194 0.35742199420928955
v 0.6992189884185791 -0.1328119933605194 0.35742199420928955
v -0.6992189884185791 -0.11523400247097015 0.35742199420928955
v 0.6992189884185791 -0.11523400247097015 0.35742199420928955
v -0.6992189884185791 -0.04492200165987015 0.35742199420928955
v 0.6992189884185791 -0.04492200165987015 0.35742199420928955
v -0.6992189884185791 -0.027343999594449997 0.35742199420928955
v 0.6992189884185791 -0.027343999594449997 0.35742199420928955
v -0.6992189884185791 0.041016001254320145 0.35742199420928955
v 0.6992189884185791 0.041016001254320145 0.35742199420928955
v -0.6992189884185791 0.05859399959445 0.35742199420928955
v 0.6992189884185791 0.05859399959445 0.35742199420928955
v -0.6992189884185791 0.1289059966802597 0.35742199420928955
v 0.6992189884185791 0.1289059966802597 0.35742199420928955
v -0.6992189884185791 0.1484380066394806 0.35742199420928955
v 0.6992189884185791 0.1484380066394806 0.35742199420928955
v -0.6992189884185791 0.21875 0.35742199420928955
v 0.6992189884185791 0.21875 0.35742199420928955
v -0.6992189884185791 0.2382809966802597 0.35742199420928955
v 0.6992189884185791 0.2382809966802597 0.35742199420928955
v -0.6992189884185791 0.31054699420928955 0.35742199420928955
v 0.6992189884185791 0.31054699420928955 0.35742199420928955
v -0.6992189884185791 0.328125 0.35742199420928955
v 0.6992189884185791 0.328125 0.35742199420928955
v -0.6992189884185791 0.40039101243019104 0.35742199420928955
v 0.6992189884185791 0.40039101243019104 0.35742199420928955
v -0.171875 -0.48632800579071045 0.359375
v 0.171875 -0.48632800579071045 0.359375
v -0.171875 0.4570310115814209 0.359375
v 0.171875 0.4570310115814209 0.359375
v -0.171875 0.45898398756980896 0.359375
v 0.171875 0.45898398756980896 0.359375
v -0.7070310115814209 -0.3945310115814209 0.36132800579071045
v 0.7070310115814209 -0.3945310115814209 0.36132800579071045
v -0.7070310115814209 -0.328125 0.36132800579071045
v 0.7070310115814209 -0.328125 0.36132800579071045
v -0.7128909826278687 -0.29101601243019104 0.3632810115814209
v 0.7128909826278687 -0.29101601243019104 0.3632810115814209
v -0.7128909826278687 -0.2382809966802597 0.3632810115814209
v 0.7128909826278687 -0.2382809966802597 0.3632810115814209
v -0.7128909826278687 -0.1953119933605194 0.3632810115814209
v 0.7128909826278687 -0.1953119933605194 0.3632810115814209
v -0.7128909826278687 -0.1445309966802597 0.3632810115814209
v 0.7128909826278687 -0.1445309966802597 0.3632810115814209
v -0.7128909826278687 -0.10351599752902985 0.3632810115814209
v 0.7128909826278687 -0.10351599752902985 0.3632810115814209
v -0.7128909826278687 -0.052733998745679855 0.3632810115814209
v 0.7128909826278687 -0.052733998745679855 0.3632810115814209
v -0.7128909826278687 -0.015625 0.3632810115814209
v 0.7128909826278687 -0.015625 0.3632810115814209
v -0.7128909826278687 0.03125 0.3632810115814209
v 0.7128909826278687 0.03125 0.3632810115814209
v -0.7128909826278687 0.0703120008111 0.3632810115814209
v 0.7128909826278687 0.0703120008111 0.3632810115814209
v -0.7128909826278687 0.11914099752902985 0.3632810115814209
v 0.7128909826278687 0.11914099752902985 0.3632810115814209
v -0.7128909826278687 0.15820300579071045 0.3632810115814209
v 0.7128909826278687 0.15820300579071045 0.3632810115814209
v -0.7128909826278687 0.20898400247097015 0.3632810115814209
v 0.7128909826278687 0.20898400247097015 0.3632810115814209
v -0.7128909826278687 0.24804699420928955 0.3632810115814209
v 0.7128909826278687 0.24804699420928955 0.3632810115814209
v -0.7128909826278687 0.29882800579071045 0.3632810115814209
v 0.7128909826278687 0.29882800579071045 0.3632810115814209
v -0.7128909826278687 0.3398439884185791 0.3632810115814209
v 0.7128909826278687 0.3398439884185791 0.3632810115814209
v -0.7128909826278687 0.390625 0.3632810115814209
v 0.7128909826278687 0.390625 0.3632810115814209
v -0.7167969942092896 -0.3789060115814209 0.3671880066394806
v 0.7167969942092896 -0.3789060115814209 0.3671880066394806
v -0.7167969942092896 -0.34375 0.3671880066394806
v 0.7167969942092896 -0.34375 0.3671880066394806
v -0.7207030057907104 -0.2734380066394806 0.3671880066394806
v 0.7207030057907104 -0.2734380066394806 0.3671880066394806
v -0.7207030057907104 -0.2539060115814209 0.3671880066394806
v 0.7207030057907104 -0.2539060115814209 0.3671880066394806
v -0.7207030057907104 -0.17773400247097015 0.3671880066394806
v 0.7207030057907104 -0.17773400247097015 0.3671880066394806
v -0.7207030057907104 -0.1601559966802597 0.3671880066394806
v 0.7207030057907104 -0.1601559966802597 0.3671880066394806
v -0.7207030057907104 -0.0859379991889 0.3671880066394806
v 0.7207030057907104 -0.0859379991889 0.3671880066394806
v -0.7207030057907104 -0.06835900247097015 0.3671880066394806
v 0.7207030057907104 -0.06835900247097015 0.3671880066394806
v -0.7207030057907104 0.0019529999699443579 0.3671880066394806
v 0.7207030057907104 0.0019529999699443579 0.3671880066394806
v -0.7207030057907104 0.017578000202775 0.3671880066394806
v 0.7207030057907104 0.017578000202775 0.3671880066394806
v -0.7207030057907104 0.08789099752902985 0.3671880066394806
v 0.7207030057907104 0.08789099752902985 0.3671880066394806
v -0.7207030057907104 0.10351599752902985 0.3671880066394806
v 0.7207030057907104 0.10351599752902985 0.3671880066394806
v -0.7207030057907104 0.1757809966802597 0.3671880066394806
v 0.7207030057907104 0.1757809966802597 0.3671880066394806
v -0.7207030057907104 0.1914059966802597 0.3671880066394806
v 0.7207030057907104 0.1914059966802597 0.3671880066394806
v -0.7207030057907104 0.265625 0.3671880066394806
v 0.7207030057907104 0.265625 0.3671880066394806
v -0.7207030057907104 0.28320300579071045 0.3671880066394806
v 0.7207030057907104 0.28320300579071045 0.3671880066394806
v -0.7207030057907104 0.35742199420928955 0.3671880066394806
v 0.7207030057907104 0.35742199420928955 0.3671880066394806
v -0.7207030057907104 0.375 0.3671880066394806
v 0.7207030057907104 0.375 0.3671880066394806
v -0.7207030057907104 0.4335939884185791 0.3671880066394806
v 0.7207030057907104 0.4335939884185791 0.3671880066394806
v -0.1757809966802597 0.6132810115814209 0.3671880066394806
v 0.1757809966802597 0.6132810115814209 0.3671880066394806
v -0.1757809966802597 -0.6152340173721313 0.36914101243019104
v 0.1757809966802597 -0.6152340173721313 0.36914101243019104
v -0.7167969942092896 -0.4375 0.36914101243019104
v 0.7167969942092896 -0.4375 0.36914101243019104
v -0.7207030057907104 -0.36132800579071045 0.36914101243019104
v 0.7207030057907104 -0.36132800579071045 0.36914101243019104
v -0.1875 -0.625 0.375
v 0.1875 -0.625 0.375
v -0.1796880066394806 0.6230469942092896 0.375
v 0.1796880066394806 0.6230469942092896 0.375
v 0.0 0.45898398756980896 0.3945310115814209
v 0.0 -0.48632800579071045 0.39648398756980896
v 0.0 0.4570310115814209 0.39648398756980896
v 0.0 0.6132810115814209 0.40429699420928955
v -0.20507800579071045 -0.625 0.40625
v 0.20507800579071045 -0.625 0.40625
v 0.0 -0.6152340173721313 0.40625
v 0.0 0.6230469942092896 0.41210898756980896
v 0.0 -0.625 0.4140619933605194
v -0.1992190033197403 0.6269530057907104 0.4179689884185791
v 0.1992190033197403 0.6269530057907104 0.4179689884185791
v -0.21679699420928955 -0.6328120231628418 0.4335939884185791
v 0.21679699420928955 -0.6328120231628418 0.4335939884185791
v -0.20898400247097015 0.6328120231628418 0.4375
v 0.20898400247097015 0.6328120231628418 0.4375
v -0.59375 -0.42773398756980896 0.4414060115814209
v 0.59375 -0.42773398756980896 0.4414060115814209
v -0.5917969942092896 -0.41601601243019104 0.4414060115814209
v 0.5917969942092896 -0.41601601243019104 0.4414060115814209
v -0.59375 -0.40625 0.4414060115814209
v 0.59375 -0.40625 0.4414060115814209
v -0.5996090173721313 0.40625 0.44726601243019104
v 0.5996090173721313 0.40625 0.44726601243019104
v -0.5996090173721313 0.4257810115814209 0.44726601243019104
v 0.5996090173721313 0.4257810115814209 0.44726601243019104
v 0.0 -0.625 0.4492189884185791
v -0.6015620231628418 -0.40429699420928955 0.4492189884185791
v 0.6015620231628418 -0.40429699420928955 0.4492189884185791
v -0.6015620231628418 -0.31835898756980896 0.4492189884185791
v 0.6015620231628418 -0.31835898756980896 0.4492189884185791
v -0.6035159826278687 -0.3085939884185791 0.4492189884185791
v 0.6035159826278687 -0.3085939884185791 0.4492189884185791
v -0.6074219942092896 -0.2226559966802597 0.45117199420928955
v 0.6074219942092896 -0.2226559966802597 0.45117199420928955
v -0.6074219942092896 -0.2109380066394806 0.45117199420928955
v 0.6074219942092896 -0.2109380066394806 0.45117199420928955
v -0.6074219942092896 -0.1289059966802597 0.45117199420928955
v 0.6074219942092896 -0.1289059966802597 0.45117199420928955
v -0.6074219942092896 -0.1171879991889 0.45117199420928955
v 0.6074219942092896 -0.1171879991889 0.45117199420928955
v -0.6074219942092896 -0.041016001254320145 0.45117199420928955
v 0.6074219942092896 -0.041016001254320145 0.45117199420928955
v -0.6074219942092896 -0.029296999797225 0.45117199420928955
v 0.6074219942092896 -0.029296999797225 0.45117199420928955
v -0.6074219942092896 0.04492200165987015 0.45117199420928955
v 0.6074219942092896 0.04492200165987015 0.45117199420928955
v -0.6074219942092896 0.056641001254320145 0.45117199420928955
v 0.6074219942092896 0.056641001254320145 0.45117199420928955
v -0.6074219942092896 0.1328119933605194 0.45117199420928955
v 0.6074219942092896 0.1328119933605194 0.45117199420928955
v -0.6074219942092896 0.1445309966802597 0.45117199420928955
v 0.6074219942092896 0.1445309966802597 0.45117199420928955
v -0.6074219942092896 0.2226559966802597 0.45117199420928955
v 0.6074219942092896 0.2226559966802597 0.45117199420928955
v -0.6074219942092896 0.234375 0.45117199420928955
v 0.6074219942092896 0.234375 0.45117199420928955
v -0.6074219942092896 0.31445300579071045 0.45117199420928955
v 0.6074219942092896 0.31445300579071045 0.45117199420928955
v -0.6074219942092896 0.3242189884185791 0.45117199420928955
v 0.6074219942092896 0.3242189884185791 0.45117199420928955
v -0.6074219942092896 0.4023439884185791 0.45117199420928955
v 0.6074219942092896 0.4023439884185791 0.45117199420928955
v -0.6113280057907104 -0.3046880066394806 0.45507800579071045
v 0.6113280057907104 -0.3046880066394806 0.45507800579071045
v -0.6132810115814209 -0.20898400247097015 0.45507800579071045
v 0.6132810115814209 -0.20898400247097015 0.45507800579071045
v 0.0 0.6269530057907104 0.45898398756980896
v -0.6230469942092896 -0.4023439884185791 0.46289101243019104
v 0.6230469942092896 -0.4023439884185791 0.46289101243019104
v -0.6230469942092896 -0.32226601243019104 0.46289101243019104
v 0.6230469942092896 -0.32226601243019104 0.46289101243019104
v -0.625 -0.4335939884185791 0.46679699420928955
v 0.625 -0.4335939884185791 0.46679699420928955
v -0.6269530057907104 -0.30273398756980896 0.46679699420928955
v 0.6269530057907104 -0.30273398756980896 0.46679699420928955
v -0.6269530057907104 -0.2265619933605194 0.46679699420928955
v 0.6269530057907104 -0.2265619933605194 0.46679699420928955
v -0.6269530057907104 -0.2070309966802597 0.46679699420928955
v 0.6269530057907104 -0.2070309966802597 0.46679699420928955
v -0.6269530057907104 -0.1328119933605194 0.46679699420928955
v 0.6269530057907104 -0.1328119933605194 0.46679699420928955
v -0.6269530057907104 -0.11523400247097015 0.46679699420928955
v 0.6269530057907104 -0.11523400247097015 0.46679699420928955
v -0.6269530057907104 -0.04492200165987015 0.46679699420928955
v 0.6269530057907104 -0.04492200165987015 0.46679699420928955
v -0.6269530057907104 -0.027343999594449997 0.46679699420928955
v 0.6269530057907104 -0.027343999594449997 0.46679699420928955
v -0.6269530057907104 0.041016001254320145 0.46679699420928955
v 0.6269530057907104 0.041016001254320145 0.46679699420928955
v -0.6269530057907104 0.05859399959445 0.46679699420928955
v 0.6269530057907104 0.05859399959445 0.46679699420928955
v -0.6269530057907104 0.1289059966802597 0.46679699420928955
v 0.6269530057907104 0.1289059966802597 0.46679699420928955
v -0.6269530057907104 0.1484380066394806 0.46679699420928955
v 0.6269530057907104 0.1484380066394806 0.46679699420928955
v -0.6269530057907104 0.21875 0.46679699420928955
v 0.6269530057907104 0.21875 0.46679699420928955
v -0.6269530057907104 0.2382809966802597 0.46679699420928955
v 0.6269530057907104 0.2382809966802597 0.46679699420928955
v -0.6269530057907104 0.31054699420928955 0.46679699420928955
v 0.6269530057907104 0.31054699420928955 0.46679699420928955
v -0.6269530057907104 0.328125 0.46679699420928955
v 0.6269530057907104 0.328125 0.46679699420928955
v -0.6269530057907104 0.40039101243019104 0.46679699420928955
v 0.6269530057907104 0.40039101243019104 0.46679699420928955
v -0.6347659826278687 -0.3945310115814209 0.4726560115814209
v 0.6347659826278687 -0.3945310115814209 0.4726560115814209
v -0.6347659826278687 -0.328125 0.4726560115814209
v 0.6347659826278687 -0.328125 0.4726560115814209
v -0.640625 -0.29101601243019104 0.47460898756980896
v 0.640625 -0.29101601243019104 0.47460898756980896
v -0.640625 -0.2382809966802597 0.47460898756980896
v 0.640625 -0.2382809966802597 0.47460898756980896
v -0.640625 -0.1953119933605194 0.47460898756980896
v 0.640625 -0.1953119933605194 0.47460898756980896
v -0.640625 -0.1445309966802597 0.47460898756980896
v 0.640625 -0.1445309966802597 0.47460898756980896
v -0.640625 -0.10351599752902985 0.47460898756980896
v 0.640625 -0.10351599752902985 0.47460898756980896
v -0.640625 -0.052733998745679855 0.47460898756980896
v 0.640625 -0.052733998745679855 0.47460898756980896
v -0.640625 -0.015625 0.47460898756980896
v 0.640625 -0.015625 0.47460898756980896
v -0.640625 0.03125 0.47460898756980896
v 0.640625 0.03125 0.47460898756980896
v -0.640625 0.0703120008111 0.47460898756980896
v 0.640625 0.0703120008111 0.47460898756980896
v -0.640625 0.11914099752902985 0.47460898756980896
v 0.640625 0.11914099752902985 0.47460898756980896
v -0.640625 0.15820300579071045 0.47460898756980896
v 0.640625 0.15820300579071045 0.47460898756980896
v -0.640625 0.20898400247097015 0.47460898756980896
v 0.640625 0.20898400247097015 0.47460898756980896
v -0.640625 0.24804699420928955 0.47460898756980896
v 0.640625 0.24804699420928955 0.47460898756980896
v -0.640625 0.29882800579071045 0.47460898756980896
v 0.640625 0.29882800579071045 0.47460898756980896
v -0.640625 0.3398439884185791 0.47460898756980896
v 0.640625 0.3398439884185791 0.47460898756980896
v -0.640625 0.390625 0.47460898756980896
v 0.640625 0.390625 0.47460898756980896
v 0.0 -0.6328120231628418 0.47851601243019104
v -0.6445310115814209 -0.3789060115814209 0.47851601243019104
v 0.6445310115814209 -0.3789060115814209 0.47851601243019104
v -0.6445310115814209 -0.34375 0.47851601243019104
v 0.6445310115814209 -0.34375 0.47851601243019104
v -0.6425780057907104 -0.4375 0.4804689884185791
v 0.6425780057907104 -0.4375 0.4804689884185791
v -0.6464840173721313 -0.2734380066394806 0.4804689884185791
v 0.6464840173721313 -0.2734380066394806 0.4804689884185791
v -0.6464840173721313 -0.2539060115814209 0.4804689884185791
v 0.6464840173721313 -0.2539060115814209 0.4804689884185791
v -0.6464840173721313 -0.17773400247097015 0.4804689884185791
v 0.6464840173721313 -0.17773400247097015 0.4804689884185791
v -0.6464840173721313 -0.1601559966802597 0.4804689884185791
v 0.6464840173721313 -0.1601559966802597 0.4804689884185791
v -0.6464840173721313 -0.0859379991889 0.4804689884185791
v 0.6464840173721313 -0.0859379991889 0.4804689884185791
v -0.6464840173721313 -0.06835900247097015 0.4804689884185791
v 0.6464840173721313 -0.06835900247097015 0.4804689884185791
v -0.6464840173721313 0.0019529999699443579 0.4804689884185791
v 0.6464840173721313 0.0019529999699443579 0.4804689884185791
v -0.6464840173721313 0.017578000202775 0.4804689884185791
v 0.6464840173721313 0.017578000202775 0.4804689884185791
v -0.6464840173721313 0.08789099752902985 0.4804689884185791
v 0.6464840173721313 0.08789099752902985 0.4804689884185791
v -0.6464840173721313 0.10351599752902985 0.4804689884185791
v 0.6464840173721313 0.10351599752902985 0.4804689884185791
v -0.6464840173721313 0.1757809966802597 0.4804689884185791
v 0.6464840173721313 0.1757809966802597 0.4804689884185791
v -0.6464840173721313 0.1914059966802597 0.4804689884185791
v 0.6464840173721313 0.1914059966802597 0.4804689884185791
v -0.6464840173721313 0.265625 0.4804689884185791
v 0.6464840173721313 0.265625 0.4804689884185791
v -0.6464840173721313 0.28320300579071045 0.4804689884185791
v 0.6464840173721313 0.28320300579071045 0.4804689884185791
v -0.6464840173721313 0.35742199420928955 0.4804689884185791
v 0.6464840173721313 0.35742199420928955 0.4804689884185791
v -0.6464840173721313 0.375 0.4804689884185791
v 0.6464840173721313 0.375 0.4804689884185791
v -0.6464840173721313 0.4335939884185791 0.4804689884185791
v 0.6464840173721313 0.4335939884185791 0.4804689884185791
v 0.0 0.6328120231628418 0.4804689884185791
v -0.6484379768371582 -0.36132800579071045 0.48242199420928955
v 0.6484379768371582 -0.36132800579071045 0.48242199420928955
v -0.5078120231628418 -0.42773398756980896 0.5371090173721313
v 0.5078120231628418 -0.42773398756980896 0.5371090173721313
v -0.5058590173721313 -0.41601601243019104 0.5371090173721313
v 0.5058590173721313 -0.41601601243019104 0.5371090173721313
v -0.5078120231628418 -0.40625 0.5371090173721313
v 0.5078120231628418 -0.40625 0.5371090173721313
v -0.515625 0.40625 0.5429689884185791
v 0.515625 0.40625 0.5429689884185791
v -0.515625 0.4257810115814209 0.5429689884185791
v 0.515625 0.4257810115814209 0.5429689884185791
v -0.515625 -0.40429699420928955 0.5449219942092896
v 0.515625 -0.40429699420928955 0.5449219942092896
v -0.515625 -0.31835898756980896 0.5449219942092896
v 0.515625 -0.31835898756980896 0.5449219942092896
v -0.5175780057907104 -0.3085939884185791 0.5449219942092896
v 0.5175780057907104 -0.3085939884185791 0.5449219942092896
v -0.5195310115814209 -0.2226559966802597 0.5488280057907104
v 0.5195310115814209 -0.2226559966802597 0.5488280057907104
v -0.5195310115814209 -0.2109380066394806 0.5488280057907104
v 0.5195310115814209 -0.2109380066394806 0.5488280057907104
v -0.5195310115814209 -0.1289059966802597 0.5488280057907104
v 0.5195310115814209 -0.1289059966802597 0.5488280057907104
v -0.5195310115814209 -0.1171879991889 0.5488280057907104
v 0.5195310115814209 -0.1171879991889 0.5488280057907104
v -0.5195310115814209 -0.041016001254320145 0.5488280057907104
v 0.5195310115814209 -0.041016001254320145 0.5488280057907104
v -0.5195310115814209 -0.029296999797225 0.5488280057907104
v 0.5195310115814209 -0.029296999797225 0.5488280057907104
v -0.5195310115814209 0.04492200165987015 0.5488280057907104
v 0.5195310115814209 0.04492200165987015 0.5488280057907104
v -0.5195310115814209 0.056641001254320145 0.5488280057907104
v 0.5195310115814209 0.056641001254320145 0.5488280057907104
v -0.5195310115814209 0.1328119933605194 0.5488280057907104
v 0.5195310115814209 0.1328119933605194 0.5488280057907104
v -0.5195310115814209 0.1445309966802597 0.5488280057907104
v 0.5195310115814209 0.1445309966802597 0.5488280057907104
v -0.5195310115814209 0.2226559966802597 0.5488280057907104
v 0.5195310115814209 0.2226559966802597 0.5488280057907104
v -0.5195310115814209 0.234375 0.5488280057907104
v 0.5195310115814209 0.234375 0.5488280057907104
v -0.5195310115814209 0.31445300579071045 0.5488280057907104
v 0.5195310115814209 0.31445300579071045 0.5488280057907104
v -0.5195310115814209 0.3242189884185791 0.5488280057907104
v 0.5195310115814209 0.3242189884185791 0.5488280057907104
v -0.5195310115814209 0.4023439884185791 0.5488280057907104
v 0.5195310115814209 0.4023439884185791 0.5488280057907104
v -0.5234379768371582 -0.3046880066394806 0.5507810115814209
v 0.5234379768371582 -0.3046880066394806 0.5507810115814209
v -0.5253909826278687 -0.20898400247097015 0.5546879768371582
v 0.5253909826278687 -0.20898400247097015 0.5546879768371582
v -0.5332030057907104 -0.4023439884185791 0.5625
v 0.5332030057907104 -0.4023439884185791 0.5625
v -0.5332030057907104 -0.32226601243019104 0.5625
v 0.5332030057907104 -0.32226601243019104 0.5625
v -0.5371090173721313 -0.30273398756980896 0.5664060115814209
v 0.5371090173721313 -0.30273398756980896 0.5664060115814209
v -0.5371090173721313 -0.2265619933605194 0.5664060115814209
v 0.5371090173721313 -0.2265619933605194 0.5664060115814209
v -0.5371090173721313 -0.2070309966802597 0.5664060115814209
v 0.5371090173721313 -0.2070309966802597 0.5664060115814209
v -0.5371090173721313 -0.1328119933605194 0.5664060115814209
v 0.5371090173721313 -0.1328119933605194 0.5664060115814209
v -0.5371090173721313 -0.11523400247097015 0.5664060115814209
v 0.5371090173721313 -0.11523400247097015 0.5664060115814209
v -0.5371090173721313 -0.04492200165987015 0.5664060115814209
v 0.5371090173721313 -0.04492200165987015 0.5664060115814209
v -0.5371090173721313 -0.027343999594449997 0.5664060115814209
v 0.5371090173721313 -0.027343999594449997 0.5664060115814209
v -0.5371090173721313 0.041016001254320145 0.5664060115814209
v 0.5371090173721313 0.041016001254320145 0.5664060115814209
v -0.5371090173721313 0.05859399959445 0.5664060115814209
v 0.5371090173721313 0.05859399959445 0.5664060115814209
v -0.5371090173721313 0.1289059966802597 0.5664060115814209
v 0.5371090173721313 0.1289059966802597 0.5664060115814209
v -0.5371090173721313 0.1484380066394806 0.5664060115814209
v 0.5371090173721313 0.1484380066394806 0.5664060115814209
v -0.5371090173721313 0.21875 0.5664060115814209
v 0.5371090173721313 0.21875 0.5664060115814209
v -0.5371090173721313 0.2382809966802597 0.5664060115814209
v 0.5371090173721313 0.2382809966802597 0.5664060115814209
v -0.5371090173721313 0.31054699420928955 0.5664060115814209
v 0.5371090173721313 0.31054699420928955 0.5664060115814209
v -0.5371090173721313 0.328125 0.5664060115814209
v 0.5371090173721313 0.328125 0.5664060115814209
v -0.5371090173721313 0.40039101243019104 0.5664060115814209
v 0.5371090173721313 0.40039101243019104 0.5664060115814209
v -0.5351560115814209 -0.4335939884185791 0.5683590173721313
v 0.5351560115814209 -0.4335939884185791 0.5683590173721313
v -0.5429689884185791 -0.3945310115814209 0.5722659826278687
v 0.5429689884185791 -0.3945310115814209 0.5722659826278687
v -0.5429689884185791 -0.328125 0.5722659826278687
v 0.5429689884185791 -0.328125 0.5722659826278687
v -0.5488280057907104 -0.29101601243019104 0.5761719942092896
v 0.5488280057907104 -0.29101601243019104 0.5761719942092896
v -0.5488280057907104 -0.2382809966802597 0.5761719942092896
v 0.5488280057907104 -0.2382809966802597 0.5761719942092896
v -0.5488280057907104 -0.1953119933605194 0.5761719942092896
v 0.5488280057907104 -0.1953119933605194 0.5761719942092896
v -0.5488280057907104 -0.1445309966802597 0.5761719942092896
v 0.5488280057907104 -0.1445309966802597 0.5761719942092896
v -0.5488280057907104 -0.10351599752902985 0.5761719942092896
v 0.5488280057907104 -0.10351599752902985 0.5761719942092896
v -0.5488280057907104 -0.052733998745679855 0.5761719942092896
v 0.5488280057907104 -0.052733998745679855 0.5761719942092896
v -0.5488280057907104 -0.015625 0.5761719942092896
v 0.5488280057907104 -0.015625 0.5761719942092896
v -0.5488280057907104 0.03125 0.5761719942092896
v 0.5488280057907104 0.03125 0.5761719942092896
v -0.5488280057907104 0.0703120008111 0.5761719942092896
v 0.5488280057907104 0.0703120008111 0.5761719942092896
v -0.5488280057907104 0.11914099752902985 0.5761719942092896
v 0.5488280057907104 0.11914099752902985 0.5761719942092896
v -0.5488280057907104 0.15820300579071045 0.5761719942092896
v 0.5488280057907104 0.15820300579071045 0.5761719942092896
v -0.5488280057907104 0.20898400247097015 0.5761719942092896
v 0.5488280057907104 0.20898400247097015 0.5761719942092896
v -0.5488280057907104 0.24804699420928955 0.5761719942092896
v 0.5488280057907104 0.24804699420928955 0.5761719942092896
v -0.5488280057907104 0.29882800579071045 0.5761719942092896
v 0.5488280057907104 0.29882800579071045 0.5761719942092896
v -0.5488280057907104 0.3398439884185791 0.5761719942092896
v 0.5488280057907104 0.3398439884185791 0.5761719942092896
v -0.5488280057907104 0.390625 0.5761719942092896
v 0.5488280057907104 0.390625 0.5761719942092896
v -0.5527340173721313 -0.3789060115814209 0.5800780057907104
v 0.5527340173721313 -0.3789060115814209 0.5800780057907104
v -0.5527340173721313 -0.34375 0.5800780057907104
v 0.5527340173721313 -0.34375 0.5800780057907104
v -0.5546879768371582 -0.2734380066394806 0.5820310115814209
v 0.5546879768371582 -0.2734380066394806 0.5820310115814209
v -0.5546879768371582 -0.2539060115814209 0.5820310115814209
v 0.5546879768371582 -0.2539060115814209 0.5820310115814209
v -0.5546879768371582 -0.17773400247097015 0.5820310115814209
v 0.5546879768371582 -0.17773400247097015 0.5820310115814209
v -0.5546879768371582 -0.1601559966802597 0.5820310115814209
v 0.5546879768371582 -0.1601559966802597 0.5820310115814209
v -0.5546879768371582 -0.0859379991889 0.5820310115814209
v 0.5546879768371582 -0.0859379991889 0.5820310115814209
v -0.5546879768371582 -0.06835900247097015 0.5820310115814209
v 0.5546879768371582 -0.06835900247097015 0.5820310115814209
v -0.5546879768371582 0.0019529999699443579 0.5820310115814209
v 0.5546879768371582 0.0019529999699443579 0.5820310115814209
v -0.5546879768371582 0.017578000202775 0.5820310115814209
v 0.5546879768371582 0.017578000202775 0.5820310115814209
v -0.5546879768371582 0.08789099752902985 0.5820310115814209
v 0.5546879768371582 0.08789099752902985 0.5820310115814209
v -0.5546879768371582 0.10351599752902985 0.5820310115814209
v 0.5546879768371582 0.10351599752902985 0.5820310115814209
v -0.5546879768371582 0.1757809966802597 0.5820310115814209
v 0.5546879768371582 0.1757809966802597 0.5820310115814209
v -0.5546879768371582 0.1914059966802597 0.5820310115814209
v 0.5546879768371582 0.1914059966802597 0.5820310115814209
v -0.5546879768371582 0.265625 0.5820310115814209
v 0.5546879768371582 0.265625 0.5820310115814209
v -0.5546879768371582 0.28320300579071045 0.5820310115814209
v 0.5546879768371582 0.28320300579071045 0.5820310115814209
v -0.5546879768371582 0.35742199420928955 0.5820310115814209
v 0.5546879768371582 0.35742199420928955 0.5820310115814209
v -0.5546879768371582 0.375 0.5820310115814209
v 0.5546879768371582 0.375 0.5820310115814209
v -0.5546879768371582 0.4335939884185791 0.5820310115814209
v 0.5546879768371582 0.4335939884185791 0.5820310115814209
v -0.75 -0.6328120231628418 0.5839840173721313
v 0.75 -0.6328120231628418 0.5839840173721313
v -0.75 -0.4375 0.5839840173721313
v -0.5488280057907104 -0.4375 0.5839840173721313
v 0.5488280057907104 -0.4375 0.5839840173721313
v 0.75 -0.4375 0.5839840173721313
v -0.5546879768371582 -0.36132800579071045 0.5839840173721313
v 0.5546879768371582 -0.36132800579071045 0.5839840173721313
v -0.7597659826278687 -0.625 0.5898439884185791
v 0.7597659826278687 -0.625 0.5898439884185791
v -0.7597659826278687 -0.44726601243019104 0.5898439884185791
v 0.7597659826278687 -0.44726601243019104 0.5898439884185791
v -0.7460939884185791 0.6308590173721313 0.5917969942092896
v 0.7460939884185791 0.6308590173721313 0.5917969942092896
v -0.7539060115814209 0.44726601243019104 0.5976560115814209
v 0.7539060115814209 0.44726601243019104 0.5976560115814209
v -0.7539060115814209 0.6210939884185791 0.5976560115814209
v 0.7539060115814209 0.6210939884185791 0.5976560115814209
v -0.40820300579071045 -0.42773398756980896 0.6171879768371582
v 0.40820300579071045 -0.42773398756980896 0.6171879768371582
v -0.40625 -0.41601601243019104 0.6171879768371582
v 0.40625 -0.41601601243019104 0.6171879768371582
v -0.40820300579071045 -0.40625 0.6171879768371582
v 0.40820300579071045 -0.40625 0.6171879768371582
v -0.41210898756980896 0.40625 0.6230469942092896
v 0.41210898756980896 0.40625 0.6230469942092896
v -0.41210898756980896 0.4257810115814209 0.6230469942092896
v 0.41210898756980896 0.4257810115814209 0.6230469942092896
v -0.4140619933605194 -0.40429699420928955 0.6269530057907104
v 0.4140619933605194 -0.40429699420928955 0.6269530057907104
v -0.4140619933605194 -0.31835898756980896 0.6269530057907104
v 0.4140619933605194 -0.31835898756980896 0.6269530057907104
v -0.41601601243019104 -0.3085939884185791 0.6269530057907104
v 0.41601601243019104 -0.3085939884185791 0.6269530057907104
v -0.41601601243019104 -0.2226559966802597 0.6308590173721313
v 0.41601601243019104 -0.2226559966802597 0.6308590173721313
v -0.41601601243019104 -0.2109380066394806 0.6308590173721313
v 0.41601601243019104 -0.2109380066394806 0.6308590173721313
v -0.41601601243019104 -0.1289059966802597 0.6308590173721313
v 0.41601601243019104 -0.1289059966802597 0.6308590173721313
v -0.41601601243019104 -0.1171879991889 0.6308590173721313
v 0.41601601243019104 -0.1171879991889 0.6308590173721313
v -0.41601601243019104 -0.041016001254320145 0.6308590173721313
v 0.41601601243019104 -0.041016001254320145 0.6308590173721313
v -0.41601601243019104 -0.029296999797225 0.6308590173721313
v 0.41601601243019104 -0.029296999797225 0.6308590173721313
v -0.41601601243019104 0.04492200165987015 0.6308590173721313
v 0.41601601243019104 0.04492200165987015 0.6308590173721313
v -0.41601601243019104 0.056641001254320145 0.6308590173721313
v 0.41601601243019104 0.056641001254320145 0.6308590173721313
v -0.41601601243019104 0.1328119933605194 0.6308590173721313
v 0.41601601243019104 0.1328119933605194 0.6308590173721313
v -0.41601601243019104 0.1445309966802597 0.6308590173721313
v 0.41601601243019104 0.1445309966802597 0.6308590173721313
v -0.41601601243019104 0.2226559966802597 0.6308590173721313
v 0.41601601243019104 0.2226559966802597 0.6308590173721313
v -0.41601601243019104 0.234375 0.6308590173721313
v 0.41601601243019104 0.234375 0.6308590173721313
v -0.41601601243019104 0.31445300579071045 0.6308590173721313
v 0.41601601243019104 0.31445300579071045 0.6308590173721313
v -0.41601601243019104 0.3242189884185791 0.6308590173721313
v 0.41601601243019104 0.3242189884185791 0.6308590173721313
v -0.41601601243019104 0.4023439884185791 0.6308590173721313
v 0.41601601243019104 0.4023439884185791 0.6308590173721313
v -0.41992199420928955 -0.3046880066394806 0.6347659826278687
v 0.41992199420928955 -0.3046880066394806 0.6347659826278687
v -0.421875 -0.20898400247097015 0.6367189884185791
v 0.421875 -0.20898400247097015 0.6367189884185791
v -0.4296880066394806 -0.4023439884185791 0.6464840173721313
v 0.4296880066394806 -0.4023439884185791 0.6464840173721313
v -0.4296880066394806 -0.32226601243019104 0.6464840173721313
v 0.4296880066394806 -0.32226601243019104 0.6464840173721313
v -0.43164101243019104 -0.30273398756980896 0.6503909826278687
v 0.43164101243019104 -0.30273398756980896 0.6503909826278687
v -0.43164101243019104 -0.2265619933605194 0.6503909826278687
v 0.43164101243019104 -0.2265619933605194 0.6503909826278687
v -0.43164101243019104 -0.2070309966802597 0.6503909826278687
v 0.43164101243019104 -0.2070309966802597 0.6503909826278687
v -0.43164101243019104 -0.1328119933605194 0.6503909826278687
v 0.43164101243019104 -0.1328119933605194 0.6503909826278687
v -0.43164101243019104 -0.11523400247097015 0.6503909826278687
v 0.43164101243019104 -0.11523400247097015 0.6503909826278687
v -0.43164101243019104 -0.04492200165987015 0.6503909826278687
v 0.43164101243019104 -0.04492200165987015 0.6503909826278687
v -0.43164101243019104 -0.027343999594449997 0.6503909826278687
v 0.43164101243019104 -0.027343999594449997 0.6503909826278687
v -0.43164101243019104 0.041016001254320145 0.6503909826278687
v 0.43164101243019104 0.041016001254320145 0.6503909826278687
v -0.43164101243019104 0.05859399959445 0.6503909826278687
v 0.43164101243019104 0.05859399959445 0.6503909826278687
v -0.43164101243019104 0.1289059966802597 0.6503909826278687
v 0.43164101243019104 0.1289059966802597 0.6503909826278687
v -0.43164101243019104 0.1484380066394806 0.6503909826278687
v 0.43164101243019104 0.1484380066394806 0.6503909826278687
v -0.43164101243019104 0.21875 0.6503909826278687
v 0.43164101243019104 0.21875 0.6503909826278687
v -0.43164101243019104 0.2382809966802597 0.6503909826278687
v 0.43164101243019104 0.2382809966802597 0.6503909826278687
v -0.43164101243019104 0.31054699420928955 0.6503909826278687
v 0.43164101243019104 0.31054699420928955 0.6503909826278687
v -0.43164101243019104 0.328125 0.6503909826278687
v 0.43164101243019104 0.328125 0.6503909826278687
v -0.43164101243019104 0.40039101243019104 0.6503909826278687
v 0.43164101243019104 0.40039101243019104 0.6503909826278687
v -0.43164101243019104 -0.4335939884185791 0.6542969942092896
v 0.43164101243019104 -0.4335939884185791 0.6542969942092896
v -0.4375 -0.3945310115814209 0.6582030057907104
v 0.4375 -0.3945310115814209 0.6582030057907104
v -0.4375 -0.328125 0.6582030057907104
v 0.4375 -0.328125 0.6582030057907104
v -0.4414060115814209 -0.29101601243019104 0.6621090173721313
v 0.4414060115814209 -0.29101601243019104 0.6621090173721313
v -0.4414060115814209 -0.2382809966802597 0.6621090173721313
v 0.4414060115814209 -0.2382809966802597 0.6621090173721313
v -0.4414060115814209 -0.1953119933605194 0.6621090173721313
v 0.4414060115814209 -0.1953119933605194 0.6621090173721313
v -0.4414060115814209 -0.1445309966802597 0.6621090173721313
v 0.4414060115814209 -0.1445309966802597 0.6621090173721313
v -0.4414060115814209 -0.10351599752902985 0.6621090173721313
v 0.4414060115814209 -0.10351599752902985 0.6621090173721313
v -0.4414060115814209 -0.052733998745679855 0.6621090173721313
v 0.4414060115814209 -0.052733998745679855 0.6621090173721313
v -0.4414060115814209 -0.015625 0.6621090173721313
v 0.4414060115814209 -0.015625 0.6621090173721313
v -0.4414060115814209 0.03125 0.6621090173721313
v 0.4414060115814209 0.03125 0.6621090173721313
v -0.4414060115814209 0.0703120008111 0.6621090173721313
v 0.4414060115814209 0.0703120008111 0.6621090173721313
v -0.4414060115814209 0.11914099752902985 0.6621090173721313
v 0.4414060115814209 0.11914099752902985 0.6621090173721313
v -0.4414060115814209 0.15820300579071045 0.6621090173721313
v 0.4414060115814209 0.15820300579071045 0.6621090173721313
v -0.4414060115814209 0.20898400247097015 0.6621090173721313
v 0.4414060115814209 0.20898400247097015 0.6621090173721313
v -0.4414060115814209 0.24804699420928955 0.6621090173721313
v 0.4414060115814209 0.24804699420928955 0.6621090173721313
v -0.4414060115814209 0.29882800579071045 0.6621090173721313
v 0.4414060115814209 0.29882800579071045 0.6621090173721313
v -0.4414060115814209 0.3398439884185791 0.6621090173721313
v 0.4414060115814209 0.3398439884185791 0.6621090173721313
v -0.4414060115814209 0.390625 0.6621090173721313
v 0.4414060115814209 0.390625 0.6621090173721313
v -0.4453119933605194 -0.3789060115814209 0.6679689884185791
v 0.4453119933605194 -0.3789060115814209 0.6679689884185791
v -0.4453119933605194 -0.34375 0.6679689884185791
v 0.4453119933605194 -0.34375 0.6679689884185791
v -0.4453119933605194 -0.2734380066394806 0.6699219942092896
v 0.4453119933605194 -0.2734380066394806 0.6699219942092896
v -0.4453119933605194 -0.2539060115814209 0.6699219942092896
v 0.4453119933605194 -0.2539060115814209 0.6699219942092896
v -0.4453119933605194 -0.17773400247097015 0.6699219942092896
v 0.4453119933605194 -0.17773400247097015 0.6699219942092896
v -0.4453119933605194 -0.1601559966802597 0.6699219942092896
v 0.4453119933605194 -0.1601559966802597 0.6699219942092896
v -0.4453119933605194 -0.0859379991889 0.6699219942092896
v 0.4453119933605194 -0.0859379991889 0.6699219942092896
v -0.4453119933605194 -0.06835900247097015 0.6699219942092896
v 0.4453119933605194 -0.06835900247097015 0.6699219942092896
v -0.4453119933605194 0.0019529999699443579 0.6699219942092896
v 0.4453119933605194 0.0019529999699443579 0.6699219942092896
v -0.4453119933605194 0.017578000202775 0.6699219942092896
v 0.4453119933605194 0.017578000202775 0.6699219942092896
v -0.4453119933605194 0.08789099752902985 0.6699219942092896
v 0.4453119933605194 0.08789099752902985 0.6699219942092896
v -0.4453119933605194 0.10351599752902985 0.6699219942092896
v 0.4453119933605194 0.10351599752902985 0.6699219942092896
v -0.4453119933605194 0.1757809966802597 0.6699219942092896
v 0.4453119933605194 0.1757809966802597 0.6699219942092896
v -0.4453119933605194 0.1914059966802597 0.6699219942092896
v 0.4453119933605194 0.1914059966802597 0.6699219942092896
v -0.4453119933605194 0.265625 0.6699219942092896
v 0.4453119933605194 0.265625 0.6699219942092896
v -0.4453119933605194 0.28320300579071045 0.6699219942092896
v 0.4453119933605194 0.28320300579071045 0.6699219942092896
v -0.4453119933605194 0.35742199420928955 0.6699219942092896
v 0.4453119933605194 0.35742199420928955 0.6699219942092896
v -0.4453119933605194 0.375 0.6699219942092896
v 0.4453119933605194 0.375 0.6699219942092896
v -0.4453119933605194 0.4335939884185791 0.6699219942092896
v 0.4453119933605194 0.4335939884185791 0.6699219942092896
v -0.44335898756980896 -0.4375 0.671875
v 0.44335898756980896 -0.4375 0.671875
v -0.44726601243019104 -0.36132800579071045 0.671875
v 0.44726601243019104 -0.36132800579071045 0.671875
v -0.296875 -0.42773398756980896 0.6816409826278687
v 0.296875 -0.42773398756980896 0.6816409826278687
v -0.296875 -0.41601601243019104 0.6816409826278687
v 0.296875 -0.41601601243019104 0.6816409826278687
v -0.296875 -0.40625 0.6816409826278687
v 0.296875 -0.40625 0.6816409826278687
v -0.3007810115814209 0.40625 0.6855469942092896
v 0.3007810115814209 0.40625 0.6855469942092896
v -0.3007810115814209 0.4257810115814209 0.6855469942092896
v 0.3007810115814209 0.4257810115814209 0.6855469942092896
v -0.3007810115814209 -0.40429699420928955 0.6914060115814209
v 0.3007810115814209 -0.40429699420928955 0.6914060115814209
v -0.3007810115814209 -0.31835898756980896 0.6914060115814209
v 0.3007810115814209 -0.31835898756980896 0.6914060115814209
v -0.30273398756980896 -0.3085939884185791 0.6914060115814209
v 0.30273398756980896 -0.3085939884185791 0.6914060115814209
v -0.30273398756980896 -0.2226559966802597 0.6933590173721313
v 0.30273398756980896 -0.2226559966802597 0.6933590173721313
v -0.30273398756980896 -0.2109380066394806 0.6933590173721313
v 0.30273398756980896 -0.2109380066394806 0.6933590173721313
v -0.30273398756980896 -0.1289059966802597 0.6933590173721313
v 0.30273398756980896 -0.1289059966802597 0.6933590173721313
v -0.30273398756980896 -0.1171879991889 0.6933590173721313
v 0.30273398756980896 -0.1171879991889 0.6933590173721313
v -0.30273398756980896 -0.041016001254320145 0.6933590173721313
v 0.30273398756980896 -0.041016001254320145 0.6933590173721313
v -0.30273398756980896 -0.029296999797225 0.6933590173721313
v 0.30273398756980896 -0.029296999797225 0.6933590173721313
v -0.30273398756980896 0.04492200165987015 0.6933590173721313
v 0.30273398756980896 0.04492200165987015 0.6933590173721313
v -0.30273398756980896 0.056641001254320145 0.6933590173721313
v 0.30273398756980896 0.056641001254320145 0.6933590173721313
v -0.30273398756980896 0.1328119933605194 0.6933590173721313
v 0.30273398756980896 0.1328119933605194 0.6933590173721313
v -0.30273398756980896 0.1445309966802597 0.6933590173721313
v 0.30273398756980896 0.1445309966802597 0.6933590173721313
v -0.30273398756980896 0.2226559966802597 0.6933590173721313
v 0.30273398756980896 0.2226559966802597 0.6933590173721313
v -0.30273398756980896 0.234375 0.6933590173721313
v 0.30273398756980896 0.234375 0.6933590173721313
v -0.30273398756980896 0.31445300579071045 0.6933590173721313
v 0.30273398756980896 0.31445300579071045 0.6933590173721313
v -0.30273398756980896 0.3242189884185791 0.6933590173721313
v 0.30273398756980896 0.3242189884185791 0.6933590173721313
v -0.30273398756980896 0.4023439884185791 0.6933590173721313
v 0.30273398756980896 0.4023439884185791 0.6933590173721313
v -0.30664101243019104 -0.3046880066394806 0.6992189884185791
v 0.30664101243019104 -0.3046880066394806 0.6992189884185791
v -0.30664101243019104 -0.20898400247097015 0.7011719942092896
v 0.30664101243019104 -0.20898400247097015 0.7011719942092896
v -0.3125 -0.4023439884185791 0.7128909826278687
v 0.3125 -0.4023439884185791 0.7128909826278687
v -0.3125 -0.32226601243019104 0.7128909826278687
v 0.3125 -0.32226601243019104 0.7128909826278687
v -0.31445300579071045 -0.30273398756980896 0.7167969942092896
v 0.31445300579071045 -0.30273398756980896 0.7167969942092896
v -0.31445300579071045 -0.2265619933605194 0.7167969942092896
v 0.31445300579071045 -0.2265619933605194 0.7167969942092896
v -0.31445300579071045 -0.2070309966802597 0.7167969942092896
v 0.31445300579071045 -0.2070309966802597 0.7167969942092896
v -0.31445300579071045 -0.1328119933605194 0.7167969942092896
v 0.31445300579071045 -0.1328119933605194 0.7167969942092896
v -0.31445300579071045 -0.11523400247097015 0.7167969942092896
v 0.31445300579071045 -0.11523400247097015 0.7167969942092896
v -0.31445300579071045 -0.04492200165987015 0.7167969942092896
v 0.31445300579071045 -0.04492200165987015 0.7167969942092896
v -0.31445300579071045 -0.027343999594449997 0.7167969942092896
v 0.31445300579071045 -0.027343999594449997 0.7167969942092896
v -0.31445300579071045 0.041016001254320145 0.7167969942092896
v 0.31445300579071045 0.041016001254320145 0.7167969942092896
v -0.31445300579071045 0.05859399959445 0.7167969942092896
v 0.31445300579071045 0.05859399959445 0.7167969942092896
v -0.31445300579071045 0.1289059966802597 0.7167969942092896
v 0.31445300579071045 0.1289059966802597 0.7167969942092896
v -0.31445300579071045 0.1484380066394806 0.7167969942092896
v 0.31445300579071045 0.1484380066394806 0.7167969942092896
v -0.31445300579071045 0.21875 0.7167969942092896
v 0.31445300579071045 0.21875 0.7167969942092896
v -0.31445300579071045 0.2382809966802597 0.7167969942092896
v 0.31445300579071045 0.2382809966802597 0.7167969942092896
v -0.31445300579071045 0.31054699420928955 0.7167969942092896
v 0.31445300579071045 0.31054699420928955 0.7167969942092896
v -0.31445300579071045 0.328125 0.7167969942092896
v 0.31445300579071045 0.328125 0.7167969942092896
v -0.31445300579071045 0.40039101243019104 0.7167969942092896
v 0.31445300579071045 0.40039101243019104 0.7167969942092896
v -0.31445300579071045 -0.4335939884185791 0.7207030057907104
v 0.31445300579071045 -0.4335939884185791 0.7207030057907104
v -0.17773400247097015 -0.42773398756980896 0.7246090173721313
v 0.17773400247097015 -0.42773398756980896 0.7246090173721313
v -0.17773400247097015 -0.41601601243019104 0.7246090173721313
v 0.17773400247097015 -0.41601601243019104 0.7246090173721313
v -0.17773400247097015 -0.40625 0.7246090173721313
v 0.17773400247097015 -0.40625 0.7246090173721313
v -0.31835898756980896 -0.3945310115814209 0.7246090173721313
v 0.31835898756980896 -0.3945310115814209 0.7246090173721313
v -0.31835898756980896 -0.328125 0.7246090173721313
v 0.31835898756980896 -0.328125 0.7246090173721313
v -0.32226601243019104 -0.29101601243019104 0.7304689884185791
v 0.32226601243019104 -0.29101601243019104 0.7304689884185791
v -0.32226601243019104 -0.2382809966802597 0.7304689884185791
v 0.32226601243019104 -0.2382809966802597 0.7304689884185791
v -0.32226601243019104 -0.1953119933605194 0.7304689884185791
v 0.32226601243019104 -0.1953119933605194 0.7304689884185791
v -0.32226601243019104 -0.1445309966802597 0.7304689884185791
v 0.32226601243019104 -0.1445309966802597 0.7304689884185791
v -0.32226601243019104 -0.10351599752902985 0.7304689884185791
v 0.32226601243019104 -0.10351599752902985 0.7304689884185791
v -0.32226601243019104 -0.052733998745679855 0.7304689884185791
v 0.32226601243019104 -0.052733998745679855 0.7304689884185791
v -0.32226601243019104 -0.015625 0.7304689884185791
v 0.32226601243019104 -0.015625 0.7304689884185791
v -0.32226601243019104 0.03125 0.7304689884185791
v 0.32226601243019104 0.03125 0.7304689884185791
v -0.32226601243019104 0.0703120008111 0.7304689884185791
v 0.32226601243019104 0.0703120008111 0.7304689884185791
v -0.32226601243019104 0.11914099752902985 0.7304689884185791
v 0.32226601243019104 0.11914099752902985 0.7304689884185791
v -0.32226601243019104 0.15820300579071045 0.7304689884185791
v 0.32226601243019104 0.15820300579071045 0.7304689884185791
v -0.32226601243019104 0.20898400247097015 0.7304689884185791
v 0.32226601243019104 0.20898400247097015 0.7304689884185791
v -0.32226601243019104 0.24804699420928955 0.7304689884185791
v 0.32226601243019104 0.24804699420928955 0.7304689884185791
v -0.32226601243019104 0.29882800579071045 0.7304689884185791
v 0.32226601243019104 0.29882800579071045 0.7304689884185791
v -0.32226601243019104 0.3398439884185791 0.7304689884185791
v 0.32226601243019104 0.3398439884185791 0.7304689884185791
v -0.32226601243019104 0.390625 0.7304689884185791
v 0.32226601243019104 0.390625 0.7304689884185791
v -0.1796880066394806 0.40625 0.7304689884185791
v 0.1796880066394806 0.40625 0.7304689884185791
v -0.1796880066394806 0.4257810115814209 0.7304689884185791
v 0.1796880066394806 0.4257810115814209 0.7304689884185791
v -0.18164099752902985 -0.40429699420928955 0.734375
v 0.18164099752902985 -0.40429699420928955 0.734375
v -0.18164099752902985 -0.31835898756980896 0.734375
v 0.18164099752902985 -0.31835898756980896 0.734375
v -0.3242189884185791 -0.3789060115814209 0.7363280057907104
v 0.3242189884185791 -0.3789060115814209 0.7363280057907104
v -0.3242189884185791 -0.34375 0.7363280057907104
v 0.3242189884185791 -0.34375 0.7363280057907104
v -0.18164099752902985 -0.3085939884185791 0.7363280057907104
v 0.18164099752902985 -0.3085939884185791 0.7363280057907104
v -0.32617199420928955 -0.36132800579071045 0.7382810115814209
v 0.32617199420928955 -0.36132800579071045 0.7382810115814209
v -0.32617199420928955 -0.2734380066394806 0.7382810115814209
v 0.32617199420928955 -0.2734380066394806 0.7382810115814209
v -0.32617199420928955 -0.2539060115814209 0.7382810115814209
v 0.32617199420928955 -0.2539060115814209 0.7382810115814209
v -0.18164099752902985 -0.2226559966802597 0.7382810115814209
v 0.18164099752902985 -0.2226559966802597 0.7382810115814209
v -0.18164099752902985 -0.2109380066394806 0.7382810115814209
v 0.18164099752902985 -0.2109380066394806 0.7382810115814209
v -0.32617199420928955 -0.17773400247097015 0.7382810115814209
v 0.32617199420928955 -0.17773400247097015 0.7382810115814209
v -0.32617199420928955 -0.1601559966802597 0.7382810115814209
v 0.32617199420928955 -0.1601559966802597 0.7382810115814209
v -0.18164099752902985 -0.1289059966802597 0.7382810115814209
v 0.18164099752902985 -0.1289059966802597 0.7382810115814209
v -0.18164099752902985 -0.1171879991889 0.7382810115814209
v 0.18164099752902985 -0.1171879991889 0.7382810115814209
v -0.32617199420928955 -0.0859379991889 0.7382810115814209
v 0.32617199420928955 -0.0859379991889 0.7382810115814209
v -0.32617199420928955 -0.06835900247097015 0.7382810115814209
v 0.32617199420928955 -0.06835900247097015 0.7382810115814209
v -0.18164099752902985 -0.041016001254320145 0.7382810115814209
v 0.18164099752902985 -0.041016001254320145 0.7382810115814209
v -0.18164099752902985 -0.029296999797225 0.7382810115814209
v 0.18164099752902985 -0.029296999797225 0.7382810115814209
v -0.32617199420928955 0.0019529999699443579 0.7382810115814209
v 0.32617199420928955 0.0019529999699443579 0.7382810115814209
v -0.32617199420928955 0.017578000202775 0.7382810115814209
v 0.32617199420928955 0.017578000202775 0.7382810115814209
v -0.18164099752902985 0.04492200165987015 0.7382810115814209
v 0.18164099752902985 0.04492200165987015 0.7382810115814209
v -0.18164099752902985 0.056641001254320145 0.7382810115814209
v 0.18164099752902985 0.056641001254320145 0.7382810115814209
v -0.32617199420928955 0.08789099752902985 0.7382810115814209
v 0.32617199420928955 0.08789099752902985 0.7382810115814209
v -0.32617199420928955 0.10351599752902985 0.7382810115814209
v 0.32617199420928955 0.10351599752902985 0.7382810115814209
v -0.18164099752902985 0.1328119933605194 0.7382810115814209
v 0.18164099752902985 0.1328119933605194 0.7382810115814209
v -0.18164099752902985 0.1445309966802597 0.7382810115814209
v 0.18164099752902985 0.1445309966802597 0.7382810115814209
v -0.32617199420928955 0.1757809966802597 0.7382810115814209
v 0.32617199420928955 0.1757809966802597 0.7382810115814209
v -0.32617199420928955 0.1914059966802597 0.7382810115814209
v 0.32617199420928955 0.1914059966802597 0.7382810115814209
v -0.18164099752902985 0.2226559966802597 0.7382810115814209
v 0.18164099752902985 0.2226559966802597 0.7382810115814209
v -0.18164099752902985 0.234375 0.7382810115814209
v 0.18164099752902985 0.234375 0.7382810115814209
v -0.32617199420928955 0.265625 0.7382810115814209
v 0.32617199420928955 0.265625 0.7382810115814209
v -0.32617199420928955 0.28320300579071045 0.7382810115814209
v 0.32617199420928955 0.28320300579071045 0.7382810115814209
v -0.18164099752902985 0.31445300579071045 0.7382810115814209
v 0.18164099752902985 0.31445300579071045 0.7382810115814209
v -0.18164099752902985 0.3242189884185791 0.7382810115814209
v 0.18164099752902985 0.3242189884185791 0.7382810115814209
v -0.32617199420928955 0.35742199420928955 0.7382810115814209
v 0.32617199420928955 0.35742199420928955 0.7382810115814209
v -0.32617199420928955 0.375 0.7382810115814209
v 0.32617199420928955 0.375 0.7382810115814209
v -0.18164099752902985 0.4023439884185791 0.7382810115814209
v 0.18164099752902985 0.4023439884185791 0.7382810115814209
v -0.32617199420928955 0.4335939884185791 0.7382810115814209
v 0.32617199420928955 0.4335939884185791 0.7382810115814209
v -0.3242189884185791 -0.4375 0.7402340173721313
v 0.3242189884185791 -0.4375 0.7402340173721313
v -0.1835940033197403 -0.3046880066394806 0.7441409826278687
v 0.1835940033197403 -0.3046880066394806 0.7441409826278687
v -0.05859399959445 -0.41601601243019104 0.7460939884185791
v 0.05859399959445 -0.41601601243019104 0.7460939884185791
v -0.1835940033197403 -0.20898400247097015 0.7460939884185791
v 0.1835940033197403 -0.20898400247097015 0.7460939884185791
v -0.05859399959445 -0.42773398756980896 0.7480469942092896
v 0.05859399959445 -0.42773398756980896 0.7480469942092896
v -0.05859399959445 -0.40625 0.7480469942092896
v 0.05859399959445 -0.40625 0.7480469942092896
v -0.05859399959445 0.40625 0.75
v 0.05859399959445 0.40625 0.75
v -0.05859399959445 0.4257810115814209 0.75
v 0.05859399959445 0.4257810115814209 0.75
v -0.05859399959445 -0.40429699420928955 0.7578120231628418
v 0.05859399959445 -0.40429699420928955 0.7578120231628418
v -0.1875 -0.4023439884185791 0.7578120231628418
v 0.1875 -0.4023439884185791 0.7578120231628418
v -0.1875 -0.32226601243019104 0.7578120231628418
v 0.1875 -0.32226601243019104 0.7578120231628418
v -0.05859399959445 -0.31835898756980896 0.7578120231628418
v 0.05859399959445 -0.31835898756980896 0.7578120231628418
v -0.05859399959445 -0.3085939884185791 0.7578120231628418
v 0.05859399959445 -0.3085939884185791 0.7578120231628418
v -0.06054700165987015 -0.2226559966802597 0.7597659826278687
v 0.06054700165987015 -0.2226559966802597 0.7597659826278687
v -0.06054700165987015 -0.2109380066394806 0.7597659826278687
v 0.06054700165987015 -0.2109380066394806 0.7597659826278687
v -0.06054700165987015 -0.1289059966802597 0.7597659826278687
v 0.06054700165987015 -0.1289059966802597 0.7597659826278687
v -0.06054700165987015 -0.1171879991889 0.7597659826278687
v 0.06054700165987015 -0.1171879991889 0.7597659826278687
v -0.06054700165987015 -0.041016001254320145 0.7597659826278687
v 0.06054700165987015 -0.041016001254320145 0.7597659826278687
v -0.06054700165987015 -0.029296999797225 0.7597659826278687
v 0.06054700165987015 -0.029296999797225 0.7597659826278687
v -0.06054700165987015 0.04492200165987015 0.7597659826278687
v 0.06054700165987015 0.04492200165987015 0.7597659826278687
v -0.06054700165987015 0.056641001254320145 0.7597659826278687
v 0.06054700165987015 0.056641001254320145 0.7597659826278687
v -0.06054700165987015 0.1328119933605194 0.7597659826278687
v 0.06054700165987015 0.1328119933605194 0.7597659826278687
v -0.06054700165987015 0.1445309966802597 0.7597659826278687
v 0.06054700165987015 0.1445309966802597 0.7597659826278687
v -0.06054700165987015 0.2226559966802597 0.7597659826278687
v 0.06054700165987015 0.2226559966802597 0.7597659826278687
v -0.06054700165987015 0.234375 0.7597659826278687
v 0.06054700165987015 0.234375 0.7597659826278687
v -0.06054700165987015 0.31445300579071045 0.7597659826278687
v 0.06054700165987015 0.31445300579071045 0.7597659826278687
v -0.06054700165987015 0.3242189884185791 0.7597659826278687
v 0.06054700165987015 0.3242189884185791 0.7597659826278687
v -0.06054700165987015 0.4023439884185791 0.7597659826278687
v 0.06054700165987015 0.4023439884185791 0.7597659826278687
v -0.18945300579071045 -0.30273398756980896 0.7617189884185791
v 0.18945300579071045 -0.30273398756980896 0.7617189884185791
v -0.18945300579071045 -0.2265619933605194 0.7617189884185791
v 0.18945300579071045 -0.2265619933605194 0.7617189884185791
v -0.18945300579071045 -0.2070309966802597 0.7617189884185791
v 0.18945300579071045 -0.2070309966802597 0.7617189884185791
v -0.18945300579071045 -0.1328119933605194 0.7617189884185791
v 0.18945300579071045 -0.1328119933605194 0.7617189884185791
v -0.18945300579071045 -0.11523400247097015 0.7617189884185791
v 0.18945300579071045 -0.11523400247097015 0.7617189884185791
v -0.18945300579071045 -0.04492200165987015 0.7617189884185791
v 0.18945300579071045 -0.04492200165987015 0.7617189884185791
v -0.18945300579071045 -0.027343999594449997 0.7617189884185791
v 0.18945300579071045 -0.027343999594449997 0.7617189884185791
v -0.18945300579071045 0.041016001254320145 0.7617189884185791
v 0.18945300579071045 0.041016001254320145 0.7617189884185791
v -0.18945300579071045 0.05859399959445 0.7617189884185791
v 0.18945300579071045 0.05859399959445 0.7617189884185791
v -0.18945300579071045 0.1289059966802597 0.7617189884185791
v 0.18945300579071045 0.1289059966802597 0.7617189884185791
v -0.18945300579071045 0.1484380066394806 0.7617189884185791
v 0.18945300579071045 0.1484380066394806 0.7617189884185791
v -0.18945300579071045 0.21875 0.7617189884185791
v 0.18945300579071045 0.21875 0.7617189884185791
v -0.18945300579071045 0.2382809966802597 0.7617189884185791
v 0.18945300579071045 0.2382809966802597 0.7617189884185791
v -0.18945300579071045 0.31054699420928955 0.7617189884185791
v 0.18945300579071045 0.31054699420928955 0.7617189884185791
v -0.18945300579071045 0.328125 0.7617189884185791
v 0.18945300579071045 0.328125 0.7617189884185791
v -0.18945300579071045 0.40039101243019104 0.7617189884185791
v 0.18945300579071045 0.40039101243019104 0.7617189884185791
v -0.18945300579071045 -0.4335939884185791 0.765625
v 0.18945300579071045 -0.4335939884185791 0.765625
v -0.06054700165987015 -0.3046880066394806 0.765625
v 0.06054700165987015 -0.3046880066394806 0.765625
v -0.06054700165987015 -0.20898400247097015 0.7675780057907104
v 0.06054700165987015 -0.20898400247097015 0.7675780057907104
v -0.1914059966802597 -0.3945310115814209 0.7695310115814209
v 0.1914059966802597 -0.3945310115814209 0.7695310115814209
v -0.1914059966802597 -0.328125 0.7695310115814209
v 0.1914059966802597 -0.328125 0.7695310115814209
v -0.19335900247097015 -0.29101601243019104 0.7753909826278687
v 0.19335900247097015 -0.29101601243019104 0.7753909826278687
v -0.19335900247097015 -0.2382809966802597 0.7753909826278687
v 0.19335900247097015 -0.2382809966802597 0.7753909826278687
v -0.19335900247097015 -0.1953119933605194 0.7753909826278687
v 0.19335900247097015 -0.1953119933605194 0.7753909826278687
v -0.19335900247097015 -0.1445309966802597 0.7753909826278687
v 0.19335900247097015 -0.1445309966802597 0.7753909826278687
v -0.19335900247097015 -0.10351599752902985 0.7753909826278687
v 0.19335900247097015 -0.10351599752902985 0.7753909826278687
v -0.19335900247097015 -0.052733998745679855 0.7753909826278687
v 0.19335900247097015 -0.052733998745679855 0.7753909826278687
v -0.19335900247097015 -0.015625 0.7753909826278687
v 0.19335900247097015 -0.015625 0.7753909826278687
v -0.19335900247097015 0.03125 0.7753909826278687
v 0.19335900247097015 0.03125 0.7753909826278687
v -0.19335900247097015 0.0703120008111 0.7753909826278687
v 0.19335900247097015 0.0703120008111 0.7753909826278687
v -0.19335900247097015 0.11914099752902985 0.7753909826278687
v 0.19335900247097015 0.11914099752902985 0.7753909826278687
v -0.19335900247097015 0.15820300579071045 0.7753909826278687
v 0.19335900247097015 0.15820300579071045 0.7753909826278687
v -0.19335900247097015 0.20898400247097015 0.7753909826278687
v 0.19335900247097015 0.20898400247097015 0.7753909826278687
v -0.19335900247097015 0.24804699420928955 0.7753909826278687
v 0.19335900247097015 0.24804699420928955 0.7753909826278687
v -0.19335900247097015 0.29882800579071045 0.7753909826278687
v 0.19335900247097015 0.29882800579071045 0.7753909826278687
v -0.19335900247097015 0.3398439884185791 0.7753909826278687
v 0.19335900247097015 0.3398439884185791 0.7753909826278687
v -0.19335900247097015 0.390625 0.7753909826278687
v 0.19335900247097015 0.390625 0.7753909826278687
v -0.0625 -0.4023439884185791 0.78125
v 0.0625 -0.4023439884185791 0.78125
v -0.1953119933605194 -0.3789060115814209 0.78125
v 0.1953119933605194 -0.3789060115814209 0.78125
v -0.1953119933605194 -0.34375 0.78125
v 0.1953119933605194 -0.34375 0.78125
v -0.0625 -0.32226601243019104 0.78125
v 0.0625 -0.32226601243019104 0.78125
v -0.1953119933605194 -0.2734380066394806 0.7832030057907104
v 0.1953119933605194 -0.2734380066394806 0.7832030057907104
v -0.1953119933605194 -0.2539060115814209 0.7832030057907104
v 0.1953119933605194 -0.2539060115814209 0.7832030057907104
v -0.1953119933605194 -0.17773400247097015 0.7832030057907104
v 0.1953119933605194 -0.17773400247097015 0.7832030057907104
v -0.1953119933605194 -0.1601559966802597 0.7832030057907104
v 0.1953119933605194 -0.1601559966802597 0.7832030057907104
v -0.1953119933605194 -0.0859379991889 0.7832030057907104
v 0.1953119933605194 -0.0859379991889 0.7832030057907104
v -0.1953119933605194 -0.06835900247097015 0.7832030057907104
v 0.1953119933605194 -0.06835900247097015 0.7832030057907104
v -0.1953119933605194 0.0019529999699443579 0.7832030057907104
v 0.1953119933605194 0.0019529999699443579 0.7832030057907104
v -0.1953119933605194 0.017578000202775 0.7832030057907104
v 0.1953119933605194 0.017578000202775 0.7832030057907104
v -0.1953119933605194 0.08789099752902985 0.7832030057907104
v 0.1953119933605194 0.08789099752902985 0.7832030057907104
v -0.1953119933605194 0.10351599752902985 0.7832030057907104
v 0.1953119933605194 0.10351599752902985 0.7832030057907104
v -0.1953119933605194 0.1757809966802597 0.7832030057907104
v 0.1953119933605194 0.1757809966802597 0.7832030057907104
v -0.1953119933605194 0.1914059966802597 0.7832030057907104
v 0.1953119933605194 0.1914059966802597 0.7832030057907104
v -0.1953119933605194 0.265625 0.7832030057907104
v 0.1953119933605194 0.265625 0.7832030057907104
v -0.1953119933605194 0.28320300579071045 0.7832030057907104
v 0.1953119933605194 0.28320300579071045 0.7832030057907104
v -0.1953119933605194 0.35742199420928955 0.7832030057907104
v 0.1953119933605194 0.35742199420928955 0.7832030057907104
v -0.1953119933605194 0.375 0.7832030057907104
v 0.1953119933605194 0.375 0.7832030057907104
v -0.1953119933605194 0.4335939884185791 0.7832030057907104
v 0.1953119933605194 0.4335939884185791 0.7832030057907104
v -0.1953119933605194 -0.36132800579071045 0.7851560115814209
v 0.1953119933605194 -0.36132800579071045 0.7851560115814209
v -0.0625 -0.30273398756980896 0.7851560115814209
v 0.0625 -0.30273398756980896 0.7851560115814209
v -0.0625 -0.2265619933605194 0.7851560115814209
v 0.0625 -0.2265619933605194 0.7851560115814209
v -0.0625 -0.2070309966802597 0.7851560115814209
v 0.0625 -0.2070309966802597 0.7851560115814209
v -0.0625 -0.1328119933605194 0.7851560115814209
v 0.0625 -0.1328119933605194 0.7851560115814209
v -0.0625 -0.11523400247097015 0.7851560115814209
v 0.0625 -0.11523400247097015 0.7851560115814209
v -0.0625 -0.04492200165987015 0.7851560115814209
v 0.0625 -0.04492200165987015 0.7851560115814209
v -0.0625 -0.027343999594449997 0.7851560115814209
v 0.0625 -0.027343999594449997 0.7851560115814209
v -0.0625 0.041016001254320145 0.7851560115814209
v 0.0625 0.041016001254320145 0.7851560115814209
v -0.0625 0.05859399959445 0.7851560115814209
v 0.0625 0.05859399959445 0.7851560115814209
v -0.0625 0.1289059966802597 0.7851560115814209
v 0.0625 0.1289059966802597 0.7851560115814209
v -0.0625 0.1484380066394806 0.7851560115814209
v 0.0625 0.1484380066394806 0.7851560115814209
v -0.0625 0.21875 0.7851560115814209
v 0.0625 0.21875 0.7851560115814209
v -0.0625 0.2382809966802597 0.7851560115814209
v 0.0625 0.2382809966802597 0.7851560115814209
v -0.0625 0.31054699420928955 0.7851560115814209
v 0.0625 0.31054699420928955 0.7851560115814209
v -0.0625 0.328125 0.7851560115814209
v 0.0625 0.328125 0.7851560115814209
v -0.0625 0.40039101243019104 0.7851560115814209
v 0.0625 0.40039101243019104 0.7851560115814209
v -0.1953119933605194 -0.4375 0.7871090173721313
v 0.1953119933605194 -0.4375 0.7871090173721313
v -0.0625 -0.4335939884185791 0.7910159826278687
v 0.0625 -0.4335939884185791 0.7910159826278687
v -0.0625 -0.3945310115814209 0.7929689884185791
v 0.0625 -0.3945310115814209 0.7929689884185791
v -0.0625 -0.328125 0.7929689884185791
v 0.0625 -0.328125 0.7929689884185791
v -0.06445299834012985 -0.29101601243019104 0.7988280057907104
v 0.06445299834012985 -0.29101601243019104 0.7988280057907104
v -0.06445299834012985 -0.2382809966802597 0.7988280057907104
v 0.06445299834012985 -0.2382809966802597 0.7988280057907104
v -0.06445299834012985 -0.1953119933605194 0.7988280057907104
v 0.06445299834012985 -0.1953119933605194 0.7988280057907104
v -0.06445299834012985 -0.1445309966802597 0.7988280057907104
v 0.06445299834012985 -0.1445309966802597 0.7988280057907104
v -0.06445299834012985 -0.10351599752902985 0.7988280057907104
v 0.06445299834012985 -0.10351599752902985 0.7988280057907104
v -0.06445299834012985 -0.052733998745679855 0.7988280057907104
v 0.06445299834012985 -0.052733998745679855 0.7988280057907104
v -0.06445299834012985 -0.015625 0.7988280057907104
v 0.06445299834012985 -0.015625 0.7988280057907104
v -0.06445299834012985 0.03125 0.7988280057907104
v 0.06445299834012985 0.03125 0.7988280057907104
v -0.06445299834012985 0.0703120008111 0.7988280057907104
v 0.06445299834012985 0.0703120008111 0.7988280057907104
v -0.06445299834012985 0.11914099752902985 0.7988280057907104
v 0.06445299834012985 0.11914099752902985 0.7988280057907104
v -0.06445299834012985 0.15820300579071045 0.7988280057907104
v 0.06445299834012985 0.15820300579071045 0.7988280057907104
v -0.06445299834012985 0.20898400247097015 0.7988280057907104
v 0.06445299834012985 0.20898400247097015 0.7988280057907104
v -0.06445299834012985 0.24804699420928955 0.7988280057907104
v 0.06445299834012985 0.24804699420928955 0.7988280057907104
v -0.06445299834012985 0.29882800579071045 0.7988280057907104
v 0.06445299834012985 0.29882800579071045 0.7988280057907104
v -0.06445299834012985 0.3398439884185791 0.7988280057907104
v 0.06445299834012985 0.3398439884185791 0.7988280057907104
v -0.06445299834012985 0.390625 0.7988280057907104
v 0.06445299834012985 0.390625 0.7988280057907104
v -0.06445299834012985 -0.3789060115814209 0.8046879768371582
v 0.06445299834012985 -0.3789060115814209 0.8046879768371582
v -0.06445299834012985 -0.34375 0.8046879768371582
v 0.06445299834012985 -0.34375 0.8046879768371582
v -0.06445299834012985 -0.2734380066394806 0.8066409826278687
v 0.06445299834012985 -0.2734380066394806 0.8066409826278687
v -0.06445299834012985 -0.2539060115814209 0.8066409826278687
v 0.06445299834012985 -0.2539060115814209 0.8066409826278687
v -0.06445299834012985 -0.17773400247097015 0.8066409826278687
v 0.06445299834012985 -0.17773400247097015 0.8066409826278687
v -0.06445299834012985 -0.1601559966802597 0.8066409826278687
v 0.06445299834012985 -0.1601559966802597 0.8066409826278687
v -0.06445299834012985 -0.0859379991889 0.8066409826278687
v 0.06445299834012985 -0.0859379991889 0.8066409826278687
v -0.06445299834012985 -0.06835900247097015 0.8066409826278687
v 0.06445299834012985 -0.06835900247097015 0.8066409826278687
v -0.06445299834012985 0.0019529999699443579 0.8066409826278687
v 0.06445299834012985 0.0019529999699443579 0.8066409826278687
v -0.06445299834012985 0.017578000202775 0.8066409826278687
v 0.06445299834012985 0.017578000202775 0.8066409826278687
v -0.06445299834012985 0.08789099752902985 0.8066409826278687
v 0.06445299834012985 0.08789099752902985 0.8066409826278687
v -0.06445299834012985 0.10351599752902985 0.8066409826278687
v 0.06445299834012985 0.10351599752902985 0.8066409826278687
v -0.06445299834012985 0.1757809966802597 0.8066409826278687
v 0.06445299834012985 0.1757809966802597 0.8066409826278687
v -0.06445299834012985 0.1914059966802597 0.8066409826278687
v 0.06445299834012985 0.1914059966802597 0.8066409826278687
v -0.06445299834012985 0.265625 0.8066409826278687
v 0.06445299834012985 0.265625 0.8066409826278687
v -0.06445299834012985 0.28320300579071045 0.8066409826278687
v 0.06445299834012985 0.28320300579071045 0.8066409826278687
v -0.06445299834012985 0.35742199420928955 0.8066409826278687
v 0.06445299834012985 0.35742199420928955 0.8066409826278687
v -0.06445299834012985 0.375 0.8066409826278687
v 0.06445299834012985 0.375 0.8066409826278687
v -0.06445299834012985 0.4335939884185791 0.8066409826278687
v 0.06445299834012985 0.4335939884185791 0.8066409826278687
v -0.06445299834012985 -0.36132800579071045 0.8085939884185791
v 0.06445299834012985 -0.36132800579071045 0.8085939884185791
v -0.0664059966802597 -0.4375 0.8144530057907104
v 0.0664059966802597 -0.4375 0.8144530057907104
v -0.43554699420928955 -0.6328120231628418 0.8515620231628418
v 0.43554699420928955 -0.6328120231628418 0.8515620231628418
v -0.43554699420928955 -0.4375 0.8515620231628418
v 0.43554699420928955 -0.4375 0.8515620231628418
v -0.43554699420928955 0.43945300579071045 0.8535159826278687
v 0.43554699420928955 0.43945300579071045 0.8535159826278687
v -0.43554699420928955 0.6308590173721313 0.8535159826278687
v 0.43554699420928955 0.6308590173721313 0.8535159826278687
v -0.4414060115814209 -0.625 0.8613280057907104
v 0.4414060115814209 -0.625 0.8613280057907104
v -0.4414060115814209 -0.44726601243019104 0.8613280057907104
v 0.4414060115814209 -0.44726601243019104 0.8613280057907104
v -0.43945300579071045 0.44726601243019104 0.8632810115814209
v 0.43945300579071045 0.44726601243019104 0.8632810115814209
v -0.43945300579071045 0.6210939884185791 0.8632810115814209
v 0.43945300579071045 0.6210939884185791 0.8632810115814209
v 0.0 0.43945300579071045 0.9316409826278687
v 0.0 -0.6328120231628418 0.9394530057907104
v 0.0 -0.4375 0.9394530057907104
v -0.019531000405550003 0.43945300579071045 0.9394530057907104
v 0.019531000405550003 0.43945300579071045 0.9394530057907104
v -0.019531000405550003 0.6308590173721313 0.9394530057907104
v 0.0 0.6308590173721313 0.9394530057907104
v 0.019531000405550003 0.6308590173721313 0.9394530057907104
v -0.011718999594449997 -0.625 0.9492189884185791
v 0.011718999594449997 -0.625 0.9492189884185791
v -0.011718999594449997 -0.44726601243019104 0.9492189884185791
v 0.011718999594449997 -0.44726601243019104 0.9492189884185791
v -0.019531000405550003 0.44726601243019104 0.9492189884185791
v 0.0 0.44726601243019104 0.9492189884185791
v 0.019531000405550003 0.44726601243019104 0.9492189884185791
v -0.019531000405550003 0.6210939884185791 0.9492189884185791
v 0.0 0.6210939884185791 0.9492189884185791
v 0.019531000405550003 0.6210939884185791 0.9492189884185791
vt 0.5083029866218567 0.7315980195999146
vt 0.5082420110702515 0.7332029938697815
vt 0.49397900700569153 0.7323110103607178
vt 0.4937480092048645 0.7307199835777283
vt 0.8816859722137451 0.567376971244812
vt 0.8823680281639099 0.5660979747772217
vt 0.8934739828109741 0.5734300017356873
vt 0.8926100134849548 0.5746110081672668
vt 0.6185309886932373 0.7073259949684143
vt 0.6201840043067932 0.7051870226860046
vt 0.6312339901924133 0.7121040225028992
vt 0.6301800012588501 0.7145059704780579
vt 0.8103629946708679 0.7376090288162231
vt 0.810886025428772 0.7389739751815796
vt 0.7983160018920898 0.7454249858856201
vt 0.7975199818611145 0.7441660165786743
vt 0.5569300055503845 0.5223940014839172
vt 0.5583119988441467 0.5236430168151855
vt 0.5485060214996338 0.5326399803161621
vt 0.5474010109901428 0.5310829877853394
vt 0.42003700137138367 0.052831001579761505
vt 0.4186840057373047 0.05216600000858307
vt 0.4248329997062683 0.040421999990940094
vt 0.4260469973087311 0.04123999923467636
vt 0.03716500103473663 0.8386669754981995
vt 0.03551499918103218 0.8384600281715393
vt 0.0355059988796711 0.825003981590271
vt 0.03715600073337555 0.825003981590271
vt 0.039051998406648636 0.8517100214958191
vt 0.037188999354839325 0.8517100214958191
vt 0.039028000086545944 0.8386669754981995
vt 0.20091800391674042 0.9300220012664795
vt 0.20216000080108643 0.9300220012664795
vt 0.20209699869155884 0.9428579807281494
vt 0.20085600018501282 0.9428579807281494
vt 0.9372410178184509 0.769012987613678
vt 0.9353560209274292 0.768805980682373
vt 0.9354860186576843 0.7549350261688232
vt 0.9373720288276672 0.7553489804267883
vt 0.1485770046710968 0.19370900094509125
vt 0.14899100363254547 0.19474400579929352
vt 0.10447899997234344 0.20385299623012543
vt 0.10447999835014343 0.20281800627708435
vt 0.5735080242156982 0.27336400747299194
vt 0.5761250257492065 0.2729380130767822
vt 0.5784500241279602 0.28703901171684265
vt 0.5758180022239685 0.28717198967933655
vt 0.7632160186767578 0.6628029942512512
vt 0.7618150115013123 0.6632289886474609
vt 0.7590389847755432 0.6490780115127563
vt 0.7605249881744385 0.6489319801330566
vt 0.43564701080322266 0.14424000680446625
vt 0.43452098965644836 0.1451759934425354
vt 0.42605000734329224 0.1341709941625595
vt 0.42732900381088257 0.13337300717830658
vt 0.18503600358963013 0.9873690009117126
vt 0.1837950050830841 0.9873690009117126
vt 0.18355700373649597 0.9763960242271423
vt 0.184798002243042 0.9763960242271423
vt 0.8878009915351868 0.8853089809417725
vt 0.8869919776916504 0.8840500116348267
vt 0.8984419703483582 0.8755210041999817
vt 0.8993340134620667 0.8765910267829895
vt 0.9230570197105408 0.4468039870262146
vt 0.9204419851303101 0.44722500443458557
vt 0.9159759879112244 0.43425899744033813
vt 0.9185619950294495 0.4332529902458191
vt 0.1555979996919632 0.8113399744033813
vt 0.15415500104427338 0.8115469813346863
vt 0.15417900681495667 0.7987110018730164
vt 0.15562200546264648 0.7982969880104065
vt 0.629925012588501 0.1616480052471161
vt 0.63059401512146 0.16028299927711487
vt 0.6436169743537903 0.16563600301742554
vt 0.6432549953460693 0.1672780066728592
vt 0.10095900297164917 0.2090959995985031
vt 0.10219799727201462 0.2101210057735443
vt 0.0560309998691082 0.21943899989128113
vt 0.05541300028562546 0.21841399371623993
vt 0.13928300142288208 0.5652369856834412
vt 0.14022000133991241 0.5663620233535767
vt 0.1291549950838089 0.5736629962921143
vt 0.12835800647735596 0.5723850131034851
vt 0.8904060125350952 0.5774239897727966
vt 0.8800299763679504 0.5704820156097412
vt 0.8805170059204102 0.5695689916610718
vt 0.8910750150680542 0.5766080021858215
vt 0.9558179974555969 0.25463300943374634
vt 0.9545760154724121 0.25463300943374634
vt 0.9545980095863342 0.2422109991312027
vt 0.9558410048484802 0.2422109991312027
vt 0.12598800659179688 0.8517100214958191
vt 0.12763799726963043 0.8512960076332092
vt 0.12759900093078613 0.8635110259056091
vt 0.12594899535179138 0.8639249801635742
vt 0.3691039979457855 0.4798389971256256
vt 0.3717209994792938 0.4794130027294159
vt 0.3740450143814087 0.4935140013694763
vt 0.3714140057563782 0.4936470091342926
vt 0.16827799379825592 0.825003981590271
vt 0.16972200572490692 0.825003981590271
vt 0.16971300542354584 0.8384600281715393
vt 0.16826899349689484 0.8386669754981995
vt 0.12414799630641937 0.8386669754981995
vt 0.12601199746131897 0.8386669754981995
vt 0.12412499636411667 0.8517100214958191
vt 0.5930920243263245 0.6070359945297241
vt 0.5954920053482056 0.6080840229988098
vt 0.5915579795837402 0.6201540231704712
vt 0.5890340209007263 0.6195530295372009
vt 0.03553900122642517 0.8512960076332092
vt 0.5379930138587952 0.15944500267505646
vt 0.5387910008430481 0.1607239991426468
vt 0.5266069769859314 0.16617600619792938
vt 0.5259479880332947 0.16474400460720062
vt 0.004960999824106693 0.6944419741630554
vt 0.006564999930560589 0.6942049860954285
vt 0.01106099970638752 0.7077550292015076
vt 0.009471000172197819 0.7082849740982056
vt 0.07052700221538544 0.17590400576591492
vt 0.06783600151538849 0.18149399757385254
vt 0.05520699918270111 0.17424799501895905
vt 0.058726001530885696 0.16927899420261383
vt 0.27348101139068604 0.13242200016975403
vt 0.26975300908088684 0.13572999835014343
vt 0.2604359984397888 0.12020400166511536
vt 0.26499199867248535 0.1183449998497963
vt 0.5566750168800354 0.40998101234436035
vt 0.5578010082244873 0.40904501080513
vt 0.5662720203399658 0.4200499951839447
vt 0.5649930238723755 0.42084801197052
vt 0.9543629884719849 0.06825000047683716
vt 0.9529370069503784 0.06825000047683716
vt 0.9529370069503784 0.05458600074052811
vt 0.9543629884719849 0.05458600074052811
vt 0.8890029788017273 0.014214999973773956
vt 0.8869330286979675 0.014214999973773956
vt 0.8871880173683167 0.0026209999341517687
vt 0.8892580270767212 0.0026209999341517687
vt 0.43359801173210144 0.23704299330711365
vt 0.4325219988822937 0.23607100546360016
vt 0.44246700406074524 0.22692100703716278
vt 0.4434039890766144 0.2280460000038147
vt 0.8725889921188354 0.038437001407146454
vt 0.8742539882659912 0.038022998720407486
vt 0.8742780089378357 0.05106600001454353
vt 0.8726130127906799 0.05127299949526787
vt 0.12221699953079224 0.7864959836006165
vt 0.12408600002527237 0.7860820293426514
vt 0.12412499636411667 0.7982969880104065
vt 0.12225499749183655 0.7987110018730164
vt 0.9839140176773071 0.3082529902458191
vt 0.9826719760894775 0.3082529902458191
vt 0.9824910163879395 0.2962459921836853
vt 0.9837329983711243 0.2962459921836853
vt 0.5869389772415161 0.45942801237106323
vt 0.5853080153465271 0.45907101035118103
vt 0.5875380039215088 0.4451799988746643
vt 0.5890300273895264 0.44569098949432373
vt 0.8448659777641296 0.37610098719596863
vt 0.8447350263595581 0.37346500158309937
vt 0.8585870265960693 0.3720329999923706
vt 0.8590109944343567 0.37465399503707886
vt 0.4450640082359314 0.35958901047706604
vt 0.44424599409103394 0.3608030080795288
vt 0.43410900235176086 0.3516409993171692
vt 0.435234010219574 0.35070499777793884
vt 0.006471000146120787 0.8759329915046692
vt 0.004401000216603279 0.8759329915046692
vt 0.004344000015407801 0.8639249801635742
vt 0.006413999944925308 0.8639249801635742
vt 0.43400999903678894 0.030578000470995903
vt 0.4329349994659424 0.02960599958896637
vt 0.4428800046443939 0.020455999299883842
vt 0.44381600618362427 0.021580999717116356
vt 0.8048160076141357 0.7115039825439453
vt 0.8163610100746155 0.7162539958953857
vt 0.8160560131072998 0.7172639966011047
vt 0.804328978061676 0.7124170064926147
vt 0.9614009857177734 0.41514700651168823
vt 0.962643027305603 0.41514700651168823
vt 0.9626049995422363 0.42674100399017334
vt 0.9613630175590515 0.42674100399017334
vt 0.5991020202636719 0.5954470038414001
vt 0.6015170216560364 0.5967869758605957
vt 0.5375800132751465 0.36590999364852905
vt 0.5383780002593994 0.3671889901161194
vt 0.5261939764022827 0.372640997171402
vt 0.5255360007286072 0.3712089955806732
vt 0.09352000057697296 0.7982969880104065
vt 0.09516999870538712 0.7987110018730164
vt 0.09519399702548981 0.8115469813346863
vt 0.09354399889707565 0.8113399744033813
vt 0.09167999774217606 0.8113399744033813
vt 0.09355299919843674 0.825003981590271
vt 0.09168899804353714 0.825003981590271
vt 0.9347910284996033 0.05458600074052811
vt 0.9364240169525146 0.05458600074052811
vt 0.9364240169525146 0.06825000047683716
vt 0.9347910284996033 0.06825000047683716
vt 0.9133059978485107 0.08191300183534622
vt 0.911421000957489 0.08212000131607056
vt 0.9113529920578003 0.06825000047683716
vt 0.913237988948822 0.06825000047683716
vt 0.1114329993724823 0.8512960076332092
vt 0.11330199986696243 0.8517100214958191
vt 0.11326300352811813 0.8639249801635742
vt 0.111394003033638 0.8635110259056091
vt 0.35207998752593994 0.7645509839057922
vt 0.3537580072879791 0.7635160088539124
vt 0.35401299595832825 0.7749029994010925
vt 0.35232898592948914 0.7757310271263123
vt 0.9756349921226501 0.25359800457954407
vt 0.9756259918212891 0.2660199999809265
vt 0.9745889902114868 0.2660199999809265
vt 0.9745979905128479 0.25359800457954407
vt 0.01372199971228838 0.7746959924697876
vt 0.015589999966323376 0.7740749716758728
vt 0.015646999701857567 0.7860820293426514
vt 0.013778000138700008 0.7864959836006165
vt 0.916795015335083 0.6058109998703003
vt 0.9182929992675781 0.6052020192146301
vt 0.9230300188064575 0.6187570095062256
vt 0.9216300249099731 0.6191830039024353
vt 0.09352000057697296 0.8517100214958191
vt 0.09516999870538712 0.8512960076332092
vt 0.09513100236654282 0.8635110259056091
vt 0.09348099678754807 0.8639249801635742
vt 0.008244000375270844 0.7987110018730164
vt 0.0063749998807907104 0.7982969880104065
vt 0.006413999944925308 0.7860820293426514
vt 0.008283000439405441 0.7864959836006165
vt 0.05715100094676018 0.42207399010658264
vt 0.05649299919605255 0.4206419885158539
vt 0.07008799910545349 0.41702398657798767
vt 0.0706079974770546 0.41861000657081604
vt 0.8892580270767212 0.12021400034427643
vt 0.8871880173683167 0.12021400034427643
vt 0.8869330286979675 0.10862000286579132
vt 0.8890029788017273 0.10862000286579132
vt 0.03591499850153923 0.4369249939918518
vt 0.026525000110268593 0.4454610049724579
vt 0.02591099962592125 0.44490599632263184
vt 0.03543899953365326 0.43621599674224854
vt 0.9764900207519531 0.8244959712028503
vt 0.9744200110435486 0.8244959712028503
vt 0.9743819832801819 0.8131099939346313
vt 0.9764519929885864 0.8131099939346313
vt 0.9612420201301575 0.3319219946861267
vt 0.9624850153923035 0.3319219946861267
vt 0.962552011013031 0.3422729969024658
vt 0.9613100290298462 0.3422729969024658
vt 0.05883599817752838 0.7982969880104065
vt 0.05718600004911423 0.7987110018730164
vt 0.057225000113248825 0.7864959836006165
vt 0.05887499824166298 0.7860820293426514
vt 0.9790970087051392 0.6054940223693848
vt 0.9778550267219543 0.6054940223693848
vt 0.9779180288314819 0.5926579833030701
vt 0.9791589975357056 0.5926579833030701
vt 0.9366980195045471 0.6224700212478638
vt 0.9348130226135254 0.6224700212478638
vt 0.9348130226135254 0.6088060140609741
vt 0.9366980195045471 0.6088060140609741
vt 0.11126799881458282 0.7639300227165222
vt 0.11313600093126297 0.7633090019226074
vt 0.11320599913597107 0.7740749716758728
vt 0.11133900284767151 0.7746959924697876
vt 0.9191089868545532 0.619949996471405
vt 0.9243209958076477 0.6330540180206299
vt 0.9217150211334229 0.6335409879684448
vt 0.936896026134491 0.6497979760169983
vt 0.9350110292434692 0.6502119898796082
vt 0.9348809719085693 0.6363409757614136
vt 0.9367660284042358 0.6361340284347534
vt 0.049915000796318054 0.8639249801635742
vt 0.04805200174450874 0.8639249801635742
vt 0.048013001680374146 0.8517100214958191
vt 0.049876000732183456 0.8517100214958191
vt 0.7868660092353821 0.7539529800415039
vt 0.7859860062599182 0.7528839707374573
vt 0.06990599632263184 0.8639249801635742
vt 0.06804899871349335 0.8635110259056091
vt 0.06801000237464905 0.8512960076332092
vt 0.06986699998378754 0.8517100214958191
vt 0.3318920135498047 0.7439640164375305
vt 0.3314180076122284 0.7432519793510437
vt 0.34175899624824524 0.7361339926719666
vt 0.34252500534057617 0.7368320226669312
vt 0.3211340010166168 0.7515450119972229
vt 0.32027798891067505 0.7490940093994141
vt 0.3331789970397949 0.7462469935417175
vt 0.16826899349689484 0.8113399744033813
vt 0.16971300542354584 0.8115469813346863
vt 0.9153090119361877 0.6728280186653137
vt 0.9190599918365479 0.6605160236358643
vt 0.9201679825782776 0.6606370210647583
vt 0.9162219762802124 0.6733149886131287
vt 0.967860996723175 0.8015159964561462
vt 0.9691029787063599 0.8015159964561462
vt 0.9690809845924377 0.8139380216598511
vt 0.9678390026092529 0.8139380216598511
vt 0.43719199299812317 0.522724986076355
vt 0.44671499729156494 0.5313320159912109
vt 0.4461599886417389 0.5319460034370422
vt 0.4366370141506195 0.5233389735221863
vt 0.10044600069522858 0.7639300227165222
vt 0.10231299698352814 0.7633090019226074
vt 0.10238400101661682 0.7740749716758728
vt 0.10051599889993668 0.7746959924697876
vt 0.5784350037574768 0.30125799775123596
vt 0.5800650119781494 0.30161499977111816
vt 0.5778350234031677 0.3155060112476349
vt 0.5763440132141113 0.3149949908256531
vt 0.27815499901771545 0.9689350128173828
vt 0.27939701080322266 0.9689350128173828
vt 0.27921000123023987 0.9805290102958679
vt 0.27796798944473267 0.9807360172271729
vt 0.1362289935350418 0.8113399744033813
vt 0.13457299768924713 0.8113399744033813
vt 0.13459700345993042 0.7982969880104065
vt 0.1362529993057251 0.7982969880104065
vt 0.3409709930419922 0.0740400031208992
vt 0.3446959853172302 0.07072299718856812
vt 0.35401299595832825 0.08624900132417679
vt 0.34946000576019287 0.08811700344085693
vt 0.289342999458313 0.5894389748573303
vt 0.2895750105381012 0.5910300016403198
vt 0.27542999386787415 0.592477023601532
vt 0.2749060094356537 0.5909010171890259
vt 0.9328609704971313 0.08212000131607056
vt 0.9347230195999146 0.08212000131607056
vt 0.9345930218696594 0.09599100053310394
vt 0.9327300190925598 0.09599100053310394
vt 0.01876400038599968 0.2964470088481903
vt 0.02352299913764 0.29726898670196533
vt 0.022281000390648842 0.309689998626709
vt 0.017315000295639038 0.3096959888935089
vt 0.028325000777840614 0.7740740180015564
vt 0.026460999622941017 0.7740740180015564
vt 0.026531999930739403 0.7633090019226074
vt 0.028395000845193863 0.7633090019226074
vt 0.9251539707183838 0.11959300190210342
vt 0.9232749938964844 0.12021400034427643
vt 0.9230200052261353 0.10862000286579132
vt 0.924905002117157 0.10820599645376205
vt 0.9020360112190247 0.040922001004219055
vt 0.9001510143280029 0.04071500152349472
vt 0.9002810120582581 0.026844000443816185
vt 0.902167022228241 0.027257999405264854
vt 0.10424699634313583 0.8759329915046692
vt 0.10589899867773056 0.875311017036438
vt 0.10582800209522247 0.8860769867897034
vt 0.10417699813842773 0.8866980075836182
vt 0.16240699589252472 0.4658620059490204
vt 0.1639930009841919 0.4653419852256775
vt 0.16850300133228302 0.47918498516082764
vt 0.16690300405025482 0.4794130027294159
vt 0.9226909875869751 0.04071500152349472
vt 0.9208279848098755 0.04071500152349472
vt 0.9209579825401306 0.026844000443816185
vt 0.9228209853172302 0.026844000443816185
vt 0.7519019842147827 0.6490020155906677
vt 0.7492570281028748 0.6488379836082458
vt 0.7492859959602356 0.6349130272865295
vt 0.7519159913063049 0.6347839832305908
vt 0.40597501397132874 0.08355200290679932
vt 0.40597501397132874 0.12288600206375122
vt 0.3560810089111328 0.12102299928665161
vt 0.3596000075340271 0.10321900248527527
vt 0.9442880153656006 0.5949360132217407
vt 0.9426550269126892 0.5951430201530457
vt 0.9427859783172607 0.581479012966156
vt 0.9444190263748169 0.5810649991035461
vt 0.40701401233673096 0.12289600074291229
vt 0.40701401233673096 0.08356200158596039
vt 0.28043198585510254 0.9689350128173828
vt 0.28024500608444214 0.9807360172271729
vt 0.9648709893226624 0.640067994594574
vt 0.9661129713058472 0.640067994594574
vt 0.9660760164260864 0.6516609787940979
vt 0.9648339748382568 0.6516609787940979
vt 0.14724400639533997 0.8386669754981995
vt 0.14889399707317352 0.8384600281715393
vt 0.14887000620365143 0.8512960076332092
vt 0.14722000062465668 0.8517100214958191
vt 0.15578900277614594 0.8866980075836182
vt 0.15434400737285614 0.8860769867897034
vt 0.15427400171756744 0.875311017036438
vt 0.15571799874305725 0.8759329915046692
vt 0.18149399757385254 0.09060899913311005
vt 0.18749800324440002 0.08957300335168839
vt 0.18874000012874603 0.10323700308799744
vt 0.1825290024280548 0.10323700308799744
vt 0.7773939967155457 0.8678730130195618
vt 0.7784559726715088 0.8669869899749756
vt 0.787356972694397 0.8765649795532227
vt 0.7864000201225281 0.8777239918708801
vt 0.38651901483535767 0.2478010058403015
vt 0.40556600689888 0.28796499967575073
vt 0.3564999997615814 0.29169100522994995
vt 0.34697699546813965 0.27595698833465576
vt 0.4165340065956116 0.07924500107765198
vt 0.41388699412345886 0.07908499985933304
vt 0.41597801446914673 0.06534799933433533
vt 0.41850098967552185 0.06595399975776672
vt 0.9559999704360962 0.3254370093345642
vt 0.9547569751739502 0.3254370093345642
vt 0.9546899795532227 0.3150849938392639
vt 0.9559320211410522 0.3150849938392639
vt 0.041016001254320145 0.875311017036438
vt 0.03914799913764 0.8759329915046692
vt 0.039090998470783234 0.8639249801635742
vt 0.04095999896526337 0.8635110259056091
vt 0.22479699552059174 0.7188829779624939
vt 0.2255070060491562 0.7184029817581177
vt 0.23364199697971344 0.7285460233688354
vt 0.23279200494289398 0.7291790246963501
vt 0.9447630047798157 0.768805980682373
vt 0.9431300163269043 0.769012987613678
vt 0.9432610273361206 0.7553489804267883
vt 0.944894015789032 0.7549350261688232
vt 0.7301419973373413 0.757722020149231
vt 0.7281849980354309 0.7595760226249695
vt 0.7186629772186279 0.7509689927101135
vt 0.7203119993209839 0.7488380074501038
vt 0.9465579986572266 0.7826759815216064
vt 0.944694995880127 0.7826759815216064
vt 0.9466260075569153 0.768805980682373
vt 0.8615409731864929 0.8977109789848328
vt 0.8613730072975159 0.896511971950531
vt 0.8749579787254333 0.8918660283088684
vt 0.8753150105476379 0.8931480050086975
vt 0.03418099880218506 0.43452098965644836
vt 0.045106999576091766 0.4273729920387268
vt 0.04622599855065346 0.4292219877243042
vt 0.8126429915428162 0.38804399967193604
vt 0.813306987285614 0.38946399092674255
vt 0.8012620210647583 0.3947620093822479
vt 0.8004599809646606 0.39349499344825745
vt 0.8760799765586853 0.1036510020494461
vt 0.8779399991035461 0.10344400256872177
vt 0.8778849840164185 0.11524499952793121
vt 0.8760250210762024 0.11565899848937988
vt 0.6398410201072693 0.7372159957885742
vt 0.640699028968811 0.7396600246429443
vt 0.6290850043296814 0.7447900176048279
vt 0.6277959942817688 0.7425140142440796
vt 0.2019670009613037 0.9556930065155029
vt 0.2007250040769577 0.9556930065155029
vt 0.4978010058403015 0.7212449908256531
vt 0.4979340136051178 0.7238759994506836
vt 0.48367100954055786 0.7229840159416199
vt 0.4838300049304962 0.720337986946106
vt 0.6185309886932373 0.881197988986969
vt 0.620182991027832 0.8790590167045593
vt 0.6312329769134521 0.8859760165214539
vt 0.6301800012588501 0.8883780241012573
vt 0.044022999703884125 0.2478010058403015
vt 0.05520299822092056 0.2384839951992035
vt 0.056442998349666595 0.24034400284290314
vt 0.04547100141644478 0.24945299327373505
vt 0.7604069709777832 0.45941001176834106
vt 0.7630550265312195 0.45956501364707947
vt 0.7630259990692139 0.47349101305007935
vt 0.7603930234909058 0.4736280143260956
vt 0.7203099727630615 0.22721900045871735
vt 0.721127986907959 0.22600500285625458
vt 0.7312650084495544 0.235166996717453
vt 0.730139970779419 0.23610399663448334
vt 0.9339359998703003 0.28858599066734314
vt 0.9323040246963501 0.2883790135383606
vt 0.9322360157966614 0.27471500635147095
vt 0.9338679909706116 0.27471500635147095
vt 0.9680370092391968 0.23061800003051758
vt 0.9692789912223816 0.23061800003051758
vt 0.9693160057067871 0.2422109991312027
vt 0.9680740237236023 0.2422109991312027
vt 0.7610020041465759 0.4451740086078644
vt 0.7624989748001099 0.44567298889160156
vt 0.7587720155715942 0.4590640068054199
vt 0.14360100030899048 0.7746959924697876
vt 0.14546799659729004 0.7740749716758728
vt 0.1455249935388565 0.7860820293426514
vt 0.14365600049495697 0.7864959836006165
vt 0.9556800127029419 0.6628410220146179
vt 0.9542539715766907 0.6624270081520081
vt 0.9540550112724304 0.6497979760169983
vt 0.9554809927940369 0.6502119898796082
vt 0.7498080134391785 0.3149949908256531
vt 0.7512999773025513 0.3155060112476349
vt 0.7471020221710205 0.32817700505256653
vt 0.7457500100135803 0.3275130093097687
vt 0.985256016254425 0.05127299949526787
vt 0.9864979982376099 0.05127299949526787
vt 0.9864979982376099 0.06410899758338928
vt 0.985256016254425 0.06410899758338928
vt 0.4256350100040436 0.42158401012420654
vt 0.4244210124015808 0.4207650125026703
vt 0.4325219988822937 0.40994900465011597
vt 0.43359801173210144 0.41092100739479065
vt 0.4214229881763458 0.43396198749542236
vt 0.419624000787735 0.4331740140914917
vt 0.4272949993610382 0.4225260019302368
vt 0.09619899839162827 0.02373800054192543
vt 0.09557700157165527 0.01773500069975853
vt 0.10924100130796432 0.01773500069975853
vt 0.10862000286579132 0.02373800054192543
vt 0.5935050249099731 0.05281300097703934
vt 0.5959050059318542 0.05386099964380264
vt 0.5919709801673889 0.06593199819326401
vt 0.589447021484375 0.06532999873161316
vt 0.6026610136032104 0.33855101466178894
vt 0.6003810167312622 0.33983901143074036
vt 0.5937439799308777 0.32742199301719666
vt 0.596331000328064 0.32641100883483887
vt 0.8982120156288147 0.09599100053310394
vt 0.8965790271759033 0.09557700157165527
vt 0.8964490294456482 0.08191300183534622
vt 0.8980810046195984 0.08212000131607056
vt 0.328341007232666 0.05892400071024895
vt 0.3293739855289459 0.05684800073504448
vt 0.3463500142097473 0.06906100362539291
vt 0.37242698669433594 0.8684800267219543
vt 0.3707430064678192 0.8693079948425293
vt 0.37054499983787537 0.8564720153808594
vt 0.3722339868545532 0.8558509945869446
vt 0.008210999891161919 0.825003981590271
vt 0.006341999862343073 0.825003981590271
vt 0.006351000163704157 0.8113399744033813
vt 0.008220000192523003 0.8115469813346863
vt 0.8986650109291077 0.12021400034427643
vt 0.8970270156860352 0.11959300190210342
vt 0.8967769742012024 0.10820599645376205
vt 0.8984100222587585 0.10862000286579132
vt 0.8656589984893799 0.126010000705719
vt 0.8637940287590027 0.12642399966716766
vt 0.863722026348114 0.11565899848937988
vt 0.8655880093574524 0.11524499952793121
vt 0.8877310156822205 0.7447860240936279
vt 0.8863459825515747 0.746891975402832
vt 0.8752909898757935 0.7406629920005798
vt 0.8762969970703125 0.7383890151977539
vt 0.5716300010681152 0.25938698649406433
vt 0.5732160210609436 0.2588669955730438
vt 0.5777260065078735 0.27271100878715515
vt 0.9004799723625183 0.10862000286579132
vt 0.9002810120582581 0.09599100053310394
vt 0.02819499932229519 0.825003981590271
vt 0.026332000270485878 0.825003981590271
vt 0.026341000571846962 0.8113399744033813
vt 0.028203999623656273 0.8113399744033813
vt 0.7535279989242554 0.8087289929389954
vt 0.7519159913063049 0.8086559772491455
vt 0.7495909929275513 0.7945560216903687
vt 0.7511889934539795 0.7943360209465027
vt 0.9322360157966614 0.2610509991645813
vt 0.9338679909706116 0.2610509991645813
vt 0.9592199921607971 0.6624270081520081
vt 0.9573349952697754 0.6628410220146179
vt 0.9571369886398315 0.6502119898796082
vt 0.9590219855308533 0.6497979760169983
vt 0.058802999556064606 0.825003981590271
vt 0.05715300142765045 0.825003981590271
vt 0.057162001729011536 0.8115469813346863
vt 0.05881199985742569 0.8113399744033813
vt 0.9899830222129822 0.7917860150337219
vt 0.9889479875564575 0.7917860150337219
vt 0.9889479875564575 0.7793639898300171
vt 0.9899830222129822 0.7793639898300171
vt 0.3756609857082367 0.4935790002346039
vt 0.3756609857082367 0.5080900192260742
vt 0.3740310072898865 0.5077329874038696
vt 0.5561619997024536 0.34782201051712036
vt 0.5583119988441467 0.34976500272750854
vt 0.5485060214996338 0.3587619960308075
vt 0.5469260215759277 0.35649698972702026
vt 0.8725500106811523 0.02622300013899803
vt 0.8742139935493469 0.025601999834179878
vt 0.19596099853515625 0.4155609905719757
vt 0.1951729953289032 0.44930699467658997
vt 0.1763409972190857 0.44930699467658997
vt 0.17712900042533875 0.4155609905719757
vt 0.7587710022926331 0.8146439790725708
vt 0.7601519823074341 0.8145769834518433
vt 0.7615839838981628 0.8287820219993591
vt 0.7601199746131897 0.8290389776229858
vt 0.7588559985160828 0.829380989074707
vt 0.7639470100402832 0.842943012714386
vt 0.7627890110015869 0.8435570001602173
vt 0.9306470155715942 0.0146289998665452
vt 0.932532012462616 0.014214999973773956
vt 0.9327300190925598 0.026844000443816185
vt 0.9308450222015381 0.027257999405264854
vt 0.5649930238723755 0.5947250127792358
vt 0.5662720203399658 0.5939279794692993
vt 0.5732160210609436 0.6066229939460754
vt 0.5716300010681152 0.607142984867096
vt 0.18461699783802032 0.9002100229263306
vt 0.18337500095367432 0.9002100229263306
vt 0.18355700373649597 0.8882020115852356
vt 0.184798002243042 0.8882020115852356
vt 0.5726979970932007 0.1210469976067543
vt 0.574051022529602 0.12171199917793274
vt 0.5679020285606384 0.1334560066461563
vt 0.5666880011558533 0.13263699412345886
vt 0.1881140023469925 0.32356399297714233
vt 0.18418000638484955 0.33640000224113464
vt 0.18210899829864502 0.3357749879360199
vt 0.1856279969215393 0.32293900847435
vt 0.5642750263214111 0.13129399716854095
vt 0.5587249994277954 0.14329999685287476
vt 0.5565750002861023 0.14135700464248657
vt 0.7492859959602356 0.8087850213050842
vt 0.7469760179519653 0.7949770092964172
vt 0.14559699594974518 0.825003981590271
vt 0.14725300669670105 0.825003981590271
vt 0.1455879956483841 0.8386669754981995
vt 0.6571369767189026 0.8968380093574524
vt 0.6572989821434021 0.8941879868507385
vt 0.6712689995765686 0.8950949907302856
vt 0.6714000105857849 0.8977299928665161
vt 0.7450960278511047 0.7810050249099731
vt 0.7466790080070496 0.7804930210113525
vt 0.49452099204063416 0.00685400003567338
vt 0.49438801407814026 0.004222000017762184
vt 0.5086510181427002 0.005113999824970961
vt 0.5084919929504395 0.007761000189930201
vt 0.9169009923934937 0.8546950221061707
vt 0.9157580137252808 0.8541939854621887
vt 0.9211009740829468 0.8420689702033997
vt 0.9222440123558044 0.8425700068473816
vt 0.008593999780714512 0.5199490189552307
vt 0.006562000140547752 0.5203449726104736
vt 0.004236999899148941 0.5062440037727356
vt 0.006422999780625105 0.5059869885444641
vt 0.10434199869632721 0.7982969880104065
vt 0.10599300265312195 0.7987110018730164
vt 0.10601700097322464 0.8115469813346863
vt 0.1043659970164299 0.8113399744033813
vt 0.12227900326251984 0.8115469813346863
vt 0.12414799630641937 0.8113399744033813
vt 0.12415699660778046 0.825003981590271
vt 0.12228800356388092 0.825003981590271
vt 0.20847100019454956 0.1251700073480606
vt 0.20847100019454956 0.12289299815893173
vt 0.2583639919757843 0.12102600187063217
vt 0.268094003200531 0.13738000392913818
vt 0.6674399971961975 0.21068799495697021
vt 0.6672120094299316 0.20908699929714203
vt 0.681768000125885 0.20996400713920593
vt 0.6817029714584351 0.21157999336719513
vt 0.024379000067710876 0.6173819899559021
vt 0.02652999944984913 0.6193209886550903
vt 0.01882999949157238 0.6293839812278748
vt 0.016416000202298164 0.6280440092086792
vt 0.58924800157547 0.31387001276016235
vt 0.5876479744911194 0.3140980005264282
vt 0.5853080153465271 0.29970499873161316
vt 0.5869240164756775 0.2997699975967407
vt 0.9363830089569092 0.326678991317749
vt 0.9345200061798096 0.326678991317749
vt 0.9342650175094604 0.3150849938392639
vt 0.9361280202865601 0.3150849938392639
vt 0.10063400119543076 0.8384600281715393
vt 0.10250300168991089 0.8386669754981995
vt 0.1024790033698082 0.8517100214958191
vt 0.10061000287532806 0.8512960076332092
vt 0.8636260032653809 0.03781599923968315
vt 0.86176598072052 0.038022998720407486
vt 0.8618059754371643 0.025601999834179878
vt 0.8636670112609863 0.025395000353455544
vt 0.21522299945354462 0.6396329998970032
vt 0.21762299537658691 0.6406829953193665
vt 0.21368800103664398 0.6527529954910278
vt 0.21116499602794647 0.6521499752998352
vt 0.8741589784622192 0.11524499952793121
vt 0.8759530186653137 0.12642399966716766
vt 0.8740879893302917 0.126010000705719
vt 0.2200160026550293 0.627236008644104
vt 0.22123399376869202 0.6280440092086792
vt 0.21386699378490448 0.6389790177345276
vt 0.12216100096702576 0.875311017036438
vt 0.1240290030837059 0.8759329915046692
vt 0.1239589974284172 0.8866980075836182
vt 0.12209100276231766 0.8860769867897034
vt 0.8671969771385193 0.10282299667596817
vt 0.8655329942703247 0.10344400256872177
vt 0.8654919862747192 0.09102299809455872
vt 0.867156982421875 0.09060899913311005
vt 0.5722860097885132 0.5013899803161621
vt 0.5736380219459534 0.5020549893379211
vt 0.5674890279769897 0.5137990117073059
vt 0.5662750005722046 0.5129809975624084
vt 0.5915520191192627 0.2724190056324005
vt 0.5890300273895264 0.2718130052089691
vt 0.5930879712104797 0.2592960000038147
vt 0.5954869985580444 0.26034700870513916
vt 0.07156199961900711 0.7860820293426514
vt 0.06990599632263184 0.7860820293426514
vt 0.0699630007147789 0.7740740180015564
vt 0.07161899656057358 0.7740740180015564
vt 0.32627299427986145 0.1429779976606369
vt 0.328341007232666 0.14752799272537231
vt 0.30722498893737793 0.15187600255012512
vt 0.3072260022163391 0.14691199362277985
vt 0.004304999951273203 0.8517100214958191
vt 0.0026539999525994062 0.8512960076332092
vt 0.002630000002682209 0.8384600281715393
vt 0.004280999768525362 0.8386669754981995
vt 0.9357309937477112 0.3838860094547272
vt 0.9340749979019165 0.3838860094547272
vt 0.9341430068016052 0.3700149953365326
vt 0.9357990026473999 0.3700149953365326
vt 0.0063749998807907104 0.8517100214958191
vt 0.45604801177978516 0.8897470235824585
vt 0.45671600103378296 0.8883839845657349
vt 0.46973899006843567 0.8937360048294067
vt 0.4693779945373535 0.895376980304718
vt 0.07156199961900711 0.8639249801635742
vt 0.07152300328016281 0.8517100214958191
vt 0.5362930297851562 0.3636299967765808
vt 0.9588239789009094 0.6088060140609741
vt 0.9569389820098877 0.6088060140609741
vt 0.9570069909095764 0.5949360132217407
vt 0.9588919878005981 0.5951430201530457
vt 0.9329500198364258 0.6088060140609741
vt 0.9330180287361145 0.5949360132217407
vt 0.9348809719085693 0.5949360132217407
vt 0.08073800057172775 0.8759329915046692
vt 0.08260200172662735 0.8759329915046692
vt 0.08253099769353867 0.8866980075836182
vt 0.08066800236701965 0.8866980075836182
vt 0.6185280084609985 0.5334669947624207
vt 0.6177099943161011 0.5346810221672058
vt 0.6075729727745056 0.5255190134048462
vt 0.6086980104446411 0.5245829820632935
vt 0.13552699983119965 0.23330199718475342
vt 0.13366200029850006 0.23743599653244019
vt 0.12103299796581268 0.2328830063343048
vt 0.12227799743413925 0.22854100167751312
vt 0.9451379776000977 0.2610509991645813
vt 0.9435049891471863 0.2610509991645813
vt 0.943572998046875 0.24738700687885284
vt 0.9452059864997864 0.2471799999475479
vt 0.3961319923400879 0.9387170076370239
vt 0.3950969874858856 0.9387170076370239
vt 0.3950969874858856 0.925881028175354
vt 0.3961319923400879 0.925881028175354
vt 0.7207260131835938 0.020742999389767647
vt 0.7190769910812378 0.022873999550938606
vt 0.7080270051956177 0.015956999734044075
vt 0.709077000617981 0.01356200035661459
vt 0.04810899868607521 0.8759329915046692
vt 0.04645700007677078 0.875311017036438
vt 0.0464010015130043 0.8635110259056091
vt 0.9903900027275085 0.4306749999523163
vt 0.9893550276756287 0.4308820068836212
vt 0.9891679883003235 0.41887399554252625
vt 0.9902030229568481 0.4186669886112213
vt 0.5869420170783997 0.6332899928092957
vt 0.5895900130271912 0.6334450244903564
vt 0.5895609855651855 0.6473709940910339
vt 0.5869280099868774 0.6475080251693726
vt 0.788444995880127 0.7560080289840698
vt 0.7791849970817566 0.7657279968261719
vt 0.7771660089492798 0.7641580104827881
vt 0.13762600719928741 0.6075620055198669
vt 0.13597699999809265 0.6096940040588379
vt 0.12492699921131134 0.6027759909629822
vt 0.12597699463367462 0.6003819704055786
vt 0.17817699909210205 0.3488210141658783
vt 0.17031000554561615 0.36062100529670715
vt 0.16844500601291656 0.35916799306869507
vt 0.17610499262809753 0.34757500886917114
vt 0.5869420170783997 0.8071619868278503
vt 0.5895900130271912 0.8073170185089111
vt 0.5895599722862244 0.8212429881095886
vt 0.5869269967079163 0.8213800191879272
vt 0.10424699634313583 0.7740749716758728
vt 0.1043040007352829 0.7860820293426514
vt 0.1024399995803833 0.7860820293426514
vt 0.946861982345581 0.3700149953365326
vt 0.9452059864997864 0.3700149953365326
vt 0.9453369975090027 0.3561440110206604
vt 0.9469919800758362 0.3561440110206604
vt 0.7725669741630554 0.24768899381160736
vt 0.7749819755554199 0.2490289956331253
vt 0.7689570188522339 0.26032599806785583
vt 0.766556978225708 0.2592790126800537
vt 0.9138839840888977 0.11959300190210342
vt 0.9120050072669983 0.12021400034427643
vt 0.9117500185966492 0.10862000286579132
vt 0.9136350154876709 0.10820599645376205
vt 0.6406949758529663 0.21804800629615784
vt 0.6398379802703857 0.21559999883174896
vt 0.6532949805259705 0.21213500201702118
vt 0.6537200212478638 0.21475200355052948
vt 0.5120790004730225 0.7224289774894714
vt 0.512598991394043 0.7240149974822998
vt 0.4981609880924225 0.7254769802093506
vt 0.4842430055141449 0.16611699759960175
vt 0.48408299684524536 0.16876399517059326
vt 0.4701479971408844 0.16565600037574768
vt 0.470892995595932 0.16298000514507294
vt 0.27585598826408386 0.5950909852981567
vt 0.26282998919487 0.5983870029449463
vt 0.26197299361228943 0.5959410071372986
vt 0.13808900117874146 0.825003981590271
vt 0.13621999323368073 0.825003981590271
vt 0.13809800148010254 0.8115469813346863
vt 0.5080789923667908 0.5619819760322571
vt 0.5082389712333679 0.5593349933624268
vt 0.5221740007400513 0.5624420046806335
vt 0.5214300155639648 0.5651180148124695
vt 0.8023200035095215 0.04402700066566467
vt 0.8023200035095215 0.04630399867892265
vt 0.7838950157165527 0.04630399867892265
vt 0.7838950157165527 0.04402700066566467
vt 0.945559024810791 0.10862000286579132
vt 0.9436969757080078 0.10862000286579132
vt 0.9434980154037476 0.09599100053310394
vt 0.9453610181808472 0.09599100053310394
vt 0.19171400368213654 0.9643880128860474
vt 0.19047200679779053 0.9643880128860474
vt 0.1903419941663742 0.9515529870986938
vt 0.19158299267292023 0.9515529870986938
vt 0.020214999094605446 0.33640599250793457
vt 0.016280999407172203 0.32357099652290344
vt 0.01876400038599968 0.3229449987411499
vt 0.022283999249339104 0.33577999472618103
vt 0.922652006149292 0.6612579822540283
vt 0.9186090230941772 0.6741189956665039
vt 0.6015120148658752 0.24905000627040863
vt 0.5990989804267883 0.24770599603652954
vt 0.6070619821548462 0.23704299330711365
vt 0.6092119812965393 0.238986998796463
vt 0.5784519910812378 0.8086609840393066
vt 0.5758219957351685 0.8087900280952454
vt 0.5735120177268982 0.7949830293655396
vt 0.5761280059814453 0.7945610284805298
vt 0.9133239984512329 0.607479989528656
vt 0.9070529937744141 0.5959230065345764
vt 0.9080880284309387 0.5953009724617004
vt 0.9144449830055237 0.607138991355896
vt 0.9564149975776672 0.10862000286579132
vt 0.9547590017318726 0.10862000286579132
vt 0.9545609951019287 0.09599100053310394
vt 0.9562169909477234 0.09599100053310394
vt 0.9193260073661804 0.027257999405264854
vt 0.9195240139961243 0.0146289998665452
vt 0.9211570024490356 0.014214999973773956
vt 0.9581019878387451 0.09557700157165527
vt 0.9560859799385071 0.08212000131607056
vt 0.95797199010849 0.08191300183534622
vt 0.194924995303154 0.7875189781188965
vt 0.194924995303154 0.8314089775085449
vt 0.17608599364757538 0.8314089775085449
vt 0.17608599364757538 0.7875189781188965
vt 0.14899000525474548 0.4010010063648224
vt 0.14836500585079193 0.39995598793029785
vt 0.18169599771499634 0.37159299850463867
vt 0.18273499608039856 0.37222400307655334
vt 0.5561619997024536 0.5217000246047974
vt 0.5638620257377625 0.5116369724273682
vt 0.56461501121521 0.512037992477417
vt 0.5991020202636719 0.8622530102729797
vt 0.600383996963501 0.8614469766616821
vt 0.6087009906768799 0.8723130226135254
vt 0.6075729727745056 0.8732579946517944
vt 0.7361770272254944 0.24825799465179443
vt 0.7384570240974426 0.24696999788284302
vt 0.7450940012931824 0.25938698649406433
vt 0.7425069808959961 0.2603969871997833
vt 0.9837329983711243 0.23206700384616852
vt 0.9824910163879395 0.23206700384616852
vt 0.9826719760894775 0.22005900740623474
vt 0.9839140176773071 0.22005900740623474
vt 0.2591969966888428 0.7781609892845154
vt 0.27368900179862976 0.7784389853477478
vt 0.27368900179862976 0.8783959746360779
vt 0.2591969966888428 0.8781189918518066
vt 0.3425210118293762 0.5629709959030151
vt 0.34410199522972107 0.5652369856834412
vt 0.33317598700523376 0.5723850131034851
vt 0.33188799023628235 0.5701040029525757
vt 0.9680960178375244 0.3774679899215698
vt 0.9691309928894043 0.3774679899215698
vt 0.9691389799118042 0.3900969922542572
vt 0.9681040048599243 0.3900969922542572
vt 0.8262389898300171 0.3844259977340698
vt 0.8267629742622375 0.38600000739097595
vt 0.01771700009703636 0.7860820293426514
vt 0.019367000088095665 0.7864959836006165
vt 0.019406000152230263 0.7987110018730164
vt 0.01775600016117096 0.7982969880104065
vt 0.0026209999341517687 0.2877669930458069
vt 0.003653000108897686 0.28796398639678955
vt 0.003653000108897686 0.33143800497055054
vt 0.0026209999341517687 0.33165499567985535
vt 0.9679830074310303 0.21943800151348114
vt 0.9692249894142151 0.21943800151348114
vt 0.7911739945411682 0.3607940077781677
vt 0.7919970154762268 0.3595679998397827
vt 0.8036460280418396 0.36674898862838745
vt 0.8029760122299194 0.3681130111217499
vt 0.08476199954748154 0.42024001479148865
vt 0.07120200246572495 0.4216580092906952
vt 0.0710040032863617 0.4206419885158539
vt 0.0847179964184761 0.41936299204826355
vt 0.8779799938201904 0.09102299809455872
vt 0.8796280026435852 0.09060899913311005
vt 0.8795890212059021 0.10282299667596817
vt 0.7610020041465759 0.2712959945201874
vt 0.7624989748001099 0.27179500460624695
vt 0.7604069709777832 0.28553199768066406
vt 0.7587720155715942 0.2851870059967041
vt 0.026365000754594803 0.7982969880104065
vt 0.02822900004684925 0.7982969880104065
vt 0.7086640000343323 0.5677850246429443
vt 0.707614004611969 0.5701789855957031
vt 0.6948980093002319 0.5651050209999084
vt 0.6956409811973572 0.5624330043792725
vt 0.4228670001029968 0.5002890229225159
vt 0.4291970133781433 0.5124279856681824
vt 0.42848798632621765 0.5129039883613586
vt 0.4220049977302551 0.5006260275840759
vt 0.08871400356292725 0.7564550042152405
vt 0.08858300000429153 0.75382000207901
vt 0.10243500024080276 0.7523880004882812
vt 0.1028589978814125 0.7550089955329895
vt 0.1708420068025589 0.6674559712409973
vt 0.16922999918460846 0.6673809885978699
vt 0.1669050008058548 0.6532809734344482
vt 0.16850200295448303 0.6530629992485046
vt 0.3809039890766144 0.871986985206604
vt 0.3810409903526306 0.8314089775085449
vt 0.39987999200820923 0.8314089775085449
vt 0.399742990732193 0.871986985206604
vt 0.9765440225601196 0.7408570051193237
vt 0.9744740128517151 0.7408570051193237
vt 0.9745380282402039 0.7307119965553284
vt 0.9766079783439636 0.7307119965553284
vt 0.6981430053710938 0.5426380038261414
vt 0.6990000009536743 0.5450869798660278
vt 0.6855430006980896 0.5485510230064392
vt 0.6851180195808411 0.5459340214729309
vt 0.04092099890112877 0.8512960076332092
vt 0.04089700058102608 0.8384600281715393
vt 0.003656999906525016 0.08357000350952148
vt 0.0026209999341517687 0.08357000350952148
vt 0.0026209999341517687 0.08129200339317322
vt 0.003656999906525016 0.08129200339317322
vt 0.43760499358177185 0.14238199591636658
vt 0.429610013961792 0.13208499550819397
vt 0.9622560143470764 0.7762579917907715
vt 0.9610139727592468 0.7762579917907715
vt 0.9610360264778137 0.7638369798660278
vt 0.9622780084609985 0.7638369798660278
vt 0.05541300028562546 0.40100398659706116
vt 0.0560309998691082 0.399958997964859
vt 0.10219799727201462 0.4092729985713959
vt 0.10095900297164917 0.410317987203598
vt 0.9451619982719421 0.05458600074052811
vt 0.9433000087738037 0.05458600074052811
vt 0.9433680176734924 0.04071500152349472
vt 0.9452300071716309 0.04071500152349472
vt 0.7384589910507202 0.7685880064964294
vt 0.7361800074577332 0.7698720097541809
vt 0.1024089977145195 0.004484999924898148
vt 0.10033900290727615 0.003656999906525016
vt 0.12518499791622162 0.4283120036125183
vt 0.12597399950027466 0.42651399970054626
vt 0.13762299716472626 0.4336940050125122
vt 0.13638900220394135 0.43536901473999023
vt 0.5662779808044434 0.860722005367279
vt 0.5638660192489624 0.8593739867210388
vt 0.5698909759521484 0.8480769991874695
vt 0.5722879767417908 0.8491330146789551
vt 0.7328500151634216 0.8723580241203308
vt 0.7317780256271362 0.871379017829895
vt 0.7397410273551941 0.8607169985771179
vt 0.7409520149230957 0.8615429997444153
vt 0.3558869957923889 0.8695150017738342
vt 0.3577379882335663 0.8693079948425293
vt 0.35748299956321716 0.8806939721107483
vt 0.3556320071220398 0.8809009790420532
vt 0.8219910264015198 0.14926500618457794
vt 0.8220090270042419 0.16375699639320374
vt 0.8056610226631165 0.16375699639320374
vt 0.8056420087814331 0.14885100722312927
vt 0.9352880120277405 0.7826759815216064
vt 0.9336320161819458 0.7826759815216064
vt 0.9337000250816345 0.768805980682373
vt 0.955810010433197 0.2672620117664337
vt 0.9545680284500122 0.2672620117664337
vt 0.955839991569519 0.41514700651168823
vt 0.9545980095863342 0.41514700651168823
vt 0.9545760154724121 0.4027259945869446
vt 0.9558179974555969 0.4027259945869446
vt 0.23984099924564362 0.741146981716156
vt 0.24066300690174103 0.7399230003356934
vt 0.2523120045661926 0.7471029758453369
vt 0.25164398550987244 0.7484660148620605
vt 0.5116540193557739 0.5459340214729309
vt 0.5246790051460266 0.5426380038261414
vt 0.5248619914054871 0.543362021446228
vt 0.5118370056152344 0.5466579794883728
vt 0.6168680191040039 0.2280460000038147
vt 0.61844801902771 0.23031200468540192
vt 0.6402549743652344 0.009120999835431576
vt 0.6411129832267761 0.01156499981880188
vt 0.6294999718666077 0.01669500023126602
vt 0.6282100081443787 0.014418999664485455
vt 0.15914799273014069 0.8512960076332092
vt 0.15727899968624115 0.8517100214958191
vt 0.15725499391555786 0.8386669754981995
vt 0.1591240018606186 0.8384600281715393
vt 0.2649730145931244 0.7540959715843201
vt 0.26533499360084534 0.7524549961090088
vt 0.2792699933052063 0.7555630207061768
vt 0.2792010009288788 0.7571880221366882
vt 0.004251999780535698 0.4920249879360199
vt 0.006314000114798546 0.49221399426460266
vt 0.8551710247993469 0.21156799793243408
vt 0.8550130128860474 0.21421000361442566
vt 0.8410429954528809 0.21330299973487854
vt 0.8409079909324646 0.21067599952220917
vt 0.28751400113105774 0.8838459849357605
vt 0.28728199005126953 0.8944050073623657
vt 0.28624698519706726 0.8941980004310608
vt 0.28647899627685547 0.8836389780044556
vt 0.890887975692749 0.0146289998665452
vt 0.8911380171775818 0.0032430000137537718
vt 0.18749800324440002 0.11690100282430649
vt 0.20116199553012848 0.12290500104427338
vt 0.20116199553012848 0.12290500104427338
vt 0.18418599665164948 0.12994399666786194
vt 0.26706400513648987 0.27595698833465576
vt 0.26934099197387695 0.2780269980430603
vt 0.26043900847435 0.2927260100841522
vt 0.2575410008430481 0.29169100522994995
vt 0.13292300701141357 0.8115469813346863
vt 0.13294699788093567 0.7987110018730164
vt 0.40222498774528503 0.8882020115852356
vt 0.4032599925994873 0.8882020115852356
vt 0.40344199538230896 0.9002100229263306
vt 0.4024069905281067 0.9002100229263306
vt 0.7466790080070496 0.6066229939460754
vt 0.7450969815254211 0.6071329712867737
vt 0.7384600043296814 0.5947160124778748
vt 0.7397350072860718 0.5939289927482605
vt 0.5873410105705261 0.09328500181436539
vt 0.5899749994277954 0.09314800053834915
vt 0.5922840237617493 0.10695599764585495
vt 0.5896660089492798 0.10738500207662582
vt 0.16616399586200714 0.49381500482559204
vt 0.1640080064535141 0.48014599084854126
vt 0.1648710072040558 0.4798089861869812
vt 0.16704200208187103 0.4937709867954254
vt 0.43616101145744324 0.032520998269319534
vt 0.4453969895839691 0.023847000673413277
vt 0.9450920224189758 0.7423059940338135
vt 0.9434589743614197 0.7427200078964233
vt 0.9437090158462524 0.7313330173492432
vt 0.945347011089325 0.7307119965553284
vt 0.9691309928894043 0.4027259945869446
vt 0.9680960178375244 0.4027259945869446
vt 0.01897899992763996 0.4556629955768585
vt 0.013092000037431717 0.4668070077896118
vt 0.01235399954020977 0.4666979908943176
vt 0.018225999549031258 0.4552609920501709
vt 0.2546420097351074 0.30970299243927
vt 0.257748007774353 0.30970299243927
vt 0.26043900847435 0.326678991317749
vt 0.2575410008430481 0.3277139961719513
vt 0.5087159872055054 0.0034990001004189253
vt 0.5229439735412598 0.0065910001285374165
vt 0.5225870013237 0.008221999742090702
vt 0.20155499875545502 0.7924879789352417
vt 0.200313001871109 0.7924879789352417
vt 0.20033599436283112 0.7800660133361816
vt 0.20157800614833832 0.7800660133361816
vt 0.13812200725078583 0.8512960076332092
vt 0.1362529993057251 0.8517100214958191
vt 0.1362289935350418 0.8386669754981995
vt 0.13809800148010254 0.8384600281715393
vt 0.03901899978518486 0.825003981590271
vt 0.03716500103473663 0.8113399744033813
vt 0.039028000086545944 0.8113399744033813
vt 0.1460919976234436 0.16927899420261383
vt 0.14961199462413788 0.17424799501895905
vt 0.1369830071926117 0.18149399757385254
vt 0.13429200649261475 0.17590400576591492
vt 0.04984299838542938 0.825003981590271
vt 0.04797999933362007 0.825003981590271
vt 0.047988999634981155 0.8113399744033813
vt 0.049851998686790466 0.8113399744033813
vt 0.753940999507904 0.08063799887895584
vt 0.7523300051689148 0.08056099712848663
vt 0.7500060200691223 0.0664609968662262
vt 0.7516019940376282 0.06624600291252136
vt 0.07355699688196182 0.8860769867897034
vt 0.07169000059366226 0.8866980075836182
vt 0.07161899656057358 0.8759329915046692
vt 0.07348699867725372 0.875311017036438
vt 0.9920650124549866 0.31839799880981445
vt 0.9899960160255432 0.31839799880981445
vt 0.9897630214691162 0.30742499232292175
vt 0.991832971572876 0.30742499232292175
vt 0.2606459856033325 0.011731999926269054
vt 0.26105600595474243 0.01275699958205223
vt 0.2281389981508255 0.0404990017414093
vt 0.22731399536132812 0.03988799825310707
vt 0.9326320290565491 0.31467100977897644
vt 0.9324340224266052 0.30204299092292786
vt 0.9340670108795166 0.3024570047855377
vt 0.006471000146120787 0.7740740180015564
vt 0.008338999934494495 0.7746959924697876
vt 0.1291539967060089 0.747534990310669
vt 0.12836100161075592 0.7462459802627563
vt 0.13928599655628204 0.7390990257263184
vt 0.14021900296211243 0.7402349710464478
vt 0.728181004524231 0.41183900833129883
vt 0.730139970779419 0.40998101234436035
vt 0.7384570240974426 0.42084801197052
vt 0.7361770272254944 0.42213600873947144
vt 0.9678390026092529 0.7638369798660278
vt 0.9690809845924377 0.7638369798660278
vt 0.9691029787063599 0.7762579917907715
vt 0.967860996723175 0.7762579917907715
vt 0.772566020488739 0.5145050287246704
vt 0.7738490104675293 0.513696014881134
vt 0.7821670174598694 0.5245620012283325
vt 0.7810369729995728 0.5255100131034851
vt 0.9467939734458923 0.2610509991645813
vt 0.946861982345581 0.2471799999475479
vt 0.9794710278511047 0.6560090184211731
vt 0.9782289862632751 0.6560090184211731
vt 0.9780480265617371 0.6440010070800781
vt 0.9792900085449219 0.6440010070800781
vt 0.5869389772415161 0.2855510115623474
vt 0.5853080153465271 0.28519299626350403
vt 0.5875380039215088 0.2713020145893097
vt 0.06260800361633301 0.7864959836006165
vt 0.060738999396562576 0.7860820293426514
vt 0.06079600006341934 0.7740740180015564
vt 0.0626629963517189 0.7746959924697876
vt 0.37403300404548645 0.6815990209579468
vt 0.3713879883289337 0.6814370155334473
vt 0.37141698598861694 0.6675119996070862
vt 0.37404799461364746 0.6673809885978699
vt 0.17031000554561615 0.2587679922580719
vt 0.17817699909210205 0.27056801319122314
vt 0.17610499262809753 0.271806001663208
vt 0.16844500601291656 0.2602129876613617
vt 0.3814539909362793 0.9130449891090393
vt 0.3826949894428253 0.9130449891090393
vt 0.3827579915523529 0.925881028175354
vt 0.3815160095691681 0.925881028175354
vt 0.03408600017428398 0.3606260120868683
vt 0.026218999177217484 0.3488270044326782
vt 0.028286999091506004 0.3475799858570099
vt 0.03594699874520302 0.3591729998588562
vt 0.9486789703369141 0.39754998683929443
vt 0.9467939734458923 0.39754998683929443
vt 0.9467939734458923 0.3838860094547272
vt 0.9486789703369141 0.3838860094547272
vt 0.9323040246963501 0.3702220022678375
vt 0.9324340224266052 0.3565579950809479
vt 0.9342740178108215 0.3561440110206604
vt 0.34079399704933167 0.6096959710121155
vt 0.3402549922466278 0.6105989813804626
vt 0.3293440043926239 0.6035270094871521
vt 0.32974401116371155 0.6027780175209045
vt 0.024886000901460648 0.7319849729537964
vt 0.02601500041782856 0.731037974357605
vt 0.03584500029683113 0.7399230003356934
vt 0.035023000091314316 0.741146981716156
vt 0.924763023853302 0.3155040144920349
vt 0.9232760071754456 0.31498101353645325
vt 0.925366997718811 0.30124399065971375
vt 0.9269930124282837 0.301613986492157
vt 0.6290810108184814 0.22317899763584137
vt 0.62779301404953 0.22089900076389313
vt 0.40643298625946045 0.7684720158576965
vt 0.40519100427627563 0.7684720158576965
vt 0.40524500608444214 0.7572929859161377
vt 0.40648698806762695 0.7572929859161377
vt 0.4670470058917999 0.39120200276374817
vt 0.466374009847641 0.389477014541626
vt 0.4798310101032257 0.386013001203537
vt 0.4800730049610138 0.3879059851169586
vt 0.5757889747619629 0.3010979890823364
vt 0.5738210082054138 0.31439000368118286
vt 0.3072269856929779 0.20384399592876434
vt 0.30722299218177795 0.2027990072965622
vt 0.3092930018901825 0.2027990072965622
vt 0.30929699540138245 0.20384399592876434
vt 0.13552699983119965 0.3860819935798645
vt 0.13366200029850006 0.3819360136985779
vt 0.1454620063304901 0.37510401010513306
vt 0.1479489952325821 0.37904301285743713
vt 0.978331983089447 0.08398400247097015
vt 0.9783560037612915 0.07197599858045578
vt 0.9793919920921326 0.07197599858045578
vt 0.9793689846992493 0.08398400247097015
vt 0.406372994184494 0.7924879789352417
vt 0.4051310122013092 0.7924879789352417
vt 0.4051530063152313 0.7800660133361816
vt 0.4063960015773773 0.7800660133361816
vt 0.7913359999656677 0.5762050151824951
vt 0.7905330061912537 0.5750719904899597
vt 0.8026869893074036 0.5672420263290405
vt 0.8033930063247681 0.5685570240020752
vt 0.09156099706888199 0.7740749716758728
vt 0.0934239998459816 0.7740749716758728
vt 0.09348099678754807 0.7860820293426514
vt 0.09161800146102905 0.7860820293426514
vt 0.12705500423908234 0.569811999797821
vt 0.1375499963760376 0.5628330111503601
vt 0.13802500069141388 0.5635409951210022
vt 0.12723900377750397 0.5705360174179077
vt 0.4118439853191376 0.8068199753761292
vt 0.41347798705101013 0.8071669936180115
vt 0.4134640097618103 0.8213850259780884
vt 0.4118439853191376 0.8213300108909607
vt 0.1945039927959442 0.6597149968147278
vt 0.17608599364757538 0.6597149968147278
vt 0.17633500695228577 0.6152039766311646
vt 0.1947540044784546 0.6152039766311646
vt 0.9265499711036682 0.814831018447876
vt 0.9251559972763062 0.8148980140686035
vt 0.9237239956855774 0.8006920218467712
vt 0.9252009987831116 0.8004360198974609
vt 0.4979340136051178 0.37612101435661316
vt 0.4981609880924225 0.37772199511528015
vt 0.4836060106754303 0.37684398889541626
vt 0.48367100954055786 0.37522900104522705
vt 0.3315170109272003 0.8635439872741699
vt 0.31329798698425293 0.8636519908905029
vt 0.31329798698425293 0.7636950016021729
vt 0.3315170109272003 0.7635869979858398
vt 0.5116540193557739 0.3720569908618927
vt 0.5120790004730225 0.374673992395401
vt 0.4978010058403015 0.37348899245262146
vt 0.3884199857711792 0.9643880128860474
vt 0.3896619975566864 0.9643880128860474
vt 0.38947999477386475 0.9763960242271423
vt 0.3882389962673187 0.9763960242271423
vt 0.9915210008621216 0.2446960061788559
vt 0.9894520044326782 0.2446960061788559
vt 0.9895820021629333 0.2318599969148636
vt 0.9916509985923767 0.2318599969148636
vt 0.9469919800758362 0.3024570047855377
vt 0.9453369975090027 0.3024570047855377
vt 0.9452059864997864 0.28858599066734314
vt 0.946861982345581 0.28858599066734314
vt 0.89069002866745 0.027257999405264854
vt 0.8888049721717834 0.026844000443816185
vt 0.9624379873275757 0.8470619916915894
vt 0.9611960053443909 0.8470619916915894
vt 0.9611279964447021 0.8367109894752502
vt 0.962369978427887 0.8367109894752502
vt 0.0517209991812706 0.8115469813346863
vt 0.049876000732183456 0.7982969880104065
vt 0.05174500122666359 0.7987110018730164
vt 0.081495001912117 0.22626900672912598
vt 0.09515900164842606 0.2233709990978241
vt 0.09557099640369415 0.22585099935531616
vt 0.08211400359869003 0.2285429984331131
vt 0.16241000592708588 0.6397299766540527
vt 0.15982399880886078 0.6407359838485718
vt 0.1534940004348755 0.6285970211029053
vt 0.15577299892902374 0.6273130178451538
vt 0.3884199857711792 0.9002100229263306
vt 0.3896619975566864 0.9002100229263306
vt 0.38979199528694153 0.9130449891090393
vt 0.3885509967803955 0.9130449891090393
vt 0.8761199712753296 0.03781599923968315
vt 0.8779799938201904 0.038022998720407486
vt 0.8780040144920349 0.05106600001454353
vt 0.8761439919471741 0.0508590005338192
vt 0.3072490096092224 0.57853102684021
vt 0.30767500400543213 0.5811480283737183
vt 0.2935299873352051 0.5825949907302856
vt 0.2933970093727112 0.5799639821052551
vt 0.39650601148605347 0.9763960242271423
vt 0.39547199010849 0.9763960242271423
vt 0.39528998732566833 0.9643880128860474
vt 0.3963249921798706 0.9643880128860474
vt 0.36308300495147705 0.7202699780464172
vt 0.36187300086021423 0.7194420099258423
vt 0.3678840100765228 0.7078520059585571
vt 0.36923301219940186 0.7085270285606384
vt 0.863722026348114 0.013387000188231468
vt 0.8618620038032532 0.013801000081002712
vt 0.8619329929351807 0.0030350000597536564
vt 0.8637940287590027 0.0026209999341517687
vt 0.8141649961471558 0.39190900325775146
vt 0.8025509715080261 0.3970380127429962
vt 0.2643730044364929 0.32502299547195435
vt 0.2654080092906952 0.32460901141166687
vt 0.27348199486732483 0.33827298879623413
vt 0.27244699001312256 0.3388940095901489
vt 0.1589210033416748 0.2494489997625351
vt 0.15602099895477295 0.25275498628616333
vt 0.1454620063304901 0.244268000125885
vt 0.1479489952325821 0.240339994430542
vt 0.9269919991493225 0.475492000579834
vt 0.925366997718811 0.47512200474739075
vt 0.9253810048103333 0.46090400218963623
vt 0.9269919991493225 0.46098101139068604
vt 0.4697360098361969 0.5459989905357361
vt 0.4693779945373535 0.5476300120353699
vt 0.45604801177978516 0.5419999957084656
vt 0.4567129909992218 0.5406469702720642
vt 0.52217698097229 0.7363110184669495
vt 0.5214340090751648 0.7389829754829407
vt 0.5080839991569519 0.7358450293540955
vt 0.9756960272789001 0.3018360137939453
vt 0.9757490158081055 0.31280800700187683
vt 0.9747120141983032 0.31280800700187683
vt 0.9746590256690979 0.3018360137939453
vt 0.5869240164756775 0.47364699840545654
vt 0.5853080153465271 0.473581999540329
vt 0.9376159906387329 0.27471500635147095
vt 0.9357309937477112 0.27471500635147095
vt 0.9357309937477112 0.2610509991645813
vt 0.9376159906387329 0.2610509991645813
vt 0.01771700009703636 0.8639249801635742
vt 0.019367000088095665 0.8635110259056091
vt 0.019311999902129173 0.875311017036438
vt 0.017659999430179596 0.8759329915046692
vt 0.1945039927959442 0.6617850065231323
vt 0.17608599364757538 0.6617850065231323
vt 0.7472860217094421 0.31439000368118286
vt 0.7433509826660156 0.32646098732948303
vt 0.13476400077342987 0.8866980075836182
vt 0.13311199843883514 0.8860769867897034
vt 0.13304099440574646 0.875311017036438
vt 0.1346929967403412 0.8759329915046692
vt 0.04775400087237358 0.04568300023674965
vt 0.043613001704216 0.04154299944639206
vt 0.05520699918270111 0.03222699835896492
vt 0.058726001530885696 0.03719500079751015
vt 0.7472860217094421 0.4882670044898987
vt 0.7498080134391785 0.4888730049133301
vt 0.7457500100135803 0.5013899803161621
vt 0.7433509826660156 0.5003389716148376
vt 0.34035399556159973 0.13180799782276154
vt 0.3409709930419922 0.13241900503635406
vt 0.32586199045181274 0.14215999841690063
vt 0.9639509916305542 0.035746000707149506
vt 0.965192973613739 0.035746000707149506
vt 0.9652159810066223 0.04816799983382225
vt 0.9639729857444763 0.04816799983382225
vt 0.111394003033638 0.7864959836006165
vt 0.11326300352811813 0.7860820293426514
vt 0.11330199986696243 0.7982969880104065
vt 0.1114329993724823 0.7987110018730164
vt 0.08079499751329422 0.7860820293426514
vt 0.08265800029039383 0.7860820293426514
vt 0.08269699662923813 0.7982969880104065
vt 0.08083400130271912 0.7982969880104065
vt 0.14718100428581238 0.7860820293426514
vt 0.14722000062465668 0.7982969880104065
vt 0.145564004778862 0.7982969880104065
vt 0.6395919919013977 0.007699999958276749
vt 0.6274080276489258 0.013151999562978745
vt 0.1382170021533966 0.7746959924697876
vt 0.13634899258613586 0.7740740180015564
vt 0.13641999661922455 0.7633090019226074
vt 0.1382880061864853 0.7639300227165222
vt 0.9546359777450562 0.23061800003051758
vt 0.9558780193328857 0.23061800003051758
vt 0.955282986164093 0.6224700212478638
vt 0.9538570046424866 0.6224700212478638
vt 0.9538570046424866 0.6088060140609741
vt 0.955282986164093 0.6088060140609741
vt 0.8845120072364807 0.5397700071334839
vt 0.8832259774208069 0.5374860167503357
vt 0.8938590288162231 0.5303530097007751
vt 0.895438015460968 0.5326229929924011
vt 0.9464790225028992 0.6628410220146179
vt 0.944616973400116 0.6628410220146179
vt 0.9444190263748169 0.6502119898796082
vt 0.9462810158729553 0.6502119898796082
vt 0.36886900663375854 0.7746959924697876
vt 0.3670180141925812 0.7749029994010925
vt 0.3672730028629303 0.7635160088539124
vt 0.36912399530410767 0.7633090019226074
vt 0.9310430288314819 0.06825000047683716
vt 0.9329289793968201 0.06825000047683716
vt 0.9309750199317932 0.08191300183534622
vt 0.8740879893302917 0.0030350000597536564
vt 0.8759530186653137 0.0026209999341517687
vt 0.8760250210762024 0.013387000188231468
vt 0.8741589784622192 0.013801000081002712
vt 0.24065999686717987 0.5660640001296997
vt 0.23984099924564362 0.5672780275344849
vt 0.22970399260520935 0.5581160187721252
vt 0.23082999885082245 0.5571799874305725
vt 0.4280480146408081 0.5968049764633179
vt 0.4256350100040436 0.5954610109329224
vt 0.43359801173210144 0.5847989916801453
vt 0.43574801087379456 0.5867419838905334
vt 0.7765229940414429 0.14947199821472168
vt 0.7766249775886536 0.1676899939775467
vt 0.7603039741516113 0.1676899939775467
vt 0.7601959705352783 0.149057999253273
vt 0.004960999824106693 0.5205720067024231
vt 0.0026209999341517687 0.5061789751052856
vt 0.855230987071991 0.38384199142456055
vt 0.8551710247993469 0.3854460120201111
vt 0.8409079909324646 0.3845529854297638
vt 0.8406760096549988 0.38296499848365784
vt 0.34159401059150696 0.3388940095901489
vt 0.3405590057373047 0.33827298879623413
vt 0.3486329913139343 0.32460901141166687
vt 0.3496679961681366 0.32502299547195435
vt 0.1365640014410019 0.388155996799469
vt 0.12290000170469284 0.3931249976158142
vt 0.12227799743413925 0.3908439874649048
vt 0.5758180022239685 0.46105000376701355
vt 0.5735080242156982 0.44724199175834656
vt 0.5743860006332397 0.44719699025154114
vt 0.5766950249671936 0.46100500226020813
vt 0.1555979996919632 0.8386669754981995
vt 0.1555889993906021 0.825003981590271
vt 0.15724599361419678 0.825003981590271
vt 0.7854040265083313 0.6959890127182007
vt 0.794439971446991 0.7045620083808899
vt 0.7937700152397156 0.705377995967865
vt 0.7845519781112671 0.696707010269165
vt 0.5736370086669922 0.8498079776763916
vt 0.5763459801673889 0.8366159796714783
vt 0.5778340101242065 0.83713698387146
vt 0.2405800074338913 0.4367870092391968
vt 0.23899899423122406 0.43452098965644836
vt 0.24992500245571136 0.4273729920387268
vt 0.251213014125824 0.42965400218963623
vt 0.9768660068511963 0.2660199999809265
vt 0.9768750071525574 0.25359800457954407
vt 0.9756960272789001 0.2302040010690689
vt 0.9756590127944946 0.2415899932384491
vt 0.9746220111846924 0.2415899932384491
vt 0.9746590256690979 0.2302040010690689
vt 0.4269169867038727 0.5137159824371338
vt 0.42563799023628235 0.5145140290260315
vt 0.41869398951530457 0.5018190145492554
vt 0.42028000950813293 0.5012990236282349
vt 0.20183299481868744 0.6149970293045044
vt 0.20079700648784637 0.6149970293045044
vt 0.20083500444889069 0.6034039855003357
vt 0.20186999440193176 0.6034039855003357
vt 0.02329999953508377 0.6164199709892273
vt 0.015197999775409698 0.6272349953651428
vt 0.5918650031089783 0.31344500184059143
vt 0.5895559787750244 0.29963698983192444
vt 0.5873559713363647 0.07906699925661087
vt 0.590004026889801 0.07922200113534927
vt 0.9850640296936035 0.08978000283241272
vt 0.9863049983978271 0.08978000283241272
vt 0.9861239790916443 0.1017879992723465
vt 0.9848819971084595 0.1017879992723465
vt 0.1362919956445694 0.8639249801635742
vt 0.13463599979877472 0.8639249801635742
vt 0.13459700345993042 0.8517100214958191
vt 0.9573349952697754 0.5684360265731812
vt 0.9556800127029419 0.5684360265731812
vt 0.955935001373291 0.556842029094696
vt 0.9575899839401245 0.556842029094696
vt 0.8821290135383606 0.22002799808979034
vt 0.8810790181159973 0.22242200374603271
vt 0.8683630228042603 0.21734699606895447
vt 0.8691059947013855 0.21467599272727966
vt 0.19506299495697021 0.871986985206604
vt 0.1762239933013916 0.871986985206604
vt 0.10033900290727615 0.0026209999341517687
vt 0.1024089977145195 0.0026209999341517687
vt 0.7975770235061646 0.8846889734268188
vt 0.7989529967308044 0.8825820088386536
vt 0.8100079894065857 0.8888120055198669
vt 0.8090109825134277 0.8910850286483765
vt 0.9117500185966492 0.014214999973773956
vt 0.9098870158195496 0.014214999973773956
vt 0.9101420044898987 0.0026209999341517687
vt 0.9120050072669983 0.0026209999341517687
vt 0.739736020565033 0.4200499951839447
vt 0.7466800212860107 0.4327450096607208
vt 0.7450940012931824 0.43326500058174133
vt 0.25961101055145264 0.7644739747047424
vt 0.24097800254821777 0.7780539989471436
vt 0.24097800254821777 0.7643669843673706
vt 0.97154301404953 0.6394469738006592
vt 0.9725810289382935 0.6394469738006592
vt 0.9725419878959656 0.6510400176048279
vt 0.9715059995651245 0.6510400176048279
vt 0.16471999883651733 0.7987110018730164
vt 0.16658900678157806 0.7982969880104065
vt 0.16661299765110016 0.8113399744033813
vt 0.16474400460720062 0.8115469813346863
vt 0.08425299823284149 0.875311017036438
vt 0.08418300002813339 0.8860769867897034
vt 0.35360199213027954 0.326678991317749
vt 0.34470000863075256 0.34137800335884094
vt 0.6312289834022522 0.5382490158081055
vt 0.6301770210266113 0.5406469702720642
vt 0.6201789975166321 0.5313320159912109
vt 0.6571379899978638 0.7229660153388977
vt 0.6572989821434021 0.7203159928321838
vt 0.6712700128555298 0.721222996711731
vt 0.6714010238647461 0.7238579988479614
vt 0.28696998953819275 0.9186270236968994
vt 0.28690800070762634 0.9312559962272644
vt 0.28586700558662415 0.9312559962272644
vt 0.28593501448631287 0.9186270236968994
vt 0.2007250040769577 0.891514003276825
vt 0.2019670009613037 0.891514003276825
vt 0.20209699869155884 0.9043499827384949
vt 0.20085600018501282 0.9043499827384949
vt 0.009456000290811062 0.5196120142936707
vt 0.013783999718725681 0.5327320098876953
vt 0.012920999899506569 0.5330690145492554
vt 0.9352099895477295 0.6628410220146179
vt 0.9333469867706299 0.6628410220146179
vt 0.933148980140686 0.6502119898796082
vt 0.9450920224189758 0.8367109894752502
vt 0.9434589743614197 0.8362969756126404
vt 0.9432610273361206 0.8236680030822754
vt 0.944894015789032 0.8240820169448853
vt 0.9648939967155457 0.6276460289955139
vt 0.9661359786987305 0.6276460289955139
vt 0.4535309970378876 0.7412509918212891
vt 0.45433300733566284 0.7425190210342407
vt 0.44340699911117554 0.7496669888496399
vt 0.44246700406074524 0.7485510110855103
vt 0.946861982345581 0.411421000957489
vt 0.9452059864997864 0.411421000957489
vt 0.9451379776000977 0.39754998683929443
vt 0.7684199810028076 0.7747799754142761
vt 0.7695500254631042 0.7752810120582581
vt 0.7642070055007935 0.7874050140380859
vt 0.7630770206451416 0.7869049906730652
vt 0.5485060214996338 0.7065179944038391
vt 0.5494419932365417 0.7076429724693298
vt 0.5383780002593994 0.7149440050125122
vt 0.5375800132751465 0.7136650085449219
vt 0.08981099724769592 0.8384600281715393
vt 0.09167999774217606 0.8386669754981995
vt 0.09165699779987335 0.8517100214958191
vt 0.08978699892759323 0.8512960076332092
vt 0.7762029767036438 0.7632780075073242
vt 0.9678019881248474 0.825531005859375
vt 0.969044029712677 0.825531005859375
vt 0.9689900279045105 0.8367109894752502
vt 0.9677479863166809 0.8367109894752502
vt 0.48025599122047424 0.5625069737434387
vt 0.4798310101032257 0.5598909854888916
vt 0.49397599697113037 0.558443009853363
vt 0.49410900473594666 0.56107497215271
vt 0.9647799730300903 0.5671939849853516
vt 0.9660220146179199 0.5671939849853516
vt 0.9660760164260864 0.5783730149269104
vt 0.9648339748382568 0.5783730149269104
vt 0.3562160134315491 0.8428080081939697
vt 0.35806700587272644 0.8428080081939697
vt 0.3579370081424713 0.8564720153808594
vt 0.35607999563217163 0.8566790223121643
vt 0.008419999852776527 0.4787690043449402
vt 0.00634300010278821 0.4782879948616028
vt 0.010401000268757343 0.46577098965644836
vt 0.3503130078315735 0.4444360136985779
vt 0.3522709906101227 0.442577987909317
vt 0.36058899760246277 0.4534449875354767
vt 0.3583090007305145 0.4547330141067505
vt 0.35440999269485474 0.8289369940757751
vt 0.3562839925289154 0.8289369940757751
vt 0.3543420135974884 0.8428080081939697
vt 0.15566100180149078 0.7860820293426514
vt 0.15421800315380096 0.7864959836006165
vt 0.15427400171756744 0.7746959924697876
vt 0.15571799874305725 0.7740740180015564
vt 0.9770020246505737 0.012765999883413315
vt 0.9782419800758362 0.012765999883413315
vt 0.9782950282096863 0.02373800054192543
vt 0.9770539999008179 0.02373800054192543
vt 0.8029760122299194 0.5419909954071045
vt 0.8036460280418396 0.5406270027160645
vt 0.8166679739952087 0.5459790229797363
vt 0.8163059949874878 0.5476210117340088
vt 0.26131001114845276 0.5945180058479309
vt 0.8272690176963806 0.17824900150299072
vt 0.8272510170936584 0.16375699639320374
vt 0.8435990214347839 0.16375699639320374
vt 0.8436179757118225 0.1786630004644394
vt 0.9546899795532227 0.21943800151348114
vt 0.9559320211410522 0.21943800151348114
vt 0.1664939969778061 0.8759329915046692
vt 0.16814999282360077 0.8759329915046692
vt 0.16808000206947327 0.8866980075836182
vt 0.1664229929447174 0.8866980075836182
vt 0.28852298855781555 0.8941980004310608
vt 0.28875601291656494 0.8836389780044556
vt 0.9185619950294495 0.2593750059604645
vt 0.9159759879112244 0.2603810131549835
vt 0.9096459746360779 0.24824200570583344
vt 0.9119250178337097 0.24695900082588196
vt 0.12145599722862244 0.1806659996509552
vt 0.12311200052499771 0.18625600636005402
vt 0.10924100130796432 0.18874000012874603
vt 0.10862000286579132 0.18273599445819855
vt 0.30929699540138245 0.0026209999341517687
vt 0.3092930018901825 0.003647000063210726
vt 0.30722299218177795 0.003647000063210726
vt 0.3072269856929779 0.002621999941766262
vt 0.35265201330184937 0.8423939943313599
vt 0.3542119860649109 0.8564720153808594
vt 0.35252198576927185 0.8558509945869446
vt 0.6956380009651184 0.3885650038719177
vt 0.6959949731826782 0.3869340121746063
vt 0.7093250155448914 0.39256399869918823
vt 0.7086610198020935 0.3939169943332672
vt 0.04827899858355522 0.5714460015296936
vt 0.04749000072479248 0.5732439756393433
vt 0.03584099933505058 0.5660640001296997
vt 0.03707600012421608 0.5643889904022217
vt 0.8867350220680237 0.026844000443816185
vt 0.8851019740104675 0.027257999405264854
vt 0.8852999806404114 0.0146289998665452
vt 0.20161500573158264 0.7684720158576965
vt 0.20037299394607544 0.7684720158576965
vt 0.20042699575424194 0.7572929859161377
vt 0.20166899263858795 0.7572929859161377
vt 0.8886740207672119 0.04071500152349472
vt 0.8866050243377686 0.04071500152349472
vt 0.048013001680374146 0.7982969880104065
vt 0.04805200174450874 0.7860820293426514
vt 0.049915000796318054 0.7860820293426514
vt 0.3871389925479889 0.1665779948234558
vt 0.3863070011138916 0.16594600677490234
vt 0.40597501397132874 0.1251630038022995
vt 0.40701401233673096 0.12517300248146057
vt 0.04095999896526337 0.7864959836006165
vt 0.039090998470783234 0.7860820293426514
vt 0.03914799913764 0.7740740180015564
vt 0.041016001254320145 0.7746959924697876
vt 0.3594610095024109 0.7180960178375244
vt 0.35869500041007996 0.7173979878425598
vt 0.3647350072860718 0.7063930034637451
vt 0.3654859960079193 0.7067989706993103
vt 0.047988999634981155 0.8386669754981995
vt 0.046337999403476715 0.8384600281715393
vt 0.04632899910211563 0.825003981590271
vt 0.32113099098205566 0.5776839852333069
vt 0.32179000973701477 0.5791159868240356
vt 0.30819401144981384 0.5827339887619019
vt 0.20847100019454956 0.10322599858045578
vt 0.20847100019454956 0.08355899900197983
vt 0.2583639919757843 0.08541899919509888
vt 0.2548440098762512 0.10322300344705582
vt 0.7662370204925537 0.6078680157661438
vt 0.7651410102844238 0.6072829961776733
vt 0.7713760137557983 0.5955920219421387
vt 0.7724720239639282 0.5961769819259644
vt 0.9474459886550903 0.326678991317749
vt 0.9457899928092957 0.326678991317749
vt 0.9455350041389465 0.3150849938392639
vt 0.9471909999847412 0.3150849938392639
vt 0.3583120107650757 0.6285989880561829
vt 0.3576050102710724 0.629069983959198
vt 0.34946998953819275 0.6189280152320862
vt 0.35031700134277344 0.6183030009269714
vt 0.5777260065078735 0.6204659938812256
vt 0.5761250257492065 0.6206939816474915
vt 0.4836060106754303 0.7246000170707703
vt 0.4693779945373535 0.7215070128440857
vt 0.4697349965572357 0.7198770046234131
vt 0.9558179974555969 0.2798910140991211
vt 0.9545760154724121 0.2798910140991211
vt 0.3513239920139313 0.30970299243927
vt 0.3523600101470947 0.30970299243927
vt 0.14919300377368927 0.23848100006580353
vt 0.16037200391292572 0.24779699742794037
vt 0.9545609951019287 0.026844000443816185
vt 0.9531350135803223 0.027257999405264854
vt 0.9533330202102661 0.0146289998665452
vt 0.9547590017318726 0.014214999973773956
vt 0.08893799781799316 0.7580659985542297
vt 0.10337500274181366 0.7566050291061401
vt 0.9340289831161499 0.7423059940338135
vt 0.9321889877319336 0.7427200078964233
vt 0.9324390292167664 0.7313330173492432
vt 0.934283971786499 0.7307119965553284
vt 0.7643370032310486 0.6483839750289917
vt 0.7668570280075073 0.6616950035095215
vt 0.765736997127533 0.6620360016822815
vt 0.7631310224533081 0.6484450101852417
vt 0.9367660284042358 0.5951430201530457
vt 0.9350110292434692 0.5810649991035461
vt 0.936896026134491 0.581479012966156
vt 0.37099799513816833 0.8806939721107483
vt 0.36912399530410767 0.8809009790420532
vt 0.36886900663375854 0.8695150017738342
vt 0.21168699860572815 0.5061110258102417
vt 0.20905600488185883 0.5062440037727356
vt 0.20906999707221985 0.4920249879360199
vt 0.21171699464321136 0.49218499660491943
vt 0.40222498774528503 0.9763960242271423
vt 0.4032599925994873 0.9763960242271423
vt 0.40302199125289917 0.9873690009117126
vt 0.4019869863986969 0.9873690009117126
vt 0.4202829897403717 0.8490359783172607
vt 0.42287200689315796 0.8480219841003418
vt 0.42920199036598206 0.8601610064506531
vt 0.42691999673843384 0.8614529967308044
vt 0.41418299078941345 0.8357229828834534
vt 0.4157879948616028 0.8354849815368652
vt 0.41869300603866577 0.8495659828186035
vt 0.27834799885749817 0.9312559962272644
vt 0.27958399057388306 0.9312559962272644
vt 0.27958399057388306 0.9436780214309692
vt 0.27834799885749817 0.9436780214309692
vt 0.11495800316333771 0.7982969880104065
vt 0.1149820014834404 0.8113399744033813
vt 0.11332599818706512 0.8113399744033813
vt 0.9569389820098877 0.6224700212478638
vt 0.8725889921188354 0.09060899913311005
vt 0.8742539882659912 0.09102299809455872
vt 0.8742139935493469 0.10344400256872177
vt 0.8725500106811523 0.10282299667596817
vt 0.12221699953079224 0.8635110259056091
vt 0.12408600002527237 0.8639249801635742
vt 0.08434700220823288 0.7987110018730164
vt 0.08437100052833557 0.8115469813346863
vt 0.08272100239992142 0.8113399744033813
vt 0.5375800132751465 0.539788007736206
vt 0.5383780002593994 0.5410670042037964
vt 0.5261939764022827 0.5465189814567566
vt 0.5255360007286072 0.5450869798660278
vt 0.799206018447876 0.14947199821472168
vt 0.7993080019950867 0.1676899939775467
vt 0.7829869985580444 0.1676899939775467
vt 0.7828800082206726 0.149057999253273
vt 0.20806099474430084 0.8973860144615173
vt 0.22131100296974182 0.8973299860954285
vt 0.22131100296974182 0.9973220229148865
vt 0.20806099474430084 0.9973790049552917
vt 0.9900100231170654 0.3929949998855591
vt 0.988976001739502 0.3929949998855591
vt 0.988976001739502 0.38057398796081543
vt 0.9900100231170654 0.38057398796081543
vt 0.45562198758125305 0.7447959780693054
vt 0.44498899579048157 0.7519279718399048
vt 0.5875380039215088 0.7929220199584961
vt 0.5890330076217651 0.7934250235557556
vt 0.5853080153465271 0.8068119883537292
vt 0.873121976852417 0.37263500690460205
vt 0.8724679946899414 0.37119001150131226
vt 0.8845130205154419 0.3658919930458069
vt 0.8853049874305725 0.36718299984931946
vt 0.27348101139068604 0.07404199987649918
vt 0.26975300908088684 0.07072599977254868
vt 0.28610798716545105 0.058924999088048935
vt 0.28817999362945557 0.06348399817943573
vt 0.934283971786499 0.8483049869537354
vt 0.9324390292167664 0.8476830124855042
vt 0.9321889877319336 0.8362969756126404
vt 0.9340289831161499 0.8367109894752502
vt 0.534546971321106 0.39556199312210083
vt 0.5351970195770264 0.3939169943332672
vt 0.5468459725379944 0.40109699964523315
vt 0.5457500219345093 0.4026179909706116
vt 0.9756349921226501 0.27844101190567017
vt 0.9745979905128479 0.27844101190567017
vt 0.5930879712104797 0.4331740140914917
vt 0.5917350053787231 0.43250900506973267
vt 0.597885012626648 0.4207650125026703
vt 0.5990989804267883 0.42158401012420654
vt 0.9903630018234253 0.7416849732398987
vt 0.9893280267715454 0.7414780259132385
vt 0.9895660281181335 0.7307119965553284
vt 0.9906010031700134 0.7309190034866333
vt 0.9226909875869751 0.08212000131607056
vt 0.9208279848098755 0.08212000131607056
vt 0.9207599759101868 0.06825000047683716
vt 0.9226229786872864 0.06825000047683716
vt 0.12582199275493622 0.7633090019226074
vt 0.12747399508953094 0.7639300227165222
vt 0.12754400074481964 0.7746959924697876
vt 0.12589199841022491 0.7740749716758728
vt 0.9245079755783081 0.06825000047683716
vt 0.9226229786872864 0.05458600074052811
vt 0.9245079755783081 0.05458600074052811
vt 0.32586199045181274 0.06431999802589417
vt 0.32627299427986145 0.06348200142383575
vt 0.34035399556159973 0.07467100024223328
vt 0.13457299768924713 0.8386669754981995
vt 0.16861200332641602 0.6958569884300232
vt 0.16712400317192078 0.6953349709510803
vt 0.16921499371528625 0.6815990209579468
vt 0.1708420068025589 0.6819660067558289
vt 0.7469729781150818 0.44724199175834656
vt 0.7495890259742737 0.44681599736213684
vt 0.7519140243530273 0.46091699600219727
vt 0.7492820024490356 0.46105000376701355
vt 0.4175240099430084 0.48736700415611267
vt 0.41578400135040283 0.48774799704551697
vt 0.41345998644828796 0.47364699840545654
vt 0.41521400213241577 0.4735589921474457
vt 0.05883599817752838 0.8517100214958191
vt 0.05718600004911423 0.8512960076332092
vt 0.057162001729011536 0.8384600281715393
vt 0.05881199985742569 0.8386669754981995
vt 0.9637929797172546 0.0026209999341517687
vt 0.9650350213050842 0.0026209999341517687
vt 0.9651020169258118 0.012973000295460224
vt 0.9638599753379822 0.012973000295460224
vt 0.9560179710388184 0.05458600074052811
vt 0.9544309973716736 0.04071500152349472
vt 0.9560859799385071 0.04071500152349472
vt 0.925806999206543 0.6329079866409302
vt 0.9260740280151367 0.647363007068634
vt 0.9246860146522522 0.6473270058631897
vt 0.24912700057029724 0.4260939955711365
vt 0.26131099462509155 0.4206419885158539
vt 0.26197001338005066 0.42207399010658264
vt 0.4704799950122833 0.5433229804039001
vt 0.4838300049304962 0.546459972858429
vt 0.48387500643730164 0.547336995601654
vt 0.4702320098876953 0.5442150235176086
vt 0.46723100543022156 0.39192599058151245
vt 0.4556170105934143 0.3970569968223572
vt 0.45529499650001526 0.3964860141277313
vt 0.21169200539588928 0.6799700260162354
vt 0.21241700649261475 0.6797829866409302
vt 0.21486499905586243 0.6934369802474976
vt 0.21400099992752075 0.6937770247459412
vt 0.4291970133781433 0.6863059997558594
vt 0.4269169867038727 0.6875939965248108
vt 0.42028000950813293 0.6751769781112671
vt 0.4228670001029968 0.6741669774055481
vt 0.06798599660396576 0.8384600281715393
vt 0.06984300166368484 0.8386669754981995
vt 0.9464790225028992 0.5684360265731812
vt 0.944616973400116 0.5684360265731812
vt 0.9448720216751099 0.556842029094696
vt 0.9467350244522095 0.556842029094696
vt 0.8654680252075195 0.05106600001454353
vt 0.8636019825935364 0.0508590005338192
vt 0.8654919862747192 0.038022998720407486
vt 0.867156982421875 0.038437001407146454
vt 0.8655329942703247 0.025601999834179878
vt 0.8671969771385193 0.02622300013899803
vt 0.058931998908519745 0.7740740180015564
vt 0.5638620257377625 0.685513973236084
vt 0.5662750005722046 0.6868579983711243
vt 0.5583119988441467 0.6975209712982178
vt 0.5561619997024536 0.6955770254135132
vt 0.7725669741630554 0.42156699299812317
vt 0.7749819755554199 0.4229069948196411
vt 0.7689570188522339 0.43420401215553284
vt 0.766556978225708 0.43315601348876953
vt 0.6817049980163574 0.7331969738006592
vt 0.6815469861030579 0.7358400225639343
vt 0.6675770282745361 0.7349330186843872
vt 0.6674420237541199 0.7323049902915955
vt 0.5690460205078125 0.7820169925689697
vt 0.5716320276260376 0.7810109853744507
vt 0.47048500180244446 0.8910560011863708
vt 0.48383501172065735 0.8941929936408997
vt 0.48367398977279663 0.8968440294265747
vt 0.5732150077819824 0.7805010080337524
vt 0.5649960041046143 0.7685940265655518
vt 0.5662710070610046 0.7678059935569763
vt 0.30367499589920044 0.4207009971141815
vt 0.3038350045681 0.4180540144443512
vt 0.31777000427246094 0.4211620092391968
vt 0.3170259892940521 0.4238379895687103
vt 0.6312289834022522 0.36437100172042847
vt 0.6301770210266113 0.3667699992656708
vt 0.6185280084609985 0.35958901047706604
vt 0.6201789975166321 0.35745400190353394
vt 0.22731399536132812 0.16658300161361694
vt 0.2281389981508255 0.16595199704170227
vt 0.26105600595474243 0.19369199872016907
vt 0.2606459856033325 0.1947370022535324
vt 0.790336012840271 0.2280309945344925
vt 0.7919179797172546 0.23029300570487976
vt 0.7826820015907288 0.23896700143814087
vt 0.7805299758911133 0.23702700436115265
vt 0.03594699874520302 0.2602179944515228
vt 0.03925799950957298 0.26290300488471985
vt 0.03201200067996979 0.27387499809265137
vt 0.028286999091506004 0.27181100845336914
vt 0.37203601002693176 0.8154799938201904
vt 0.3703460097312927 0.8152729868888855
vt 0.37041398882865906 0.8014029860496521
vt 0.3721039891242981 0.801816999912262
vt 0.02011300064623356 0.544871985912323
vt 0.028262000530958176 0.5553069710731506
vt 0.027552999556064606 0.5557820200920105
vt 0.01940399967133999 0.5453469753265381
vt 0.932532012462616 0.10862000286579132
vt 0.9343940019607544 0.10862000286579132
vt 0.9341390132904053 0.12021400034427643
vt 0.9322770237922668 0.12021400034427643
vt 0.8544300198554993 0.7196639776229858
vt 0.8546370267868042 0.7223550081253052
vt 0.8409850001335144 0.7237560153007507
vt 0.8410580158233643 0.7209789752960205
vt 0.9308450222015381 0.09557700157165527
vt 0.9306470155715942 0.10820599645376205
vt 0.27194899320602417 0.9192479848861694
vt 0.269879013299942 0.9192479848861694
vt 0.27000999450683594 0.9064120054244995
vt 0.2720789909362793 0.9064120054244995
vt 0.4667870104312897 0.009134000167250633
vt 0.46612799167633057 0.007701999973505735
vt 0.4797230064868927 0.004083999898284674
vt 0.4802429974079132 0.005669999867677689
vt 0.03418499976396561 0.6083859801292419
vt 0.03576600179076195 0.6106470227241516
vt 0.0026209999341517687 0.4916679859161377
vt 0.004850999917834997 0.47777700424194336
vt 0.02826800011098385 0.8639249801635742
vt 0.0264040008187294 0.8639249801635742
vt 0.026365000754594803 0.8517100214958191
vt 0.02822900004684925 0.8517100214958191
vt 0.03013700060546398 0.7864959836006165
vt 0.02826800011098385 0.7860820293426514
vt 0.030192000791430473 0.7746959924697876
vt 0.5690420269966125 0.4342750012874603
vt 0.5627130270004272 0.42213600873947144
vt 0.5634220242500305 0.42166000604629517
vt 0.5699049830436707 0.43393799662590027
vt 0.030192000791430473 0.875311017036438
vt 0.028325000777840614 0.8759329915046692
vt 0.03013700060546398 0.8635110259056091
vt 0.8904910087585449 0.06825000047683716
vt 0.8886060118675232 0.06825000047683716
vt 0.8886060118675232 0.05458600074052811
vt 0.8904910087585449 0.05458600074052811
vt 0.1455249935388565 0.8639249801635742
vt 0.14718100428581238 0.8639249801635742
vt 0.1471250057220459 0.8759329915046692
vt 0.14546799659729004 0.8759329915046692
vt 0.08336299657821655 0.1806659996509552
vt 0.08170700073242188 0.18625600636005402
vt 0.9647799730300903 0.6628410220146179
vt 0.9660220146179199 0.6628410220146179
vt 0.9659550189971924 0.673192024230957
vt 0.9647129774093628 0.673192024230957
vt 0.006347000133246183 0.6521499752998352
vt 0.00887100026011467 0.6527510285377502
vt 0.006903999950736761 0.6660419702529907
vt 0.004255999810993671 0.6658859848976135
vt 0.7086610198020935 0.2200389951467514
vt 0.7093250155448914 0.21868599951267242
vt 0.11683899909257889 0.8115469813346863
vt 0.11684799939393997 0.825003981590271
vt 0.11499100178480148 0.825003981590271
vt 0.415569007396698 0.7934309840202332
vt 0.4180929958820343 0.7940319776535034
vt 0.416126012802124 0.8073229789733887
vt 0.3202750086784363 0.5752350091934204
vt 0.026460999622941017 0.8759329915046692
vt 0.525538980960846 0.8928250074386597
vt 0.5246829986572266 0.8903729915618896
vt 0.5362970232963562 0.8852429986000061
vt 0.5375829935073853 0.8875269889831543
vt 0.9341430068016052 0.411421000957489
vt 0.9323040246963501 0.4112139940261841
vt 0.9322360157966614 0.39754998683929443
vt 0.9340749979019165 0.39754998683929443
vt 0.48025599122047424 0.21475200355052948
vt 0.4798310101032257 0.21213500201702118
vt 0.49397599697113037 0.21068799495697021
vt 0.49410900473594666 0.21332000195980072
vt 0.5125979781150818 0.8978850245475769
vt 0.5120819807052612 0.8962889909744263
vt 0.5261930227279663 0.8942679762840271
vt 0.9771239757537842 0.059553999453783035
vt 0.9783650040626526 0.059553999453783035
vt 0.9771149754524231 0.07197599858045578
vt 0.5485090017318726 0.8803799748420715
vt 0.5469300150871277 0.8781110048294067
vt 0.5561659932136536 0.8694369792938232
vt 0.5583149790763855 0.8713840246200562
vt 0.41556599736213684 0.2718130052089691
vt 0.41407400369644165 0.2713020145893097
vt 0.418271005153656 0.25863099098205566
vt 0.419624000787735 0.2592960000038147
vt 0.5383769869804382 0.8888159990310669
vt 0.5494409799575806 0.8815159797668457
vt 0.44450798630714417 0.40348100662231445
vt 0.4434039890766144 0.4019240140914917
vt 0.4543290138244629 0.39477598667144775
vt 0.712253987789154 0.16071799397468567
vt 0.7114610075950623 0.1594270020723343
vt 0.7223860025405884 0.15228000283241272
vt 0.7233179807662964 0.15341700613498688
vt 0.885761022567749 0.8816990256309509
vt 0.8968549966812134 0.8734660148620605
vt 0.694894015789032 0.21736299991607666
vt 0.6956380009651184 0.21468700468540192
vt 0.7076089978218079 0.22243699431419373
vt 0.9715759754180908 0.6146029829978943
vt 0.9726120233535767 0.6146029829978943
vt 0.9726030230522156 0.627232015132904
vt 0.9715669751167297 0.627232015132904
vt 0.983601987361908 0.2834100127220154
vt 0.9823610186576843 0.2834100127220154
vt 0.9822980165481567 0.27057400345802307
vt 0.9835399985313416 0.27057400345802307
vt 0.12478400021791458 0.4290649890899658
vt 0.11206799745559692 0.42399099469184875
vt 0.11231599748134613 0.42309901118278503
vt 0.4573630094528198 0.539002001285553
vt 0.8262389898300171 0.21054799854755402
vt 0.8267629742622375 0.21212199330329895
vt 0.813306987285614 0.21558600664138794
vt 0.8126429915428162 0.21416600048542023
vt 0.5225300192832947 0.7346900105476379
vt 0.9570069909095764 0.6363409757614136
vt 0.9588919878005981 0.6361340284347534
vt 0.935929000377655 0.4252919852733612
vt 0.9342740178108215 0.4252919852733612
vt 0.9357990026473999 0.411421000957489
vt 0.9455350041389465 0.22068099677562714
vt 0.9439020156860352 0.2210949957370758
vt 0.944150984287262 0.20970800518989563
vt 0.9457899928092957 0.20908699929714203
vt 0.1893559992313385 0.30969399213790894
vt 0.1881140023469925 0.29582399129867554
vt 0.20074300467967987 0.28795701265335083
vt 0.20074300467967987 0.33143100142478943
vt 0.10033900290727615 0.20281800627708435
vt 0.10033900290727615 0.20385299623012543
vt 0.05582800135016441 0.19474400579929352
vt 0.05624200031161308 0.19370900094509125
vt 0.5690420269966125 0.2603969871997833
vt 0.42563700675964355 0.8622599840164185
vt 0.15968100726604462 0.4670259952545166
vt 0.1605439931154251 0.46668899059295654
vt 0.9865679740905762 0.5678150057792664
vt 0.9853259921073914 0.5678150057792664
vt 0.9855639934539795 0.556842029094696
vt 0.9868059754371643 0.556842029094696
vt 0.08430899679660797 0.7864959836006165
vt 0.006541999988257885 0.7633090019226074
vt 0.008409000001847744 0.7639300227165222
vt 0.0026209999341517687 0.6800500154495239
vt 0.0042409999296069145 0.6801040172576904
vt 0.08475299924612045 0.4171620011329651
vt 0.08452600240707397 0.4155609905719757
vt 0.09908100217580795 0.4164389967918396
vt 0.09901600331068039 0.4180540144443512
vt 0.057280998677015305 0.7746959924697876
vt 0.0573510006070137 0.7639300227165222
vt 0.05900299921631813 0.7633090019226074
vt 0.39650601148605347 0.8882020115852356
vt 0.39547199010849 0.8882020115852356
vt 0.3957099914550781 0.8772299885749817
vt 0.3967440128326416 0.8772299885749817
vt 0.16662199795246124 0.825003981590271
vt 0.16661299765110016 0.8386669754981995
vt 0.13463599979877472 0.7860820293426514
vt 0.1362919956445694 0.7860820293426514
vt 0.5917350053787231 0.6063820123672485
vt 0.5875380039215088 0.619051992893219
vt 0.5468459725379944 0.5749750137329102
vt 0.5476639866828918 0.573760986328125
vt 0.5578010082244873 0.5829229950904846
vt 0.5566750168800354 0.5838590264320374
vt 0.25712400674819946 0.10322800278663635
vt 0.2623009979724884 0.1032319962978363
vt 0.26316899061203003 0.5992460250854492
vt 0.251693993806839 0.6042219996452332
vt 0.2512170076370239 0.6035169959068298
vt 0.9890379905700684 0.3675310015678406
vt 0.9900779724121094 0.3675310015678406
vt 0.5930910110473633 0.7809079885482788
vt 0.5954909920692444 0.7819560170173645
vt 0.5915570259094238 0.7940260171890259
vt 0.5130109786987305 0.1697939932346344
vt 0.5124920010566711 0.16820800304412842
vt 0.8044400215148926 0.5709930062294006
vt 0.816411018371582 0.5630649924278259
vt 0.8171790242195129 0.5655859708786011
vt 0.5367050170898438 0.15716400742530823
vt 0.5250920057296753 0.16229499876499176
vt 0.2423110008239746 0.56392902135849
vt 0.23278799653053284 0.555321991443634
vt 0.5552729964256287 0.41122499108314514
vt 0.9560179710388184 0.06825000047683716
vt 0.8568919897079468 0.5593140125274658
vt 0.8572080135345459 0.5578410029411316
vt 0.8700929880142212 0.560958981513977
vt 0.8695930242538452 0.5623350143432617
vt 0.35318800806999207 0.3999670147895813
vt 0.3538089990615845 0.4010019898414612
vt 0.30826300382614136 0.4103190004825592
vt 0.30702099204063416 0.40928301215171814
vt 0.7461659908294678 0.12103299796581268
vt 0.7437689900398254 0.11997699737548828
vt 0.7477030158042908 0.10790599882602692
vt 0.7502239942550659 0.10851600021123886
vt 0.40556600689888 0.3314409852027893
vt 0.4066010117530823 0.33164799213409424
vt 0.38755500316619873 0.37222498655319214
vt 0.38651901483535767 0.37160399556159973
vt 0.5765269994735718 0.47508499026298523
vt 0.5784350037574768 0.47513601183891296
vt 0.5763440132141113 0.4888730049133301
vt 0.5745599865913391 0.48837700486183167
vt 0.08981099724769592 0.8115469813346863
vt 0.089819997549057 0.825003981590271
vt 0.9329289793968201 0.05458600074052811
vt 0.40643298625946045 0.8417609930038452
vt 0.40519100427627563 0.8417609930038452
vt 0.4051530063152313 0.8301669955253601
vt 0.4063960015773773 0.8301669955253601
vt 0.8742870092391968 0.06452299654483795
vt 0.8761529922485352 0.06452299654483795
vt 0.8761439919471741 0.078186996281147
vt 0.8742780089378357 0.07797999680042267
vt 0.02622300013899803 0.07839400321245193
vt 0.020633000880479813 0.07653100043535233
vt 0.026016000658273697 0.06431599706411362
vt 0.03139900043606758 0.06700699776411057
vt 0.38192400336265564 0.6617860198020935
vt 0.38192400336265564 0.6597149968147278
vt 0.40034300088882446 0.6597149968147278
vt 0.40034300088882446 0.6617860198020935
vt 0.11697100102901459 0.7529870271682739
vt 0.11631599813699722 0.7515450119972229
vt 0.8911380171775818 0.11959300190210342
vt 0.890887975692749 0.10820599645376205
vt 0.017789000645279884 0.825003981590271
vt 0.019439000636339188 0.825003981590271
vt 0.019430000334978104 0.8384600281715393
vt 0.0177800003439188 0.8386669754981995
vt 0.6106560230255127 0.522724986076355
vt 0.9829099774360657 0.20908699929714203
vt 0.9841520190238953 0.20908699929714203
vt 0.9622480273246765 0.7888870239257812
vt 0.9610059857368469 0.7888870239257812
vt 0.6674429774284363 0.5584329962730408
vt 0.6675779819488525 0.5610610246658325
vt 0.6537250280380249 0.5624920129776001
vt 0.653298020362854 0.5598800182342529
vt 0.41869398951530457 0.6756970286369324
vt 0.41418299078941345 0.661853015422821
vt 0.41578400135040283 0.6616259813308716
vt 0.27952200174331665 0.956305980682373
vt 0.28062400221824646 0.9436780214309692
vt 0.28055599331855774 0.956305980682373
vt 0.015709999948740005 0.8386669754981995
vt 0.01775600016117096 0.8517100214958191
vt 0.015685999765992165 0.8517100214958191
vt 0.9554809927940369 0.5810649991035461
vt 0.9540550112724304 0.581479012966156
vt 0.9542539715766907 0.5688499808311462
vt 0.31812700629234314 0.419530987739563
vt 0.3314569890499115 0.4251610040664673
vt 0.33079200983047485 0.42651399970054626
vt 0.949088990688324 0.8476830124855042
vt 0.9472100138664246 0.8483049869537354
vt 0.9469550251960754 0.8367109894752502
vt 0.9488400220870972 0.8362969756126404
vt 0.14836500585079193 0.21943500638008118
vt 0.18169599771499634 0.24779599905014038
vt 0.4188140034675598 0.10697899758815765
vt 0.4161970019340515 0.10740499943494797
vt 0.41387298703193665 0.09330400079488754
vt 0.41650399565696716 0.09317100048065186
vt 0.9303969740867615 0.11959300190210342
vt 0.34410399198532104 0.7390990257263184
vt 0.9361280202865601 0.22068099677562714
vt 0.9342650175094604 0.22068099677562714
vt 0.9345200061798096 0.20908699929714203
vt 0.9363830089569092 0.20908699929714203
vt 0.3217889964580536 0.7529870271682739
vt 0.3339729905128479 0.747534990310669
vt 0.1540600061416626 0.45441100001335144
vt 0.15577000379562378 0.4534449875354767
vt 0.6070650219917297 0.7586569786071777
vt 0.6092159748077393 0.760595977306366
vt 0.6015160083770752 0.7706590294837952
vt 0.5991020202636719 0.7693189978599548
vt 0.4291970133781433 0.33855101466178894
vt 0.4269169867038727 0.33983901143074036
vt 0.42028000950813293 0.32742100954055786
vt 0.4228670001029968 0.32641100883483887
vt 0.015038999728858471 0.30970001220703125
vt 0.9460830092430115 0.6088060140609741
vt 0.9442200064659119 0.6088060140609741
vt 0.9461510181427002 0.5949360132217407
vt 0.9096890091896057 0.09599100053310394
vt 0.9080560207366943 0.09557700157165527
vt 0.907925009727478 0.08191300183534622
vt 0.9095579981803894 0.08212000131607056
vt 0.15924200415611267 0.7746959924697876
vt 0.15737499296665192 0.7740740180015564
vt 0.1574449986219406 0.7633090019226074
vt 0.15931299328804016 0.7639300227165222
vt 0.9850640296936035 0.025601999834179878
vt 0.9863049983978271 0.025601999834179878
vt 0.9864360094070435 0.038437001407146454
vt 0.9851940274238586 0.038437001407146454
vt 0.9471160173416138 0.08191300183534622
vt 0.9452300071716309 0.08212000131607056
vt 0.9451619982719421 0.06825000047683716
vt 0.947048008441925 0.06825000047683716
vt 0.933148980140686 0.5810649991035461
vt 0.9315159916877747 0.581479012966156
vt 0.9317139983177185 0.5688499808311462
vt 0.9333469867706299 0.5684360265731812
vt 0.573826014995575 0.8360069990158081
vt 0.5757930278778076 0.8227159976959229
vt 0.5784379839897156 0.8228800296783447
vt 0.7203900218009949 0.35649698972702026
vt 0.7219700217247009 0.3587619960308075
vt 0.7110450267791748 0.36590999364852905
vt 0.7097569704055786 0.3636299967765808
vt 0.03026299923658371 0.7639300227165222
vt 0.9353560209274292 0.8102110028266907
vt 0.9337000250816345 0.8102110028266907
vt 0.9336320161819458 0.7963399887084961
vt 0.9352880120277405 0.7963399887084961
vt 0.7711259722709656 0.8553850054740906
vt 0.7733659744262695 0.8538849949836731
vt 0.7805910110473633 0.8652139902114868
vt 0.1570490002632141 0.45264700055122375
vt 0.9680370092391968 0.42674100399017334
vt 0.9690719842910767 0.42674100399017334
vt 0.9690179824829102 0.4379209876060486
vt 0.9679830074310303 0.4379209876060486
vt 0.22123299539089203 0.7209799885749817
vt 0.2225160002708435 0.7201719880104065
vt 0.2308329939842224 0.731037974357605
vt 0.22970399260520935 0.7319849729537964
vt 0.40597501397132874 0.08127500116825104
vt 0.40701401233673096 0.08128499984741211
vt 0.9245759844779968 0.040922001004219055
vt 0.924705982208252 0.027257999405264854
vt 0.16037200391292572 0.5329509973526001
vt 0.16415299475193024 0.5207399725914001
vt 0.16504499316215515 0.5209879875183105
vt 0.1611109972000122 0.5330600142478943
vt 0.9830930233001709 0.7922000288963318
vt 0.9818509817123413 0.7922000288963318
vt 0.9818509817123413 0.7793639898300171
vt 0.9830930233001709 0.7793639898300171
vt 0.7535279989242554 0.6493690013885498
vt 0.7535279989242554 0.634859025478363
vt 0.11332599818706512 0.8386669754981995
vt 0.1149820014834404 0.8386669754981995
vt 0.11495800316333771 0.8517100214958191
vt 0.9103760123252869 0.6842749714851379
vt 0.9123740196228027 0.6858090162277222
vt 0.9039459824562073 0.6963310241699219
vt 0.9020460247993469 0.6946139931678772
vt 0.9462810158729553 0.5810649991035461
vt 0.7203130125999451 0.5749660134315491
vt 0.7186629772186279 0.5770969986915588
vt 0.03925799950957298 0.3564760088920593
vt 0.04836700111627579 0.3666189908981323
vt 0.04547100141644478 0.3699379861354828
vt 0.7093240022659302 0.5664420127868652
vt 0.6959949731826782 0.5608130097389221
vt 0.9486789703369141 0.27471500635147095
vt 0.9467939734458923 0.27471500635147095
vt 0.9486789703369141 0.2610509991645813
vt 0.8905590176582336 0.040922001004219055
vt 0.5738210082054138 0.6621450185775757
vt 0.5763440132141113 0.6627510190010071
vt 0.5722860097885132 0.6752679944038391
vt 0.5698869824409485 0.6742169857025146
vt 0.02601199969649315 0.5571799874305725
vt 0.024886000901460648 0.5581160187721252
vt 0.016414999961853027 0.5471109747886658
vt 0.017694000154733658 0.5463129878044128
vt 0.7312639951705933 0.5829240083694458
vt 0.7301419973373413 0.5838500261306763
vt 0.7211269736289978 0.5737619996070862
vt 0.9546359777450562 0.30390599370002747
vt 0.9558780193328857 0.30390599370002747
vt 0.27194899320602417 0.9573410153388977
vt 0.269879013299942 0.9573410153388977
vt 0.26982200145721436 0.9445059895515442
vt 0.2718920111656189 0.9445059895515442
vt 0.4161210060119629 0.4595879912376404
vt 0.41609200835227966 0.47351399064064026
vt 0.4153830111026764 0.4594790041446686
vt 0.9467560052871704 0.7549350261688232
vt 0.9680740237236023 0.41514700651168823
vt 0.9691089987754822 0.41514700651168823
vt 0.7312639951705933 0.7567939758300781
vt 0.7211269736289978 0.7476320266723633
vt 0.9484429955482483 0.7826759815216064
vt 0.948511004447937 0.769012987613678
vt 0.8778150081634521 0.126010000705719
vt 0.4704799950122833 0.7172009944915771
vt 0.02437499910593033 0.4435180127620697
vt 0.639178991317749 0.735791027545929
vt 0.6269950270652771 0.7412430047988892
vt 0.9357990026473999 0.28858599066734314
vt 0.7587720155715942 0.47357499599456787
vt 0.43498000502586365 0.4121699929237366
vt 0.41840600967407227 0.8350560069084167
vt 0.3726769983768463 0.8796589970588684
vt 0.7587710022926331 0.6346229910850525
vt 0.7601600289344788 0.6346589922904968
vt 0.02329999953508377 0.442546010017395
vt 0.03324500098824501 0.43339601159095764
vt 0.09557099640369415 0.3935360014438629
vt 0.09598299860954285 0.38897600769996643
vt 0.10840500146150589 0.38897499442100525
vt 0.10882099717855453 0.3935360014438629
vt 0.8688610196113586 0.7203220129013062
vt 0.8691040277481079 0.7216249704360962
vt 0.8550260066986084 0.7251449823379517
vt 0.8549649715423584 0.7239390015602112
vt 0.8885110020637512 0.7435430288314819
vt 0.8768879771232605 0.737064003944397
vt 0.9007350206375122 0.12021400034427643
vt 0.9681040048599243 0.2672620117664337
vt 0.9693459868431091 0.2672620117664337
vt 0.9693390130996704 0.2798910140991211
vt 0.9680960178375244 0.2798910140991211
vt 0.03006500005722046 0.825003981590271
vt 0.030074000358581543 0.8115469813346863
vt 0.978177011013031 0.11648699641227722
vt 0.9782419800758362 0.10634300112724304
vt 0.9792789816856384 0.10634300112724304
vt 0.9792129993438721 0.11648699641227722
vt 0.9214119911193848 0.12021400034427643
vt 0.9197729825973511 0.11959300190210342
vt 0.9195240139961243 0.10820599645376205
vt 0.9211570024490356 0.10862000286579132
vt 0.3463500142097473 0.13737699389457703
vt 0.657135009765625 0.549107015132904
vt 0.657069981098175 0.5507220029830933
vt 0.6428419947624207 0.5476300120353699
vt 0.6431999802589417 0.5459989905357361
vt 0.9136469960212708 0.8528130054473877
vt 0.9186559915542603 0.8414459824562073
vt 0.6675729751586914 0.21332000195980072
vt 0.9622560143470764 0.8015159964561462
vt 0.9610139727592468 0.8015159964561462
vt 0.6059859991073608 0.583823025226593
vt 0.6070650219917297 0.584784984588623
vt 0.597885012626648 0.594639003276825
vt 0.41459599137306213 0.10763200372457504
vt 0.41225698590278625 0.09323900192975998
vt 0.9841520190238953 0.3192259967327118
vt 0.9829099774360657 0.3192259967327118
vt 0.6821200251579285 0.005102999974042177
vt 0.6819620132446289 0.007745000068098307
vt 0.6679909825325012 0.006837999913841486
vt 0.6678569912910461 0.004209999926388264
vt 0.37138399481773376 0.5075730085372925
vt 0.9649009704589844 0.6150169968605042
vt 0.966143012046814 0.6150169968605042
vt 0.5698869824409485 0.32646098732948303
vt 0.5722860097885132 0.3275130093097687
vt 0.5662750005722046 0.33910301327705383
vt 0.5638620257377625 0.33775898814201355
vt 0.9469550251960754 0.7423059940338135
vt 0.9472100138664246 0.7307119965553284
vt 0.9436969757080078 0.014214999973773956
vt 0.9420639872550964 0.0146289998665452
vt 0.942313015460968 0.0032430000137537718
vt 0.9439520239830017 0.0026209999341517687
vt 0.5925700068473816 0.12146800011396408
vt 0.5941609740257263 0.12093599885702133
vt 0.6007980108261108 0.13335199654102325
vt 0.5995140075683594 0.13416199386119843
vt 0.5702999830245972 0.11999599635601044
vt 0.14372800290584564 0.825003981590271
vt 0.14371900260448456 0.8384600281715393
vt 0.9241700172424316 0.8289430141448975
vt 0.9254800081253052 0.8290650248527527
vt 0.9916509985923767 0.2956250011920929
vt 0.9895820021629333 0.2956250011920929
vt 0.9894520044326782 0.2827889919281006
vt 0.9915210008621216 0.2827889919281006
vt 0.35813501477241516 0.8152729868888855
vt 0.3597570061683655 0.8154799938201904
vt 0.3597570061683655 0.8287299871444702
vt 0.35813501477241516 0.8289369940757751
vt 0.1024790033698082 0.7982969880104065
vt 0.10250300168991089 0.8113399744033813
vt 0.9819139838218689 0.7665280103683472
vt 0.9831560254096985 0.7665280103683472
vt 0.9579039812088013 0.05458600074052811
vt 0.95797199010849 0.040922001004219055
vt 0.6815429925918579 0.21422599256038666
vt 0.3886129856109619 0.9387170076370239
vt 0.3898540139198303 0.9387170076370239
vt 0.38979199528694153 0.9515529870986938
vt 0.3885509967803955 0.9515529870986938
vt 0.43574801087379456 0.41286399960517883
vt 0.4280480146408081 0.42292699217796326
vt 0.9382619857788086 0.3260580003261566
vt 0.9380130171775818 0.31467100977897644
vt 0.5494419932365417 0.3598870038986206
vt 0.8617420196533203 0.05106600001454353
vt 0.5476629734039307 0.747639000415802
vt 0.5468490123748779 0.7488430142402649
vt 0.5351999998092651 0.7416629791259766
vt 0.535860002040863 0.7403200268745422
vt 0.3951599895954132 0.9130449891090393
vt 0.3961949944496155 0.9130449891090393
vt 0.5784500241279602 0.46091699600219727
vt 0.5800650119781494 0.46098199486732483
vt 0.5800650119781494 0.47549301385879517
vt 0.09354399889707565 0.8386669754981995
vt 0.09519399702548981 0.8384600281715393
vt 0.9890379905700684 0.40603798627853394
vt 0.9900779724121094 0.40603798627853394
vt 0.26085299253463745 0.3999670147895813
vt 0.26023200154304504 0.4010019898414612
vt 0.2264859974384308 0.37222498655319214
vt 0.22752200067043304 0.37160399556159973
vt 0.9770020246505737 0.10634300112724304
vt 0.9769359827041626 0.11648699641227722
vt 0.07343100011348724 0.7864959836006165
vt 0.07348699867725372 0.7746959924697876
vt 0.08253099769353867 0.7633090019226074
vt 0.08418300002813339 0.7639300227165222
vt 0.08425299823284149 0.7746959924697876
vt 0.08260200172662735 0.7740749716758728
vt 0.9357309937477112 0.39754998683929443
vt 0.9376159906387329 0.3838860094547272
vt 0.9376839995384216 0.3702220022678375
vt 0.004271999932825565 0.825003981590271
vt 0.0026209999341517687 0.825003981590271
vt 0.002630000002682209 0.8115469813346863
vt 0.004280999768525362 0.8113399744033813
vt 0.943572998046875 0.3702220022678375
vt 0.9437040090560913 0.3565579950809479
vt 0.9862560033798218 0.6311650276184082
vt 0.985014021396637 0.6311650276184082
vt 0.9849519729614258 0.6183300018310547
vt 0.9861940145492554 0.6183300018310547
vt 0.0788709968328476 0.875311017036438
vt 0.07880000025033951 0.8860769867897034
vt 0.7305560111999512 0.02962700091302395
vt 0.7285990118980408 0.031481001526117325
vt 0.41578400135040283 0.31387001276016235
vt 0.41840100288391113 0.31344500184059143
vt 0.7215399742126465 0.019540999084711075
vt 0.7097370028495789 0.012222000397741795
vt 0.1766349971294403 0.9515529870986938
vt 0.17787699401378632 0.9515529870986938
vt 0.1777469962835312 0.9643880128860474
vt 0.17650499939918518 0.9643880128860474
vt 0.5918710231781006 0.6611779928207397
vt 0.5892519950866699 0.6616079807281494
vt 0.7995380163192749 0.7477750182151794
vt 0.5762010216712952 0.09463299810886383
vt 0.5788480043411255 0.09479299932718277
vt 0.57675701379776 0.10852999985218048
vt 0.5742340087890625 0.10792399942874908
vt 0.5853080153465271 0.6329420208930969
vt 0.5853080153465271 0.6474530100822449
vt 0.09149099886417389 0.7633090019226074
vt 0.0933540016412735 0.7633090019226074
vt 0.08969300240278244 0.7746959924697876
vt 0.08974900096654892 0.7864959836006165
vt 0.9239429831504822 0.6614779829978943
vt 0.9197049736976624 0.6747030019760132
vt 0.7827990055084229 0.5873720049858093
vt 0.7809000015258789 0.5856549739837646
vt 0.7927610278129578 0.5783720016479492
vt 0.7373260259628296 0.5116369724273682
vt 0.7397390007972717 0.5129809975624084
vt 0.7317759990692139 0.5236430168151855
vt 0.7296259999275208 0.5217000246047974
vt 0.7713490128517151 0.24688300490379333
vt 0.7651990056037903 0.2586260139942169
vt 0.08086699992418289 0.825003981590271
vt 0.0827300027012825 0.825003981590271
vt 0.08272100239992142 0.8386669754981995
vt 0.08085799962282181 0.8386669754981995
vt 0.11145699769258499 0.8115469813346863
vt 0.11333499848842621 0.825003981590271
vt 0.11146599799394608 0.825003981590271
vt 0.06051599979400635 0.7524549961090088
vt 0.06126200035214424 0.7497749924659729
vt 0.07461199909448624 0.7529129981994629
vt 0.07445099949836731 0.7555630207061768
vt 0.9834669828414917 0.8298789858818054
vt 0.9822260141372681 0.8298789858818054
vt 0.982043981552124 0.8178709745407104
vt 0.9832860231399536 0.8178709745407104
vt 0.9821169972419739 0.3428939878940582
vt 0.9833589792251587 0.3428939878940582
vt 0.9835399985313416 0.3549019992351532
vt 0.9822980165481567 0.3549019992351532
vt 0.41347500681877136 0.6333060264587402
vt 0.4118439853191376 0.6329489946365356
vt 0.41407400369644165 0.6190580129623413
vt 0.41556599736213684 0.6195690035820007
vt 0.955935001373291 0.6744340062141418
vt 0.9545029997825623 0.673812985420227
vt 0.6163439750671387 0.02045300044119358
vt 0.6172850131988525 0.0215659998357296
vt 0.6074789762496948 0.03056200034916401
vt 0.6063989996910095 0.02960200048983097
vt 0.1469389945268631 0.5542969703674316
vt 0.14755399525165558 0.5548520088195801
vt 0.9433680176734924 0.08212000131607056
vt 0.5800639986991882 0.8087360262870789
vt 0.5777249932289124 0.7943440079689026
vt 0.5757889747619629 0.6488540172576904
vt 0.5784350037574768 0.6490129828453064
vt 0.9191949963569641 0.040922001004219055
vt 0.8595259785652161 0.5501300096511841
vt 0.8590109944343567 0.5485320091247559
vt 0.8724679946899414 0.5450680255889893
vt 0.873121976852417 0.546513020992279
vt 0.958299994468689 0.10820599645376205
vt 0.21587899327278137 0.707755982875824
vt 0.21846699714660645 0.7067430019378662
vt 0.8778849840164185 0.013801000081002712
vt 0.8779399991035461 0.025601999834179878
vt 0.8760799765586853 0.025395000353455544
vt 0.5698869824409485 0.5003389716148376
vt 0.5704870223999023 0.5006020069122314
vt 0.435234010219574 0.5245829820632935
vt 0.43410900235176086 0.5255190134048462
vt 0.9559320211410522 0.4379209876060486
vt 0.9546899795532227 0.4379209876060486
vt 0.9546359777450562 0.42674100399017334
vt 0.9558780193328857 0.42674100399017334
vt 0.983601987361908 0.24490299820899963
vt 0.9823610186576843 0.24490299820899963
vt 0.9900509715080261 0.8048279881477356
vt 0.9890109896659851 0.8048279881477356
vt 0.009312000125646591 0.4790180027484894
vt 0.20049500465393066 0.7469409704208374
vt 0.20173700153827667 0.7469409704208374
vt 0.017659999430179596 0.7740749716758728
vt 0.019311999902129173 0.7746959924697876
vt 0.16660000383853912 0.6675090193748474
vt 0.16428999602794647 0.6537020206451416
vt 0.03885199874639511 0.05582800135016441
vt 0.033883001655340195 0.05230800062417984
vt 0.015685999765992165 0.7982969880104065
vt 0.9094899892807007 0.05458600074052811
vt 0.9078570008277893 0.05458600074052811
vt 0.907925009727478 0.040922001004219055
vt 0.9095579981803894 0.04071500152349472
vt 0.039218999445438385 0.7633090019226074
vt 0.041085999459028244 0.7639300227165222
vt 0.9610739946365356 0.7522429823875427
vt 0.9623159766197205 0.7522429823875427
vt 0.7646780014038086 0.6213489770889282
vt 0.7621939778327942 0.6207280158996582
vt 0.7686240077018738 0.6086710095405579
vt 0.8378350138664246 0.7307119965553284
vt 0.8378959894180298 0.7320989966392517
vt 0.8243880271911621 0.734516978263855
vt 0.8239480257034302 0.7329630255699158
vt 0.8152520060539246 0.7196509838104248
vt 0.8031600117683411 0.7146090269088745
vt 0.05817599967122078 0.42495399713516235
vt 0.057840000838041306 0.42409199476242065
vt 0.030098000541329384 0.7987110018730164
vt 0.12754400074481964 0.875311017036438
vt 0.12589199841022491 0.8759329915046692
vt 0.9745000004768372 0.3532460033893585
vt 0.9765700101852417 0.3532460033893585
vt 0.9766079783439636 0.3646329939365387
vt 0.9745370149612427 0.3646329939365387
vt 0.1266389936208725 0.4251610040664673
vt 0.13844099640846252 0.43248000741004944
vt 0.3704969882965088 0.6811850070953369
vt 0.37069499492645264 0.6676909923553467
vt 0.9454560279846191 0.8535670042037964
vt 0.9456629753112793 0.8672379851341248
vt 0.9324139952659607 0.8672950267791748
vt 0.9317929744720459 0.8536249995231628
vt 0.9639139771461487 0.09743999689817429
vt 0.9651560187339783 0.09743999689817429
vt 0.9651020169258118 0.10862000286579132
vt 0.9638599753379822 0.10862000286579132
vt 0.21522000432014465 0.46577098965644836
vt 0.21386699378490448 0.4651060104370117
vt 0.2200160026550293 0.45336198806762695
vt 0.22123000025749207 0.4541800022125244
vt 0.4325219988822937 0.583827018737793
vt 0.44246700406074524 0.574675977230072
vt 0.4434039890766144 0.5758020281791687
vt 0.9824910163879395 0.39340901374816895
vt 0.9837329983711243 0.39340901374816895
vt 0.9836699962615967 0.40624499320983887
vt 0.982429027557373 0.40624499320983887
vt 0.3562929928302765 0.30970299243927
vt 0.9132069945335388 0.5129650235176086
vt 0.9107949733734131 0.5116170048713684
vt 0.9168210029602051 0.5003200173377991
vt 0.9192169904708862 0.5013759732246399
vt 0.1541460007429123 0.825003981590271
vt 0.9434980154037476 0.026844000443816185
vt 0.9453610181808472 0.026844000443816185
vt 0.3533949851989746 0.6155210137367249
vt 0.35227400064468384 0.6164469718933105
vt 0.3424440026283264 0.6075630187988281
vt 0.3432590067386627 0.6063590049743652
vt 0.947048008441925 0.05458600074052811
vt 0.9471160173416138 0.040922001004219055
vt 0.44498398900032043 0.5780670046806335
vt 0.4543290138244629 0.5686540007591248
vt 0.4556170105934143 0.570933997631073
vt 0.7495899796485901 0.2729380130767822
vt 0.7511900067329407 0.27271100878715515
vt 0.7535290122032166 0.2871040105819702
vt 0.7519140243530273 0.28703901171684265
vt 0.024682000279426575 0.825003981590271
vt 0.02469100058078766 0.8115469813346863
vt 0.35401299595832825 0.8693079948425293
vt 0.3537580072879791 0.8806939721107483
vt 0.06086599826812744 0.8866980075836182
vt 0.05900299921631813 0.8866980075836182
vt 0.058931998908519745 0.8759329915046692
vt 0.06079600006341934 0.8759329915046692
vt 0.4019869863986969 0.8772299885749817
vt 0.40302199125289917 0.8772299885749817
vt 0.35607999563217163 0.7875319719314575
vt 0.3579370081424713 0.7877389788627625
vt 0.35806700587272644 0.8014029860496521
vt 0.3562160134315491 0.8014029860496521
vt 0.4577690064907074 0.8859819769859314
vt 0.44498398900032043 0.23031200468540192
vt 0.4543290138244629 0.22089900076389313
vt 0.4556170105934143 0.22317899763584137
vt 0.4063650071620941 0.8051159977912903
vt 0.4051229953765869 0.8051159977912903
vt 0.9362260103225708 0.09557700157165527
vt 0.9360269904136658 0.10820599645376205
vt 0.9356849789619446 0.8367109894752502
vt 0.933830976486206 0.8240820169448853
vt 0.9354860186576843 0.8240820169448853
vt 0.9378190040588379 0.8476830124855042
vt 0.9359400272369385 0.8483049869537354
vt 0.9375699758529663 0.8362969756126404
vt 0.9770910143852234 0.0351249985396862
vt 0.978331983089447 0.0351249985396862
vt 0.9783560037612915 0.04713200032711029
vt 0.9771149754524231 0.04713200032711029
vt 0.8159850239753723 0.5616639852523804
vt 0.7312650084495544 0.40904501080513
vt 0.596750020980835 0.11992199718952179
vt 0.9000830054283142 0.05458600074052811
vt 0.8980129957199097 0.05458600074052811
vt 0.8980810046195984 0.04071500152349472
vt 0.8886740207672119 0.08212000131607056
vt 0.8866050243377686 0.08212000131607056
vt 0.8865370154380798 0.06825000047683716
vt 0.026836000382900238 0.3341180086135864
vt 0.03201200067996979 0.3455039858818054
vt 0.04088800027966499 0.825003981590271
vt 0.04089700058102608 0.8115469813346863
vt 0.31329798698425293 0.8773390054702759
vt 0.3319309949874878 0.8772310018539429
vt 0.5218420028686523 0.010897999629378319
vt 0.7821670174598694 0.3506839871406555
vt 0.7841269969940186 0.3488219976425171
vt 0.7936490178108215 0.35742899775505066
vt 0.30515700578689575 0.002621999941766262
vt 0.3051530122756958 0.003647000063210726
vt 0.8343380093574524 0.8972700238227844
vt 0.8345770239830017 0.8946620225906372
vt 0.8472729921340942 0.8946009874343872
vt 0.8474119901657104 0.8973749876022339
vt 0.6990029811859131 0.7189480066299438
vt 0.6981480121612549 0.7164949774742126
vt 0.7097610235214233 0.7113649845123291
vt 0.7110469937324524 0.7136499881744385
vt 0.41225698590278625 0.07872799783945084
vt 0.051711998879909515 0.825003981590271
vt 0.9328820109367371 0.3260580003261566
vt 0.935929000377655 0.3024570047855377
vt 0.03026299923658371 0.8860769867897034
vt 0.028395000845193863 0.8866980075836182
vt 0.718658983707428 0.40323200821876526
vt 0.7203099727630615 0.40109699964523315
vt 0.41448700428009033 0.0648370012640953
vt 0.38167500495910645 0.6152039766311646
vt 0.4000929892063141 0.6152039766311646
vt 0.08871100097894669 0.5825949907302856
vt 0.08893900364637375 0.5841959714889526
vt 0.07438299804925919 0.5833190083503723
vt 0.07444799691438675 0.5817030072212219
vt 0.10245999693870544 0.5791159868240356
vt 0.10285600274801254 0.5811480283737183
vt 0.08874700218439102 0.580394983291626
vt 0.8849719762802124 0.08191300183534622
vt 0.8849040269851685 0.06825000047683716
vt 0.16814999282360077 0.7740749716758728
vt 0.16959500312805176 0.7746959924697876
vt 0.16965000331401825 0.7864959836006165
vt 0.16820700466632843 0.7860820293426514
vt 0.8744210004806519 0.8905010223388672
vt 0.5778350234031677 0.6632620096206665
vt 0.5736380219459534 0.6759330034255981
vt 0.4657149910926819 0.3880450129508972
vt 0.4793109893798828 0.384427011013031
vt 0.945347011089325 0.8483049869537354
vt 0.5762310028076172 0.08070699870586395
vt 0.5788620114326477 0.08057399839162827
vt 0.23601000010967255 0.8973100185394287
vt 0.25070899724960327 0.8973299860954285
vt 0.25070899724960327 0.9973220229148865
vt 0.23601000010967255 0.9973019957542419
vt 0.6177099943161011 0.3608030080795288
vt 0.6075729727745056 0.3516409993171692
vt 0.6086980104446411 0.35070499777793884
vt 0.9613100290298462 0.21943800151348114
vt 0.962552011013031 0.21943800151348114
vt 0.9626060128211975 0.23061800003051758
vt 0.9613630175590515 0.23061800003051758
vt 0.7471010088920593 0.8497999906539917
vt 0.7457519769668579 0.8491269946098328
vt 0.749809980392456 0.8366109728813171
vt 0.7512980103492737 0.8371300101280212
vt 0.22479300200939178 0.5450249910354614
vt 0.22251200675964355 0.5463129878044128
vt 0.2158759981393814 0.5338960289955139
vt 0.2184630036354065 0.5328860282897949
vt 0.04749400168657303 0.7471029758453369
vt 0.046824999153614044 0.7484660148620605
vt 0.3670180141925812 0.8693079948425293
vt 0.36682000756263733 0.8564720153808594
vt 0.3686769902706146 0.8566790223121643
vt 0.9317920207977295 0.7963399887084961
vt 0.9317920207977295 0.7826759815216064
vt 0.8380259871482849 0.7348729968070984
vt 0.8247910141944885 0.737185001373291
vt 0.03722799941897392 0.8639249801635742
vt 0.03557800129055977 0.8635110259056091
vt 0.814752995967865 0.7210279703140259
vt 0.802478015422821 0.7158880233764648
vt 0.1664229929447174 0.7633090019226074
vt 0.16808000206947327 0.7633090019226074
vt 0.1664939969778061 0.7740749716758728
vt 0.07899799942970276 0.825003981590271
vt 0.07898899912834167 0.8384600281715393
vt 0.512598991394043 0.37626001238822937
vt 0.9246529936790466 0.44658899307250977
vt 0.9201430082321167 0.4327450096607208
vt 0.35232898592948914 0.8684800267219543
vt 0.22276000678539276 0.7781609892845154
vt 0.24097800254821777 0.8780109882354736
vt 0.22276000678539276 0.8781189918518066
vt 0.26934099197387695 0.34137800335884094
vt 0.7397419810295105 0.6868450045585632
vt 0.7373300194740295 0.685496985912323
vt 0.7433559894561768 0.6741999983787537
vt 0.7457519769668579 0.6752550005912781
vt 0.8307570219039917 0.5634419918060303
vt 0.817520022392273 0.5667060017585754
vt 0.8304160237312317 0.5623220205307007
vt 0.5732160210609436 0.4327450096607208
vt 0.5716300010681152 0.43326500058174133
vt 0.9201430082321167 0.258868008852005
vt 0.9131990075111389 0.24617299437522888
vt 0.0264040008187294 0.7860820293426514
vt 0.3307949900627136 0.6003819704055786
vt 0.3170289993286133 0.5977039933204651
vt 0.3177730143070221 0.5950300097465515
vt 0.14877599477767944 0.875311017036438
vt 0.14870600402355194 0.8860769867897034
vt 0.14705400168895721 0.8866980075836182
vt 0.02269900031387806 0.2478020042181015
vt 0.694894015789032 0.39124101400375366
vt 0.7076089978218079 0.3963150084018707
vt 0.2950800061225891 0.8635439872741699
vt 0.2950800061225891 0.7635869979858398
vt 0.15016299486160278 0.7310850024223328
vt 0.14909200370311737 0.7301030158996582
vt 0.15705500543117523 0.7194420099258423
vt 0.15826499462127686 0.7202699780464172
vt 0.7611380219459534 0.8005319833755493
vt 0.7636569738388062 0.8009650111198425
vt 0.7627320289611816 0.8143579959869385
vt 0.2533639967441559 0.7447029948234558
vt 0.2537679970264435 0.7439460158348083
vt 0.26648300886154175 0.749019980430603
vt 0.26607999205589294 0.7497770190238953
vt 0.38167500495910645 0.7083669900894165
vt 0.4000929892063141 0.7083669900894165
vt 0.3993229866027832 0.7416989803314209
vt 0.3809039890766144 0.7416989803314209
vt 0.30577799677848816 0.4103190004825592
vt 0.016280999407172203 0.29583001136779785
vt 0.020214999094605446 0.28299498558044434
vt 0.022283999249339104 0.2836120128631592
vt 0.013817000202834606 0.7987110018730164
vt 0.16656999289989471 0.6814349889755249
vt 0.8448659777641296 0.5499789714813232
vt 0.8447350263595581 0.5473430156707764
vt 0.8585870265960693 0.5459110140800476
vt 0.45353201031684875 0.2196200042963028
vt 0.9530050158500671 0.040922001004219055
vt 0.9557639956474304 0.8470619916915894
vt 0.9545210003852844 0.8470619916915894
vt 0.9544540047645569 0.8367109894752502
vt 0.9556959867477417 0.8367109894752502
vt 0.8409969806671143 0.71977299451828
vt 0.8540890216827393 0.7185440063476562
vt 0.3898540139198303 0.925881028175354
vt 0.3886129856109619 0.925881028175354
vt 0.12594899535179138 0.7860820293426514
vt 0.12759900093078613 0.7864959836006165
vt 0.12763799726963043 0.7987110018730164
vt 0.12598800659179688 0.7982969880104065
vt 0.767212986946106 0.5012789964675903
vt 0.7698019742965698 0.5002650022506714
vt 0.7761309742927551 0.5124040246009827
vt 0.41609200835227966 0.6473919749259949
vt 0.41345998644828796 0.6475250124931335
vt 0.4161210060119629 0.6334660053253174
vt 0.13634899258613586 0.8759329915046692
vt 0.4567129909992218 0.7145249843597412
vt 0.45604801177978516 0.7158780097961426
vt 0.44424501061439514 0.708558976650238
vt 0.4450640082359314 0.7073450088500977
vt 0.9901760220527649 0.8174570202827454
vt 0.9891409873962402 0.8176640272140503
vt 0.45776399970054626 0.7121269702911377
vt 0.10434199869632721 0.8517100214958191
vt 0.1043040007352829 0.8639249801635742
vt 0.1024399995803833 0.8639249801635742
vt 0.06783600151538849 0.024980999529361725
vt 0.07052700221538544 0.030570000410079956
vt 0.004401000216603279 0.7740740180015564
vt 0.0027489999774843454 0.7746959924697876
vt 0.0028200000524520874 0.7639300227165222
vt 0.00447099981829524 0.7633090019226074
vt 0.5895559787750244 0.47351399064064026
vt 0.58958500623703 0.4595879912376404
vt 0.5468459725379944 0.22721900045871735
vt 0.5476639866828918 0.22600500285625458
vt 0.5578010082244873 0.235166996717453
vt 0.5566750168800354 0.23610399663448334
vt 0.9768750071525574 0.27844101190567017
vt 0.9209840297698975 0.647229015827179
vt 0.9220920205116272 0.6473510265350342
vt 0.9613630175590515 0.35345301032066345
vt 0.9626049995422363 0.35345301032066345
vt 0.962643027305603 0.36504700779914856
vt 0.9614009857177734 0.36504700779914856
vt 0.1775519996881485 0.3341130018234253
vt 0.18086400628089905 0.3221060037612915
vt 0.896369993686676 0.5337600111961365
vt 0.905243992805481 0.523626983165741
vt 0.9063140153884888 0.5246109962463379
vt 0.512598991394043 0.5501369833946228
vt 0.5120790004730225 0.5485510230064392
vt 0.6075729727745056 0.6993880271911621
vt 0.6087020039558411 0.6984410285949707
vt 0.6177089810371399 0.708549976348877
vt 0.13641999661922455 0.8866980075836182
vt 0.6859599947929382 0.16818900406360626
vt 0.6855360269546509 0.16556799411773682
vt 0.6985610127449036 0.16227200627326965
vt 0.6994159817695618 0.16472500562667847
vt 0.9329500198364258 0.6224700212478638
vt 0.9313169717788696 0.6224700212478638
vt 0.9313169717788696 0.6088060140609741
vt 0.3618659973144531 0.6265259981155396
vt 0.36059099435806274 0.6273130178451538
vt 0.11486200243234634 0.7740749716758728
vt 0.11491899937391281 0.7860820293426514
vt 0.6720370054244995 0.17124900221824646
vt 0.6718149781227112 0.16963599622249603
vt 0.6864749789237976 0.16978700459003448
vt 0.27249300479888916 0.9929500222206116
vt 0.2704229950904846 0.9929500222206116
vt 0.2701910138130188 0.9819779992103577
vt 0.27226001024246216 0.9819779992103577
vt 0.8446469902992249 0.17887000739574432
vt 0.8447089791297913 0.19294799864292145
vt 0.8436779975891113 0.19232699275016785
vt 0.4471279978752136 0.15098899602890015
vt 0.4454770088195801 0.15312400460243225
vt 0.03885199874639511 0.15064699947834015
vt 0.033883001655340195 0.15416599810123444
vt 0.026016000658273697 0.14215900003910065
vt 0.03139900043606758 0.1394670009613037
vt 0.06886500120162964 0.23330500721931458
vt 0.07072599977254868 0.23743900656700134
vt 0.058924999088048935 0.24427099525928497
vt 0.6290810108184814 0.3970569968223572
vt 0.62779301404953 0.39477598667144775
vt 0.6398379802703857 0.389477014541626
vt 0.6406949758529663 0.39192599058151245
vt 0.8982120156288147 0.026844000443816185
vt 0.8965790271759033 0.027257999405264854
vt 0.8967769742012024 0.0146289998665452
vt 0.8984100222587585 0.014214999973773956
vt 0.9437090158462524 0.8476830124855042
vt 0.14369499683380127 0.7987110018730164
vt 0.13598699867725372 0.43612200021743774
vt 0.6406999826431274 0.5657879710197449
vt 0.6398419737815857 0.5633440017700195
vt 0.6572949886322021 0.546459972858429
vt 0.6439440250396729 0.5433229804039001
vt 0.2003059983253479 0.8685340285301208
vt 0.20154699683189392 0.8685340285301208
vt 0.20178599655628204 0.8795070052146912
vt 0.20054399967193604 0.8795070052146912
vt 0.7328510284423828 0.5246149897575378
vt 0.7229059934616089 0.5337650179862976
vt 0.7219700217247009 0.5326399803161621
vt 0.903095006942749 0.5216789841651917
vt 0.6821799874305725 0.0034990001004189253
vt 0.6676250100135803 0.0026209999341517687
vt 0.10417699813842773 0.7633090019226074
vt 0.10582800209522247 0.7639300227165222
vt 0.10589899867773056 0.7746959924697876
vt 0.8853049874305725 0.5410609841346741
vt 0.9555820226669312 0.8015159964561462
vt 0.9543399810791016 0.8015159964561462
vt 0.9543319940567017 0.7888870239257812
vt 0.9555739760398865 0.7888870239257812
vt 0.13812200725078583 0.7987110018730164
vt 0.9483649730682373 0.6624270081520081
vt 0.948166012763977 0.6497979760169983
vt 0.6269959807395935 0.2196200042963028
vt 0.639178991317749 0.21416699886322021
vt 0.9471909999847412 0.4379209876060486
vt 0.9455350041389465 0.4379209876060486
vt 0.9453369975090027 0.4252919852733612
vt 0.9469919800758362 0.4252919852733612
vt 0.046337999403476715 0.8115469813346863
vt 0.046362001448869705 0.7987110018730164
vt 0.6851180195808411 0.3720569908618927
vt 0.6855430006980896 0.374673992395401
vt 0.6713979840278625 0.37612101435661316
vt 0.6712650060653687 0.37348899245262146
vt 0.22123299539089203 0.5471109747886658
vt 0.16306599974632263 0.7078520059585571
vt 0.16441500186920166 0.7085270285606384
vt 0.7968090176582336 0.8859320282936096
vt 0.8970270156860352 0.0032430000137537718
vt 0.8986650109291077 0.0026209999341517687
vt 0.6956409811973572 0.7363049983978271
vt 0.6948980093002319 0.7389770150184631
vt 0.2084749937057495 0.3314409852027893
vt 0.7317759990692139 0.34976598620414734
vt 0.7328510284423828 0.3507370054721832
vt 0.7229059934616089 0.3598879873752594
vt 0.18707700073719025 0.309689998626709
vt 0.18210600316524506 0.30968400835990906
vt 0.18086400628089905 0.2972629964351654
vt 0.1856279969215393 0.296440988779068
vt 0.03551499918103218 0.8115469813346863
vt 0.7076129913330078 0.7440509796142578
vt 0.7086629867553711 0.741657018661499
vt 0.3558869957923889 0.7746959924697876
vt 0.3542119860649109 0.7877389788627625
vt 0.16824500262737274 0.8517100214958191
vt 0.16658900678157806 0.8517100214958191
vt 0.11683899909257889 0.8384600281715393
vt 0.7835180163383484 0.5882239937782288
vt 0.7753829956054688 0.5981979966163635
vt 0.7744690179824829 0.5977110266685486
vt 0.0464089997112751 0.42994600534439087
vt 0.010405000299215317 0.6396329998970032
vt 0.00904799997806549 0.6389780044555664
vt 0.9317139983177185 0.6624270081520081
vt 0.9315159916877747 0.6497979760169983
vt 0.739736020565033 0.24617299437522888
vt 0.9592199921607971 0.5688499808311462
vt 0.9594699740409851 0.5574629902839661
vt 0.8827890157699585 0.2186869978904724
vt 0.8694589734077454 0.2130569964647293
vt 0.7744929790496826 0.6882920265197754
vt 0.773360013961792 0.6890959739685059
vt 0.7665529847145081 0.6767839789390564
vt 0.7680500149726868 0.6761749982833862
vt 0.8084329962730408 0.892412006855011
vt 0.9341390132904053 0.0026209999341517687
vt 0.935778021812439 0.0032430000137537718
vt 0.9360269904136658 0.0146289998665452
vt 0.9343940019607544 0.014214999973773956
vt 0.49793699383735657 0.8977360129356384
vt 0.49780601263046265 0.8950999975204468
vt 0.5116580128669739 0.8936690092086792
vt 0.7893949747085571 0.22691799700260162
vt 0.7794510126113892 0.236067995429039
vt 0.4836049973964691 0.8984689712524414
vt 0.4981609880924225 0.8993470072746277
vt 0.20744000375270844 0.33164799213409424
vt 0.20744000375270844 0.2877579927444458
vt 0.2084749937057495 0.28796499967575073
vt 0.7471020221710205 0.5020549893379211
vt 0.7409530282020569 0.5137990117073059
vt 0.26085299253463745 0.21943800151348114
vt 0.26023200154304504 0.21840299665927887
vt 0.30577799677848816 0.20908699929714203
vt 0.30702099204063416 0.2101220041513443
vt 0.20216000080108643 0.9171860218048096
vt 0.20091800391674042 0.9171860218048096
vt 0.6570690274238586 0.7245910167694092
vt 0.671625018119812 0.7254689931869507
vt 0.18418000638484955 0.2829889953136444
vt 0.18210899829864502 0.28360599279403687
vt 0.8609200119972229 0.8949580192565918
vt 0.8605080246925354 0.8922889828681946
vt 0.8734639883041382 0.888043999671936
vt 0.06086599826812744 0.7633090019226074
vt 0.06273400038480759 0.7639300227165222
vt 0.7512980103492737 0.6632599830627441
vt 0.7498109936714172 0.6627389788627625
vt 0.14887000620365143 0.7987110018730164
vt 0.14889399707317352 0.8115469813346863
vt 0.14724400639533997 0.8113399744033813
vt 0.9487469792366028 0.4112139940261841
vt 0.9323040246963501 0.24738700687885284
vt 0.9339359998703003 0.2471799999475479
vt 0.5469260215759277 0.7042520046234131
vt 0.5362930297851562 0.7113850116729736
vt 0.05183999985456467 0.875311017036438
vt 0.04997200146317482 0.8759329915046692
vt 0.05178400129079819 0.8635110259056091
vt 0.35360199213027954 0.2927260100841522
vt 0.34470000863075256 0.2780269980430603
vt 0.5991020202636719 0.6883829832077026
vt 0.600383996963501 0.6875749826431274
vt 0.3651979863643646 0.8558509945869446
vt 0.3650679886341095 0.8423939943313599
vt 0.366688996553421 0.8428080081939697
vt 0.016414999961853027 0.7209799885749817
vt 0.017697999253869057 0.7201719880104065
vt 0.36854100227355957 0.8428080081939697
vt 0.3666209876537323 0.8289369940757751
vt 0.36847299337387085 0.8289369940757751
vt 0.30819401144981384 0.7566050291061401
vt 0.3076780140399933 0.7550089955329895
vt 0.7696849703788757 0.8561050295829773
vt 0.7687159776687622 0.8568019866943359
vt 0.3810409903526306 0.7875189781188965
vt 0.39987999200820923 0.7875189781188965
vt 0.016411999240517616 0.4541800022125244
vt 0.15731799602508545 0.7860820293426514
vt 0.7229049801826477 0.8815079927444458
vt 0.7219719886779785 0.880374014377594
vt 0.060155000537633896 0.7540959715843201
vt 0.07438299804925919 0.7571880221366882
vt 0.8849719762802124 0.040922001004219055
vt 0.09507600218057632 0.7746959924697876
vt 0.09513100236654282 0.7864959836006165
vt 0.2796800136566162 0.7520189881324768
vt 0.27943000197410583 0.7529150247573853
vt 0.3496679961681366 0.2943829894065857
vt 0.34159401059150696 0.2805120050907135
vt 0.9713860154151917 0.556842029094696
vt 0.9724230170249939 0.556842029094696
vt 0.9724879860877991 0.5669869780540466
vt 0.971451997756958 0.5669869780540466
vt 0.9679830074310303 0.3422729969024658
vt 0.9690179824829102 0.3422729969024658
vt 0.9690719842910767 0.35345301032066345
vt 0.9680370092391968 0.35345301032066345
vt 0.26706400513648987 0.3434480130672455
vt 0.6181219816207886 0.15432900190353394
vt 0.6189450025558472 0.15310299396514893
vt 0.4025369882583618 0.9515529870986938
vt 0.4035719931125641 0.9515529870986938
vt 0.40344199538230896 0.9643880128860474
vt 0.4024069905281067 0.9643880128860474
vt 0.8285149931907654 0.7189819812774658
vt 0.8283929824829102 0.7200899720191956
vt 0.9902030229568481 0.3549019992351532
vt 0.9891679883003235 0.35469499230384827
vt 0.9893550276756287 0.3426870107650757
vt 0.9903900027275085 0.3428950011730194
vt 0.27815499901771545 0.9059979915618896
vt 0.27939701080322266 0.9059979915618896
vt 0.27952200174331665 0.9186270236968994
vt 0.27827998995780945 0.9186270236968994
vt 0.9048470258712769 0.697281002998352
vt 0.8943129777908325 0.7069140076637268
vt 0.8935089707374573 0.7057809829711914
vt 0.5627130270004272 0.5960130095481873
vt 0.5690420269966125 0.6081529855728149
vt 0.27926701307296753 0.5817040205001831
vt 0.2794260084629059 0.579056978225708
vt 0.26499199867248535 0.0881199985742569
vt 0.2604359984397888 0.08625300228595734
vt 0.9914640188217163 0.25753098726272583
vt 0.989395022392273 0.25753098726272583
vt 0.9889320135116577 0.8536249995231628
vt 0.9883109927177429 0.8672950267791748
vt 0.9750609993934631 0.8672379851341248
vt 0.9752680063247681 0.8535670042037964
vt 0.2741059958934784 0.07467299699783325
vt 0.2885969877243042 0.06432200223207474
vt 0.9562169909477234 0.026844000443816185
vt 0.021668000146746635 0.24718999862670898
vt 0.5593870282173157 0.5246149897575378
vt 0.6817060112953186 0.5593249797821045
vt 0.6817669868469238 0.5577200055122375
vt 0.8163059949874878 0.3737429976463318
vt 0.8166679739952087 0.3721010088920593
vt 0.8306030035018921 0.3752090036869049
vt 0.8305339813232422 0.37683600187301636
vt 0.06783100217580795 0.38815900683403015
vt 0.05520299822092056 0.38091298937797546
vt 0.056442998349666595 0.3790459930896759
vt 0.06886500120162964 0.3860839903354645
vt 0.049851998686790466 0.8386669754981995
vt 0.364641010761261 0.6407380104064941
vt 0.3639340102672577 0.6412090063095093
vt 0.5735080242156982 0.6211190223693848
vt 0.9103530049324036 0.5936939716339111
vt 0.911486029624939 0.5928900241851807
vt 0.9488769769668579 0.2337229996919632
vt 0.9469919800758362 0.23330900073051453
vt 0.9471909999847412 0.22068099677562714
vt 0.9490759968757629 0.2210949957370758
vt 0.6168709993362427 0.7496610283851624
vt 0.61593097448349 0.7485439777374268
vt 0.9564149975776672 0.014214999973773956
vt 0.11221200227737427 0.5977020263671875
vt 0.11295399814844131 0.5950300097465515
vt 0.07003399729728699 0.8866980075836182
vt 0.06817500293254852 0.8860769867897034
vt 0.06810399889945984 0.875311017036438
vt 0.0699630007147789 0.8759329915046692
vt 0.29340100288391113 0.7538220286369324
vt 0.2935110032558441 0.7530789971351624
vt 0.3069179952144623 0.7515230178833008
vt 0.30725300312042236 0.7523900270462036
vt 0.16037200391292572 0.37159401178359985
vt 0.1589210033416748 0.36993399262428284
vt 0.49410900473594666 0.38719698786735535
vt 0.48025599122047424 0.3886300027370453
vt 0.49406400322914124 0.38631999492645264
vt 0.9356849789619446 0.7423059940338135
vt 0.9359400272369385 0.7307119965553284
vt 0.3517580032348633 0.5542969703674316
vt 0.3539080023765564 0.5562400221824646
vt 0.7397390007972717 0.33910301327705383
vt 0.7373260259628296 0.33775898814201355
vt 0.3618670105934143 0.45264700055122375
vt 0.3688119947910309 0.4653419852256775
vt 0.3672249913215637 0.4658620059490204
vt 0.201992005109787 0.6982229948043823
vt 0.20095700025558472 0.6982229948043823
vt 0.2008890062570572 0.687870979309082
vt 0.20192399621009827 0.687870979309082
vt 0.004304999951273203 0.7982969880104065
vt 0.0026539999525994062 0.7987110018730164
vt 0.0026940000243484974 0.7864959836006165
vt 0.004344000015407801 0.7860820293426514
vt 0.24992799758911133 0.601239025592804
vt 0.9558179974555969 0.3774679899215698
vt 0.9545760154724121 0.3774679899215698
vt 0.9545980095863342 0.36504700779914856
vt 0.955839991569519 0.36504700779914856
vt 0.9192169904708862 0.3274979889392853
vt 0.9168210029602051 0.32644200325012207
vt 0.9207550287246704 0.3143709897994995
vt 0.8023200035095215 0.08563999831676483
vt 0.8023200035095215 0.08791700005531311
vt 0.7838950157165527 0.08791700005531311
vt 0.7838950157165527 0.08563999831676483
vt 0.7716519832611084 0.7766609787940979
vt 0.7666429877281189 0.7880280017852783
vt 0.1902790069580078 0.9387170076370239
vt 0.19152100384235382 0.9387170076370239
vt 0.32875800132751465 0.2666409909725189
vt 0.32689499855041504 0.26995301246643066
vt 0.30702000856399536 0.2658129930496216
vt 0.30702000856399536 0.26208600401878357
vt 0.895438015460968 0.3587450087070465
vt 0.896369993686676 0.3598819971084595
vt 0.08265800029039383 0.8639249801635742
vt 0.08430899679660797 0.8635110259056091
vt 0.05887499824166298 0.8639249801635742
vt 0.057225000113248825 0.8635110259056091
vt 0.5736380219459534 0.32817700505256653
vt 0.43574801087379456 0.238986998796463
vt 0.5954869985580444 0.4342249929904938
vt 0.6015120148658752 0.42292699217796326
vt 0.9310430288314819 0.05458600074052811
vt 0.9211580157279968 0.8013730049133301
vt 0.9175419807434082 0.7880150079727173
vt 0.9200029969215393 0.7870619893074036
vt 0.18461699783802032 0.9643880128860474
vt 0.18337500095367432 0.9643880128860474
vt 0.1832450032234192 0.9515529870986938
vt 0.1844860017299652 0.9515529870986938
vt 0.026836000382900238 0.28526198863983154
vt 0.7208080291748047 0.15001000463962555
vt 0.7300440073013306 0.14133599400520325
vt 0.7321919798851013 0.14328399300575256
vt 0.02352299913764 0.32211101055145264
vt 0.8905590176582336 0.08191300183534622
vt 0.06069900095462799 0.8517100214958191
vt 0.060674998909235 0.8386669754981995
vt 0.1708430051803589 0.4935790002346039
vt 0.1692270040512085 0.4935140013694763
vt 0.44498398900032043 0.4041900038719177
vt 0.924905002117157 0.0146289998665452
vt 0.9230200052261353 0.014214999973773956
vt 0.9232749938964844 0.0026209999341517687
vt 0.9251539707183838 0.0032430000137537718
vt 0.9447630047798157 0.8102110028266907
vt 0.9431300163269043 0.8100039958953857
vt 0.9430620074272156 0.7963399887084961
vt 0.944694995880127 0.7963399887084961
vt 0.41840100288391113 0.6611999869346619
vt 0.14694300293922424 0.7281559705734253
vt 0.15464399755001068 0.718093991279602
vt 0.2090590000152588 0.6801049709320068
vt 0.21138399839401245 0.6942049860954285
vt 0.4220220148563385 0.4342249929904938
vt 0.8780040144920349 0.07797999680042267
vt 0.8796520233154297 0.07777299731969833
vt 0.9378150105476379 0.30204299092292786
vt 0.9483649730682373 0.5688499808311462
vt 0.9486140012741089 0.5574629902839661
vt 0.9571369886398315 0.5810649991035461
vt 0.20181000232696533 0.652675986289978
vt 0.20077499747276306 0.652675986289978
vt 0.20076699554920197 0.6400480270385742
vt 0.20180299878120422 0.6400480270385742
vt 0.7101749777793884 0.1571429967880249
vt 0.9680960178375244 0.25463300943374634
vt 0.9693390130996704 0.25463300943374634
vt 0.6817669868469238 0.7315899729728699
vt 0.6672120094299316 0.7307119965553284
vt 0.3521510064601898 0.10322900116443634
vt 0.3573249876499176 0.10322500020265579
vt 0.35401299595832825 0.12020000070333481
vt 0.34946000576019287 0.11834199726581573
vt 0.5255360007286072 0.7189639806747437
vt 0.5246790051460266 0.7165160179138184
vt 0.1647530049085617 0.825003981590271
vt 0.8761199712753296 0.09122999757528305
vt 0.22919699549674988 0.6173819899559021
vt 0.23134799301624298 0.6193230152130127
vt 0.22364799678325653 0.6293860077857971
vt 0.971572995185852 0.023945000022649765
vt 0.9705359935760498 0.023945000022649765
vt 0.9705899953842163 0.012765999883413315
vt 0.9716269969940186 0.012765999883413315
vt 0.5720419883728027 0.052921999245882034
vt 0.5736290216445923 0.05240200087428093
vt 0.5781390070915222 0.06624600291252136
vt 0.5765380263328552 0.06647299975156784
vt 0.935929000377655 0.3561440110206604
vt 0.9378150105476379 0.3565579950809479
vt 0.9680370092391968 0.30390599370002747
vt 0.9692789912223816 0.30390599370002747
vt 0.9692249894142151 0.3150849938392639
vt 0.9679830074310303 0.3150849938392639
vt 0.18418599665164948 0.07653100043535233
vt 0.20116199553012848 0.08357000350952148
vt 0.20116199553012848 0.08357000350952148
vt 0.22752200067043304 0.2478010058403015
vt 0.2264859974384308 0.2471799999475479
vt 0.10923700034618378 0.2233700007200241
vt 0.10882099717855453 0.22585000097751617
vt 0.9001510143280029 0.08212000131607056
vt 0.8980129957199097 0.06825000047683716
vt 0.9000830054283142 0.06825000047683716
vt 0.9372410178184509 0.8100039958953857
vt 0.9371730089187622 0.7963399887084961
vt 0.37203601002693176 0.8287299871444702
vt 0.3703460097312927 0.8289369940757751
vt 0.696054995059967 0.008209999650716782
vt 0.6964070200920105 0.006591999903321266
vt 0.7799980044364929 0.5847049951553345
vt 0.751899003982544 0.47513601183891296
vt 0.7535290122032166 0.47549301385879517
vt 0.7512999773025513 0.4893839955329895
vt 0.9036070108413696 0.23609299957752228
vt 0.9047279953956604 0.235167995095253
vt 0.24097800254821777 0.7633090019226074
vt 0.2223459929227829 0.7644739747047424
vt 0.2211039960384369 0.7634230256080627
vt 0.9610739946365356 0.825531005859375
vt 0.9623159766197205 0.825531005859375
vt 0.4798339903354645 0.7337570190429688
vt 0.479310005903244 0.7321810126304626
vt 0.1471250057220459 0.7740749716758728
vt 0.14877599477767944 0.7746959924697876
vt 0.14883199334144592 0.7864959836006165
vt 0.5631250143051147 0.04179299995303154
vt 0.5654060244560242 0.040504999458789825
vt 0.5694550275802612 0.05393199995160103
vt 0.030098000541329384 0.8512960076332092
vt 0.466374009847641 0.563355028629303
vt 0.4657149910926819 0.5619230270385742
vt 0.4793109893798828 0.5583040118217468
vt 0.003656999906525016 0.12290500104427338
vt 0.0026209999341517687 0.12290500104427338
vt 0.14539800584316254 0.8866980075836182
vt 0.1661199927330017 0.5074489712715149
vt 0.16715100407600403 0.5075430274009705
vt 0.14365600049495697 0.8635110259056091
vt 0.14360100030899048 0.875311017036438
vt 0.056492000818252563 0.5945180058479309
vt 0.05715499818325043 0.5959410071372986
vt 0.04510999843478203 0.601239025592804
vt 0.04430900141596794 0.5999699831008911
vt 0.006874000187963247 0.679967999458313
vt 0.004850999917834997 0.651648998260498
vt 0.0026209999341517687 0.665539026260376
vt 0.3694170117378235 0.5208640098571777
vt 0.3719399869441986 0.5214700102806091
vt 0.36788100004196167 0.5339869856834412
vt 0.36548298597335815 0.5329359769821167
vt 0.4244210124015808 0.24688799679279327
vt 0.4256350100040436 0.24770599603652954
vt 0.9324340224266052 0.42487800121307373
vt 0.6860629916191101 0.37626001238822937
vt 0.671625018119812 0.37772199511528015
vt 0.28404000401496887 0.355663001537323
vt 0.2852819859981537 0.3527649939060211
vt 0.30702000856399536 0.3573189973831177
vt 0.30702099204063416 0.3604249954223633
vt 0.007344000041484833 0.49230900406837463
vt 0.5593860149383545 0.8723660111427307
vt 0.3813230097293854 0.9002100229263306
vt 0.3825649917125702 0.9002100229263306
vt 0.822064995765686 0.8927670121192932
vt 0.8214460015296936 0.8952080011367798
vt 0.4280480146408081 0.24905000627040863
vt 0.3882389962673187 0.8882020115852356
vt 0.38947999477386475 0.8882020115852356
vt 0.6295120120048523 0.5419999957084656
vt 0.9453369975090027 0.23330900073051453
vt 0.9437040090560913 0.2337229996919632
vt 0.9378150105476379 0.42487800121307373
vt 0.9376839995384216 0.4112139940261841
vt 0.9474459886550903 0.20908699929714203
vt 0.9253810048103333 0.28702598810195923
vt 0.9269930124282837 0.28710299730300903
vt 0.8888049721717834 0.09599100053310394
vt 0.8867350220680237 0.09599100053310394
vt 0.9134359955787659 0.09557700157165527
vt 0.9115509986877441 0.09599100053310394
vt 0.9863870143890381 0.5798220038414001
vt 0.9851449728012085 0.5798220038414001
vt 0.9437040090560913 0.42487800121307373
vt 0.943572998046875 0.4112139940261841
vt 0.36824700236320496 0.6540369987487793
vt 0.3691070079803467 0.6537039875984192
vt 0.9639509916305542 0.08584699779748917
vt 0.965192973613739 0.08584699779748917
vt 0.9435049891471863 0.39754998683929443
vt 0.9435049891471863 0.3838860094547272
vt 0.9451379776000977 0.3838860094547272
vt 0.86176598072052 0.09102299809455872
vt 0.8601189851760864 0.09060899913311005
vt 0.8600950241088867 0.07777299731969833
vt 0.8617420196533203 0.07797999680042267
vt 0.8636670112609863 0.1036510020494461
vt 0.8618059754371643 0.10344400256872177
vt 0.8636260032653809 0.09122999757528305
vt 0.9556040167808533 0.7638369798660278
vt 0.9543619751930237 0.7638369798660278
vt 0.9544000029563904 0.7522429823875427
vt 0.9556419849395752 0.7522429823875427
vt 0.9036070108413696 0.4099699854850769
vt 0.9016510248184204 0.41182398796081543
vt 0.8921279907226562 0.40321698784828186
vt 0.8937780261039734 0.4010860025882721
vt 0.2653310000896454 0.5785959959030151
vt 0.266075998544693 0.5759199857711792
vt 0.18273499608039856 0.24718500673770905
vt 0.14899000525474548 0.21841000020503998
vt 0.8945909738540649 0.3998839855194092
vt 0.8821290135383606 0.39390501379966736
vt 0.8827890157699585 0.3925650119781494
vt 0.13816100358963013 0.7864959836006165
vt 0.1365640014410019 0.23123599588871002
vt 0.16968899965286255 0.8512960076332092
vt 0.16965000331401825 0.8635110259056091
vt 0.16820700466632843 0.8639249801635742
vt 0.9614009857177734 0.2422109991312027
vt 0.962643027305603 0.2422109991312027
vt 0.9626650214195251 0.25463300943374634
vt 0.9614229798316956 0.25463300943374634
vt 0.5451949834823608 0.5771099925041199
vt 0.5547170042991638 0.5857170224189758
vt 0.5917350053787231 0.7802519798278809
vt 0.5120660066604614 0.16559100151062012
vt 0.10061000287532806 0.7987110018730164
vt 0.10063400119543076 0.8115469813346863
vt 0.9614009857177734 0.29231199622154236
vt 0.962643027305603 0.29231199622154236
vt 0.9626060128211975 0.30390599370002747
vt 0.9613630175590515 0.30390599370002747
vt 0.4025990068912506 0.925881028175354
vt 0.4036340117454529 0.925881028175354
vt 0.4036340117454529 0.9387170076370239
vt 0.4025990068912506 0.9387170076370239
vt 0.878013014793396 0.06452299654483795
vt 0.8963810205459595 0.06825000047683716
vt 0.8963810205459595 0.05458600074052811
vt 0.9901760220527649 0.7536919713020325
vt 0.9891409873962402 0.7534850239753723
vt 0.0934239998459816 0.8759329915046692
vt 0.09507600218057632 0.875311017036438
vt 0.09500599652528763 0.8860769867897034
vt 0.0933540016412735 0.8866980075836182
vt 0.9883109927177429 0.967287003993988
vt 0.9750609993934631 0.9672300219535828
vt 0.747514009475708 0.12170899659395218
vt 0.7517110109329224 0.10903900116682053
vt 0.9451379776000977 0.27471500635147095
vt 0.2509160041809082 0.8836590051651001
vt 0.23601000010967255 0.8836389780044556
vt 0.48367100954055786 0.549107015132904
vt 0.4836060106754303 0.5507220029830933
vt 0.02332499995827675 0.09060899913311005
vt 0.01732099987566471 0.08957300335168839
vt 0.20744000375270844 0.0835689976811409
vt 0.20744000375270844 0.10323599725961685
vt 0.08066800236701965 0.7633090019226074
vt 0.08073800057172775 0.7740749716758728
vt 0.872622013092041 0.06452299654483795
vt 0.8726130127906799 0.07777299731969833
vt 0.9764519929885864 0.7634230256080627
vt 0.9743819832801819 0.7634230256080627
vt 0.9744200110435486 0.7520359754562378
vt 0.9764900207519531 0.7520359754562378
vt 0.07339199632406235 0.8512960076332092
vt 0.07149899750947952 0.8386669754981995
vt 0.07336799800395966 0.8384600281715393
vt 0.2117210030555725 0.6660439968109131
vt 0.2126149982213974 0.6662880182266235
vt 0.9322770237922668 0.0026209999341517687
vt 0.01571900025010109 0.825003981590271
vt 0.12601199746131897 0.8113399744033813
vt 0.12766200304031372 0.8115469813346863
vt 0.1276710033416748 0.825003981590271
vt 0.12602099776268005 0.825003981590271
vt 0.9455350041389465 0.3435159921646118
vt 0.9439020156860352 0.3439300060272217
vt 0.944150984287262 0.3325429856777191
vt 0.9457899928092957 0.3319219946861267
vt 0.08969300240278244 0.875311017036438
vt 0.09156099706888199 0.8759329915046692
vt 0.09149099886417389 0.8866980075836182
vt 0.08962299674749374 0.8860769867897034
vt 0.20116199553012848 0.12518200278282166
vt 0.1024089977145195 0.20198999345302582
vt 0.9652230143547058 0.06079600006341934
vt 0.9639809727668762 0.06079600006341934
vt 0.01384000014513731 0.8384600281715393
vt 0.013817000202834606 0.8512960076332092
vt 0.30389899015426636 0.4164389967918396
vt 0.3297410011291504 0.4289120137691498
vt 0.6026660203933716 0.6862840056419373
vt 0.6106619834899902 0.6965799927711487
vt 0.6295120120048523 0.36812201142311096
vt 0.9821169972419739 0.43108901381492615
vt 0.9833589792251587 0.43108901381492615
vt 0.9831200242042542 0.44206100702285767
vt 0.9818789958953857 0.44206100702285767
vt 0.12766200304031372 0.8384600281715393
vt 0.31812599301338196 0.5934100151062012
vt 0.30383801460266113 0.5919219851493835
vt 0.30389899015426636 0.5903170108795166
vt 0.9380130171775818 0.2210949957370758
vt 0.9382619857788086 0.20970800518989563
vt 0.14591099321842194 0.4439750015735626
vt 0.14745299518108368 0.442577987909317
vt 0.9318609833717346 0.8100039958953857
vt 0.5116530060768127 0.7198119759559631
vt 0.07008799910545349 0.5909010171890259
vt 0.07061100006103516 0.592477023601532
vt 0.971572995185852 0.09681899845600128
vt 0.9705359935760498 0.09681899845600128
vt 0.9704970121383667 0.08522599935531616
vt 0.9715350270271301 0.08522599935531616
vt 0.15918700397014618 0.7864959836006165
vt 0.6532949805259705 0.386013001203537
vt 0.65277498960495 0.384427011013031
vt 0.6672120094299316 0.38296499848365784
vt 0.6674399971961975 0.3845660090446472
vt 0.7097569704055786 0.5375080108642578
vt 0.7110450267791748 0.539788007736206
vt 0.9313849806785583 0.5951430201530457
vt 0.4567129909992218 0.3667699992656708
vt 0.45604801177978516 0.36812201142311096
vt 0.5800639986991882 0.8232470154762268
vt 0.0887020006775856 0.5795180201530457
vt 0.10226300358772278 0.5781000256538391
vt 0.4937480092048645 0.556842029094696
vt 0.7281860113143921 0.5857040286064148
vt 0.1346929967403412 0.7740740180015564
vt 0.13304099440574646 0.7746959924697876
vt 0.13311199843883514 0.7639300227165222
vt 0.13476400077342987 0.7633090019226074
vt 0.9347230195999146 0.04071500152349472
vt 0.9363560080528259 0.040922001004219055
vt 0.8920850157737732 0.7036139965057373
vt 0.1734199970960617 0.1394670009613037
vt 0.1788029968738556 0.14215900003910065
vt 0.1709360033273697 0.15416599810123444
vt 0.16596700251102448 0.15064699947834015
vt 0.2883880138397217 0.3488309979438782
vt 0.2871460020542145 0.3494519889354706
vt 0.030074000358581543 0.8384600281715393
vt 0.028203999623656273 0.8386669754981995
vt 0.11546099931001663 0.7490919828414917
vt 0.009471000172197819 0.5344160199165344
vt 0.011056999675929546 0.5338960289955139
vt 0.9768990278244019 0.2415899932384491
vt 0.10595399886369705 0.8635110259056091
vt 0.6432030200958252 0.7198579907417297
vt 0.6439489722251892 0.7171779870986938
vt 0.5345579981803894 0.015971999615430832
vt 0.5356090068817139 0.01357400044798851
vt 0.5472580194473267 0.020754000172019005
vt 0.5456069707870483 0.022888999432325363
vt 0.35390999913215637 0.7301030158996582
vt 0.35176101326942444 0.7281579971313477
vt 0.3809039890766144 0.7469419836997986
vt 0.399742990732193 0.7469419836997986
vt 0.9715110063552856 0.04775400087237358
vt 0.9704750180244446 0.04775400087237358
vt 0.9704970121383667 0.03553900122642517
vt 0.9715350270271301 0.03553900122642517
vt 0.5674890279769897 0.6876760125160217
vt 0.9553509950637817 0.6363409757614136
vt 0.8852999806404114 0.10820599645376205
vt 0.8851019740104675 0.09557700157165527
vt 0.5937470197677612 0.8490309715270996
vt 0.5963360071182251 0.8480169773101807
vt 0.6026650071144104 0.8601559996604919
vt 0.1024089977145195 0.20385299623012543
vt 0.3560810089111328 0.08541499823331833
vt 0.5876479744911194 0.8357149958610535
vt 0.5892509818077087 0.8354799747467041
vt 0.5921580195426941 0.8495579957962036
vt 0.28814399242401123 0.9436780214309692
vt 0.28690800070762634 0.9436780214309692
vt 0.28814399242401123 0.9312559962272644
vt 0.9330180287361145 0.6363409757614136
vt 0.6431999802589417 0.37212198972702026
vt 0.6428419947624207 0.37375199794769287
vt 0.867251992225647 0.11462400108575821
vt 0.8273280262947083 0.19170600175857544
vt 0.9026139974594116 0.11959300190210342
vt 0.9023650288581848 0.10820599645376205
vt 0.8684340119361877 0.7189210057258606
vt 0.024809999391436577 0.7746959924697876
vt 0.024879999458789825 0.7639300227165222
vt 0.366688996553421 0.8014029860496521
vt 0.3650679886341095 0.801816999912262
vt 0.3651979863643646 0.7883599996566772
vt 0.36682000756263733 0.7877389788627625
vt 0.29466599225997925 0.8772310018539429
vt 0.418271005153656 0.43250900506973267
vt 0.4053120017051697 0.7469419836997986
vt 0.4065549969673157 0.7469419836997986
vt 0.7469769716262817 0.6211050152778625
vt 0.7495920062065125 0.620684027671814
vt 0.12311200052499771 0.020219000056385994
vt 0.12145599722862244 0.025808999314904213
vt 0.9648709893226624 0.5899670124053955
vt 0.9661129713058472 0.5899670124053955
vt 0.9661359786987305 0.6023880243301392
vt 0.9648939967155457 0.6023880243301392
vt 0.9488400220870972 0.7427200078964233
vt 0.949088990688324 0.7313330173492432
vt 0.8865370154380798 0.05458600074052811
vt 0.09165699779987335 0.7982969880104065
vt 0.8302090167999268 0.5596309900283813
vt 0.9418650269508362 0.09557700157165527
vt 0.941735029220581 0.08191300183534622
vt 0.04810899868607521 0.7740740180015564
vt 0.04997200146317482 0.7740740180015564
vt 0.08978699892759323 0.7987110018730164
vt 0.799206018447876 0.18590900301933289
vt 0.7828800082206726 0.18632300198078156
vt 0.35318800806999207 0.21943800151348114
vt 0.3538089990615845 0.21840299665927887
vt 0.38755500316619873 0.2471799999475479
vt 0.09515900164842606 0.3960239887237549
vt 0.081495001912117 0.3931269943714142
vt 0.08211400359869003 0.39084500074386597
vt 0.35968899726867676 0.8423939943313599
vt 0.1708430051803589 0.5080900192260742
vt 0.1692119985818863 0.5077319741249084
vt 0.2191780060529709 0.7062640190124512
vt 0.06256899982690811 0.8512960076332092
vt 0.06254500150680542 0.8384600281715393
vt 0.04430900141596794 0.4260939955711365
vt 0.41556599736213684 0.44569098949432373
vt 0.41407400369644165 0.4451799988746643
vt 0.8210579752922058 0.8966180086135864
vt 0.8341379761695862 0.8987630009651184
vt 0.07463700324296951 0.5796419978141785
vt 0.7919970154762268 0.5334460139274597
vt 0.7936490178108215 0.5313069820404053
vt 0.8046990036964417 0.5382239818572998
vt 0.4982140064239502 0.16702400147914886
vt 0.4983470141887665 0.1696549952030182
vt 0.33000099658966064 0.26374199986457825
vt 0.7496700286865234 0.09461600333452225
vt 0.7523149847984314 0.09477899968624115
vt 0.7118409872055054 0.8888090252876282
vt 0.7110469937324524 0.8875219821929932
vt 0.024754000827670097 0.8635110259056091
vt 0.0247150007635355 0.8512960076332092
vt 0.06783100217580795 0.23123799264431
vt 0.9558410048484802 0.29231199622154236
vt 0.9545980095863342 0.29231199622154236
vt 0.466374009847641 0.21559999883174896
vt 0.4657149910926819 0.21416699886322021
vt 0.4793109893798828 0.210548996925354
vt 0.9535830020904541 0.0032430000137537718
vt 0.9550150036811829 0.0026209999341517687
vt 0.955810010433197 0.3900969922542572
vt 0.9545680284500122 0.3900969922542572
vt 0.7638620138168335 0.6347569823265076
vt 0.7627540230751038 0.6346349716186523
vt 0.9197729825973511 0.0032430000137537718
vt 0.9214119911193848 0.0026209999341517687
vt 0.4941129982471466 0.7349380254745483
vt 0.34697699546813965 0.3434480130672455
vt 0.3564999997615814 0.3277139961719513
vt 0.9906010031700134 0.8402299880981445
vt 0.9895660281181335 0.8404369950294495
vt 0.9893280267715454 0.8296719789505005
vt 0.9903630018234253 0.8294649720191956
vt 0.5800650119781494 0.2871040105819702
vt 0.07103800028562546 0.5950890183448792
vt 0.05801299959421158 0.5983849763870239
vt 0.17756499350070953 0.9763960242271423
vt 0.1763239949941635 0.9763960242271423
vt 0.9063140153884888 0.3507330119609833
vt 0.905243992805481 0.34974899888038635
vt 0.9132069945335388 0.33908700942993164
vt 0.9144160151481628 0.33991700410842896
vt 0.587647020816803 0.6618450284004211
vt 0.08962299674749374 0.7639300227165222
vt 0.9375699758529663 0.7427200078964233
vt 0.17650499939918518 0.9002100229263306
vt 0.1777469962835312 0.9002100229263306
vt 0.17787699401378632 0.9130449891090393
vt 0.1766349971294403 0.9130449891090393
vt 0.8716130256652832 0.5426160097122192
vt 0.19213299453258514 0.9873690009117126
vt 0.19089099764823914 0.9873690009117126
vt 0.190652996301651 0.9763960242271423
vt 0.191894993185997 0.9763960242271423
vt 0.5598000288009644 0.14427199959754944
vt 0.15578900277614594 0.7633090019226074
vt 0.41808798909187317 0.620173990726471
vt 0.9575899839401245 0.6744340062141418
vt 0.10602500289678574 0.825003981590271
vt 0.10437499731779099 0.825003981590271
vt 0.9472460150718689 0.09557700157165527
vt 0.5738210082054138 0.4882670044898987
vt 0.4978010058403015 0.5473669767379761
vt 0.49784499406814575 0.5482439994812012
vt 0.2758519947528839 0.42122700810432434
vt 0.2754260003566742 0.41861000657081604
vt 0.28957098722457886 0.41716301441192627
vt 0.28970399498939514 0.4197939932346344
vt 0.9480360150337219 0.6361340284347534
vt 0.9461510181427002 0.6363409757614136
vt 0.9460830092430115 0.6224700212478638
vt 0.9479680061340332 0.6224700212478638
vt 0.0027489999774843454 0.875311017036438
vt 0.0026940000243484974 0.8635110259056091
vt 0.2616809904575348 0.30970299243927
vt 0.2643730044364929 0.2943829894065857
vt 0.31329798698425293 0.8783959746360779
vt 0.333173006772995 0.8782830238342285
vt 0.8716130256652832 0.36873799562454224
vt 0.06804899871349335 0.7864959836006165
vt 0.06810399889945984 0.7746959924697876
vt 0.8638619780540466 0.7342659831047058
vt 0.8632349967956543 0.7367069721221924
vt 0.8507220149040222 0.7348120212554932
vt 0.8509699702262878 0.7322049736976624
vt 0.07003399729728699 0.7633090019226074
vt 0.07169000059366226 0.7633090019226074
vt 0.6537240147590637 0.736365020275116
vt 0.6532970070838928 0.7337520122528076
vt 0.9081419706344604 0.8653169870376587
vt 0.9061149954795837 0.8637470006942749
vt 0.9766280055046082 0.3768469989299774
vt 0.9745579957962036 0.3768469989299774
vt 0.1734199970960617 0.06700699776411057
vt 0.1788029968738556 0.06431599706411362
vt 0.17859600484371185 0.07839400321245193
vt 0.9080560207366943 0.027257999405264854
vt 0.9096890091896057 0.026844000443816185
vt 0.15918700397014618 0.8635110259056091
vt 0.15731799602508545 0.8639249801635742
vt 0.9113529920578003 0.05458600074052811
vt 0.911421000957489 0.04071500152349472
vt 0.9603620171546936 0.8535469770431519
vt 0.9603620171546936 0.867218017578125
vt 0.2749060094356537 0.41702398657798767
vt 0.28934401273727417 0.4155609905719757
vt 0.9851940274238586 0.076944999396801
vt 0.9864360094070435 0.076944999396801
vt 0.4535309970378876 0.5673750042915344
vt 0.20744000375270844 0.08129200339317322
vt 0.20847100019454956 0.08128199726343155
vt 0.5366150140762329 0.5380780100822449
vt 0.21761800348758698 0.4668219983577728
vt 0.2236430048942566 0.4555239975452423
vt 0.9835399985313416 0.4190810024738312
vt 0.9822980165481567 0.4190810024738312
vt 0.3666209876537323 0.8152729868888855
vt 0.36500000953674316 0.8154799938201904
vt 0.08083400130271912 0.8517100214958191
vt 0.08269699662923813 0.8517100214958191
vt 0.08079499751329422 0.8639249801635742
vt 0.9144160151481628 0.513795018196106
vt 0.9205660223960876 0.5020520091056824
vt 0.44506698846817017 0.8812040090560913
vt 0.4467200040817261 0.8790640234947205
vt 0.15725499391555786 0.8113399744033813
vt 0.9472460150718689 0.027257999405264854
vt 0.42563799023628235 0.3406359851360321
vt 0.5082389712333679 0.38545700907707214
vt 0.5083039999008179 0.38384199142456055
vt 0.5225309729576111 0.3869340121746063
vt 0.5221740007400513 0.3885650038719177
vt 0.37242698669433594 0.7757310271263123
vt 0.3707430064678192 0.7749029994010925
vt 0.37099799513816833 0.7635160088539124
vt 0.3726769983768463 0.7645509839057922
vt 0.7469729781150818 0.27336400747299194
vt 0.7492820024490356 0.28717198967933655
vt 0.7794510126113892 0.4099459946155548
vt 0.7805299758911133 0.41090500354766846
vt 0.7713490128517151 0.42076098918914795
vt 0.06273400038480759 0.8860769867897034
vt 0.0626629963517189 0.875311017036438
vt 0.9004799723625183 0.014214999973773956
vt 0.9007350206375122 0.0026209999341517687
vt 0.4336009919643402 0.7586629986763
vt 0.4325219988822937 0.7577009797096252
vt 0.3036789894104004 0.5945670008659363
vt 0.61844801902771 0.4041900038719177
vt 0.6168680191040039 0.4019240140914917
vt 0.5674890279769897 0.3399209976196289
vt 0.41962799429893494 0.7809140086174011
vt 0.4220280051231384 0.7819610238075256
vt 0.9373720288276672 0.8236680030822754
vt 0.026531999930739403 0.8866980075836182
vt 0.9456629753112793 0.9672300219535828
vt 0.9324139952659607 0.967287003993988
vt 0.07343100011348724 0.8635110259056091
vt 0.8684849739074707 0.5657320022583008
vt 0.8563309907913208 0.5630040168762207
vt 0.856453001499176 0.561896026134491
vt 0.86878901720047 0.5647220015525818
vt 0.5880600214004517 0.10762400180101395
vt 0.9019680023193359 0.05458600074052811
vt 0.9435049891471863 0.27471500635147095
vt 0.22919300198554993 0.4435180127620697
vt 0.22811800241470337 0.442546010017395
vt 0.2380629926919937 0.43339601159095764
vt 0.7767580151557922 0.6866850256919861
vt 0.7704010009765625 0.6748470067977905
vt 0.8046990036964417 0.36434701085090637
vt 0.8937780261039734 0.2272080034017563
vt 0.8945909738540649 0.22600600123405457
vt 0.7810369729995728 0.3516319990158081
vt 0.867326021194458 0.7152799963951111
vt 0.867667019367218 0.7164000272750854
vt 0.9425870180130005 0.6088060140609741
vt 0.41407400369644165 0.792930006980896
vt 0.6996570229530334 0.7203900218009949
vt 0.7118409872055054 0.7149379849433899
vt 0.9547569751739502 0.20908699929714203
vt 0.9559999704360962 0.20908699929714203
vt 0.15421800315380096 0.8635110259056091
vt 0.15566100180149078 0.8639249801635742
vt 0.4224349856376648 0.05388199910521507
vt 0.16952399909496307 0.7639300227165222
vt 0.046362001448869705 0.8512960076332092
vt 0.16654999554157257 0.7860820293426514
vt 0.4535309970378876 0.3934969902038574
vt 0.9612420201301575 0.20908699929714203
vt 0.9624850153923035 0.20908699929714203
vt 0.8272690176963806 0.14926500618457794
vt 0.8273280262947083 0.13580800592899323
vt 0.8436779975891113 0.13518700003623962
vt 0.8436179757118225 0.14885100722312927
vt 0.0247150007635355 0.7987110018730164
vt 0.024754000827670097 0.7864959836006165
vt 0.27244699001312256 0.2805120050907135
vt 0.9264990091323853 0.8000959753990173
vt 0.9213740229606628 0.7865319848060608
vt 0.9225659966468811 0.7859200239181519
vt 0.1490889936685562 0.5562400221824646
vt 0.9559320211410522 0.3422729969024658
vt 0.9546899795532227 0.3422729969024658
vt 0.9547569751739502 0.3319219946861267
vt 0.9559990167617798 0.3319219946861267
vt 0.16455599665641785 0.7639300227165222
vt 0.16462600231170654 0.7746959924697876
vt 0.35339000821113586 0.19368800520896912
vt 0.3538079857826233 0.19473299384117126
vt 0.933830976486206 0.7549350261688232
vt 0.20826800167560577 0.7784389853477478
vt 0.20826800167560577 0.8783959746360779
vt 0.8050609827041626 0.5720279812812805
vt 0.978177011013031 0.0026209999341517687
vt 0.9792129993438721 0.0026209999341517687
vt 0.9792789816856384 0.012765999883413315
vt 0.9427859783172607 0.6497979760169983
vt 0.9426550269126892 0.6361340284347534
vt 0.9442880153656006 0.6363409757614136
vt 0.9205089807510376 0.6336020231246948
vt 0.9179890155792236 0.620290994644165
vt 0.9819139838218689 0.8050349950790405
vt 0.9831560254096985 0.8050349950790405
vt 0.4118439853191376 0.6474599838256836
vt 0.13298599421977997 0.8635110259056091
vt 0.021668000146746635 0.37222999334335327
vt 0.02269900031387806 0.3715989887714386
vt 0.7598400115966797 0.8004099726676941
vt 0.8595259785652161 0.3762519955635071
vt 0.9328609704971313 0.04071500152349472
vt 0.0573510006070137 0.8860769867897034
vt 0.057280998677015305 0.875311017036438
vt 0.5489190220832825 0.1522970050573349
vt 0.5498549938201904 0.15342199802398682
vt 0.20166899263858795 0.852940022945404
vt 0.20042699575424194 0.852940022945404
vt 0.20037299394607544 0.841759979724884
vt 0.20161500573158264 0.841759979724884
vt 0.16712099313735962 0.5214700102806091
vt 0.168613001704216 0.5219810009002686
vt 0.16441600024700165 0.5346519947052002
vt 0.16306300461292267 0.5339869856834412
vt 0.1844860017299652 0.9130449891090393
vt 0.1832450032234192 0.9130449891090393
vt 0.01372199971228838 0.875311017036438
vt 0.015589999966323376 0.8759329915046692
vt 0.015519999898970127 0.8866980075836182
vt 0.013651999644935131 0.8860769867897034
vt 0.685122013092041 0.8936629891395569
vt 0.685545027256012 0.8962839841842651
vt 0.30722200870513916 0.15414699912071228
vt 0.1382170021533966 0.875311017036438
vt 0.13816100358963013 0.8635110259056091
vt 0.10238400101661682 0.8759329915046692
vt 0.24912700057029724 0.5999699831008911
vt 0.2390030026435852 0.6083859801292419
vt 0.2380629926919937 0.6072710156440735
vt 0.10057099908590317 0.8635110259056091
vt 0.3577379882335663 0.7749029994010925
vt 0.209074005484581 0.6658869981765747
vt 0.3556320071220398 0.7633090019226074
vt 0.30702099204063416 0.25898098945617676
vt 0.28404000401496887 0.26374199986457825
vt 0.9715020060539246 0.06038200110197067
vt 0.9704660177230835 0.06038200110197067
vt 0.09882699698209763 0.42011600732803345
vt 0.8654680252075195 0.07797999680042267
vt 0.8636019825935364 0.078186996281147
vt 0.8635929822921753 0.06452299654483795
vt 0.8654590249061584 0.06452299654483795
vt 0.5351970195770264 0.2200389951467514
vt 0.5358610153198242 0.21868599951267242
vt 0.5451949834823608 0.22935500741004944
vt 0.5547170042991638 0.23796199262142181
vt 0.28043198585510254 0.9059979915618896
vt 0.28055599331855774 0.9186270236968994
vt 0.9486140012741089 0.673812985420227
vt 0.9467350244522095 0.674435019493103
vt 0.6290860176086426 0.5709180235862732
vt 0.62779700756073 0.5686420202255249
vt 0.9313849806785583 0.6361340284347534
vt 0.6537119746208191 0.0056570000015199184
vt 0.6531869769096375 0.004083000123500824
vt 0.9098870158195496 0.10862000286579132
vt 0.9082540273666382 0.10820599645376205
vt 0.3722339868545532 0.7883599996566772
vt 0.37054499983787537 0.7877389788627625
vt 0.048680998384952545 0.5706920027732849
vt 0.061395999044179916 0.5757669806480408
vt 0.06114799901843071 0.5766590237617493
vt 0.44424501061439514 0.8824269771575928
vt 0.20744000375270844 0.1229029968380928
vt 0.20744000375270844 0.12518000602722168
vt 0.1460919976234436 0.03719500079751015
vt 0.14961199462413788 0.03222699835896492
vt 0.161204993724823 0.04154299944639206
vt 0.1570650041103363 0.04568300023674965
vt 0.9743819832801819 0.3319219946861267
vt 0.9764519929885864 0.3319219946861267
vt 0.9765160083770752 0.3420659899711609
vt 0.9744459986686707 0.3420659899711609
vt 0.1606689989566803 0.7067970037460327
vt 0.9848819971084595 0.013593999668955803
vt 0.9861239790916443 0.013593999668955803
vt 0.9326320290565491 0.2210949957370758
vt 0.9328820109367371 0.20970800518989563
vt 0.7203900218009949 0.5303750038146973
vt 0.4840179979801178 0.17037899792194366
vt 0.4697909951210022 0.16728700697422028
vt 0.7511889934539795 0.6204659938812256
vt 0.61593097448349 0.22692100703716278
vt 0.7203930020332336 0.8781049847602844
vt 0.7296289801597595 0.8694310188293457
vt 0.9490759968757629 0.4375070035457611
vt 0.9488769769668579 0.42487800121307373
vt 0.3892419934272766 0.9873690009117126
vt 0.3880009949207306 0.9873690009117126
vt 0.30343198776245117 0.5954549908638
vt 0.28960099816322327 0.5943940281867981
vt 0.2897079885005951 0.5936599969863892
vt 0.41418299078941345 0.48797500133514404
vt 0.4118439853191376 0.473581999540329
vt 0.9487469792366028 0.24738700687885284
vt 0.06984300166368484 0.8113399744033813
vt 0.06798599660396576 0.8115469813346863
vt 0.06801000237464905 0.7987110018730164
vt 0.06986699998378754 0.7982969880104065
vt 0.597885012626648 0.24688799679279327
vt 0.6059859991073608 0.23607100546360016
vt 0.8796280026435852 0.038437001407146454
vt 0.8796520233154297 0.05127299949526787
vt 0.9614229798316956 0.2798910140991211
vt 0.9626650214195251 0.2798910140991211
vt 0.20744000375270844 0.6800500154495239
vt 0.20977899432182312 0.6944419741630554
vt 0.7919179797172546 0.4041709899902344
vt 0.790336012840271 0.4019089937210083
vt 0.35440999269485474 0.8152729868888855
vt 0.3562839925289154 0.8152729868888855
vt 0.7093240022659302 0.7403129935264587
vt 0.9480360150337219 0.5951430201530457
vt 0.948166012763977 0.581479012966156
vt 0.16474400460720062 0.8384600281715393
vt 0.16471999883651733 0.8512960076332092
vt 0.8849040269851685 0.05458600074052811
vt 0.1168150007724762 0.8512960076332092
vt 0.728181004524231 0.23796199262142181
vt 0.9439020156860352 0.31467100977897644
vt 0.9437040090560913 0.30204299092292786
vt 0.58924800157547 0.48774799704551697
vt 0.5876479744911194 0.48797500133514404
vt 0.6855459809303284 0.7224119901657104
vt 0.685122013092041 0.7197909951210022
vt 0.7826520204544067 0.6985099911689758
vt 0.781603991985321 0.6995940208435059
vt 0.4161210060119629 0.28571000695228577
vt 0.41347500681877136 0.2855510115623474
vt 0.41808798909187317 0.2724190056324005
vt 0.1775519996881485 0.2852559983730316
vt 0.17237600684165955 0.27386999130249023
vt 0.6527739763259888 0.5583040118217468
vt 0.639178991317749 0.5619210004806519
vt 0.4571259915828705 0.160303995013237
vt 0.45646101236343384 0.16165700554847717
vt 0.4446580111980438 0.15433800220489502
vt 0.17859600484371185 0.12808099389076233
vt 0.7603930234909058 0.2997500002384186
vt 0.7630259990692139 0.29961299896240234
vt 0.7653359770774841 0.31342101097106934
vt 0.7627170085906982 0.3138499855995178
vt 0.7535290122032166 0.46098199486732483
vt 0.74925297498703 0.4749760031700134
vt 0.9689229726791382 0.8470619916915894
vt 0.9676809906959534 0.8470619916915894
vt 0.41840100288391113 0.48732298612594604
vt 0.6713979840278625 0.5499979853630066
vt 0.671625018119812 0.5515990257263184
vt 0.456030011177063 0.016713999211788177
vt 0.4547420144081116 0.014433000236749649
vt 0.46764299273490906 0.011583000421524048
vt 0.4118439853191376 0.28519299626350403
vt 0.3593989908695221 0.30970299243927
vt 0.9622780084609985 0.8139380216598511
vt 0.9610360264778137 0.8139380216598511
vt 0.9769369959831238 0.3018360137939453
vt 0.9756590127944946 0.29044899344444275
vt 0.9768990278244019 0.29044899344444275
vt 0.03728500008583069 0.8759329915046692
vt 0.03563300147652626 0.875311017036438
vt 0.8778150081634521 0.0030350000597536564
vt 0.9119250178337097 0.4208360016345978
vt 0.9131990075111389 0.4200510084629059
vt 0.7762449979782104 0.13518700003623962
vt 0.7599130272865295 0.13456599414348602
vt 0.026341000571846962 0.8386669754981995
vt 0.02469100058078766 0.8384600281715393
vt 0.5777260065078735 0.44658899307250977
vt 0.5761250257492065 0.44681599736213684
vt 0.10251200199127197 0.825003981590271
vt 0.9679160118103027 0.3319219946861267
vt 0.9689509868621826 0.3319219946861267
vt 0.65413898229599 0.008270000107586384
vt 0.26085299253463745 0.7634230256080627
vt 0.7229049801826477 0.7076380252838135
vt 0.7219730019569397 0.7065020203590393
vt 0.7317789793014526 0.6975060105323792
vt 0.7328500151634216 0.6984879970550537
vt 0.7641419768333435 0.8281009793281555
vt 0.19158299267292023 0.9130449891090393
vt 0.1903419941663742 0.9130449891090393
vt 0.19047200679779053 0.9002100229263306
vt 0.19171400368213654 0.9002100229263306
vt 0.2885969877243042 0.14216099679470062
vt 0.28817999362945557 0.1429789960384369
vt 0.2741059958934784 0.1318099945783615
vt 0.8724949955940247 0.11462400108575821
vt 0.9021940231323242 0.5834760069847107
vt 0.903240978717804 0.5823929905891418
vt 0.9581019878387451 0.027257999405264854
vt 0.07355699688196182 0.7639300227165222
vt 0.015646999701857567 0.8639249801635742
vt 0.4941610097885132 0.0026209999341517687
vt 0.9603620171546936 0.9672099947929382
vt 0.35498300194740295 0.5572119951248169
vt 0.3450379967689514 0.5663620233535767
vt 0.753940999507904 0.09514900296926498
vt 0.10599300265312195 0.8512960076332092
vt 0.05004199966788292 0.8866980075836182
vt 0.04817900061607361 0.8866980075836182
vt 0.07892599701881409 0.7864959836006165
vt 0.07896500080823898 0.7987110018730164
vt 0.2183769941329956 0.6410800218582153
vt 0.21458199620246887 0.6529979705810547
vt 0.7911739945411682 0.5346720218658447
vt 0.31994301080703735 0.7482280135154724
vt 0.11631300300359726 0.5776839852333069
vt 0.11697199940681458 0.5791159868240356
vt 0.10337600111961365 0.5827339887619019
vt 0.060674998909235 0.8113399744033813
vt 0.06069900095462799 0.7982969880104065
vt 0.29353299736976624 0.7564550042152405
vt 0.43719199299812317 0.696603000164032
vt 0.435234010219574 0.6984599828720093
vt 0.45776501297950745 0.5382490158081055
vt 0.10057099908590317 0.7864959836006165
vt 0.4066010117530823 0.2877579927444458
vt 0.6716830134391785 0.16699999570846558
vt 0.16959500312805176 0.875311017036438
vt 0.16952399909496307 0.8860769867897034
vt 0.5080350041389465 0.38722699880599976
vt 0.5216779708862305 0.39034900069236755
vt 0.9107949733734131 0.3377389907836914
vt 0.41345998644828796 0.2997699975967407
vt 0.4118439853191376 0.29970499873161316
vt 0.9016510248184204 0.23794600367546082
vt 0.14520199596881866 0.4444510042667389
vt 0.9209579825401306 0.09599100053310394
vt 0.9228209853172302 0.09599100053310394
vt 0.61593097448349 0.4007990062236786
vt 0.6269959807395935 0.3934969902038574
vt 0.9023650288581848 0.0146289998665452
vt 0.9026139974594116 0.0032430000137537718
vt 0.15602099895477295 0.3666149973869324
vt 0.742510974407196 0.6081389784812927
vt 0.2015479952096939 0.8051159977912903
vt 0.2003059983253479 0.8051159977912903
vt 0.9556040167808533 0.8139380216598511
vt 0.9543619751930237 0.8139380216598511
vt 0.6092119812965393 0.41286399960517883
vt 0.6070619821548462 0.41092100739479065
vt 0.0464010015130043 0.7864959836006165
vt 0.13456399738788605 0.825003981590271
vt 0.3685300052165985 0.6944760084152222
vt 0.36942100524902344 0.6947280168533325
vt 0.1837950050830841 0.8772299885749817
vt 0.18503600358963013 0.8772299885749817
vt 0.9458140134811401 0.12021400034427643
vt 0.9439520239830017 0.12021400034427643
vt 0.04682600125670433 0.5745970010757446
vt 0.035023000091314316 0.5672780275344849
vt 0.5083039999008179 0.5577189922332764
vt 0.5225309729576111 0.5608119964599609
vt 0.944150984287262 0.3260580003261566
vt 0.9430620074272156 0.7826759815216064
vt 0.5800650119781494 0.634859025478363
vt 0.5784500241279602 0.6347939968109131
vt 0.9466260075569153 0.8102110028266907
vt 0.9465579986572266 0.7963399887084961
vt 0.3813230097293854 0.9643880128860474
vt 0.3825649917125702 0.9643880128860474
vt 0.3823840022087097 0.9763960242271423
vt 0.3811419904232025 0.9763960242271423
vt 0.9868059754371643 0.6669809818267822
vt 0.9855639934539795 0.6669809818267822
vt 0.9853259921073914 0.6560090184211731
vt 0.9865679740905762 0.6560090184211731
vt 0.23211699724197388 0.6200140118598938
vt 0.22441700100898743 0.630075991153717
vt 0.012804999947547913 0.6406800150871277
vt 0.5082389712333679 0.21157999336719513
vt 0.5083039999008179 0.20996400713920593
vt 0.5225309729576111 0.21305599808692932
vt 0.5221740007400513 0.21468700468540192
vt 0.24058400094509125 0.6106489896774292
vt 0.24135300517082214 0.6113389730453491
vt 0.610660970211029 0.8704519867897034
vt 0.8271899819374084 0.3886129856109619
vt 0.7409530282020569 0.3399209976196289
vt 0.9769369959831238 0.2302040010690689
vt 0.9757490158081055 0.2192309945821762
vt 0.9769889712333679 0.2192309945821762
vt 0.9207550287246704 0.4882490038871765
vt 0.9232760071754456 0.48885899782180786
vt 0.9484429955482483 0.7963399887084961
vt 0.28507000207901 0.05684899911284447
vt 0.30722200870513916 0.05229400098323822
vt 0.30722498893737793 0.05457700043916702
vt 0.268094003200531 0.06906399875879288
vt 0.22811800241470337 0.6164199709892273
vt 0.46723100543022156 0.5658040046691895
vt 0.5666840076446533 0.039707001298666
vt 0.9691579937934875 0.3254370093345642
vt 0.9679160118103027 0.3254370093345642
vt 0.9793689846992493 0.0351249985396862
vt 0.9793919920921326 0.04713200032711029
vt 0.9068509936332703 0.7624880075454712
vt 0.904708981513977 0.7642599940299988
vt 0.8961870074272156 0.7548490166664124
vt 0.8979510068893433 0.7529090046882629
vt 0.07488500326871872 0.5787500143051147
vt 0.9371730089187622 0.7826759815216064
vt 0.9324340224266052 0.2337229996919632
vt 0.9340670108795166 0.23330900073051453
vt 0.9020360112190247 0.08191300183534622
vt 0.9019680023193359 0.06825000047683716
vt 0.16462600231170654 0.875311017036438
vt 0.16455599665641785 0.8860769867897034
vt 0.10923700034618378 0.3960239887237549
vt 0.9425870180130005 0.6224700212478638
vt 0.9442200064659119 0.6224700212478638
vt 0.26395899057388306 0.8973860144615173
vt 0.26395899057388306 0.9973790049552917
vt 0.7653049826622009 0.8424130082130432
vt 0.14705400168895721 0.7633090019226074
vt 0.14870600402355194 0.7639300227165222
vt 0.8795340061187744 0.014422000385820866
vt 0.8795890212059021 0.02622300013899803
vt 0.006541999988257885 0.8866980075836182
vt 0.00447099981829524 0.8866980075836182
vt 0.1435299962759018 0.8860769867897034
vt 0.1167759969830513 0.7864959836006165
vt 0.1168150007724762 0.7987110018730164
vt 0.7425100207328796 0.7820109724998474
vt 0.3999910056591034 0.44930699467658997
vt 0.3997359871864319 0.4948529899120331
vt 0.3809039890766144 0.4948529899120331
vt 0.3811590075492859 0.44930699467658997
vt 0.3460089862346649 0.8632659912109375
vt 0.34683701395988464 0.876941978931427
vt 0.7397350072860718 0.7677990198135376
vt 0.6990000009536743 0.3712089955806732
vt 0.6996579766273499 0.372640997171402
vt 0.9091179966926575 0.8661969900131226
vt 0.29375699162483215 0.5841959714889526
vt 0.2792010009288788 0.5833190083503723
vt 0.8810790181159973 0.39629998803138733
vt 0.8683630228042603 0.39122501015663147
vt 0.8691059947013855 0.3885529935359955
vt 0.9544309973716736 0.08212000131607056
vt 0.671625018119812 0.8993390202522278
vt 0.6860619783401489 0.8978779911994934
vt 0.5627170205116272 0.769877016544342
vt 0.9363830089569092 0.4495140016078949
vt 0.9347270131111145 0.4495140016078949
vt 0.9344720244407654 0.4379209876060486
vt 0.9361280202865601 0.4379209876060486
vt 0.58958500623703 0.28571000695228577
vt 0.13292300701141357 0.8384600281715393
vt 0.1329140067100525 0.825003981590271
vt 0.3756600022315979 0.6674559712409973
vt 0.371724009513855 0.6532809734344482
vt 0.3733200132846832 0.6530629992485046
vt 0.767212986946106 0.3274010121822357
vt 0.7698019742965698 0.3263869881629944
vt 0.7761309742927551 0.33852601051330566
vt 0.7738490104675293 0.33981800079345703
vt 0.9344720244407654 0.3435159921646118
vt 0.9361280202865601 0.3435159921646118
vt 0.7497000098228455 0.08068999648094177
vt 0.7473899722099304 0.06688199937343597
vt 0.9715059995651245 0.5781660079956055
vt 0.9725419878959656 0.5781660079956055
vt 0.9725810289382935 0.5897600054740906
vt 0.97154301404953 0.5897600054740906
vt 0.20155499875545502 0.8177449703216553
vt 0.200313001871109 0.8177449703216553
vt 0.7891119718551636 0.874625027179718
vt 0.39528998732566833 0.9002100229263306
vt 0.3963249921798706 0.9002100229263306
vt 0.765516996383667 0.6774049997329712
vt 0.7605980038642883 0.6637529730796814
vt 0.6953120231628418 0.010882000438869
vt 0.27827998995780945 0.956305980682373
vt 0.09886100143194199 0.5945649743080139
vt 0.09901899844408035 0.5919219851493835
vt 0.772566020488739 0.3406270146369934
vt 0.14919300377368927 0.3809100091457367
vt 0.2852819859981537 0.2666409909725189
vt 0.07892599701881409 0.8635110259056091
vt 0.5261939764022827 0.7203969955444336
vt 0.14883199334144592 0.8635110259056091
vt 0.7433549761772156 0.8480719923973083
vt 0.7472890019416809 0.8360009789466858
vt 0.1766979992389679 0.9387170076370239
vt 0.1779399961233139 0.9387170076370239
vt 0.9047279953956604 0.4090459942817688
vt 0.5341449975967407 0.5701929926872253
vt 0.5351970195770264 0.5677940249443054
vt 0.03408600017428398 0.25877299904823303
vt 0.8174139857292175 0.5432990193367004
vt 0.1902790069580078 0.925881028175354
vt 0.19152100384235382 0.925881028175354
vt 0.3072260022163391 0.05954999849200249
vt 0.8994420170783997 0.5859969854354858
vt 0.9002940058708191 0.5852789878845215
vt 0.8306030035018921 0.5490859746932983
vt 0.8307639956474304 0.5464360117912292
vt 0.32875800132751465 0.3527649939060211
vt 0.32689499855041504 0.3494519889354706
vt 0.07339199632406235 0.7987110018730164
vt 0.07152300328016281 0.7982969880104065
vt 0.06983400136232376 0.825003981590271
vt 0.06797699630260468 0.825003981590271
vt 0.9225670099258423 0.8151159882545471
vt 0.3460089862346649 0.7633090019226074
vt 0.26458001136779785 0.8837170004844666
vt 0.7893949747085571 0.40079599618911743
vt 0.7413650155067444 0.13345199823379517
vt 0.7401549816131592 0.13262200355529785
vt 0.0177800003439188 0.8113399744033813
vt 0.019430000334978104 0.8115469813346863
vt 0.3538079857826233 0.011729000136256218
vt 0.35339000821113586 0.012753999792039394
vt 0.89069002866745 0.09557700157165527
vt 0.28709501028060913 0.9689350128173828
vt 0.28728199005126953 0.9805290102958679
vt 0.28624698519706726 0.9807360172271729
vt 0.28606000542640686 0.9689350128173828
vt 0.9764310121536255 0.7756369709968567
vt 0.974361002445221 0.7756369709968567
vt 0.5918650031089783 0.48732298612594604
vt 0.14549900591373444 0.6183000206947327
vt 0.14745600521564484 0.6164469718933105
vt 0.09857899695634842 0.42100799083709717
vt 0.037188999354839325 0.7982969880104065
vt 0.039051998406648636 0.7982969880104065
vt 0.599515974521637 0.04122399911284447
vt 0.6019309759140015 0.04256400093436241
vt 0.9303969740867615 0.0032430000137537718
vt 0.9471909999847412 0.3435159921646118
vt 0.9474459886550903 0.3319219946861267
vt 0.3509950041770935 0.7274600267410278
vt 0.27000999450683594 0.9701769948005676
vt 0.2720789909362793 0.9701769948005676
vt 0.8238139748573303 0.7317659854888916
vt 0.8100399971008301 0.7363290190696716
vt 0.18149399757385254 0.11586599797010422
vt 0.3450370132923126 0.7402349710464478
vt 0.3549819886684418 0.7310850024223328
vt 0.9611279964447021 0.7410640120506287
vt 0.962369978427887 0.7410640120506287
vt 0.1455879956483841 0.8113399744033813
vt 0.14371900260448456 0.8115469813346863
vt 0.373430997133255 0.5219810009002686
vt 0.3314560055732727 0.5990390181541443
vt 0.21116100251674652 0.4782879948616028
vt 0.21368399262428284 0.4788939952850342
vt 0.9824910163879395 0.38057398796081543
vt 0.9837329983711243 0.38057398796081543
vt 0.6188669800758362 0.02382799983024597
vt 0.6096310019493103 0.03250199928879738
vt 0.4371969997882843 0.8704569935798645
vt 0.4352380037307739 0.8723189830780029
vt 0.639178991317749 0.3880450129508972
vt 0.6537200212478638 0.3886300027370453
vt 0.6675729751586914 0.38719698786735535
vt 0.9793310165405273 0.02373800054192543
vt 0.45776501297950745 0.36437100172042847
vt 0.44671499729156494 0.35745400190353394
vt 0.7361810207366943 0.5960000157356262
vt 0.8938590288162231 0.3564760088920593
vt 0.903095006942749 0.3478020131587982
vt 0.13298599421977997 0.7864959836006165
vt 0.9486410021781921 0.7553489804267883
vt 0.5879510045051575 0.06483100354671478
vt 0.5857210159301758 0.07872100174427032
vt 0.5362740159034729 0.012221000157296658
vt 0.5480769872665405 0.019540000706911087
vt 0.161204993724823 0.1649319976568222
vt 0.1570650041103363 0.16079099476337433
vt 0.855230987071991 0.20996400713920593
vt 0.9745000004768372 0.42570599913597107
vt 0.9765700101852417 0.42570599913597107
vt 0.9765160083770752 0.4368860125541687
vt 0.9744459986686707 0.4368860125541687
vt 0.9544540047645569 0.7410640120506287
vt 0.9556959867477417 0.7410640120506287
vt 0.1270740032196045 0.7439619898796082
vt 0.4244210124015808 0.5946429967880249
vt 0.9134359955787659 0.027257999405264854
vt 0.9115509986877441 0.026844000443816185
vt 0.9136350154876709 0.0146289998665452
vt 0.08085799962282181 0.8113399744033813
vt 0.07898899912834167 0.8115469813346863
vt 0.7425069808959961 0.4342750012874603
vt 0.9530050158500671 0.08191300183534622
vt 0.42563799023628235 0.6883909702301025
vt 0.760083019733429 0.0026209999341517687
vt 0.7785080075263977 0.0026209999341517687
vt 0.778652012348175 0.04402700066566467
vt 0.7602270245552063 0.04402700066566467
vt 0.7611119747161865 0.48796701431274414
vt 0.7627170085906982 0.4877279996871948
vt 0.7656220197677612 0.5018110275268555
vt 0.30702000856399536 0.35359299182891846
vt 0.6428419947624207 0.7214990258216858
vt 0.1382880061864853 0.8860769867897034
vt 0.9791589975357056 0.6311650276184082
vt 0.9779180288314819 0.6311650276184082
vt 0.9778550267219543 0.6183300018310547
vt 0.9790970087051392 0.6183300018310547
vt 0.7591840028762817 0.04630399867892265
vt 0.7602270245552063 0.04630399867892265
vt 0.7602270245552063 0.06597200036048889
vt 0.7591840028762817 0.06597200036048889
vt 0.04652800038456917 0.8860769867897034
vt 0.3811419904232025 0.8882020115852356
vt 0.3823840022087097 0.8882020115852356
vt 0.8796610236167908 0.06452299654483795
vt 0.20183299481868744 0.6650980114936829
vt 0.20079700648784637 0.6650980114936829
vt 0.11562500149011612 0.5756660103797913
vt 0.16968899965286255 0.7987110018730164
vt 0.16824500262737274 0.7982969880104065
vt 0.4937480092048645 0.38296398520469666
vt 0.49397599697113037 0.3845660090446472
vt 0.10840500146150589 0.2303989976644516
vt 0.09598299860954285 0.2303989976644516
vt 0.3051530122756958 0.2027990072965622
vt 0.30515700578689575 0.20384399592876434
vt 0.6439440250396729 0.3694460093975067
vt 0.28610798716545105 0.1475290060043335
vt 0.28507000207901 0.1495939940214157
vt 0.7118420004844666 0.5410670042037964
vt 0.9766079783439636 0.8458200097084045
vt 0.9745380282402039 0.8458200097084045
vt 0.9744740128517151 0.8356760144233704
vt 0.9765440225601196 0.8356760144233704
vt 0.8279539942741394 0.7226719856262207
vt 0.8276379704475403 0.7241449952125549
vt 0.9895930290222168 0.3319219946861267
vt 0.9906280040740967 0.33212900161743164
vt 0.2718920111656189 0.9320840239524841
vt 0.26982200145721436 0.9320840239524841
vt 0.04639900103211403 0.6035150289535522
vt 0.7097600102424622 0.8852369785308838
vt 0.05178400129079819 0.7864959836006165
vt 0.05183999985456467 0.7746959924697876
vt 0.37194201350212097 0.6953359842300415
vt 0.3734300136566162 0.6958569884300232
vt 0.3756600022315979 0.6819660067558289
vt 0.9490759968757629 0.31467100977897644
vt 0.9488769769668579 0.30204299092292786
vt 0.9818789958953857 0.3319219946861267
vt 0.9831200242042542 0.3319219946861267
vt 0.8174139857292175 0.36942100524902344
vt 0.8307639956474304 0.37255799770355225
vt 0.5362930297851562 0.5375080108642578
vt 0.1639920026063919 0.6392199993133545
vt 0.4979340136051178 0.5499979853630066
vt 0.4981609880924225 0.5515990257263184
vt 0.9566699862480164 0.0026209999341517687
vt 0.27897700667381287 0.991087019443512
vt 0.28001201152801514 0.9912940263748169
vt 0.5937439799308777 0.5012990236282349
vt 0.5921580195426941 0.5018190145492554
vt 0.4051310122013092 0.8177449703216553
vt 0.406372994184494 0.8177449703216553
vt 0.0517209991812706 0.8384600281715393
vt 0.03553900122642517 0.7987110018730164
vt 0.03557800129055977 0.7864959836006165
vt 0.03722799941897392 0.7860820293426514
vt 0.7401480078697205 0.03970799967646599
vt 0.7388730049133301 0.04049300029873848
vt 0.7316769957542419 0.028703000396490097
vt 0.8219910264015198 0.17824900150299072
vt 0.8056420087814331 0.1786630004644394
vt 0.16513000428676605 0.3564710021018982
vt 0.17237600684165955 0.3454990088939667
vt 0.4450640082359314 0.5334669947624207
vt 0.7592920064926147 0.1676899939775467
vt 0.7591840028762817 0.14864400029182434
vt 0.9141820073127747 0.774088978767395
vt 0.9119330048561096 0.7755889892578125
vt 0.9094899892807007 0.06825000047683716
vt 0.9078570008277893 0.06825000047683716
vt 0.5341449975967407 0.3963150084018707
vt 0.5214300155639648 0.39124101400375366
vt 0.6092169880867004 0.5867239832878113
vt 0.9378190040588379 0.7313330173492432
vt 0.9626650214195251 0.3774679899215698
vt 0.9614229798316956 0.3774679899215698
vt 0.08434700220823288 0.8512960076332092
vt 0.4206930100917816 0.12095600366592407
vt 0.41910600662231445 0.12147600203752518
vt 0.6168709993362427 0.5757889747619629
vt 0.6184530258178711 0.5780500173568726
vt 0.9539250135421753 0.6361340284347534
vt 0.1779399961233139 0.925881028175354
vt 0.1766979992389679 0.925881028175354
vt 0.6574820280075073 0.17037099599838257
vt 0.6575520038604736 0.16874299943447113
vt 0.013650000095367432 0.7067409753799438
vt 0.019979000091552734 0.7188799977302551
vt 0.8157410025596619 0.5603619813919067
vt 0.8298190236091614 0.556842029094696
vt 0.8298799991607666 0.5580480098724365
vt 0.9836699962615967 0.3677380084991455
vt 0.982429027557373 0.3677380084991455
vt 0.9309750199317932 0.040922001004219055
vt 0.2649739980697632 0.5802270174026489
vt 0.25164398550987244 0.5745970010757446
vt 0.25230899453163147 0.5732439756393433
vt 0.419624000787735 0.6070510149002075
vt 0.4220220148563385 0.6081029772758484
vt 0.06817500293254852 0.7639300227165222
vt 0.5757889747619629 0.4749760031700134
vt 0.060738999396562576 0.8639249801635742
vt 0.15562200546264648 0.8517100214958191
vt 0.26282599568367004 0.4245229959487915
vt 0.20192399621009827 0.5922240018844604
vt 0.2008890062570572 0.5922240018844604
vt 0.20095700025558472 0.5818729996681213
vt 0.201992005109787 0.5818729996681213
vt 0.5451989769935608 0.7509739995002747
vt 0.5341500043869019 0.7440569996833801
vt 0.6990020275115967 0.8928200006484985
vt 0.6981469988822937 0.8903669714927673
vt 0.5358610153198242 0.39256399869918823
vt 0.5476639866828918 0.3998830020427704
vt 0.9531350135803223 0.09557700157165527
vt 0.8724949955940247 0.014422000385820866
vt 0.12209100276231766 0.7639300227165222
vt 0.1239589974284172 0.7633090019226074
vt 0.1240290030837059 0.7740749716758728
vt 0.12216100096702576 0.7746959924697876
vt 0.8832259774208069 0.3636080026626587
vt 0.10447999835014343 0.003656999906525016
vt 0.10447899997234344 0.0026209999341517687
vt 0.14899100363254547 0.011730999685823917
vt 0.1485770046710968 0.012765999883413315
vt 0.8642629981040955 0.7328569889068604
vt 0.8511819839477539 0.7307119965553284
vt 0.65277498960495 0.7321739792823792
vt 0.7511900067329407 0.44658899307250977
vt 0.9326320290565491 0.3439300060272217
vt 0.5214300155639648 0.21736299991607666
vt 0.5341449975967407 0.22243699431419373
vt 0.13770699501037598 0.7368299961090088
vt 0.9764310121536255 0.8008949756622314
vt 0.974361002445221 0.8008949756622314
vt 0.9743540287017822 0.7882660031318665
vt 0.976423978805542 0.7882660031318665
vt 0.10344400256872177 0.410317987203598
vt 0.11330799758434296 0.5934100151062012
vt 0.09907999634742737 0.5903170108795166
vt 0.9328820109367371 0.3325429856777191
vt 0.9347270131111145 0.3319219946861267
vt 0.026218999177217484 0.2705729901790619
vt 0.31662899255752563 0.5984529852867126
vt 0.07896500080823898 0.8512960076332092
vt 0.5918700098991394 0.8350499868392944
vt 0.1591150015592575 0.825003981590271
vt 0.1591240018606186 0.8115469813346863
vt 0.41869398951530457 0.32794100046157837
vt 0.657135009765625 0.37522900104522705
vt 0.657069981098175 0.37684398889541626
vt 0.9013280272483826 0.6937620043754578
vt 0.9094629883766174 0.683788001537323
vt 0.1485780030488968 0.44164198637008667
vt 0.41418299078941345 0.3140980005264282
vt 0.7765229940414429 0.18590900301933289
vt 0.7762449979782104 0.20019400119781494
vt 0.7599130272865295 0.20081500709056854
vt 0.7601959705352783 0.18632300198078156
vt 0.7650229930877686 0.446274995803833
vt 0.977055013179779 0.322952002286911
vt 0.9758149981498718 0.322952002286911
vt 0.9769889712333679 0.31280800700187683
vt 0.16654999554157257 0.8639249801635742
vt 0.16468100249767303 0.8635110259056091
vt 0.1489029973745346 0.825003981590271
vt 0.935778021812439 0.11959300190210342
vt 0.3527199923992157 0.8154799938201904
vt 0.3527199923992157 0.8287299871444702
vt 0.418271005153656 0.7802590131759644
vt 0.3863070011138916 0.04049300029873848
vt 0.3871389925479889 0.03988200053572655
vt 0.11145699769258499 0.8384600281715393
vt 0.2211039960384369 0.8836590051651001
vt 0.9420639872550964 0.10820599645376205
vt 0.09520299732685089 0.825003981590271
vt 0.03728500008583069 0.7740740180015564
vt 0.037356000393629074 0.7633090019226074
vt 0.7472900152206421 0.6621289849281311
vt 0.3446959853172302 0.13572700321674347
vt 0.3293739855289459 0.14959199726581573
vt 0.3339740037918091 0.5736640095710754
vt 0.7819749712944031 0.1676899939775467
vt 0.7818679809570312 0.14864400029182434
vt 0.9747779965400696 0.322952002286911
vt 0.4220220148563385 0.26034700870513916
vt 0.5800650119781494 0.6493710279464722
vt 0.3880009949207306 0.8772299885749817
vt 0.3892419934272766 0.8772299885749817
vt 0.9376159906387329 0.39754998683929443
vt 0.007300000172108412 0.5059430003166199
vt 0.9851449728012085 0.6440010070800781
vt 0.9863870143890381 0.6440010070800781
vt 0.3486329913139343 0.29479700326919556
vt 0.3405590057373047 0.2811329960823059
vt 0.4284600019454956 0.042583998292684555
vt 0.15016399323940277 0.5572119951248169
vt 0.7602270245552063 0.08791700005531311
vt 0.778652012348175 0.08791700005531311
vt 0.7785080075263977 0.12932300567626953
vt 0.760083019733429 0.12932300567626953
vt 0.9318609833717346 0.769012987613678
vt 0.9319909811019897 0.7553489804267883
vt 0.15705199539661407 0.5455769896507263
vt 0.15826599299907684 0.5463950037956238
vt 0.7657859921455383 0.6214709877967834
vt 0.2654080092906952 0.29479700326919556
vt 0.26271599531173706 0.30970299243927
vt 0.5080789923667908 0.38810399174690247
vt 0.4802609980106354 0.7363700270652771
vt 0.9679160118103027 0.20908699929714203
vt 0.9691579937934875 0.20908699929714203
vt 0.9493250250816345 0.20970800518989563
vt 0.7455099821090698 0.05291000008583069
vt 0.7429239749908447 0.053915999829769135
vt 0.7365949749946594 0.041776999831199646
vt 0.7535290122032166 0.30161499977111816
vt 0.751899003982544 0.30125799775123596
vt 0.778652012348175 0.04630399867892265
vt 0.12227900326251984 0.8384600281715393
vt 0.12225499749183655 0.8512960076332092
vt 0.7934799790382385 0.5792250037193298
vt 0.962673008441925 0.2672620117664337
vt 0.9614310264587402 0.2672620117664337
vt 0.08170700073242188 0.020219000056385994
vt 0.08336299657821655 0.025808999314904213
vt 0.2871460020542145 0.26995301246643066
vt 0.2883880138397217 0.27057400345802307
vt 0.27348199486732483 0.2811329960823059
vt 0.9647129774093628 0.556842029094696
vt 0.9659550189971924 0.556842029094696
vt 0.6443619728088379 0.16295599937438965
vt 0.657712996006012 0.16609300673007965
vt 0.9900509715080261 0.7663210034370422
vt 0.9890109896659851 0.7663210034370422
vt 0.3733220100402832 0.4791859984397888
vt 0.962552011013031 0.4379209876060486
vt 0.9613100290298462 0.4379209876060486
vt 0.1844239979982376 0.925881028175354
vt 0.1831820011138916 0.925881028175354
vt 0.5915520191192627 0.4462969899177551
vt 0.9544000029563904 0.825531005859375
vt 0.9556419849395752 0.825531005859375
vt 0.9579039812088013 0.06825000047683716
vt 0.060155000537633896 0.5802270174026489
vt 0.060513000935316086 0.5785959959030151
vt 0.554722011089325 0.7595810294151306
vt 0.5566779971122742 0.7577279806137085
vt 0.5577999949455261 0.7568010091781616
vt 0.044022999703884125 0.3715980052947998
vt 0.20967000722885132 0.651648998260498
vt 0.20744000375270844 0.665539026260376
vt 0.7000700235366821 0.16616900265216827
vt 0.8671330213546753 0.07777299731969833
vt 0.8671240210533142 0.06452299654483795
vt 0.5778350234031677 0.4893839955329895
vt 0.9849519729614258 0.6054940223693848
vt 0.9861940145492554 0.6054940223693848
vt 0.02622300013899803 0.12808099389076233
vt 0.020633000880479813 0.12994399666786194
vt 0.01732099987566471 0.11690100282430649
vt 0.02332499995827675 0.11586599797010422
vt 0.006351000163704157 0.8386669754981995
vt 0.0374779999256134 0.5636360049247742
vt 0.5804780125617981 0.09515000134706497
vt 0.5782480239868164 0.1090409979224205
vt 0.27226001024246216 0.8946120142936707
vt 0.2701910138130188 0.8946120142936707
vt 0.2704229950904846 0.8836389780044556
vt 0.27249300479888916 0.8836389780044556
vt 0.41609200835227966 0.29963698983192444
vt 0.5804780125617981 0.08063899725675583
vt 0.5963370203971863 0.6741440296173096
vt 0.5937479734420776 0.6751589775085449
vt 0.9352099895477295 0.5684360265731812
vt 0.933601975440979 0.556842029094696
vt 0.9354649782180786 0.556842029094696
vt 0.145564004778862 0.8517100214958191
vt 0.9652159810066223 0.07342500239610672
vt 0.9639729857444763 0.07342500239610672
vt 0.9550150036811829 0.12021400034427643
vt 0.9535830020904541 0.11959300190210342
vt 0.9533330202102661 0.10820599645376205
vt 0.07149899750947952 0.8113399744033813
vt 0.42563799023628235 0.769324004650116
vt 0.42805299162864685 0.7706639766693115
vt 0.14369499683380127 0.8512960076332092
vt 0.5080789923667908 0.21422599256038666
vt 0.7118420004844666 0.3671889901161194
vt 0.9207599759101868 0.05458600074052811
vt 0.9191269874572754 0.05458600074052811
vt 0.8884320259094238 0.8864849805831909
vt 0.30826300382614136 0.20908699929714203
vt 0.6177089810371399 0.882420003414154
vt 0.6295120120048523 0.8897389769554138
vt 0.8797850012779236 0.709958016872406
vt 0.8804060220718384 0.7109929919242859
vt 0.718658983707428 0.22935500741004944
vt 0.9835399985313416 0.25773799419403076
vt 0.9822980165481567 0.25773799419403076
vt 0.6860619783401489 0.7240080237388611
vt 0.9594699740409851 0.673812985420227
vt 0.08438000082969666 0.825003981590271
vt 0.9745370149612427 0.4143190085887909
vt 0.9766079783439636 0.4143190085887909
vt 0.7587720155715942 0.29969701170921326
vt 0.7611119747161865 0.3140900135040283
vt 0.9651560187339783 0.0241519995033741
vt 0.9639139771461487 0.0241519995033741
vt 0.902167022228241 0.09557700157165527
vt 0.11295100301504135 0.4211620092391968
vt 0.11330900341272354 0.419530987739563
vt 0.06066599860787392 0.825003981590271
vt 0.6712650060653687 0.5473669767379761
vt 0.14539800584316254 0.7633090019226074
vt 0.7409520149230957 0.6876729726791382
vt 0.4232800006866455 0.11994600296020508
vt 0.37041398882865906 0.8428080081939697
vt 0.9439020156860352 0.4375070035457611
vt 0.2113800048828125 0.5203449726104736
vt 0.2139970064163208 0.5199199914932251
vt 0.945559024810791 0.014214999973773956
vt 0.7989280223846436 0.20019400119781494
vt 0.7825959920883179 0.20081500709056854
vt 0.8618620038032532 0.11524499952793121
vt 0.25336000323295593 0.5708460211753845
vt 0.8694589734077454 0.3869349956512451
vt 0.7715209722518921 0.6745060086250305
vt 0.42441999912261963 0.7685160040855408
vt 0.10064300149679184 0.825003981590271
vt 0.4704799950122833 0.3694460093975067
vt 0.4697360098361969 0.37212198972702026
vt 0.08335399627685547 0.3864920139312744
vt 0.1709360033273697 0.05230800062417984
vt 0.16596700251102448 0.05582800135016441
vt 0.9345930218696594 0.026844000443816185
vt 0.8655880093574524 0.013801000081002712
vt 0.867251992225647 0.014422000385820866
vt 0.12103299796581268 0.38648998737335205
vt 0.017589999362826347 0.8866980075836182
vt 0.013778000138700008 0.8635110259056091
vt 0.09161800146102905 0.8639249801635742
vt 0.971451997756958 0.6622200012207031
vt 0.9724879860877991 0.6622200012207031
vt 0.9724230170249939 0.6723639965057373
vt 0.9713860154151917 0.6723639965057373
vt 0.04645700007677078 0.7746959924697876
vt 0.04652800038456917 0.7639300227165222
vt 0.04817900061607361 0.7633090019226074
vt 0.13843999803066254 0.6063590049743652
vt 0.1266379952430725 0.5990390181541443
vt 0.9539250135421753 0.5951430201530457
vt 0.9553509950637817 0.5949360132217407
vt 0.34244099259376526 0.4336940050125122
vt 0.3432599902153015 0.43248000741004944
vt 0.3533959984779358 0.44164198637008667
vt 0.051910001784563065 0.8860769867897034
vt 0.36500000953674316 0.8287299871444702
vt 0.6672120094299316 0.556842029094696
vt 0.06254500150680542 0.8115469813346863
vt 0.06256899982690811 0.7987110018730164
vt 0.29375600814819336 0.7580659985542297
vt 0.3815160095691681 0.9387170076370239
vt 0.3827579915523529 0.9387170076370239
vt 0.3826949894428253 0.9515529870986938
vt 0.3814539909362793 0.9515529870986938
vt 0.9487469792366028 0.3702220022678375
vt 0.9488769769668579 0.3565579950809479
vt 0.9322360157966614 0.3838860094547272
vt 0.29342401027679443 0.8782830238342285
vt 0.19491800665855408 0.4948529899120331
vt 0.17608599364757538 0.4948529899120331
vt 0.9101420044898987 0.12021400034427643
vt 0.908502995967865 0.11959300190210342
vt 0.28852298855781555 0.9807360172271729
vt 0.28833600878715515 0.9689350128173828
vt 0.6059859991073608 0.40994900465011597
vt 0.9205660223960876 0.32817399501800537
vt 0.6572949886322021 0.37258198857307434
vt 0.9846439957618713 0.0026209999341517687
vt 0.9858859777450562 0.0026209999341517687
vt 0.9474440217018127 0.10820599645376205
vt 0.6205980181694031 0.15096400678157806
vt 0.631646990776062 0.1578810065984726
vt 0.7651990056037903 0.43250399827957153
vt 0.9794009923934937 0.059553999453783035
vt 0.7296259999275208 0.34782201051712036
vt 0.924705982208252 0.09557700157165527
vt 0.019406000152230263 0.8512960076332092
vt 0.21428899466991425 0.7082849740982056
vt 0.9227510094642639 0.28715500235557556
vt 0.9204419851303101 0.27334699034690857
vt 0.9230570197105408 0.27292600274086
vt 0.0028200000524520874 0.8860769867897034
vt 0.09619899839162827 0.18273599445819855
vt 0.09557700157165527 0.18874000012874603
vt 0.9246529936790466 0.27271100878715515
vt 0.8046129941940308 0.14864400029182434
vt 0.8045510053634644 0.13456599414348602
vt 0.8055819869041443 0.13518700003623962
vt 0.11528799682855606 0.5748040080070496
vt 0.9543399810791016 0.7762579917907715
vt 0.9555820226669312 0.7762579917907715
vt 0.681547999382019 0.5619680285453796
vt 0.9476940035820007 0.11959300190210342
vt 0.10601700097322464 0.8384600281715393
vt 0.1043659970164299 0.8386669754981995
vt 0.8012620210647583 0.22088399529457092
vt 0.8004599809646606 0.21961799263954163
vt 0.8024640083312988 0.12932300567626953
vt 0.7840390205383301 0.12932300567626953
vt 0.6959949731826782 0.7346829771995544
vt 0.948511004447937 0.8100039958953857
vt 0.5551300048828125 0.03149599954485893
vt 0.5570880174636841 0.029637999832630157
vt 0.9780480265617371 0.5798220038414001
vt 0.9792900085449219 0.5798220038414001
vt 0.6184520125389099 0.7519220113754272
vt 0.6059859991073608 0.7576929926872253
vt 0.9357990026473999 0.2471799999475479
vt 0.3967440128326416 0.9873690009117126
vt 0.3957099914550781 0.9873690009117126
vt 0.16513000428676605 0.2628990113735199
vt 0.924763023853302 0.4893819987773895
vt 0.44424599409103394 0.5346810221672058
vt 0.760903000831604 0.6205080151557922
vt 0.9546359777450562 0.35345301032066345
vt 0.9558780193328857 0.35345301032066345
vt 0.9376839995384216 0.2883790135383606
vt 0.7630550265312195 0.28568801283836365
vt 0.74925297498703 0.3010979890823364
vt 0.9079269766807556 0.761601984500885
vt 0.898921012878418 0.7517510056495667
vt 0.9193260073661804 0.09557700157165527
vt 0.9191949963569641 0.08191300183534622
vt 0.6860629916191101 0.5501369833946228
vt 0.11479199677705765 0.7633090019226074
vt 0.8446279764175415 0.16375699639320374
vt 0.08335399627685547 0.2328840047121048
vt 0.8446469902992249 0.14864400029182434
vt 0.15727899968624115 0.7982969880104065
vt 0.941735029220581 0.040922001004219055
vt 0.9418650269508362 0.027257999405264854
vt 0.008409000001847744 0.8860769867897034
vt 0.008338999934494495 0.875311017036438
vt 0.8814529776573181 0.7134289741516113
vt 0.8821589946746826 0.7147449851036072
vt 0.9245759844779968 0.08191300183534622
vt 0.19491800665855408 0.4973379969596863
vt 0.1951729953289032 0.5428839921951294
vt 0.1763409972190857 0.5428839921951294
vt 0.17608599364757538 0.4973379969596863
vt 0.9191269874572754 0.06825000047683716
vt 0.35955798625946045 0.7883599996566772
vt 0.35968899726867676 0.801816999912262
vt 0.11486200243234634 0.8759329915046692
vt 0.11672099679708481 0.875311017036438
vt 0.11665099859237671 0.8860769867897034
vt 0.11479199677705765 0.8866980075836182
vt 0.41808798909187317 0.4462969899177551
vt 0.41734999418258667 0.44618698954582214
vt 0.9319909811019897 0.8236680030822754
vt 0.190652996301651 0.8882020115852356
vt 0.191894993185997 0.8882020115852356
vt 0.36187100410461426 0.5455769896507263
vt 0.363085001707077 0.546396017074585
vt 0.9382619857788086 0.4488930106163025
vt 0.9380130171775818 0.4375070035457611
vt 0.4065549969673157 0.8632910251617432
vt 0.4053120017051697 0.8632910251617432
vt 0.40524500608444214 0.852940022945404
vt 0.40648698806762695 0.852940022945404
vt 0.2017810046672821 0.33164799213409424
vt 0.2017810046672821 0.2877599895000458
vt 0.933601975440979 0.674435019493103
vt 0.9319639801979065 0.673812985420227
vt 0.7656220197677612 0.32793301343917847
vt 0.9380130171775818 0.3439300060272217
vt 0.43719199299812317 0.34884700179100037
vt 0.20744000375270844 0.7647629976272583
vt 0.3809039890766144 0.5818729996681213
vt 0.3993229866027832 0.5818729996681213
vt 0.16468100249767303 0.7864959836006165
vt 0.008220000192523003 0.8384600281715393
vt 0.46637699007987976 0.7372210025787354
vt 0.4657149910926819 0.7357990145683289
vt 0.45394399762153625 0.013154000043869019
vt 0.03749699890613556 0.7377830147743225
vt 0.04854699969291687 0.7447010278701782
vt 0.36539098620414734 0.8684800267219543
vt 0.23134399950504303 0.4454610049724579
vt 0.8921279907226562 0.22933900356292725
vt 0.7602270245552063 0.08563999831676483
vt 0.778652012348175 0.08563999831676483
vt 0.8305339813232422 0.5507140159606934
vt 0.8450890183448792 0.5515919923782349
vt 0.06253600120544434 0.825003981590271
vt 0.09500599652528763 0.7639300227165222
vt 0.07336799800395966 0.8115469813346863
vt 0.4160969853401184 0.8212490081787109
vt 0.3821460008621216 0.9873690009117126
vt 0.3809039890766144 0.9873690009117126
vt 0.07148999720811844 0.825003981590271
vt 0.015709999948740005 0.8113399744033813
vt 0.7377439737319946 0.1312739998102188
vt 0.28751400113105774 0.991087019443512
vt 0.28647899627685547 0.9912940263748169
vt 0.8025509715080261 0.2231609970331192
vt 0.7818679809570312 0.18673700094223022
vt 0.9588239789009094 0.6224700212478638
vt 0.5982969999313354 0.040417999029159546
vt 0.5921480059623718 0.05216100066900253
vt 0.9766359925270081 0.3894760012626648
vt 0.9745659828186035 0.3894760012626648
vt 0.01384000014513731 0.8115469813346863
vt 0.4341079890727997 0.8732650279998779
vt 0.20744000375270844 0.4916679859161377
vt 0.20967000722885132 0.47777700424194336
vt 0.9745579957962036 0.4021050035953522
vt 0.9766280055046082 0.4021050035953522
vt 0.9227219820022583 0.47495898604393005
vt 0.12582199275493622 0.8866980075836182
vt 0.8600860238075256 0.06452299654483795
vt 0.8617330193519592 0.06452299654483795
vt 0.08452499657869339 0.5894389748573303
vt 0.08475600183010101 0.5910300016403198
vt 0.9493250250816345 0.4488930106163025
vt 0.9474459886550903 0.4495140016078949
vt 0.20083500444889069 0.676692008972168
vt 0.20186999440193176 0.676692008972168
vt 0.11672099679708481 0.7746959924697876
vt 0.2761940062046051 0.5959500074386597
vt 0.3686769902706146 0.7875319719314575
vt 0.9363560080528259 0.08191300183534622
vt 0.003656999906525016 0.12518200278282166
vt 0.04092099890112877 0.7987110018730164
vt 0.9138839840888977 0.0032430000137537718
vt 0.9764519929885864 0.4470300078392029
vt 0.9743819832801819 0.4470300078392029
vt 0.9429839849472046 0.5688499808311462
vt 0.8550130128860474 0.3880879878997803
vt 0.9832860231399536 0.7536919713020325
vt 0.982043981552124 0.7536919713020325
vt 0.9822260141372681 0.7416849732398987
vt 0.9834669828414917 0.7416849732398987
vt 0.9691110253334045 0.7888870239257812
vt 0.967868983745575 0.7888870239257812
vt 0.6570690274238586 0.8984619975090027
vt 0.8474860191345215 0.8987630009651184
vt 0.9770910143852234 0.08398400247097015
vt 0.9782950282096863 0.09537000209093094
vt 0.9770539999008179 0.09537000209093094
vt 0.037356000393629074 0.8866980075836182
vt 0.035704001784324646 0.8860769867897034
vt 0.8409479856491089 0.7251440286636353
vt 0.7695369720458984 0.6091579794883728
vt 0.5451949834823608 0.40323200821876526
vt 0.9716269969940186 0.10799899697303772
vt 0.9705899953842163 0.10799899697303772
vt 0.008283000439405441 0.8635110259056091
vt 0.008244000375270844 0.8512960076332092
vt 0.4672349989414215 0.7396659851074219
vt 0.6996579766273499 0.5465189814567566
vt 0.8438490033149719 0.5622130036354065
vt 0.8437880277633667 0.561007022857666
vt 0.20173700153827667 0.8632910251617432
vt 0.20049500465393066 0.8632910251617432
vt 0.6091150045394897 0.14421899616718292
vt 0.6110749840736389 0.1423570066690445
vt 0.04836700111627579 0.25275900959968567
vt 0.3721039891242981 0.8423939943313599
vt 0.041085999459028244 0.8860769867897034
vt 0.039218999445438385 0.8866980075836182
vt 0.767756998538971 0.8414589762687683
vt 0.8055819869041443 0.19232699275016785
vt 0.8045510053634644 0.19294799864292145
vt 0.8046129941940308 0.17887000739574432
vt 0.00904799997806549 0.4651060104370117
vt 0.015197999775409698 0.45336198806762695
vt 0.7471010088920593 0.6759300231933594
vt 0.5547170042991638 0.41183900833129883
vt 0.9457899928092957 0.4495140016078949
vt 0.5469260215759277 0.5303750038146973
vt 0.36923399567604065 0.5346519947052002
vt 0.7203940153121948 0.7042329907417297
vt 0.7296299934387207 0.695559024810791
vt 0.1947540044784546 0.7083669900894165
vt 0.17633500695228577 0.7083669900894165
vt 0.17608599364757538 0.663856029510498
vt 0.1945039927959442 0.663856029510498
vt 0.1763239949941635 0.8882020115852356
vt 0.17756499350070953 0.8882020115852356
vt 0.009184000082314014 0.6937749981880188
vt 0.6959959864616394 0.21305599808692932
vt 0.19089099764823914 0.8772299885749817
vt 0.19213299453258514 0.8772299885749817
vt 0.5473380088806152 0.15003100037574768
vt 0.15523900091648102 0.5444959998130798
vt 0.9326320290565491 0.4375070035457611
vt 0.46723100543022156 0.21804800629615784
vt 0.958299994468689 0.0146289998665452
vt 0.958549976348877 0.0032430000137537718
vt 0.596331000328064 0.5002890229225159
vt 0.5649930238723755 0.24696999788284302
vt 0.5662720203399658 0.24617299437522888
vt 0.7470920085906982 0.05240200087428093
vt 0.962673008441925 0.3900969922542572
vt 0.9614310264587402 0.3900969922542572
vt 0.5593870282173157 0.3507370054721832
vt 0.7591840028762817 0.18673700094223022
vt 0.9156360030174255 0.7733700275421143
vt 0.40077900886535645 0.4155609905719757
vt 0.38194701075553894 0.4155609905719757
vt 0.5627130270004272 0.24825799465179443
vt 0.27921000123023987 0.8944050073623657
vt 0.28024500608444214 0.8941980004310608
vt 0.15335099399089813 0.45488598942756653
vt 0.9862560033798218 0.5926579833030701
vt 0.985014021396637 0.5926579833030701
vt 0.61593097448349 0.5746740102767944
vt 0.8447089791297913 0.13456599414348602
vt 0.02797500044107437 0.7291769981384277
vt 0.10595399886369705 0.7864959836006165
vt 0.20116199553012848 0.08129200339317322
vt 0.9096459746360779 0.42212000489234924
vt 0.013651999644935131 0.7639300227165222
vt 0.015519999898970127 0.7633090019226074
vt 0.5358610153198242 0.566440999507904
vt 0.06260800361633301 0.8635110259056091
vt 0.49857398867607117 0.17125600576400757
vt 0.9747120141983032 0.2192309945821762
vt 0.6996570229530334 0.8942599892616272
vt 0.8438969850540161 0.556842029094696
vt 0.8438609838485718 0.5582299828529358
vt 0.9590219855308533 0.581479012966156
vt 0.8406760096549988 0.20908699929714203
vt 0.8600950241088867 0.05127299949526787
vt 0.8601189851760864 0.038437001407146454
vt 0.9758149981498718 0.20908699929714203
vt 0.977055013179779 0.20908699929714203
vt 0.9133059978485107 0.040922001004219055
vt 0.35252198576927185 0.7883599996566772
vt 0.3543420135974884 0.8014029860496521
vt 0.35265201330184937 0.801816999912262
vt 0.9354649782180786 0.674435019493103
vt 0.5917350053787231 0.25863099098205566
vt 0.6295120120048523 0.7158690094947815
vt 0.8118360042572021 0.7414299845695496
vt 0.10344400256872177 0.2090959995985031
vt 0.36847299337387085 0.8152729868888855
vt 0.36854100227355957 0.8014029860496521
vt 0.9782289862632751 0.5678150057792664
vt 0.9794710278511047 0.5678150057792664
vt 0.935929000377655 0.23330900073051453
vt 0.9378150105476379 0.2337229996919632
vt 0.9479680061340332 0.6088060140609741
vt 0.15914799273014069 0.7987110018730164
vt 0.8219320178031921 0.19170600175857544
vt 0.27773600816726685 0.8836389780044556
vt 0.27897700667381287 0.8838459849357605
vt 0.27796798944473267 0.8941980004310608
vt 0.9134699702262878 0.6863939762115479
vt 0.5246790051460266 0.36875998973846436
vt 0.11491899937391281 0.8639249801635742
vt 0.11320599913597107 0.8759329915046692
vt 0.8046320080757141 0.16375699639320374
vt 0.4838300049304962 0.37258198857307434
vt 0.38192400336265564 0.663856029510498
vt 0.40034300088882446 0.663856029510498
vt 0.8410429954528809 0.38718101382255554
vt 0.058924999088048935 0.3751069903373718
vt 0.07072599977254868 0.38193801045417786
vt 0.15417900681495667 0.8512960076332092
vt 0.20157800614833832 0.8301669955253601
vt 0.20033599436283112 0.8301669955253601
vt 0.9487469792366028 0.2883790135383606
vt 0.20178599655628204 0.9677010178565979
vt 0.20054399967193604 0.9677010178565979
vt 0.7922359704971313 0.7073760032653809
vt 0.5758180022239685 0.634926974773407
vt 0.1435299962759018 0.7639300227165222
vt 0.15704800188541412 0.6265259981155396
vt 0.08489099889993668 0.5936570167541504
vt 0.45817700028419495 0.15790599584579468
vt 0.05174500122666359 0.8512960076332092
vt 0.3997359871864319 0.4973379969596863
vt 0.3809039890766144 0.4973379969596863
vt 0.7826820015907288 0.4128449857234955
vt 0.9474440217018127 0.0146289998665452
vt 0.5494419932365417 0.5337650179862976
vt 0.28709501028060913 0.9059979915618896
vt 0.28606000542640686 0.9059979915618896
vt 0.9227219820022583 0.30108100175857544
vt 0.4357529878616333 0.7606019973754883
vt 0.6981430053710938 0.36875998973846436
vt 0.08437100052833557 0.8384600281715393
vt 0.921642005443573 0.8285089731216431
vt 0.1844239979982376 0.9387170076370239
vt 0.1831820011138916 0.9387170076370239
vt 0.721127986907959 0.3998830020427704
vt 0.36463800072669983 0.4668720066547394
vt 0.0788709968328476 0.7746959924697876
vt 0.35955798625946045 0.8558509945869446
vt 0.10051599889993668 0.875311017036438
vt 0.20181000232696533 0.6274189949035645
vt 0.20077499747276306 0.6274189949035645
vt 0.9467560052871704 0.8240820169448853
vt 0.3961949944496155 0.9515529870986938
vt 0.3951599895954132 0.9515529870986938
vt 0.9486410021781921 0.8236680030822754
vt 0.9906280040740967 0.44143998622894287
vt 0.9895930290222168 0.4416469931602478
vt 0.016078000888228416 0.10323700308799744
vt 0.02228900045156479 0.10323700308799744
vt 0.013849000446498394 0.825003981590271
vt 0.9370949864387512 0.6624270081520081
vt 0.1773270070552826 0.9873690009117126
vt 0.17608599364757538 0.9873690009117126
vt 0.5739210247993469 0.06689900159835815
vt 0.5921580195426941 0.6756880283355713
vt 0.6079850196838379 0.14516699314117432
vt 0.9370949864387512 0.5688499808311462
vt 0.9373440146446228 0.5574629902839661
vt 0.9416670203208923 0.06825000047683716
vt 0.9433000087738037 0.06825000047683716
vt 0.9914640188217163 0.26995301246643066
vt 0.989395022392273 0.26995301246643066
vt 0.15434400737285614 0.7639300227165222
vt 0.9566699862480164 0.12021400034427643
vt 0.9545210003852844 0.7307119965553284
vt 0.9557639956474304 0.7307119965553284
vt 0.418271005153656 0.6063870191574097
vt 0.16460299491882324 0.6947259902954102
vt 0.597885012626648 0.7685089707374573
vt 0.15448600053787231 0.544094979763031
vt 0.15415500104427338 0.8384600281715393
vt 0.3593659996986389 0.7757310271263123
vt 0.5921580195426941 0.32794100046157837
vt 0.1167759969830513 0.8635110259056091
vt 0.35748299956321716 0.7635160088539124
vt 0.20116199553012848 0.10323700308799744
vt 0.8671330213546753 0.05127299949526787
vt 0.44246700406074524 0.4007990062236786
vt 0.9082540273666382 0.0146289998665452
vt 0.9458140134811401 0.0026209999341517687
vt 0.3688099980354309 0.6392199993133545
vt 0.3672280013561249 0.6397299766540527
vt 0.7492560148239136 0.8227099776268005
vt 0.7519009709358215 0.8228740096092224
vt 0.4035719931125641 0.9130449891090393
vt 0.4025369882583618 0.9130449891090393
vt 0.12290000170469284 0.2262679934501648
vt 0.7535279989242554 0.8232390284538269
vt 0.7777929902076721 0.6860629916191101
vt 0.8964490294456482 0.040922001004219055
vt 0.9747779965400696 0.20908699929714203
vt 0.05624200031161308 0.012765999883413315
vt 0.05582800135016441 0.011730999685823917
vt 0.9746220111846924 0.29044899344444275
vt 0.10231299698352814 0.8866980075836182
vt 0.10044600069522858 0.8860769867897034
vt 0.6030799746513367 0.13206100463867188
vt 0.03563300147652626 0.7746959924697876
vt 0.7913709878921509 0.7085570096969604
vt 0.4806689918041229 0.00828699953854084
vt 0.08974900096654892 0.8635110259056091
vt 0.6269950270652771 0.5673729777336121
vt 0.1485770046710968 0.6155210137367249
vt 0.05004199966788292 0.7633090019226074
vt 0.7466800212860107 0.2588669955730438
vt 0.3407900035381317 0.4358290135860443
vt 0.32565298676490784 0.3488309979438782
vt 0.9784669876098633 0.556842029094696
vt 0.9797090291976929 0.556842029094696
vt 0.20977899432182312 0.5205720067024231
vt 0.20744000375270844 0.5061789751052856
vt 0.033243998885154724 0.6072710156440735
vt 0.9716929793357849 0.1181429997086525
vt 0.9706569910049438 0.1181429997086525
vt 0.958549976348877 0.11959300190210342
vt 0.6817029714584351 0.38545700907707214
vt 0.681768000125885 0.38384199142456055
vt 0.35945799946784973 0.5442339777946472
vt 0.4693779945373535 0.37375199794769287
vt 0.9626650214195251 0.4027259945869446
vt 0.9614229798316956 0.4027259945869446
vt 0.043613001704216 0.1649319976568222
vt 0.04775400087237358 0.16079099476337433
vt 0.9362260103225708 0.027257999405264854
vt 0.9429839849472046 0.6624270081520081
vt 0.7650229930877686 0.2723970115184784
vt 0.6815429925918579 0.38810399174690247
vt 0.8450890183448792 0.37771400809288025
vt 0.9676809906959534 0.7307119965553284
vt 0.9689229726791382 0.7307119965553284
vt 0.9689900279045105 0.7410640120506287
vt 0.9677479863166809 0.7410640120506287
vt 0.7841269969940186 0.5227000117301941
vt 0.9376839995384216 0.24738700687885284
vt 0.43410900235176086 0.6993970274925232
vt 0.44671499729156494 0.7052090167999268
vt 0.643202006816864 0.8937299847602844
vt 0.6428419947624207 0.8953689932823181
vt 0.11665099859237671 0.7639300227165222
vt 0.019241999834775925 0.8860769867897034
vt 0.5853080153465271 0.8213229775428772
vt 0.28821200132369995 0.9186270236968994
vt 0.28833600878715515 0.9059979915618896
vt 0.35207998752593994 0.8796589970588684
vt 0.28062400221824646 0.9312559962272644
vt 0.8601580262184143 0.10282299667596817
vt 0.27773600816726685 0.9912940263748169
vt 0.9363830089569092 0.3319219946861267
vt 0.942313015460968 0.11959300190210342
vt 0.8219320178031921 0.13580800592899323
vt 0.4118439853191376 0.45907101035118103
vt 0.41347500681877136 0.45942801237106323
vt 0.17710599303245544 0.5818729996681213
vt 0.19552500545978546 0.5818729996681213
vt 0.024879999458789825 0.8860769867897034
vt 0.024809999391436577 0.875311017036438
vt 0.051910001784563065 0.7639300227165222
vt 0.969044029712677 0.7522429823875427
vt 0.9678019881248474 0.7522429823875427
vt 0.4937480092048645 0.20908699929714203
vt 0.19506299495697021 0.7469409704208374
vt 0.1762239933013916 0.7469409704208374
vt 0.15924200415611267 0.875311017036438
vt 0.15737499296665192 0.8759329915046692
vt 0.6003810167312622 0.5137159824371338
vt 0.6026610136032104 0.5124279856681824
vt 0.28696998953819275 0.956305980682373
vt 0.28593501448631287 0.956305980682373
vt 0.9793310165405273 0.09537000209093094
vt 0.7373300194740295 0.8593689799308777
vt 0.7969239950180054 0.7429919838905334
vt 0.36539098620414734 0.7757310271263123
vt 0.9227510094642639 0.4610329866409302
vt 0.8855500221252441 0.0032430000137537718
vt 0.9319639801979065 0.5574629902839661
vt 0.9559990167617798 0.4482719898223877
vt 0.9547569751739502 0.4482719898223877
vt 0.07335899770259857 0.825003981590271
vt 0.7332630157470703 0.1442680060863495
vt 0.9897630214691162 0.22005900740623474
vt 0.991832971572876 0.22005900740623474
vt 0.8141649961471558 0.21803100407123566
vt 0.9726030230522156 0.6019740104675293
vt 0.9715669751167297 0.6019740104675293
vt 0.919327974319458 0.6045820116996765
vt 0.9242479801177979 0.6182330250740051
vt 0.8855500221252441 0.11959300190210342
vt 0.913237988948822 0.05458600074052811
vt 0.11133900284767151 0.875311017036438
vt 0.11313600093126297 0.8866980075836182
vt 0.11126799881458282 0.8860769867897034
vt 0.3999910056591034 0.5428839921951294
vt 0.3811590075492859 0.5428839921951294
vt 0.5857210159301758 0.09323199838399887
vt 0.8913660049438477 0.7027609944343567
vt 0.9545029997825623 0.5574629902839661
vt 0.33000099658966064 0.355663001537323
vt 0.778652012348175 0.06597200036048889
vt 0.8795340061187744 0.11462400108575821
vt 0.1574449986219406 0.8866980075836182
vt 0.28586700558662415 0.9436780214309692
vt 0.7840390205383301 0.0026209999341517687
vt 0.8024640083312988 0.0026209999341517687
vt 0.5582129955291748 0.02870200015604496
vt 0.3809039890766144 0.8772299885749817
vt 0.3821460008621216 0.8772299885749817
vt 0.9715110063552856 0.07301100343465805
vt 0.9704750180244446 0.07301100343465805
vt 0.944150984287262 0.4488930106163025
vt 0.24231499433517456 0.7377859950065613
vt 0.24285699427127838 0.7368749976158142
vt 0.19552500545978546 0.7416980266571045
vt 0.17710599303245544 0.7416980266571045
vt 0.20154699683189392 0.978672981262207
vt 0.2003059983253479 0.978672981262207
vt 0.6439480185508728 0.8910509943962097
vt 0.7653359770774841 0.48729899525642395
vt 0.9493250250816345 0.3260580003261566
vt 0.9490759968757629 0.3439300060272217
vt 0.9493250250816345 0.3325429856777191
vt 0.20219700038433075 0.12290500104427338
vt 0.20219700038433075 0.12518200278282166
vt 0.8601580262184143 0.02622300013899803
vt 0.9328820109367371 0.4488930106163025
vt 0.7591840028762817 0.08563999831676483
vt 0.28001201152801514 0.8836389780044556
vt 0.28821200132369995 0.956305980682373
vt 0.8602129817008972 0.014422000385820866
vt 0.12747399508953094 0.8860769867897034
vt 0.5593870282173157 0.6984930038452148
vt 0.017589999362826347 0.7633090019226074
vt 0.9624850153923035 0.4482719898223877
vt 0.9612420201301575 0.4482719898223877
vt 0.9650350213050842 0.11897099763154984
vt 0.9637929797172546 0.11897099763154984
vt 0.65277498960495 0.210548996925354
vt 0.21428899466991425 0.5344160199165344
vt 0.20219700038433075 0.08129200339317322
vt 0.20219700038433075 0.08357000350952148
vt 0.7989280223846436 0.13518700003623962
vt 0.7825959920883179 0.13456599414348602
vt 0.9797090291976929 0.6669809818267822
vt 0.9784669876098633 0.6669809818267822
vt 0.2797600030899048 0.876941978931427
vt 0.2805880010128021 0.8632659912109375
vt 0.9613100290298462 0.3150849938392639
vt 0.962552011013031 0.3150849938392639
vt 0.9624850153923035 0.3254370093345642
vt 0.9612420201301575 0.3254370093345642
vt 0.19596099853515625 0.5766299962997437
vt 0.17712900042533875 0.5766299962997437
vt 0.5991020202636719 0.5145140290260315
vt 0.9373440146446228 0.673812985420227
vt 0.6106569766998291 0.34884700179100037
vt 0.9611960053443909 0.7307119965553284
vt 0.9624379873275757 0.7307119965553284
vt 0.5991020202636719 0.3406359851360321
vt 0.9416670203208923 0.05458600074052811
vt 0.40077900886535645 0.5766299962997437
vt 0.38194701075553894 0.5766299962997437
vt 0.9691089987754822 0.36504700779914856
vt 0.9680740237236023 0.36504700779914856
vt 0.019241999834775925 0.7639300227165222
vt 0.8271899819374084 0.2147350013256073
vt 0.5674880146980286 0.8615509867668152
vt 0.17608599364757538 0.8772299885749817
vt 0.1773270070552826 0.8772299885749817
vt 0.9476940035820007 0.0032430000137537718
vt 0.20744000375270844 0.8837170004844666
vt 0.943572998046875 0.2883790135383606
vt 0.07880000025033951 0.7639300227165222
vt 0.3593659996986389 0.8684800267219543
vt 0.28875601291656494 0.9912940263748169
vt 0.15931299328804016 0.8860769867897034
vt 0.9706569910049438 0.0026209999341517687
vt 0.9716929793357849 0.0026209999341517687
vt 0.8656589984893799 0.0030350000597536564
vt 0.0026209999341517687 0.12518200278282166
vt 0.916638970375061 0.772674024105072
vt 0.9689509868621826 0.4482719898223877
vt 0.9679160118103027 0.4482719898223877
vt 0.13294699788093567 0.8512960076332092
vt 0.908502995967865 0.0032430000137537718
vt 0.2745169997215271 0.7647629976272583
vt 0.9858859777450562 0.1127609983086586
vt 0.9846439957618713 0.1127609983086586
vt 0.9382619857788086 0.3325429856777191
vt 0.9448720216751099 0.674435019493103
vt 0.13429200649261475 0.030570000410079956
vt 0.1369830071926117 0.024980999529361725
vt 0.9769359827041626 0.0026209999341517687
vt 0.3672730028629303 0.8806939721107483
vt 0.8602129817008972 0.11462400108575821
vt 0.9680740237236023 0.29231199622154236
vt 0.9693160057067871 0.29231199622154236
vt 0.8619329929351807 0.126010000705719
vt 0.2805880010128021 0.7633090019226074
vt 0.9899960160255432 0.20908699929714203
vt 0.9920650124549866 0.20908699929714203
vt 0.9432330131530762 0.673812985420227
vt 0.9837049841880798 0.8408510088920593
vt 0.9824640154838562 0.8408510088920593
vt 0.9432330131530762 0.5574629902839661
vt 0.9824640154838562 0.7307119965553284
vt 0.9837049841880798 0.7307119965553284
vt 0.32565298676490784 0.27057400345802307
vt 0.035704001784324646 0.7639300227165222
vt 0.8058069944381714 0.9040060043334961
vt 0.8206089735031128 0.9092199802398682
vt 0.8336349725723267 0.9729080200195312
vt 0.8220700025558472 0.9835140109062195
vt 0.06663300096988678 0.8981450200080872
vt 0.06411799788475037 0.9725790023803711
vt 0.04950600117444992 0.9774720072746277
vt 0.05283299833536148 0.892412006855011
vt 0.07792399823665619 0.9086310267448425
vt 0.0770919993519783 0.9605540037155151
vt 0.7911120057106018 0.9044749736785889
vt 0.8083699941635132 0.9888520240783691
vt 0.8208320140838623 0.07168100029230118
vt 0.8208069801330566 0.056807998567819595
vt 0.8286529779434204 0.0026209999341517687
vt 0.4124029874801636 0.17649899423122406
vt 0.4124029874801636 0.1779630035161972
vt 0.41225698590278625 0.17664499580860138
vt 0.022495999932289124 0.03988699987530708
vt 0.08478199690580368 0.9435759782791138
vt 0.08478199690580368 0.9249380230903625
vt 0.7660729885101318 0.9721440076828003
vt 0.7788739800453186 0.9841070175170898
vt 0.7936750054359436 0.9893209934234619
vt 0.18232199549674988 0.16658799350261688
vt 0.009479000233113766 0.960781991481781
vt 0.0026209999341517687 0.944474995136261
vt 0.7587710022926331 0.9364460110664368
vt 0.7658470273017883 0.9204189777374268
vt 0.8286529779434204 0.12913799285888672
vt 0.18232199549674988 0.03988699987530708
vt 0.841750979423523 0.12913300096988678
vt 0.8339210152626038 0.06008300185203552
vt 0.841750979423523 0.0026209999341517687
vt 0.8407109975814819 0.9382849931716919
vt 0.8407109975814819 0.9568809866905212
vt 0.8334090113639832 0.9211829900741577
vt 0.4124029874801636 0.18466900289058685
vt 0.41225698590278625 0.18452300131320953
vt 0.4124029874801636 0.1832060068845749
vt 0.8469939827919006 0.12913300096988678
vt 0.8469939827919006 0.0026209999341517687
vt 0.8548179864883423 0.07168299704790115
vt 0.02328599989414215 0.8968340158462524
vt 0.03789699822664261 0.8919410109519958
vt 0.03457000106573105 0.9770010113716125
vt 0.0207700002938509 0.9712679982185364
vt 0.7774119973182678 0.9098129868507385
vt 0.022495999932289124 0.16658799350261688
vt 0.854843020439148 0.05680999904870987
vt 0.8077070116996765 0.12913799285888672
vt 0.8077070116996765 0.0026209999341517687
vt 0.8155400156974792 0.060081999748945236
vt 0.7587710022926331 0.9550420045852661
vt 0.8544909954071045 0.17713600397109985
vt 0.849951982498169 0.15498100221157074
vt 0.8544909954071045 0.13456599414348602
vt 0.8338959813117981 0.07495500147342682
vt 0.010311000049114227 0.9088590145111084
vt 0.0026209999341517687 0.925836980342865
vt 0.815563976764679 0.07495500147342682
o mesh_input
f 2893/1 2855/2 2675/3 2713/4
f 1667/5 1669/6 1555/7 1591/8
f 134/9 280/10 354/11 250/12
f 2694/13 2656/14 2836/15 2874/16
f 1703/17 1705/18 1563/19 1597/20
f 1367/21 1329/22 1542/23 1580/24
f 1514/25 1552/26 1810/27 1808/28
f 1299/29 1301/30 1514/25 1512/31
f 276/32 278/33 348/34 346/35
f 214/36 172/37 366/38 420/39
f 27/40 19/41 5/42 13/43
f 2821/44 2861/45 2681/46 2641/47
f 2654/48 2692/49 2872/50 2834/51
f 140/52 98/53 214/54 256/55
f 2620/56 2622/57 2802/58 2800/59
f 609/60 647/61 481/62 443/63
f 2840/64 2800/65 2966/66 3006/67
f 1982/68 1948/69 2157/70 2197/71
f 220/72 262/73 474/74 426/75
f 3473/76 3465/77 3449/78 3457/79
f 1559/80 1521/81 1308/82 1346/83
f 1643/84 1663/85 1665/86 1599/87
f 1866/88 1868/89 2085/90 2083/91
f 1276/92 1314/93 1120/94 1084/95
f 2825/96 2865/97 2685/98 2645/99
f 1743/100 1745/101 1535/102 1497/103
f 1487/104 1489/105 1276/92 1274/106
f 1360/107 1398/108 1210/109 1172/110
f 1301/30 1339/111 1552/26 1514/25
f 1366/112 1328/113 1134/114 1178/115
f 597/116 635/117 469/118 421/119
f 526/120 388/121 570/122 692/123
f 1254/124 1248/125 1463/126 1467/127
f 3337/128 3377/129 3261/130 3219/131
f 3424/132 3388/133 3387/134 3423/135
f 538/136 540/137 720/138 718/139
f 1786/140 1788/141 1958/142 1922/143
f 2138/144 2174/145 1929/146 1893/147
f 2340/148 2376/149 2186/150 2146/151
f 2812/152 2814/153 2980/154 2978/155
f 974/156 936/157 1127/158 1171/159
f 800/160 838/161 1007/162 968/163
f 143/164 101/165 102/166 144/167
f 884/168 886/169 1081/170 1079/171
f 1770/172 1772/173 1954/174 1918/175
f 1664/176 1644/177 1600/178 1666/179
f 1398/180 1400/181 1212/182 1210/183
f 1573/184 1617/185 1398/108 1360/107
f 1370/186 1332/187 1138/188 1182/189
f 2212/190 2172/191 1963/192 1997/193
f 1995/194 1997/193 1807/195 1805/196
f 69/197 107/198 108/199 70/200
f 201/201 159/202 47/203 85/204
f 1328/205 1290/206 1098/207 1134/208
f 787/209 751/210 571/211 607/212
f 1840/213 1662/214 1664/215 1842/216
f 2527/217 2566/218 2372/219 2336/220
f 993/221 955/222 787/223 825/224
f 1300/225 1338/226 1144/227 1108/228
f 2143/229 2183/230 2373/231 2337/232
f 2295/233 2337/234 2528/235 2492/236
f 717/237 719/238 539/239 537/240
f 1848/241 1684/242 1686/243 1884/244
f 1235/245 1237/246 1425/247 1423/248
f 2631/249 2633/250 2464/251 2462/252
f 2189/253 2149/254 2343/255 2379/256
f 3201/257 3203/258 3133/259 3131/260
f 3402/261 3438/262 3437/263 3401/264
f 2715/265 2751/266 2586/267 2547/268
f 863/269 825/224 645/270 683/271
f 3076/272 3152/273 3326/274 3286/275
f 1103/276 1105/277 1297/278 1295/279
f 2874/16 2836/15 3002/280 3046/281
f 1101/282 1137/283 1331/284 1293/285
f 1415/286 1423/287 1636/288 1634/289
f 1189/290 1227/291 1415/286 1377/292
f 1981/293 1947/294 1745/101 1743/100
f 313/295 439/296 395/297 297/298
f 1605/299 1607/300 1388/301 1386/302
f 270/303 269/304 229/305 230/306
f 2719/307 2755/308 2590/309 2551/310
f 2515/311 2551/312 2360/313 2318/314
f 528/315 530/316 696/317 694/318
f 1984/319 1986/320 2201/321 2199/322
f 2229/323 2233/324 2020/325 2014/326
f 2725/327 2687/328 2521/329 2557/330
f 180/331 182/332 384/333 382/334
f 1891/335 1837/336 1659/337 1657/338
f 2575/339 2577/340 2742/341 2740/342
f 2704/343 2740/344 2920/345 2884/346
f 3257/347 3297/348 3095/349 3047/350
f 909/351 949/352 781/353 743/354
f 3003/355 3047/356 2875/357 2837/358
f 3305/359 3307/360 3113/361 3111/362
f 2506/363 2463/364 2632/365 2672/366
f 2033/367 1456/368 1460/369 1836/370
f 3303/371 3263/372 3053/373 3105/374
f 1454/375 1456/368 2033/367 2031/376
f 696/317 530/316 532/377 698/378
f 1406/379 1408/380 1220/381 1218/382
f 1501/383 1539/384 1326/385 1288/386
f 732/387 770/388 938/389 898/390
f 1881/391 1999/392 1819/393 1817/394
f 2334/395 2290/396 2102/397 2140/398
f 2765/399 2034/400 2023/401 2234/402
f 1021/403 982/404 1179/405 1217/406
f 850/407 852/408 1021/409 1019/410
f 952/411 912/412 1107/413 1143/414
f 385/415 431/416 307/417 295/418
f 158/419 200/420 406/421 336/422
f 3344/423 3194/424 3193/425 3343/426
f 44/427 46/428 158/419 156/429
f 921/430 957/431 789/432 753/433
f 1884/244 1898/434 2105/435 2097/436
f 2338/437 2296/438 2106/439 2144/440
f 1072/441 1076/442 921/443 879/444
f 2304/445 2262/446 2074/447 2114/448
f 346/35 348/34 498/449 496/450
f 839/451 801/452 621/453 659/454
f 130/455 276/456 346/457 246/458
f 2768/459 2945/460 2869/461 2689/462
f 963/463 1002/464 833/465 795/466
f 3350/467 3390/468 3389/469 3349/470
f 3324/471 3284/472 3400/473 3436/474
f 2258/475 2260/476 2072/477 2070/478
f 1116/479 1160/480 963/463 925/481
f 2543/482 2582/483 2388/484 2352/485
f 551/486 589/487 413/488 351/489
f 2310/490 2352/491 2158/492 2120/493
f 279/494 281/495 282/496 280/497
f 1564/498 1526/499 1708/500 1706/501
f 1385/502 1351/503 1564/498 1598/504
f 3174/505 3442/506 3441/507 3173/508
f 1372/509 1410/510 1222/511 1184/512
f 356/513 252/514 464/515 502/516
f 3098/517 3050/518 3260/519 3300/520
f 2428/521 2432/522 2237/523 2233/324
f 2872/524 2908/525 3088/526 3044/527
f 1690/528 1692/529 1968/530 1934/531
f 2734/532 2698/533 2878/534 2914/535
f 752/536 716/537 880/538 920/539
f 1594/540 1602/541 1682/542 1680/543
f 3027/544 3071/545 2899/546 2861/45
f 2912/547 2914/535 3098/517 3096/548
f 1726/549 1728/550 1978/551 1976/552
f 2706/553 2668/554 2848/555 2886/556
f 3436/474 3400/473 3399/557 3435/558
f 587/559 549/560 349/561 411/562
f 1712/563 1714/564 1940/565 1974/566
f 303/567 305/568 306/569 304/570
f 2685/98 2723/571 2555/572 2519/573
f 1783/574 1785/575 1583/576 1627/577
f 2332/578 2368/579 2174/145 2138/144
f 2773/580 3455/581 3457/582 2775/583
f 3045/584 3001/585 2835/586 2873/587
f 2909/588 2873/587 2693/589 2729/590
f 603/591 565/592 381/593 427/594
f 3223/595 3265/596 3055/597 3011/598
f 2965/599 2967/600 2801/601 2799/602
f 2124/603 2162/604 1953/605 1917/606
f 1480/607 1267/608 1341/609 1554/610
f 1867/611 1917/606 1769/612 1767/613
f 2668/554 2628/614 2808/615 2848/555
f 1757/616 1759/617 1501/383 1499/618
f 624/619 662/620 842/621 804/622
f 2886/556 2848/555 3014/623 3058/624
f 2638/625 2678/626 2858/627 2818/628
f 111/629 191/630 192/631 112/632
f 652/633 614/634 794/635 832/636
f 2208/637 2168/638 1959/639 1993/640
f 1937/641 1971/642 1709/643 1707/644
f 1442/645 1455/646 1459/647 1244/648
f 2674/649 2712/650 2892/651 2854/652
f 1779/653 1781/654 1625/655 1581/656
f 630/657 592/658 772/659 810/660
f 2756/661 2758/662 2938/663 2936/664
f 1545/665 1507/666 1294/667 1332/668
f 2181/669 2177/670 2371/671 2413/672
f 1376/673 1414/674 1226/675 1188/676
f 919/677 879/444 715/678 751/679
f 1551/680 1589/681 1376/673 1338/682
f 927/683 887/684 721/685 759/686
f 1147/687 1075/688 1305/689 1343/690
f 2108/691 2146/692 1937/693 1901/694
f 1213/695 1175/696 1363/697 1401/698
f 2393/699 2395/700 2589/701 2587/702
f 1067/703 1054/704 997/705 1056/706
f 1273/707 1311/708 1524/709 1486/710
f 3429/711 3431/712 3319/713 3317/714
f 1079/171 1081/170 1273/707 1271/715
f 212/716 254/717 466/718 418/719
f 1099/720 1101/282 1293/285 1291/721
f 1627/577 1583/576 1370/186 1408/722
f 90/723 52/724 164/725 206/726
f 3437/263 3439/727 3327/728 3325/729
f 891/730 893/731 727/732 725/733
f 131/734 89/735 90/736 132/737
f 3036/738 2950/739 3038/740 3248/741
f 3427/742 3391/743 3275/744 3315/745
f 3210/746 3212/747 3211/748 3209/749
f 3359/750 3209/751 3147/752 3241/753
f 910/754 950/755 1141/756 1105/277
f 2796/757 2798/758 2964/759 2962/760
f 975/761 1014/762 845/763 807/764
f 3002/280 2962/765 3086/766 3180/767
f 3355/768 3205/769 3139/770 3237/771
f 1071/772 882/773 960/774 1157/775
f 971/776 1010/777 841/778 803/779
f 2590/309 2592/780 2398/781 2396/782
f 168/783 170/784 360/785 358/786
f 1565/787 1609/788 1390/789 1352/790
f 763/791 725/792 545/793 583/794
f 2269/795 2311/796 2508/797 2465/798
f 969/799 931/800 763/801 801/452
f 671/802 633/803 467/804 505/805
f 2521/329 2478/806 2282/807 2324/808
f 1756/809 1758/810 1984/319 1950/811
f 2806/812 2846/813 3012/814 2972/815
f 2045/816 2029/817 2031/818 2047/819
f 561/820 563/821 375/822 373/823
f 2970/824 2972/825 3110/826 3108/827
f 1266/828 1479/829 1553/830 1340/831
f 395/297 299/832 185/833 297/298
f 1620/834 1576/835 1754/836 1752/837
f 2676/838 2636/839 2816/840 2856/841
f 1047/842 1242/843 1228/844 1033/845
f 2924/846 2926/847 3122/848 3120/849
f 3113/361 3057/850 2885/851 2921/852
f 3060/853 3120/849 3310/854 3270/855
f 2039/856 1433/857 1435/858 2041/859
f 26/860 34/861 714/862 708/863
f 1701/864 1851/865 1885/866 1703/17
f 203/867 245/868 129/869 87/870
f 3125/871 3231/872 3019/873 2979/874
f 2977/875 2979/876 2813/877 2811/878
f 2326/879 2216/880 2218/881 2328/882
f 1631/883 1587/884 1374/885 1412/886
f 1873/887 1875/888 1799/889 1797/890
f 2529/891 2493/892 2296/438 2338/437
f 2374/893 2338/894 2144/895 2184/896
f 2040/897 2036/898 1446/899 1434/900
f 2454/901 2456/902 2260/476 2258/475
f 84/903 126/904 242/905 200/906
f 2618/907 2449/908 2481/909 2650/910
f 1306/911 1344/912 1148/913 1076/442
f 1120/914 1164/915 967/916 929/917
f 1976/552 1978/551 2193/918 2191/919
f 3229/920 3123/921 2977/922 3017/923
f 490/924 332/925 318/926 484/927
f 816/928 854/929 1023/930 984/931
f 2718/932 2680/933 2860/934 2898/935
f 705/936 1432/937 1434/938 707/939
f 2440/940 2442/941 2612/942 2610/943
f 1208/944 1170/945 973/946 1012/947
f 1337/948 1299/29 1512/31 1550/949
f 2027/950 2029/951 2045/952 2043/953
f 286/954 140/52 256/55 364/955
f 1850/956 1852/957 2069/958 2067/959
f 25/960 33/961 12/962 3/963
f 64/964 66/965 178/966 176/967
f 3226/968 3116/969 3194/424 3344/423
f 3463/970 2027/950 2043/953 3467/971
f 3162/972 3216/973 3334/974 3250/975
f 1916/976 1866/977 2083/978 2123/979
f 1730/980 1732/981 1908/982 1944/983
f 536/984 574/985 754/986 716/987
f 2003/988 1825/989 1827/990 2011/991
f 60/992 62/993 174/994 172/37
f 1766/995 1768/996 1868/89 1866/88
f 1391/997 1393/998 1612/999 1610/1000
f 108/1001 150/1002 266/1003 224/1004
f 1004/1005 1200/1006 1194/1007 1000/1008
f 1752/837 1754/836 1914/1009 1864/1010
f 2320/1011 2278/1012 2090/1013 2130/1014
f 1321/1015 1283/1016 1496/1017 1534/1018
f 430/1019 478/1020 644/1021 606/1022
f 832/636 794/635 962/1023 999/1024
f 2843/1025 2803/1026 2623/1027 2663/1028
f 2605/1029 2785/1030 2787/1031 2607/1032
f 576/1033 538/136 718/139 756/1034
f 1515/1035 1448/1036 1449/1037 1302/1038
f 2235/1039 2231/1040 2018/1041 2024/1042
f 1986/320 1952/1043 2161/1044 2201/321
f 677/1045 679/1046 513/1047 511/1048
f 3062/1049 3018/1050 3230/1051 3272/1052
f 819/1053 857/1054 677/1055 639/1056
f 2617/1057 2797/1058 2829/1059 2649/1060
f 1768/1061 1770/172 1918/175 1868/1062
f 544/1063 582/1064 762/1065 724/1066
f 1797/890 1799/889 1631/1067 1629/1068
f 1604/1069 1421/1070 1383/1071 1596/1072
f 1646/1073 1650/1074 1462/1075 1458/1076
f 2858/627 2896/1077 3068/1078 3024/1079
f 1870/1080 1872/1081 2089/1082 2087/1083
f 1325/1084 1287/1085 1500/1086 1538/1087
f 1806/1088 1808/28 1998/1089 1996/1090
f 691/1091 569/1092 387/1093 525/1094
f 1790/1095 1792/1096 1994/1097 1992/1098
f 2722/1099 2684/1100 2864/1101 2902/1102
f 776/1103 738/1104 904/1105 944/1106
f 869/1107 871/1108 691/1109 689/1110
f 3461/1111 3453/1112 2777/1113 2781/1114
f 2938/663 2902/1115 3074/1116 3146/1117
f 2337/232 2373/231 2567/1118 2528/1119
f 1331/1120 1369/1121 1582/1122 1544/1123
f 3195/1124 3345/1125 3227/1126 3117/1127
f 2066/1128 2068/1129 1851/1130 1849/1131
f 195/1132 237/1133 121/1134 79/1135
f 3425/1136 3427/742 3315/745 3313/1137
f 2816/1138 2818/1139 2984/1140 2982/1141
f 978/1142 940/1143 1131/1144 1175/696
f 2341/1145 2377/1146 2571/1147 2532/1148
f 2522/1149 2479/1150 2648/1151 2688/1152
f 2565/1153 2411/1154 2293/1155 2490/1156
f 337/1157 339/1158 273/1159 271/1160
f 881/1161 1070/1162 1156/1163 959/1164
f 93/1165 55/1166 56/1167 94/1168
f 3319/713 3279/1169 3069/1170 3137/1171
f 3213/1172 3171/1173 3079/1174 3155/1175
f 99/1176 141/1177 142/1178 100/1179
f 2343/1180 2301/1181 2498/1182 2534/1183
f 2081/1184 2121/1185 2311/796 2269/795
f 2267/1186 2269/1187 2465/1188 2463/1189
f 2287/1190 2299/1191 2496/1192 2483/1193
f 2472/1194 2515/311 2318/314 2276/1195
f 9/1196 16/1197 17/1198 10/1199
f 446/1200 528/1201 694/1202 612/1203
f 1428/1204 1641/1205 1643/1206 1430/1207
f 1862/1208 1864/1209 2081/1210 2079/1211
f 2999/1212 3043/1213 2871/1214 2833/1215
f 2594/1216 2596/1217 2402/1218 2400/1219
f 1420/1220 1603/1221 1595/1222 1382/1223
f 941/1224 979/1225 811/1226 773/1227
f 3475/1228 3478/1229 3461/1230 3459/1231
f 444/1232 482/1233 648/1234 610/1235
f 817/1236 779/1237 599/1238 637/1239
f 1150/1240 1061/1241 1062/1242 1152/1243
f 1024/1244 985/1245 817/1236 855/1246
f 488/1247 490/1248 656/1249 654/1250
f 432/1251 434/1252 526/1253 524/1254
f 3128/1255 3130/1256 3316/1257 3314/1258
f 400/1259 326/1260 538/136 576/1033
f 834/1261 836/1262 1005/1263 1003/1264
f 1958/1265 1992/1098 2207/1266 2167/1267
f 3365/1268 3445/1269 3367/1270 3247/1271
f 3026/1272 2986/1273 3140/1274 3238/1275
f 487/1276 489/1277 331/1278 329/1279
f 2180/1280 2176/1281 1931/1282 1965/1283
f 1028/1284 989/1285 821/1286 859/1287
f 2824/1288 2826/1289 2992/1290 2990/1291
f 1964/1292 1928/1293 2135/1294 2173/1295
f 2602/1296 2563/1297 2730/1298 2772/1299
f 2296/438 2254/1300 2066/1301 2106/439
f 1466/1302 1470/1303 1257/1304 1253/1305
f 2690/1306 2604/1307 2784/1308 2870/1309
f 2530/1310 2494/1311 2660/1312 2698/1313
f 451/1314 403/1315 197/1316 239/1317
f 3021/1318 2981/1319 2815/1320 2855/2
f 1241/1321 1046/1322 1048/1323 1243/1324
f 806/1325 768/1326 936/157 974/156
f 3398/1327 3434/1328 3433/1329 3397/1330
f 1080/1331 1116/1332 925/1333 885/1334
f 3475/1228 3476/1335 3479/1336 3478/1229
f 2268/1337 2310/490 2120/493 2080/1338
f 736/1339 774/1340 942/1341 902/1342
f 2612/1343 2764/1344 2944/1345 2792/1346
f 2264/1347 2306/1348 2116/1349 2076/1350
f 1259/1351 1255/1352 1067/703 1113/1353
f 2074/1354 2076/1355 1859/1356 1857/1357
f 2356/1358 2392/1359 2202/1360 2162/1361
f 2380/1362 2382/1363 2192/1364 2190/1365
f 2388/484 2390/1366 2200/1367 2198/1368
f 2362/1369 2320/1011 2130/1014 2168/1370
f 2544/1371 2583/1372 2748/1373 2712/1374
f 2083/91 2085/90 2273/1375 2271/1376
f 53/1377 91/1378 92/1379 54/1380
f 1349/1381 1387/1382 1606/1383 1562/1384
f 2916/1385 2918/1386 3106/1387 3104/1388
f 2947/1389 2909/1390 2729/1391 2771/1392
f 106/1393 68/1394 180/331 222/1395
f 2727/1396 2771/1397 2601/1398 2560/1399
f 147/1400 105/1401 106/1402 148/1403
f 1612/1404 1568/1405 1722/1406 1720/1407
f 1154/1408 1063/1409 1060/1410 1112/1411
f 614/634 576/1412 756/1413 794/635
f 2877/1414 2839/1415 2659/1416 2697/1417
f 1252/1418 1256/1419 1469/1420 1465/1421
f 322/1422 116/1423 232/1424 446/1200
f 2621/1425 2801/1426 2831/1427 2651/1428
f 1496/1017 1498/1429 1744/1430 1742/1431
f 2055/1432 1842/1433 1844/1434 2057/1435
f 2161/1436 2123/979 2313/1437 2355/1438
f 1876/1439 1926/1440 2133/1441 2093/1442
f 1660/1443 1662/214 1840/213 1838/1444
f 2241/1445 2053/1446 2055/1447 2243/1448
f 240/1449 198/1450 404/1451 452/1452
f 2091/1453 2093/1454 2281/1455 2279/1456
f 1777/1457 1779/653 1581/656 1543/1458
f 668/1459 630/657 810/660 848/1460
f 987/1461 1026/1462 857/1054 819/1053
f 500/1463 502/1464 668/1465 666/1466
f 1095/1467 1097/1468 1289/1469 1287/1085
f 550/1470 552/1471 732/1472 730/1473
f 3221/1474 3107/1475 2969/1476 3009/1477
f 1433/857 706/1478 708/1479 1435/858
f 3467/971 3477/1480 3476/1481 3463/970
f 1889/1482 1845/1483 1681/1484 1679/1485
f 546/1486 548/1487 728/1488 726/1489
f 3227/1126 3269/1490 3059/1491 3015/1492
f 2408/1493 2326/879 2419/1494 2424/1495
f 1418/1496 1420/1497 1232/1498 1230/1499
f 2154/1500 2194/1501 1979/1502 1945/1503
f 893/731 933/1504 765/1505 727/732
f 1465/1421 1461/1506 1250/1507 1252/1418
f 347/1508 247/1509 131/734 277/1510
f 628/1511 666/1512 846/1513 808/1514
f 3039/1515 3163/1516 3169/1517 3041/1518
f 495/1519 497/1520 347/1521 345/1522
f 688/1523 522/1524 486/1525 652/633
f 2940/1526 2942/1527 3154/1528 3152/273
f 543/1529 581/1530 405/1531 335/1532
f 1625/1533 1627/1534 1408/380 1406/379
f 2160/1535 2122/1536 1915/1537 1951/1538
f 167/1539 169/1540 57/1541 55/1166
f 3372/1542 3296/1543 3295/1544 3371/1545
f 1567/1546 1529/1547 1316/1548 1354/1549
f 1549/1550 1511/1551 1298/1552 1336/1553
f 3046/281 3002/280 3180/767 3256/1554
f 1198/1555 1200/1556 1004/1557 1002/1558
f 2457/1559 2500/1560 2666/1561 2626/1562
f 2470/1563 2472/1564 2276/1565 2274/1566
f 118/1567 190/1568 392/1569 324/1570
f 1197/1571 1159/1572 1347/1573 1383/1071
f 3211/1574 3361/1575 3243/1576 3149/1577
f 74/1578 38/1579 118/1567 188/1580
f 2387/1581 2351/1582 2542/1583 2581/1584
f 2433/1585 2435/1586 2240/1587 2238/1588
f 196/1589 238/1590 450/1591 402/1592
f 2557/330 2521/329 2324/808 2366/1593
f 1478/1594 1826/1595 1828/1596 1472/1597
f 2271/1376 2273/1375 2469/1598 2467/1599
f 895/1600 897/1601 731/1602 729/1603
f 2783/1604 2785/1030 2605/1029 2603/1605
f 3010/1606 2970/1607 3108/1608 3222/1609
f 433/1610 183/1611 71/1612 309/1613
f 3480/1614 3470/1615 3469/1616 3479/1617
f 226/1618 188/1580 390/1619 442/1620
f 3016/1621 3060/1622 3270/1623 3228/1624
f 319/1625 235/1626 119/1627 233/1628
f 328/1629 402/1630 578/1631 540/137
f 2275/1632 2277/1633 2473/1634 2471/1635
f 152/1636 154/1637 328/1629 326/1260
f 1580/24 1542/23 1772/173 1770/172
f 2207/1266 2209/1638 2399/1639 2397/1640
f 702/1641 704/1642 1443/1643 1441/1644
f 2365/1645 2401/1646 2595/1647 2556/1648
f 1878/1649 1880/1650 2063/1651 2095/1652
f 1510/1653 1548/1654 1794/1655 1792/1096
f 1186/1656 1142/1657 951/1658 989/1285
f 1834/1659 2032/1660 2021/1661 1835/1662
f 3290/1663 3370/1664 3369/1665 3289/1666
f 2748/1667 2750/1668 2930/1669 2928/1670
f 3156/1671 3080/1672 3172/1673 3214/1674
f 3011/598 3055/597 2883/1675 2845/1676
f 621/453 583/1677 407/1678 455/1679
f 1622/1680 1624/1681 1768/996 1766/995
f 1465/1421 1469/1420 1651/1682 1648/1683
f 2946/1684 2769/1685 2690/1306 2870/1309
f 3121/1686 3061/1687 2889/1688 2925/1689
f 778/1690 816/928 984/931 946/1691
f 560/1692 598/1693 778/1694 740/1695
f 2788/1696 2608/1697 2614/1698 2794/1699
f 3285/1700 3325/729 3151/1701 3075/1702
f 2728/1703 2772/1704 2948/1705 2908/525
f 860/1706 822/1707 990/1708 1029/1709
f 678/1710 680/1711 860/1712 858/1713
f 465/1714 503/1715 361/1716 253/1717
f 593/1718 631/1719 465/1714 417/1720
f 311/1721 315/1722 316/1723 312/1724
f 2202/1360 2204/1725 1989/1726 1987/1727
f 51/1728 53/1377 54/1380 52/724
f 1342/1729 1304/1730 1074/1731 1146/1732
f 1118/1733 1082/1734 887/684 927/683
f 2192/1364 2152/1735 1943/1736 1977/1737
f 1350/1738 1312/1739 1118/1740 1162/1741
f 2331/1742 2418/1743 2421/1744 2407/1745
f 1261/1746 1474/1747 1476/1748 1263/1749
f 3182/1750 3184/1751 3183/1752 3181/1753
f 2122/1536 2082/1754 1865/1755 1915/1537
f 1124/1756 1168/1757 971/776 933/1758
f 1121/1759 1165/1760 1353/1761 1315/1762
f 2228/1763 2232/1764 2427/1765 2416/1766
f 739/1767 777/1768 597/1769 559/1770
f 3166/1771 3220/1772 3338/1773 3252/1774
f 1662/214 1642/1775 1644/1776 1664/215
f 1359/1777 1321/1778 1534/1779 1572/1780
f 686/1781 688/1782 868/1783 866/1784
f 3306/1785 3308/1786 3420/1787 3418/1788
f 2737/1789 2701/1790 2533/1791 2572/1792
f 3382/1793 3418/1788 3417/1794 3381/1795
f 2407/1796 2417/1797 2229/323 2225/1798
f 1287/1085 1289/1469 1502/1799 1500/1086
f 2359/1800 2317/1801 2514/1802 2550/1803
f 2809/1804 2849/1805 2669/1806 2629/1807
f 650/1808 618/1809 798/1810 830/1811
f 1277/1812 1315/1813 1528/1814 1490/1815
f 2627/1816 2629/1817 2460/1818 2458/1819
f 3421/1820 3423/135 3311/1821 3309/1822
f 645/270 607/1823 441/1824 479/1825
f 2133/1441 2171/1826 2365/1827 2323/1828
f 489/1829 655/1830 649/1831 483/1832
f 2257/1833 2069/1834 2099/1835 2287/1190
f 861/1836 869/1837 689/1838 681/1839
f 340/1840 244/1841 456/1842 494/1843
f 1293/285 1331/284 1544/1844 1506/1845
f 2915/1846 2917/1847 2737/1848 2735/1849
f 1930/1850 1966/1851 2181/669 2175/1852
f 2139/1853 2175/1852 2369/1854 2333/1855
f 2377/1146 2379/256 2573/1856 2571/1147
f 1855/1857 1905/1858 1721/1859 1719/1860
f 1561/1861 1605/1862 1386/1863 1348/1864
f 2847/1865 2807/1866 2627/1867 2667/1868
f 2856/841 2816/840 2982/1869 3022/1870
f 466/718 504/1871 670/1872 632/1873
f 3066/1874 3022/1870 3234/1875 3276/1876
f 2826/1877 2866/1878 3032/1879 2992/1880
f 355/1881 251/1882 135/1883 281/1884
f 701/1885 703/1886 29/1887 21/1888
f 1903/1889 1853/1890 1717/1891 1715/1892
f 2489/1893 2433/1894 2238/1895 2292/1896
f 3369/1897 3405/1898 3291/1899 3253/1900
f 394/1901 306/1902 234/1903 320/1904
f 566/1905 568/1906 748/1907 746/1908
f 1034/1909 994/1910 1191/1911 1229/1912
f 428/1913 382/334 566/1905 604/1914
f 3079/1915 3081/1916 2957/1917 2955/1918
f 2315/1919 2357/1920 2548/1921 2512/1922
f 1919/1923 1869/1924 1781/654 1779/653
f 962/1023 924/1925 1115/1926 1159/1572
f 1087/1927 1089/1928 1281/1929 1279/1930
f 2345/1931 2381/1932 2575/339 2536/1933
f 2967/1934 3101/1935 3165/1936 2997/1937
f 932/1938 892/1939 1087/1927 1123/1940
f 77/1941 39/1942 40/1943 78/1944
f 1094/1945 1096/1946 901/1947 899/1948
f 434/1949 184/1950 388/121 526/120
f 1022/1951 1024/1952 855/1953 853/1954
f 1180/1955 1218/1956 1022/1957 983/1958
f 3232/1959 3274/1960 3390/468 3350/467
f 1989/1726 1955/1961 1777/1962 1775/1963
f 1176/1964 1214/1965 1018/1966 979/1225
f 1224/1967 1186/1656 989/1285 1028/1284
f 892/1939 894/1968 1089/1928 1087/1927
f 1177/1969 1215/1970 1403/1971 1365/1972
f 3320/1973 3280/1974 3396/1975 3432/1976
f 2473/1977 2516/1978 2682/1979 2642/1980
f 942/1981 980/1982 1177/1969 1133/1983
f 1659/1984 1661/1985 1641/1205 1639/1986
f 1578/1987 1622/1988 1766/1989 1764/1990
f 1183/1991 1139/1992 1333/1993 1371/1994
f 1327/1995 1365/1972 1578/1987 1540/1996
f 1886/1997 1902/1998 2109/1999 2099/1835
f 1335/2000 1373/2001 1586/2002 1548/2003
f 647/61 685/2004 519/2005 481/62
f 2980/2006 3020/2007 3232/1959 3126/2008
f 1681/2009 1683/2010 1603/2011 1601/2012
f 3124/2013 3126/2014 3200/2015 3198/2016
f 3092/2017 2964/2018 2996/2019 3162/972
f 483/1832 451/1314 239/1317 317/2020
f 2533/2021 2497/2022 2300/2023 2342/2024
f 3065/2025 3021/1318 2855/2 2893/1
f 411/562 349/561 163/2026 205/2027
f 3136/2028 3138/2029 3320/1973 3318/2030
f 2929/2031 2893/2032 2713/2033 2749/2034
f 1656/2035 2002/2036 2037/2037 1447/2038
f 1665/86 1667/5 1591/8 1599/87
f 14/2039 7/2040 20/2041 28/2042
f 1512/31 1514/25 1808/28 1806/1088
f 2987/2043 3027/544 2861/45 2821/44
f 417/1720 465/1714 253/1717 211/2044
f 2797/1058 2963/2045 2995/2046 2829/1059
f 2819/2047 2821/2048 2641/2049 2639/2050
f 2614/1698 2654/48 2834/51 2794/1699
f 2382/1363 2346/2051 2152/1735 2192/1364
f 2528/1119 2567/1118 2732/2052 2696/2053
f 777/2054 815/2055 635/117 597/116
f 2658/2056 2696/2057 2876/2058 2838/2059
f 1595/1222 1559/80 1346/83 1382/1223
f 2573/1856 2534/2060 2702/2061 2738/2062
f 1274/106 1276/92 1084/95 1082/1734
f 2823/2063 2825/2064 2645/2065 2643/2066
f 1741/2067 1743/100 1497/103 1495/2068
f 2199/322 2201/321 2391/2069 2389/2070
f 1322/2071 1360/107 1172/110 1128/2072
f 3342/2073 3382/2074 3381/2075 3341/2076
f 1467/127 1463/126 1832/2077 1830/2078
f 2282/807 2244/2079 2062/2080 2094/2081
f 3181/1753 3183/1752 3091/2082 3085/2083
f 1356/2084 1394/2085 1206/2086 1168/1757
f 1178/115 1134/114 943/2087 981/2088
f 2793/2089 2833/1215 2653/2090 2613/2091
f 1404/2092 1366/112 1178/115 1216/2093
f 293/2094 147/1400 148/1403 294/2095
f 3251/2096 3337/128 3219/131 3165/1936
f 3422/2097 3424/132 3423/135 3421/1820
f 2100/2098 2138/2099 1893/2100 1887/2101
f 31/2102 23/2103 1/2104 11/2105
f 2131/2106 2091/2107 2279/2108 2321/2109
f 1444/2110 1432/2111 705/2112 709/2113
f 2482/2114 2495/2115 2298/2116 2286/2117
f 1401/698 1363/697 1576/835 1620/834
f 1961/2118 1995/194 1805/196 1803/2119
f 67/2120 69/197 70/200 68/1394
f 1211/2121 1213/2122 1401/2123 1399/2124
f 825/224 787/223 607/1823 645/270
f 1671/2125 1673/2126 1481/2127 1517/2128
f 2065/2129 2215/2130 2405/2131 2247/2132
f 6/2133 5/2134 8/2135 9/2136
f 1137/2137 1181/2138 1369/1121 1331/1120
f 755/2139 717/237 537/240 575/2140
f 1693/2141 1695/2142 1523/2143 1485/2144
f 277/1510 131/734 132/737 278/2145
f 2811/878 2813/877 2633/2146 2631/2147
f 1700/2148 1702/2149 1852/957 1850/956
f 2671/2150 2631/2151 2462/2152 2505/2153
f 456/1842 408/2154 584/2155 622/2156
f 438/2157 316/1723 314/2158 440/2159
f 1483/2160 1485/2144 1272/2161 1270/2162
f 352/2163 414/2164 590/2165 552/1471
f 3032/1879 3076/2166 3286/2167 3244/2168
f 759/2169 721/2170 541/2171 579/2172
f 3450/2173 2770/2174 2769/1685 2946/1684
f 672/2175 634/2176 814/2177 852/2178
f 604/1914 566/1905 746/1908 784/2179
f 1377/292 1415/286 1634/289 1590/2180
f 2935/2181 2937/2182 2757/2183 2755/2184
f 1145/2185 1189/290 1377/292 1339/2186
f 3161/2187 3215/2188 3003/355 2995/2046
f 1731/2189 1733/2190 1613/2191 1569/2192
f 372/2193 260/2194 472/2195 510/2196
f 1479/829 1655/2197 1657/338 1553/830
f 3413/2198 3415/2199 3303/371 3301/2200
f 343/2201 409/2202 203/2203 161/2204
f 2540/2205 2579/2206 2744/2207 2708/2208
f 499/2209 501/2210 355/2211 353/2212
f 217/2213 175/2214 63/2215 101/2216
f 3153/2217 3077/2218 2905/2219 2941/2220
f 2313/1437 2271/2221 2467/2222 2510/2223
f 1619/2224 1575/2225 1362/2226 1400/2227
f 2536/1933 2575/339 2740/342 2704/2228
f 171/2229 173/2230 61/2231 59/2232
f 2487/2233 2446/2234 2250/2235 2290/396
f 3215/2188 3257/2236 3047/356 3003/355
f 1222/2237 1224/2238 1028/2239 1026/2240
f 223/2241 265/2242 149/2243 107/2244
f 2031/376 2033/367 2049/2245 2047/2246
f 3265/2247 3305/359 3111/362 3055/2248
f 2060/2249 2252/2250 2284/2251 2096/2252
f 3194/2253 3196/2254 3195/2255 3193/2256
f 2542/2257 2506/363 2672/366 2710/2258
f 1503/2259 1505/2260 1292/2261 1290/206
f 298/2262 186/2263 300/2264 396/2265
f 3301/2200 3303/371 3105/374 3103/2266
f 3347/2267 3197/2268 3123/921 3229/920
f 959/1164 1043/2269 873/2270 791/2271
f 3271/2272 3229/920 3017/923 3061/2273
f 3390/2274 3426/2275 3425/1136 3389/2276
f 194/2277 152/1636 326/1260 400/1259
f 2260/2278 2302/2279 2112/2280 2072/2281
f 120/2282 78/2283 194/2284 236/2285
f 3388/2286 3348/2287 3347/2267 3387/2288
f 1019/410 1021/409 1217/2289 1215/2290
f 3080/2291 3082/2292 3174/2293 3172/2294
f 1005/2295 836/2296 830/1811 1001/2297
f 156/429 158/419 336/422 334/2298
f 1410/2299 1412/2300 1224/2238 1222/2237
f 3384/2301 3344/423 3343/426 3383/2302
f 82/2303 44/427 156/429 198/2304
f 879/444 921/443 753/2305 715/678
f 659/454 621/453 455/1679 493/2306
f 1686/243 1688/2307 1898/434 1884/244
f 2346/2308 2304/445 2114/448 2152/2309
f 3322/2310 3324/471 3436/474 3434/1328
f 925/481 963/463 795/466 757/2311
f 549/560 551/486 351/489 349/561
f 1598/504 1564/498 1706/501 1704/2312
f 631/1719 669/2313 503/1715 465/1714
f 2692/2314 2728/1703 2908/525 2872/524
f 2834/51 2872/50 3044/2315 3000/2316
f 1688/2307 1690/2317 1934/2318 1898/434
f 113/2319 311/2320 312/2321 114/2322
f 788/2323 752/2324 920/2325 956/2326
f 1558/2327 1594/540 1680/543 1678/2328
f 2732/2329 2734/532 2914/535 2912/547
f 1717/2330 1719/2331 1611/2332 1609/2333
f 1724/2334 1726/549 1976/552 1942/2335
f 875/2336 1045/2337 1047/2338 877/2339
f 2742/2340 2706/2341 2886/2342 2922/2343
f 1456/368 1443/1643 1245/2344 1460/369
f 625/2345 587/2346 411/2347 459/2348
f 191/630 303/2349 304/2350 192/631
f 2465/798 2508/797 2674/649 2634/2351
f 1606/2352 1608/2353 1702/2149 1700/2148
f 1745/2354 1747/2355 1573/184 1535/2356
f 634/2176 596/2357 776/2358 814/2177
f 2632/2359 2634/2360 2814/153 2812/152
f 2863/2361 2823/2362 2643/2363 2683/2364
f 2645/99 2685/98 2519/573 2476/2365
f 1781/2366 1783/2367 1627/1534 1625/1533
f 2088/2368 2128/2369 1921/2370 1871/2371
f 542/2372 544/1063 724/1066 722/2373
f 564/2374 602/2375 782/2376 744/2377
f 425/2378 473/2379 261/2380 219/2381
f 2084/2382 2124/603 1917/606 1867/611
f 1755/2383 1757/616 1499/618 1537/2384
f 112/632 192/631 302/2385 228/2386
f 523/2387 525/2388 433/2389 431/2390
f 75/2391 111/2392 112/2393 76/2394
f 2206/2395 2208/637 1993/640 1991/2396
f 3193/2256 3195/2255 3117/2397 3115/2398
f 3385/2399 3421/1820 3309/1822 3269/2400
f 2634/2351 2674/649 2854/652 2814/2401
f 268/2402 270/2403 332/2404 330/2405
f 1702/2406 1608/2407 1598/504 1704/2312
f 2720/2408 2756/661 2936/664 2900/2409
f 1583/576 1545/2410 1332/187 1370/186
f 1966/1851 1932/2411 2177/670 2181/669
f 3391/2412 3351/2413 3233/2414 3275/2415
f 2175/1852 2181/669 2413/672 2369/1854
f 3209/749 3211/748 3149/2416 3147/2417
f 2661/2418 2699/2419 2531/2420 2495/2115
f 1513/2421 1551/2422 1338/226 1300/225
f 2962/760 2964/759 3092/2423 3086/2424
f 32/2425 24/2426 706/2427 710/2428
f 1043/2429 1045/2337 875/2336 873/2430
f 2357/2431 2393/699 2587/702 2548/2432
f 2741/2433 2705/2434 2537/2435 2576/2436
f 3430/2437 3432/1976 3431/712 3429/711
f 3393/2438 3429/711 3317/714 3277/2439
f 1694/2440 1696/2441 1936/2442 1970/2443
f 170/784 212/2444 418/2445 360/785
f 3140/2446 3142/2447 3208/2448 3206/2449
f 931/2450 891/730 725/733 763/2451
f 3360/2452 3210/2453 3209/751 3359/750
f 510/2196 472/2195 638/2454 676/2455
f 3399/2456 3359/750 3241/753 3283/2457
f 3286/275 3326/274 3438/262 3402/261
f 370/2458 372/2459 510/2460 508/2461
f 807/764 845/763 665/2462 627/2463
f 2836/15 2796/2464 2962/765 3002/280
f 2468/2465 2511/2466 2314/2467 2272/2468
f 937/2469 975/761 807/764 769/2470
f 2759/2471 2761/2472 2596/1217 2594/1216
f 2555/2473 2594/1216 2400/1219 2364/2474
f 299/832 225/2475 109/2476 185/833
f 3083/2477 3177/2478 2999/1212 2959/2479
f 1859/2480 1909/2481 1737/2482 1735/2483
f 1527/2484 1565/787 1352/790 1314/2485
f 801/452 763/801 583/1677 621/453
f 1725/2486 1727/2487 1493/2488 1491/2489
f 1953/2490 1987/1727 1773/2491 1771/2492
f 470/2493 508/2494 674/2495 636/2496
f 2808/2497 2810/2498 2976/2499 2974/2500
f 669/2501 671/2502 505/2503 503/2504
f 970/2505 932/2506 1123/2507 1167/2508
f 731/2509 769/2510 589/487 551/486
f 1959/2511 1923/2512 1795/2513 1793/2514
f 1603/1221 1683/2515 1685/2516 1595/1222
f 373/823 375/822 177/2517 175/2214
f 1267/608 1071/772 1157/775 1341/609
f 2714/2518 2676/838 2856/841 2894/2519
f 2456/2520 2499/2521 2302/2279 2260/2278
f 3307/360 3267/2522 3057/850 3113/361
f 926/2523 964/2524 1161/2525 1117/2526
f 2888/2527 2924/846 3120/849 3060/853
f 477/2528 515/2529 385/415 265/2242
f 2601/1398 2562/2530 2370/2531 2412/2532
f 2368/579 2412/2532 2180/1280 2174/145
f 1851/865 2068/2533 2098/2534 1885/866
f 124/2535 82/2536 198/1450 240/1449
f 1007/2537 1009/2538 1205/2539 1203/2540
f 530/316 438/2157 440/2159 532/377
f 3123/2541 3125/2542 2979/876 2977/875
f 397/2543 393/2544 305/568 303/567
f 1421/1070 1233/2545 1197/1571 1383/1071
f 2471/1635 2473/1634 2642/2546 2640/2547
f 2568/2548 2529/2549 2338/894 2374/893
f 2680/933 2640/2550 2820/2551 2860/934
f 2442/2552 2599/2553 2764/1344 2612/1343
f 2372/219 2374/893 2184/896 2182/2554
f 50/2555 88/2556 204/2557 162/2558
f 2556/1648 2595/1647 2760/2559 2724/2560
f 2067/959 2069/958 2257/2561 2255/2562
f 3084/2563 3178/2564 3290/1663 3176/2565
f 2335/2566 2291/2567 2488/2568 2526/2569
f 1600/178 1592/2570 1668/2571 1666/179
f 2449/908 2253/2572 2285/2573 2481/909
f 1942/2335 1976/552 2191/919 2151/2574
f 1084/95 1120/94 929/2575 889/2576
f 2244/2577 2246/2578 2064/2579 2062/2580
f 3216/973 3258/2581 3374/2582 3334/974
f 2479/1150 2440/2583 2610/2584 2648/1151
f 2009/2585 2005/2586 2216/2587 2222/2588
f 1206/2589 1208/2590 1012/2591 1010/2592
f 1375/2593 1337/2594 1550/2595 1588/2596
f 1722/1406 1724/2597 1942/2598 1906/2599
f 284/2600 286/2601 364/2602 362/2603
f 1461/1506 1465/1421 1648/1683 1647/2604
f 1900/2605 1850/2606 2067/2607 2107/2608
f 1744/1430 1746/2609 1948/69 1982/68
f 176/967 178/966 376/2610 374/2611
f 3404/2612 3364/2613 3363/2614 3403/2615
f 102/2616 64/964 176/967 218/2617
f 1856/2618 1906/2599 2113/2619 2073/2620
f 2853/2621 2891/2622 2711/2623 2673/2624
f 1728/550 1730/2625 1944/2626 1978/551
f 572/2627 536/984 716/987 752/2628
f 722/2629 724/2630 890/2631 888/2632
f 857/2633 859/2634 679/1046 677/1045
f 323/2635 391/2636 189/2637 117/2638
f 254/717 362/2639 504/1871 466/718
f 1872/2640 1922/143 2129/2641 2089/2642
f 1750/2643 1752/2644 1864/1209 1862/1208
f 384/333 430/2645 606/2646 568/1906
f 557/2647 559/1770 367/2648 365/2649
f 775/2650 737/2651 557/2647 595/2652
f 2050/2653 2052/2654 1839/2655 1837/2656
f 2833/1215 2871/1214 2691/2657 2653/2090
f 3345/1125 3385/2658 3269/1490 3227/1126
f 639/1056 677/1055 511/2659 473/2379
f 3409/2660 3411/2661 3299/2662 3297/348
f 151/2663 153/2664 41/2665 39/1942
f 1340/831 1426/2666 1238/2667 1156/1163
f 1804/2668 1806/1088 1996/1090 1962/2669
f 1059/2670 1061/1241 1150/1240 1068/2671
f 2818/628 2858/627 3024/1079 2984/2672
f 125/2673 271/2674 272/2675 126/904
f 3478/2676 3468/2677 3453/1112 3461/1111
f 1380/2678 1418/2679 1230/2680 1192/2681
f 1173/2682 1211/2683 1399/2684 1361/2685
f 814/2177 776/2358 944/2686 982/404
f 1788/2687 1790/1095 1992/1098 1958/1265
f 2758/662 2722/2688 2902/1115 2938/663
f 2936/664 2938/663 3146/1117 3144/2689
f 764/2690 726/2691 892/1939 932/1938
f 3196/2692 3346/2693 3345/1125 3195/1124
f 1179/405 1135/2694 1329/22 1367/21
f 19/2695 21/2696 8/2135 5/2134
f 793/2697 755/2698 575/2699 613/2700
f 998/2701 961/2702 793/2697 831/2703
f 153/2664 195/2704 79/2705 41/2665
f 2580/2706 2541/2707 2350/2708 2386/2709
f 789/432 827/2710 647/61 609/60
f 2302/2279 2344/2711 2150/2712 2112/2280
f 2299/1191 2341/2713 2532/2714 2496/1192
f 721/2170 723/2715 543/1529 541/2171
f 2637/2716 2677/2717 2511/2466 2468/2465
f 1654/2718 2006/2719 2008/2720 1824/2721
f 135/1883 93/2722 94/2723 136/2724
f 2466/2725 2468/2726 2272/2727 2270/2728
f 2153/2729 2115/2730 2305/2731 2347/2732
f 380/2733 264/2734 476/2735 514/2736
f 100/1179 142/1178 258/2737 216/2738
f 2948/1705 2910/2739 3090/2740 3094/2741
f 61/2231 99/2742 100/2743 62/993
f 2291/2567 2251/2744 2447/2745 2488/2568
f 1109/2746 1145/2747 1339/111 1301/30
f 1592/2570 1556/2748 1670/2749 1668/2571
f 2743/2750 2745/2751 2580/2706 2578/2752
f 1723/2753 1725/2486 1491/2489 1529/2754
f 985/1245 947/2755 779/1237 817/1236
f 2878/2756 2840/64 3006/67 3050/2757
f 442/1620 390/1619 572/2627 608/2758
f 709/2113 705/2112 23/2103 31/2102
f 2099/1835 2109/1999 2299/1191 2287/1190
f 2327/2759 2419/1494 2420/2760 2329/2761
f 1253/1305 1251/2762 1462/1075 1466/1302
f 1912/2763 1862/2764 2079/2765 2119/2766
f 2437/2767 2607/2768 2613/2091 2444/2769
f 3219/131 3261/130 3051/2770 3007/2771
f 326/1260 328/1629 540/137 538/136
f 3054/2772 3010/1606 3222/1609 3264/2773
f 2191/919 2193/918 2383/2774 2381/1932
f 3245/2775 3155/1175 2993/2776 3033/2777
f 901/1947 941/2778 773/2779 735/2780
f 2768/459 2767/2781 3449/78 2945/460
f 2976/2782 3016/1621 3228/1624 3118/2783
f 1061/1241 1151/2784 1153/2785 1062/1242
f 1778/2786 1780/2787 1920/2788 1956/2789
f 3179/2790 3085/2791 2961/2792 3001/585
f 386/2793 432/2794 524/2795 516/2796
f 20/2797 22/2798 702/2799 700/2800
f 11/2105 2/2801 24/2426 32/2425
f 2001/2802 2178/2803 2136/2804 1891/335
f 2336/220 2372/219 2182/2554 2142/2805
f 2514/1802 2471/2806 2640/2550 2680/933
f 796/2807 834/2808 1003/2809 964/2524
f 1922/143 1958/142 2167/2810 2129/2641
f 3311/1821 3271/2811 3061/1687 3121/1686
f 842/2812 844/2813 1013/2814 1011/2815
f 1243/2816 1048/2817 1034/1909 1229/1912
f 329/1279 331/1278 269/2818 267/2819
f 2378/2820 2342/2821 2148/2822 2188/2823
f 449/2824 487/2825 329/2826 237/1133
f 840/2827 802/2828 970/2505 1009/2829
f 900/2830 902/1342 1097/1468 1095/1467
f 243/2831 201/2832 85/2833 127/2834
f 519/2835 521/2836 393/2544 397/2543
f 493/2306 455/1679 243/2831 339/2837
f 1294/667 1296/2838 1104/2839 1102/2840
f 2792/1346 2944/1345 3158/2841 2958/2842
f 1033/845 993/221 825/224 863/269
f 2569/2843 2530/2844 2698/2845 2734/2846
f 844/2847 806/1325 974/156 1013/2848
f 3358/2849 3398/2850 3397/2851 3357/2852
f 1640/2853 1642/1775 1662/214 1660/1443
f 439/296 531/2854 517/2855 395/297
f 2266/2856 2268/2857 2080/2858 2078/2859
f 1341/609 1427/2860 1640/2861 1554/610
f 1524/2862 1562/1384 1698/2863 1696/2864
f 1162/1741 1118/1740 927/2865 965/2866
f 91/2867 133/2868 134/9 92/2869
f 734/2870 736/1339 902/1342 900/2830
f 988/2871 1027/2872 1223/2873 1185/2874
f 3440/2875 3404/2876 3403/2877 3439/727
f 3288/2878 3246/2879 3364/2613 3404/2612
f 2586/267 2588/2880 2394/2881 2392/1359
f 782/2882 820/2883 988/2871 950/2884
f 2610/2885 2612/2886 2792/2887 2790/2888
f 1472/1597 1468/2889 1255/2890 1259/2891
f 285/2892 139/2893 140/52 286/954
f 68/1394 70/200 182/332 180/331
f 1042/2894 916/2895 1111/2896 1237/2897
f 3035/2898 2949/2899 2783/2900 2869/461
f 2077/2901 2117/2902 2307/2903 2265/2904
f 3097/2905 3049/2906 2877/2907 2913/2908
f 723/2715 761/2909 581/1530 543/1529
f 1715/1892 1717/1891 1609/788 1565/787
f 2352/485 2388/484 2198/1368 2158/2910
f 3184/2911 3092/2017 3162/972 3250/975
f 2505/2153 2462/2152 2266/2912 2308/2913
f 663/2914 625/2345 459/2348 497/2915
f 841/2916 843/2917 663/2918 661/2919
f 1737/2482 1739/2920 1533/2921 1571/2922
f 1562/1384 1606/1383 1700/2923 1698/2863
f 2901/2924 2863/2361 2683/2364 2721/2925
f 2757/2926 2721/2927 2553/2928 2592/780
f 1311/2929 1349/1381 1562/1384 1524/2862
f 1614/2930 1616/2931 1736/2932 1734/2933
f 1950/811 1984/319 2199/322 2159/2934
f 2880/2935 2916/1385 3104/1388 3052/2936
f 2121/1185 2159/2937 2353/2938 2311/796
f 553/2939 555/2940 359/2941 357/2942
f 1994/1097 1960/2943 2169/2944 2209/1638
f 1016/2945 977/2946 809/2947 847/2948
f 148/1403 106/1402 222/2949 264/2734
f 1956/2789 1920/2788 2127/2950 2165/2951
f 1538/1087 1500/1086 1758/810 1756/809
f 2140/398 2102/397 1889/1482 1895/2952
f 2913/2908 2877/2907 2697/2953 2733/2954
f 3013/2955 2973/2956 2807/1866 2847/1865
f 3469/1616 3470/1615 2049/2245 2237/523
f 1458/1076 710/2428 1445/2957 1646/1073
f 1753/2958 1755/2959 1537/2960 1575/2225
f 2053/1446 1840/213 1842/216 2055/1447
f 1658/2961 1660/2962 1838/2963 1892/2964
f 1808/28 1810/27 1964/2965 1998/1089
f 3343/426 3193/425 3115/2966 3225/2967
f 571/211 535/2968 323/2635 389/2969
f 1495/2068 1497/103 1284/2970 1282/2971
f 1775/1963 1777/1962 1543/2972 1505/2260
f 3041/2973 3169/2974 3175/2975 3083/2477
f 2061/2976 1848/241 1884/244 2097/436
f 1543/1458 1581/656 1368/2977 1330/2978
f 2942/1527 2906/2979 3078/2980 3154/1528
f 3349/470 3389/469 3273/2981 3231/872
f 588/2982 550/1470 730/1473 768/2983
f 3263/2984 3221/1474 3009/1477 3053/2985
f 2289/2986 2333/2987 2524/2988 2486/2989
f 1895/2952 1889/1482 1679/1485 1677/2990
f 747/2991 785/2992 605/2993 567/2994
f 812/2995 850/2996 1019/2997 980/1982
f 1939/2998 1903/1889 1715/1892 1713/2999
f 594/3000 632/1873 812/2995 774/3001
f 1445/2957 1433/3002 2039/3003 2035/3004
f 2116/1349 2154/3005 1945/3006 1909/2481
f 3448/3007 3456/3008 3472/3009 3464/3010
f 345/1522 347/1521 277/3011 275/3012
f 590/3013 628/1511 808/1514 770/3014
f 2411/1154 2179/3015 2137/3016 2293/1155
f 995/3017 1035/3018 865/3019 827/2710
f 2532/1148 2571/1147 2736/3020 2700/3021
f 2351/3022 2309/3023 2506/363 2542/2257
f 2200/1367 2160/3024 1951/3025 1985/3026
f 209/3027 167/1539 55/1166 93/1165
f 3435/558 3399/557 3283/3028 3323/3029
f 1611/3030 1567/1546 1354/1549 1392/3031
f 948/3032 908/3033 1103/276 1139/3034
f 2023/401 2017/3035 2230/3036 2234/402
f 207/3037 249/3038 133/2868 91/2867
f 3090/2740 3046/3039 3256/3040 3294/3041
f 215/3042 257/3043 141/1177 99/1176
f 3332/3044 3294/3041 3408/3045 3444/3046
f 954/3047 992/3048 1189/290 1145/2185
f 2729/590 2693/589 2525/3049 2562/3050
f 1432/937 2038/3051 2040/3052 1434/938
f 1383/1071 1347/1573 1560/3053 1596/1072
f 2385/3054 2387/1581 2581/1584 2579/2206
f 1532/3055 1570/3056 1732/981 1730/980
f 422/3057 470/2493 636/2496 598/3058
f 154/1637 196/3059 402/1630 328/1629
f 2596/1217 2557/3060 2366/3061 2402/1218
f 516/2796 524/2795 690/3062 682/3063
f 2017/3035 2015/3064 2226/3065 2230/3036
f 2615/3066 2617/3067 2448/3068 2446/3069
f 2474/3070 2476/3071 2280/3072 2278/3073
f 1247/3074 32/2425 710/2428 1458/1076
f 104/3075 146/3076 262/73 220/72
f 378/3077 380/3078 514/3079 512/3080
f 1431/3081 1243/2816 1229/1912 1417/3082
f 2961/3083 2963/3084 2797/3085 2795/3086
f 527/3087 529/3088 437/3089 435/3090
f 300/2264 226/3091 442/3092 480/3093
f 3109/3094 3223/595 3011/598 2971/3095
f 859/1287 821/1286 641/3096 679/3097
f 1441/1644 1443/1643 1456/368 1454/375
f 2013/3098 2019/3099 2232/1764 2228/1763
f 308/3100 310/3101 434/1252 432/1251
f 1256/3102 1260/3103 1473/3104 1469/3105
f 2224/3106 2228/1763 2416/1766 2406/3107
f 3309/1822 3311/1821 3121/1686 3119/3108
f 2775/3109 2767/2781 2036/898 2040/897
f 1901/694 1937/693 1707/3110 1705/18
f 3061/2273 3017/923 2851/3111 2889/3112
f 406/3113 454/3114 620/3115 582/3116
f 321/3117 533/3118 611/3119 445/3120
f 1508/3121 1510/1653 1792/1096 1790/1095
f 2994/3122 2956/3123 3080/1672 3156/1671
f 3246/2879 3156/1671 3214/1674 3364/2613
f 2971/3095 3011/598 2845/1676 2805/3124
f 1190/3125 1146/3126 955/222 993/221
f 3063/3127 3127/3128 2927/3129 2891/3130
f 2152/2309 2114/448 1907/3131 1943/3132
f 3119/3108 3121/1686 2925/1689 2923/3133
f 3237/771 3139/770 2985/3134 3025/3135
f 740/3136 778/3137 946/3138 906/3139
f 862/3140 870/3141 1040/3142 1031/3143
f 882/773 713/3144 792/3145 960/774
f 2622/3146 2453/3147 2483/1193 2652/3148
f 558/3149 560/1692 740/1695 738/3150
f 1168/1757 1206/2086 1010/777 971/776
f 1799/3151 1801/3152 1587/884 1631/883
f 2080/1338 2120/493 1913/3153 1863/3154
f 2396/782 2398/781 2208/637 2206/2395
f 3243/1576 3285/3155 3075/3156 3031/3157
f 858/3158 860/3159 1029/3160 1027/3161
f 2185/3162 2145/3163 2339/3164 2375/3165
f 2324/808 2282/807 2094/2081 2134/3166
f 1854/3167 1856/3168 2073/3169 2071/3170
f 2111/3171 2071/3172 2259/3173 2301/1181
f 3086/2424 3092/2423 3184/1751 3182/1750
f 1452/3174 1439/3175 1441/3176 1454/3177
f 3296/1543 3182/3178 3181/3179 3295/1544
f 3108/827 3110/826 3192/3180 3190/3181
f 2422/3182 2414/3183 2426/3184 2443/3185
f 1315/1762 1353/1761 1566/3186 1528/3187
f 1088/3188 1124/3189 933/1504 893/731
f 1085/3190 1121/3191 1315/1813 1277/1812
f 2318/314 2360/313 2166/3192 2128/2369
f 737/2651 739/1767 559/1770 557/2647
f 1784/3193 1786/140 1922/143 1872/2640
f 1397/3194 1359/1777 1572/1780 1616/3195
f 2402/1218 2366/3061 2172/191 2212/190
f 105/3196 67/2120 68/1394 106/1393
f 648/1234 686/3197 866/3198 828/3199
f 2966/3200 2968/3201 3102/3202 3100/3203
f 2136/2804 2050/3204 1837/336 1891/335
f 1586/2002 1630/3205 1798/3206 1796/3207
f 1553/830 1639/3208 1426/2666 1340/831
f 193/3209 151/2663 39/1942 77/1941
f 1275/3210 1277/1812 1490/1815 1488/3211
f 2837/358 2875/357 2695/3212 2657/3213
f 683/271 645/270 479/1825 517/2855
f 2069/1834 1852/3214 1886/1997 2099/1835
f 2883/3215 2919/3216 2739/3217 2703/3218
f 157/3219 199/3220 83/3221 45/3222
f 494/1843 456/1842 622/2156 660/3223
f 1780/2787 1782/3224 1870/3225 1920/2788
f 823/3226 861/1836 681/1839 643/3227
f 1608/2407 1389/3228 1385/502 1598/504
f 1519/3229 1557/3230 1344/912 1306/911
f 2900/2409 2936/664 3144/2689 3072/3231
f 2879/3232 2915/1846 2735/1849 2699/3233
f 350/3234 352/2163 552/1471 550/1470
f 636/2496 674/2495 854/929 816/928
f 1630/3235 1632/3236 1800/3237 1798/3238
f 1373/2001 1411/3239 1630/3205 1586/2002
f 1853/3240 1855/3241 1719/2331 1717/2330
f 2885/3242 2847/1865 2667/1868 2705/3243
f 1831/3244 1833/3245 1464/3246 1468/3247
f 1601/2012 1603/2011 1420/1497 1418/1496
f 1392/3031 1354/1549 1166/3248 1204/3249
f 1463/126 1459/647 1835/1662 1832/2077
f 1945/1503 1979/1502 1741/2067 1739/3250
f 1268/3251 1306/911 1076/442 1072/441
f 1811/3252 1813/3253 1633/3254 1589/681
f 1517/2128 1481/2127 1268/3251 1304/1730
f 353/2212 355/2211 281/495 279/494
f 522/1524 394/1901 320/1904 486/1525
f 2251/3255 2253/3256 2449/3257 2447/3258
f 3023/3259 3067/3260 2895/3261 2857/3262
f 3277/2439 3317/714 3135/3263 3067/3264
f 1202/3265 1204/3266 1008/3267 1006/3268
f 2214/3269 2026/3270 2025/3271 1999/392
f 2024/1042 2035/3004 2766/3272 2235/1039
f 2035/3004 2039/3003 2774/3273 2766/3272
f 3445/1269 3446/3274 3368/3275 3367/1270
f 3298/3276 3300/520 3412/3277 3410/3278
f 213/3279 171/2229 59/2232 97/3280
f 3370/3281 3406/3282 3405/1898 3369/1897
f 3283/2457 3241/753 3029/3283 3073/3284
f 3289/1666 3369/1665 3253/3285 3177/2478
f 2503/3286 2539/3287 2348/3288 2306/1348
f 3264/2773 3222/1609 3340/3289 3380/3290
f 2426/3291 2424/1495 2409/3292 2415/3293
f 1003/1264 1005/1263 1201/3294 1199/3295
f 2713/4 2675/3 2509/3296 2545/3297
f 2525/3049 2487/2233 2290/396 2334/395
f 2584/3298 2545/3299 2354/3300 2390/1366
f 3133/3301 3235/3302 3023/3259 2983/3303
f 1123/1940 1087/1927 1279/1930 1317/3304
f 2303/3305 2345/3306 2536/3307 2500/1560
f 1450/3308 1452/3309 2029/951 2027/950
f 899/1948 901/1947 735/2780 733/3310
f 2448/3311 2617/1057 2649/1060 2480/3312
f 1130/3313 1094/1945 899/1948 939/3314
f 2358/3315 2316/3316 2126/3317 2164/3318
f 983/1958 1022/1957 853/3319 815/2055
f 1365/1972 1403/1971 1622/1988 1578/1987
f 1136/3320 1180/1955 983/1958 945/3321
f 2280/3322 2322/3323 2132/3324 2092/3325
f 1371/1994 1333/1993 1546/3326 1584/3327
f 3138/2029 3070/3328 3280/1974 3320/1973
f 977/2946 939/3329 771/3330 809/2947
f 3318/2030 3320/1973 3432/1976 3430/2437
f 1052/3331 1058/3332 1032/3333 918/3334
f 810/660 772/659 940/1143 978/1142
f 1657/338 1659/337 1639/3208 1553/830
f 1233/2545 1038/3335 999/1024 1197/1571
f 1540/1996 1578/1987 1764/1990 1762/3336
f 491/3337 493/3338 339/1158 337/1157
f 2978/155 2980/154 3126/2014 3124/2013
f 1679/1485 1681/1484 1601/3339 1593/3340
f 1628/3341 1584/3327 1786/140 1784/3193
f 653/3342 655/3343 489/1277 487/1276
f 459/2348 411/2347 205/3344 247/1509
f 3129/3345 3065/3346 2893/2032 2929/2031
f 3068/3347 3136/2028 3318/2030 3278/3348
f 2927/3129 2929/2031 2749/2034 2747/3349
f 2534/1183 2498/1182 2664/3350 2702/3351
f 325/3352 327/3353 153/2664 151/2663
f 407/3354 341/3355 159/202 201/201
f 1550/949 1512/31 1806/1088 1804/2668
f 2985/3356 2987/3357 2821/2048 2819/2047
f 359/2941 417/3358 211/3359 169/1540
f 2648/1151 2610/2584 2790/3360 2828/3361
f 1394/3362 1396/3363 1208/2590 1206/2589
f 1070/1162 1266/828 1340/831 1156/1163
f 57/1541 95/3364 96/3365 58/3366
f 2492/236 2528/235 2696/2057 2658/2056
f 1307/3367 1345/3368 1558/3369 1520/3370
f 1073/3371 1077/3372 1307/3367 1269/3373
f 2075/3374 2077/3375 2265/3376 2263/3377
f 3336/3378 3186/3379 3185/3380 3335/3381
f 2571/1147 2573/1856 2738/2062 2736/3020
f 679/3097 641/3096 475/3382 513/3383
f 2776/3384 2770/2174 3450/2173 3458/3385
f 3375/3386 3335/3381 3217/3387 3259/3388
f 1128/2072 1172/110 975/761 937/2469
f 2159/2934 2199/322 2389/2070 2353/3389
f 3160/3390 2946/1684 2870/1309 3036/738
f 1284/2970 1322/3391 1128/3392 1092/3393
f 2082/3394 2084/3395 1867/3396 1865/3397
f 3192/3398 3342/2073 3341/2076 3191/3399
f 1318/3400 1356/2084 1168/1757 1124/1756
f 1216/2093 1178/115 981/2088 1020/3401
f 2166/3402 2206/2395 1991/2396 1957/3403
f 1402/3404 1404/3405 1216/3406 1214/3407
f 291/3408 293/3409 294/3410 292/3411
f 1965/1283 1931/1282 1675/3412 1673/2126
f 2829/1059 2837/358 2657/3213 2649/1060
f 3412/3277 3376/3413 3375/3414 3411/2661
f 520/3415 522/3416 688/1782 686/1781
f 913/3417 953/3418 785/3419 747/3420
f 1473/3104 1260/3103 1262/3421 1475/3422
f 2651/1428 2661/2418 2495/2115 2482/2114
f 2169/3423 2131/2106 2321/2109 2363/3424
f 484/927 452/1452 618/1809 650/1808
f 3426/2275 3428/3425 3427/742 3425/1136
f 2010/3426 2006/2719 1654/2718 1652/3427
f 617/3428 579/3429 403/1315 451/1314
f 1882/3430 2000/3431 2215/2130 2065/2129
f 2030/3432 2032/1660 1834/1659 1829/3433
f 2739/3434 2741/2433 2576/2436 2574/3435
f 1669/3436 1671/2125 1517/2128 1555/3437
f 2063/3438 2065/3439 2247/3440 2245/3441
f 2036/898 2001/2802 1655/2197 1446/899
f 1329/3442 1291/721 1504/3443 1542/3444
f 1030/3445 1039/3446 869/1837 861/1836
f 1629/1068 1631/1067 1412/2300 1410/2299
f 745/3447 747/2991 567/2994 565/592
f 1691/3448 1693/2141 1485/2144 1483/2160
f 1973/3449 1939/3450 1713/3451 1711/3452
f 556/3453 594/3454 774/3455 736/3456
f 951/3457 911/3458 745/3459 783/3460
f 2526/2569 2488/2568 2656/14 2694/13
f 1449/1037 1436/3461 13/43 18/3462
f 1857/1357 1859/1356 1735/3463 1733/3464
f 1521/3465 1483/2160 1270/2162 1308/3466
f 2866/1878 2904/3467 3076/2166 3032/1879
f 2992/1880 3032/1879 3244/2168 3150/3468
f 249/3038 353/3469 279/3470 133/2868
f 251/1882 209/3471 93/2722 135/1883
f 670/3472 672/3473 852/3474 850/3475
f 1489/105 1527/3476 1314/93 1276/92
f 3077/3477 3033/2777 2867/3478 2905/3479
f 2899/3480 2935/2181 2755/2184 2719/3481
f 3249/3482 3333/3483 3215/2188 3161/2187
f 173/2230 215/3484 99/2742 61/2231
f 265/2242 385/415 295/418 149/2243
f 1008/3485 969/799 801/452 839/451
f 2549/3486 2513/3487 2316/3316 2358/3315
f 341/3355 343/2201 161/2204 159/202
f 1231/3488 1233/3489 1421/3490 1419/3491
f 2349/3492 2385/3054 2579/2206 2540/2205
f 2504/3493 2540/3494 2708/3495 2670/3496
f 1396/3497 1358/3498 1170/945 1208/944
f 3327/728 3287/3499 3077/2218 3153/2217
f 259/3500 217/3501 101/165 143/164
f 1458/1076 1462/1075 1251/2762 1247/3074
f 2355/1438 2313/1437 2510/2223 2546/3502
f 867/3503 1037/3504 998/2701 831/2703
f 2500/1560 2536/3307 2704/3505 2666/1561
f 3348/2287 3198/3506 3197/2268 3347/2267
f 2585/3507 2546/3508 2714/3509 2750/3510
f 107/2244 149/2243 150/1002 108/1001
f 1184/512 1222/511 1026/1462 987/1461
f 181/3511 223/3512 107/198 69/197
f 2252/2250 2448/3311 2480/3312 2284/2251
f 1218/382 1220/381 1024/1952 1022/1951
f 396/2265 300/2264 480/3093 518/3513
f 1236/3514 1110/3515 915/3516 1041/3517
f 1253/1305 1257/1304 1069/3518 1065/3519
f 1530/3520 1492/3521 1726/549 1724/2334
f 984/931 1023/930 1219/3522 1181/2138
f 236/2285 194/2284 400/3523 448/3524
f 3272/1052 3230/1051 3348/2287 3388/2286
f 1838/1444 1840/213 2053/1446 2051/3525
f 1104/2839 1140/3526 949/352 909/351
f 462/3527 500/3528 666/1512 628/1511
f 3134/3529 3236/3530 3354/3531 3204/3532
f 1812/3533 1814/3534 1878/1649 1928/1293
f 2038/3051 2773/3535 2775/3536 2040/3052
f 1846/3537 1848/3538 2061/3539 2059/3540
f 2112/2280 2150/2712 1941/3541 1905/1858
f 349/561 351/489 165/3542 163/2026
f 539/239 577/3543 401/3544 327/3353
f 457/3545 495/3546 345/3547 245/868
f 18/3462 6/3548 7/2040 14/2039
f 2233/324 2237/523 2022/3549 2020/325
f 585/3550 623/3551 457/3545 409/3552
f 3168/3553 3164/3554 3163/1516 3167/3555
f 3326/274 3328/3556 3440/2875 3438/262
f 463/3557 415/3558 209/3471 251/1882
f 956/3559 920/539 1075/688 1147/687
f 1265/3560 1478/1594 1472/1597 1259/2891
f 2696/3561 2732/2329 2912/547 2876/3562
f 826/3563 788/2323 956/2326 994/1910
f 2577/340 2538/3564 2706/3565 2742/341
f 3293/3566 3255/3567 3045/3568 3089/3569
f 2740/344 2742/2340 2922/2343 2920/345
f 1069/3570 1151/2784 1061/1241 1059/2670
f 1351/503 1313/3571 1526/499 1564/498
f 2463/1189 2465/1188 2634/3572 2632/3573
f 2672/366 2632/365 2812/3574 2852/3575
f 3173/508 3441/507 3329/3576 3081/3577
f 2086/3578 2088/3579 1871/3580 1869/3581
f 580/3582 542/2372 722/2373 760/3583
f 40/1943 42/3584 154/1637 152/1636
f 2400/1219 2402/1218 2212/190 2210/3585
f 2613/2091 2653/2090 2485/3586 2444/2769
f 375/822 425/3587 219/3588 177/2517
f 2397/1640 2399/1639 2593/3589 2591/3590
f 2170/3591 2210/3585 1995/194 1961/2118
f 2418/1743 2330/3592 2406/3593 2421/1744
f 3447/3594 3455/3595 2773/3596 2765/399
f 35/3597 115/3598 231/3599 113/2319
f 76/2394 112/2393 228/3600 190/1568
f 2657/3213 2695/3212 2527/3601 2491/3602
f 515/2529 523/3603 431/416 385/415
f 1313/3604 1275/3210 1488/3211 1526/3605
f 1898/434 1934/2318 2143/3606 2105/435
f 1163/3607 1119/3608 1313/3571 1351/503
f 1557/3609 1593/3340 1380/2678 1344/3610
f 831/2703 793/2697 613/2700 651/3611
f 122/3612 268/3613 330/3614 238/1590
f 851/3615 813/3616 633/803 671/802
f 3447/3594 2765/399 2234/402 2429/3617
f 2321/2109 2279/2108 2475/3618 2518/3619
f 1319/3620 1357/3621 1570/3056 1532/3055
f 1089/1928 1125/3622 1319/3623 1281/1929
f 3159/3624 3365/1268 3247/1271 3035/2898
f 1403/3625 1405/3626 1624/1681 1622/1680
f 2319/3627 2361/3628 2552/3629 2516/1978
f 2925/1689 2889/1688 2709/3630 2745/3631
f 1718/3632 1720/3633 1856/3168 1854/3167
f 1971/642 1973/3449 1711/3452 1709/643
f 2954/3634 2788/1696 2794/1699 2960/3635
f 2921/852 2885/851 2705/3636 2741/3637
f 2908/525 2948/1705 3094/2741 3088/526
f 2855/2 2815/1320 2635/3638 2675/3
f 1246/3639 1250/1507 1461/1506 1457/3640
f 865/3641 867/3642 687/3643 685/3644
f 1692/529 1694/2440 1970/2443 1968/530
f 1909/2481 1945/3006 1739/2920 1737/2482
f 2914/535 2878/534 3050/518 3098/517
f 2861/45 2899/546 2719/3645 2681/46
f 2513/3487 2470/3646 2274/3647 2316/3316
f 508/2461 510/2460 676/3648 674/3649
f 1714/3650 1716/3651 1904/3652 1940/3653
f 769/2470 807/764 627/2463 589/3654
f 2723/3655 2759/2471 2594/1216 2555/2473
f 420/39 366/38 558/3149 596/3656
f 3175/2975 3289/1666 3177/2478 3083/2477
f 507/3657 509/3658 371/3659 369/3660
f 1247/3074 1251/2762 1058/3332 1052/3331
f 964/2524 1003/2809 1199/3661 1161/2525
f 2624/3662 2626/3663 2806/3664 2804/3665
f 1917/606 1953/605 1771/3666 1769/612
f 2579/2206 2581/1584 2746/3667 2744/2207
f 1009/2829 970/2505 1167/2508 1205/3668
f 2168/1370 2130/1014 1923/2512 1959/2511
f 729/3669 731/2509 551/486 549/560
f 2550/1803 2514/1802 2680/933 2718/932
f 1993/640 1959/639 1793/3670 1791/3671
f 423/3672 373/823 175/2214 217/2213
f 2068/2533 2256/3673 2286/2117 2098/2534
f 655/1830 835/3674 829/3675 649/1831
f 2477/3676 2520/3677 2686/3678 2646/3679
f 3262/3680 3302/3681 3414/3682 3378/3683
f 886/169 926/3684 1117/3685 1081/170
f 2560/1399 2601/1398 2412/2532 2368/579
f 1074/1731 1072/441 879/444 919/677
f 1203/2540 1205/2539 1393/998 1391/997
f 1649/3686 1650/1074 2018/1041 2016/3687
f 230/306 124/2535 240/1449 318/926
f 1055/3688 1059/2670 1068/2671 1064/3689
f 968/163 1007/162 1203/3690 1165/1760
f 2395/700 2359/3691 2550/3692 2589/701
f 1890/3693 1846/3694 2059/3695 2103/3696
f 2587/702 2589/701 2754/3697 2752/3698
f 2667/1868 2627/1867 2458/3699 2501/3700
f 301/3701 397/3702 303/2349 191/630
f 2062/2580 2064/2579 1881/3703 1879/3704
f 2246/3705 2404/3706 2214/3269 2064/3707
f 2566/218 2568/2548 2374/893 2372/219
f 162/2558 204/2557 410/3708 344/3709
f 1127/3710 1091/3711 1283/1016 1321/1015
f 48/3712 50/2555 162/2558 160/3713
f 1651/3714 1653/3715 2005/2586 2009/2585
f 2520/3677 2556/3716 2724/3717 2686/3678
f 354/3718 356/3719 502/1464 500/1463
f 327/3353 401/3544 195/2704 153/2664
f 1906/2599 1942/2598 2151/3720 2113/2619
f 2046/3721 2048/3722 2032/1660 2030/3432
f 1384/3723 1350/1738 1162/1741 1194/1007
f 1413/3724 1375/2593 1588/2596 1632/3725
f 1720/1407 1722/1406 1906/2599 1856/2618
f 362/2603 364/2602 506/3726 504/3727
f 3407/3728 3371/3729 3255/3567 3293/3566
f 1278/3730 1280/3731 1088/3188 1086/3732
f 1936/3733 1900/2605 2107/2608 2145/3734
f 138/3735 284/3736 362/2639 254/717
f 1673/2126 1675/3412 1519/3229 1481/2127
f 1742/1431 1744/1430 1982/68 1980/3737
f 218/2617 176/967 374/2611 424/3738
f 144/167 102/166 218/3739 260/2194
f 2842/3740 2880/3741 3052/3742 3008/3743
f 2871/3744 2907/3745 2727/3746 2691/3747
f 2813/3748 2853/2621 2673/2624 2633/3749
f 1695/3750 1697/3751 1561/1861 1523/3752
f 1764/1990 1766/1989 1866/977 1916/976
f 760/3753 722/2629 888/2632 928/3754
f 2911/3755 2913/2908 2733/2954 2731/3756
f 1951/1538 1915/1537 1763/3757 1761/3758
f 3033/2777 2993/2776 2827/3759 2867/3478
f 1860/3760 1910/3761 2117/2902 2077/2901
f 2128/2369 2166/3192 1957/3762 1921/2370
f 1364/3763 1402/3764 1214/1965 1176/1964
f 595/2652 557/2647 365/2649 419/3765
f 1871/2371 1921/2370 1785/575 1783/574
f 726/2691 728/3766 894/1968 892/1939
f 1773/2491 1775/1963 1505/2260 1503/2259
f 2216/2587 2005/2586 2007/3767 2218/3768
f 2238/1588 2240/1587 2052/2654 2050/2653
f 1135/3769 1099/720 1291/721 1329/3442
f 1841/3770 2054/3771 2056/3772 1843/3773
f 3410/3278 3412/3277 3411/2661 3409/2660
f 601/3774 639/1056 473/2379 425/2378
f 3373/3775 3409/2660 3297/348 3257/347
f 3428/3425 3392/3776 3391/743 3427/742
f 1802/3777 1804/3778 1962/3779 1926/1440
f 2249/3780 2289/2986 2486/2989 2445/3781
f 126/904 272/2675 338/3782 242/905
f 3380/3290 3340/3289 3339/3783 3379/3784
f 83/3785 125/2673 126/904 84/903
f 1048/2817 878/3786 864/3787 1034/1909
f 3415/2199 3379/3788 3263/372 3303/371
f 1132/3789 1176/1964 979/1225 941/1224
f 1129/3790 1173/2682 1361/2685 1323/3791
f 2467/1599 2469/1598 2638/3792 2636/3793
f 898/390 938/389 1129/3794 1093/3795
f 1217/406 1179/405 1367/21 1405/3796
f 2745/2751 2709/3797 2541/2707 2580/2706
f 1297/278 1335/3798 1548/1654 1510/1653
f 2578/2752 2580/2706 2386/2709 2384/3799
f 2109/1999 2147/3800 2341/2713 2299/1191
f 2635/3801 2637/3802 2468/2726 2466/2725
f 2004/3803 2221/3804 2225/3805 2012/3806
f 2193/918 2153/3807 2347/3808 2383/2774
f 2231/1040 2227/3809 2016/3687 2018/1041
f 574/3810 610/1235 790/3811 754/3812
f 2024/1042 2018/1041 1650/1074 1646/1073
f 1685/2516 1687/3813 1559/80 1595/1222
f 2455/3814 2457/3815 2626/3816 2624/3817
f 2707/3818 2743/2750 2578/2752 2539/3819
f 10/1199 17/1198 30/3820 22/3821
f 3085/2083 3091/2082 2963/3084 2961/3083
f 172/37 174/994 368/3822 366/38
f 478/1020 516/2796 682/3063 644/1021
f 2217/3823 2327/2759 2329/2761 2219/3824
f 2607/2768 2787/3825 2793/2089 2613/2091
f 2435/1586 2605/3826 2607/3827 2437/3828
f 3165/1936 3219/131 3007/2771 2997/1937
f 3106/1387 3054/3829 3264/3830 3304/3831
f 697/3832 877/3833 863/269 683/271
f 2974/2500 2976/2499 3118/3834 3116/3835
f 336/422 406/421 582/1064 544/1063
f 802/2828 764/3836 932/2506 970/2505
f 902/1342 942/1341 1133/3837 1097/1468
f 3295/1544 3181/3179 3085/2791 3179/2790
f 707/3838 711/3839 33/961 25/960
f 3255/3840 3179/2790 3001/585 3045/584
f 930/3841 968/163 1165/1760 1121/1759
f 179/3842 181/3511 69/197 67/2120
f 724/2630 762/3843 930/3844 890/2631
f 266/1003 386/2793 516/2796 478/1020
f 1579/3845 1541/3846 1328/113 1366/112
f 1023/3847 1025/3848 1221/3849 1219/3850
f 2294/3851 2336/3852 2142/3853 2104/3854
f 3099/3855 3101/3856 2967/600 2965/599
f 2056/3772 2100/2098 1887/2101 1843/3773
f 1656/2035 1480/607 1554/610 1658/2961
f 2572/1792 2533/1791 2342/2821 2378/2820
f 923/3857 883/3858 717/3859 755/3860
f 804/622 842/621 1011/3861 972/3862
f 2376/149 2378/2820 2188/2823 2186/150
f 1443/1643 16/1197 917/3863 1245/2344
f 940/3864 900/2830 1095/1467 1131/3865
f 1102/2840 1104/2839 909/351 907/3866
f 2172/3867 2134/3166 1927/3868 1963/3869
f 1332/668 1294/667 1102/2840 1138/3870
f 535/2968 573/3871 391/2636 323/2635
f 1188/676 1226/675 1030/3445 991/3872
f 751/210 715/3873 535/2968 571/211
f 3464/3010 2559/3874 2430/3875 3448/3007
f 1682/3876 1684/3877 1848/3538 1846/3537
f 2650/910 2658/2056 2838/2059 2830/3878
f 1518/3879 1482/3880 1674/3881 1672/3882
f 3240/3883 3282/3884 3398/2850 3358/2849
f 3208/3885 3358/2849 3357/2852 3207/3886
f 2462/252 2464/251 2268/2857 2266/2856
f 1554/610 1640/2861 1660/2962 1658/2961
f 437/3089 529/3088 531/3887 439/3888
f 1469/3105 1473/3104 1653/3715 1651/3714
f 1704/2312 1706/501 1902/1998 1886/1997
f 2700/3889 2736/3890 2916/1385 2880/2935
f 1486/710 1524/709 1696/2441 1694/2440
f 2308/2913 2266/2912 2078/3891 2118/3892
f 3328/3556 3288/3893 3404/2876 3440/2875
f 2721/2925 2683/2364 2517/3894 2553/3895
f 3438/262 3440/2875 3439/727 3437/263
f 547/3896 585/3897 409/2202 343/2201
f 2547/268 2586/267 2392/1359 2356/1358
f 3043/3898 3087/3899 2907/3745 2871/3744
f 393/3900 521/3901 485/3902 319/1625
f 96/3903 138/3735 254/717 212/716
f 1453/3904 1455/646 1442/645 1440/3905
f 2791/3906 2943/3907 2763/3908 2611/3909
f 2609/3910 2611/3911 2441/3912 2439/3913
f 1920/2788 1870/3225 2087/3914 2127/2950
f 665/3915 667/3916 501/2210 499/2209
f 3095/349 3097/2905 2913/2908 2911/3755
f 1713/2999 1715/1892 1565/787 1527/2484
f 661/2919 663/2918 497/1520 495/1519
f 610/1235 648/1234 828/3199 790/3811
f 2937/2182 2901/3917 2721/3918 2757/2183
f 1735/2483 1737/2482 1571/2922 1615/3919
f 633/803 595/3920 419/3921 467/804
f 2710/2258 2672/366 2852/3575 2890/3922
f 1914/1009 1950/3923 2159/2937 2121/1185
f 1570/3056 1614/3924 1734/3925 1732/981
f 591/3926 553/2939 357/2942 415/3927
f 654/1250 656/1249 836/3928 834/3929
f 2827/3759 2789/3930 2609/3931 2647/3932
f 618/1809 580/3933 760/3934 798/1810
f 3389/2276 3425/1136 3313/1137 3273/3935
f 1990/3936 1956/3937 2165/3938 2205/3939
f 1576/835 1538/3940 1756/3941 1754/836
f 2176/1281 2140/3942 1895/3943 1931/1282
f 1621/3944 1623/3945 1404/3405 1402/3404
f 643/3227 681/1839 515/2529 477/2528
f 785/3946 823/3226 643/3227 605/3947
f 632/1873 670/1872 850/2996 812/2995
f 2106/439 2066/1301 1849/3948 1899/3949
f 73/3950 37/3951 38/1579 74/1578
f 3383/2302 3343/426 3225/2967 3267/3952
f 3261/3953 3301/2200 3103/2266 3051/3954
f 1533/3955 1495/2068 1282/2971 1320/3956
f 41/2665 79/2705 80/3957 42/3584
f 1505/2260 1543/2972 1330/3958 1292/2261
f 3199/3959 3349/470 3231/872 3125/871
f 2930/1669 2894/3960 3066/3961 3130/1256
f 626/3962 588/3963 768/1326 806/1325
f 976/3964 1015/3965 1211/2683 1173/2682
f 2101/3966 2139/3967 2333/2987 2289/2986
f 1412/886 1374/885 1186/1656 1224/1967
f 1025/3968 986/3969 1183/1991 1221/3970
f 2137/3016 2051/3971 2239/3972 2293/1155
f 2541/3973 2505/2153 2308/2913 2350/3974
f 200/906 242/905 454/3114 406/3113
f 255/3975 213/3976 97/3977 139/2893
f 1424/3978 1302/1038 1110/3515 1236/3514
f 957/431 995/3017 827/2710 789/432
f 799/3979 837/3980 657/3981 619/3982
f 2669/1806 2707/3983 2539/3287 2503/3286
f 2460/3984 2503/3286 2306/1348 2264/1347
f 1002/1558 1004/1557 835/3985 833/3986
f 656/3987 490/924 484/927 650/1808
f 805/3988 767/3989 587/2346 625/2345
f 2085/3990 2125/3991 2315/1919 2273/3992
f 986/3969 948/3993 1139/1992 1183/1991
f 1457/3640 1461/1506 1647/2604 1645/3994
f 1387/3995 1389/3996 1608/2353 1606/2352
f 3214/1674 3172/1673 3171/1173 3213/1172
f 3094/2741 3090/2740 3294/3041 3332/3044
f 1239/3997 1241/1321 1429/3998 1427/3999
f 2476/2365 2519/573 2322/3323 2280/3322
f 3363/2614 3213/1172 3155/1175 3245/2775
f 914/4000 954/4001 1145/2747 1109/2746
f 2771/1397 2729/4002 2562/2530 2601/1398
f 3050/2757 3006/67 3218/4003 3260/4004
f 1264/4005 1154/1408 1112/1411 1258/4006
f 1494/4007 1532/4008 1730/2625 1728/550
f 3007/2771 3051/2770 2879/4009 2841/4010
f 1991/2396 1993/640 1791/3671 1789/4011
f 2643/4012 2645/4013 2476/3071 2474/3070
f 2517/3894 2474/4014 2278/1012 2320/1011
f 1833/3245 1836/370 1460/369 1464/3246
f 2414/4015 2408/1493 2424/1495 2426/3291
f 435/3090 437/3089 315/1722 311/1721
f 1536/4016 1574/4017 1748/4018 1746/4019
f 3001/585 2961/2792 2795/4020 2835/586
f 3107/4021 3109/4022 2971/4023 2969/4024
f 1112/4025 1066/4026 1254/124 1258/4027
f 3009/1477 2969/1476 2803/1026 2843/1025
f 1146/1732 1074/1731 919/677 955/4028
f 1378/4029 1342/4030 1146/3126 1190/3125
f 3269/2400 3309/1822 3119/3108 3059/4031
f 2548/2432 2587/702 2752/3698 2716/4032
f 1684/242 1604/1069 1596/1072 1686/243
f 1078/4033 1080/1331 885/1334 883/3858
f 2678/626 2716/4034 2896/1077 2858/627
f 1653/3715 1473/3104 1475/3422 1823/4035
f 1801/3152 1803/4036 1549/4037 1587/884
f 525/1094 387/1093 183/1611 433/1610
f 2554/4038 2518/3619 2684/1100 2722/1099
f 1296/2838 1334/4039 1140/3526 1104/2839
f 1511/1551 1513/2421 1300/225 1298/1552
f 1228/844 1190/3125 993/221 1033/845
f 742/4040 744/4041 910/754 908/3033
f 2344/4042 2380/1362 2190/1365 2150/4043
f 1414/674 1422/4044 1234/4045 1226/675
f 3256/1554 3180/767 3296/1543 3372/1542
f 79/1135 121/1134 122/3612 80/4046
f 1031/3143 1040/3142 1235/4047 1227/291
f 1158/4048 1114/4049 923/4050 961/2702
f 2453/3147 2257/1833 2287/1190 2483/1193
f 1972/4051 1974/566 2189/253 2187/4052
f 824/4053 862/3140 1031/3143 992/3048
f 274/4054 128/4055 244/1841 340/1840
f 531/2854 697/3832 683/271 517/2855
f 331/4056 489/1829 483/1832 317/2020
f 2360/4057 2396/782 2206/2395 2166/3402
f 2034/400 2038/4058 1432/2111 1444/2110
f 1970/2443 1936/2442 2145/3163 2185/3162
f 820/2883 858/4059 1027/2872 988/2871
f 2183/230 2185/3162 2375/3165 2373/231
f 2366/1593 2324/808 2134/3166 2172/3867
f 3300/520 3260/519 3376/3413 3412/3277
f 897/1601 937/4060 769/4061 731/1602
f 2832/4062 2842/3740 3008/3743 2998/4063
f 1904/3652 1854/4064 2071/3172 2111/3171
f 818/4065 780/4066 948/3993 986/3969
f 3180/767 3086/766 3182/3178 3296/1543
f 3222/1609 3108/1608 3190/4067 3340/3289
f 3183/4068 3184/2911 3250/975 3249/3482
f 2920/345 2922/2343 3114/4069 3112/4070
f 1910/3761 1946/4071 2155/4072 2117/2902
f 2875/4073 2911/3755 2731/3756 2695/4074
f 612/1203 694/1202 874/4075 792/3145
f 2919/3216 2921/852 2741/3637 2739/3217
f 2852/3575 2812/3574 2978/4076 3018/1050
f 1782/4077 1784/4078 1872/1081 1870/1080
f 1395/4079 1397/4080 1616/2931 1614/2930
f 1736/4081 1738/4082 1910/3761 1860/3760
f 2209/1638 2169/2944 2363/4083 2399/1639
f 1500/1086 1502/1799 1760/4084 1758/810
f 2095/1652 2063/1651 2245/4085 2283/4086
f 2799/602 2801/601 2621/4087 2619/4088
f 741/4089 743/4090 563/821 561/820
f 235/1626 193/4091 77/4092 119/1627
f 2846/813 2884/4093 3056/4094 3012/814
f 2750/1668 2714/4095 2894/3960 2930/1669
f 517/2855 479/1825 299/832 395/297
f 2928/1670 2930/1669 3130/1256 3128/1255
f 45/3222 83/3221 84/4096 46/428
f 2845/1676 2883/1675 2703/4097 2665/4098
f 155/4099 157/3219 45/3222 43/4100
f 492/4101 494/4102 660/4103 658/4104
f 2640/4105 2642/4106 2822/4107 2820/4108
f 1813/3253 1815/4109 1635/4110 1633/3254
f 1581/656 1625/655 1406/4111 1368/2977
f 1481/2127 1519/3229 1306/911 1268/3251
f 2862/4112 2900/4113 3072/4114 3028/4115
f 275/3012 277/3011 278/33 276/32
f 1877/4116 1879/4117 1815/4109 1813/3253
f 245/868 345/3547 275/4118 129/869
f 1803/2119 1805/196 1511/1551 1549/1550
f 2493/892 2450/4119 2254/1300 2296/438
f 1913/3153 1949/4120 1755/2959 1753/2958
f 2239/4121 2241/1445 2436/4122 2434/4123
f 2107/2608 2067/2607 2255/4124 2297/4125
f 81/4126 43/4100 44/427 82/2303
f 2427/1765 2431/4127 2600/4128 2484/4129
f 2048/3722 3468/2677 3469/1616 2236/4130
f 1304/1730 1268/3251 1072/441 1074/1731
f 1809/4131 1811/3252 1589/681 1551/680
f 2073/2620 2113/2619 2303/3305 2261/4132
f 3235/3302 3277/4133 3067/3260 3023/3259
f 1006/3268 1008/3267 839/4134 837/4135
f 3325/729 3327/728 3153/2217 3151/1701
f 1839/2655 2052/2654 2054/4136 1841/4137
f 1193/4138 1231/4139 1419/4140 1381/4141
f 687/4142 867/3503 831/2703 651/3611
f 97/3280 59/2232 60/992 98/4143
f 3323/3029 3283/3028 3073/4144 3145/4145
f 3258/4146 3298/3276 3410/3278 3374/4147
f 935/4148 895/1600 729/1603 767/4149
f 36/4150 35/3597 113/2319 114/2322
f 3304/3831 3264/3830 3380/4151 3416/4152
f 2006/2719 2217/4153 2219/4154 2008/2720
f 2693/589 2655/4155 2487/2233 2525/3049
f 2749/4156 2713/4157 2545/3299 2584/3298
f 2562/2530 2525/4158 2334/4159 2370/2531
f 718/4160 720/4161 886/169 884/168
f 2945/460 3159/3624 3035/2898 2869/461
f 939/3314 899/1948 733/3310 771/4162
f 2394/2881 2358/4163 2164/4164 2204/1725
f 3014/623 2974/4165 3116/969 3226/968
f 24/4166 2/4167 4/4168 26/4169
f 1068/2671 1150/1240 1260/4170 1256/4171
f 334/2298 336/422 544/1063 542/2372
f 3268/4172 3226/968 3344/423 3384/2301
f 1174/4173 1130/4174 939/3329 977/2946
f 2984/2672 3024/1079 3236/3530 3134/3529
f 443/63 481/62 301/3701 227/4175
f 945/3321 983/1958 815/2055 777/2054
f 821/1286 783/4176 603/4177 641/3096
f 1584/3327 1546/3326 1788/141 1786/140
f 3217/3387 3099/4178 2965/4179 3005/4180
f 3120/849 3122/848 3312/4181 3310/854
f 766/4182 804/622 972/3862 934/4183
f 3022/1870 2982/1869 3132/4184 3234/1875
f 2752/4185 2754/4186 2934/4187 2932/4188
f 848/1460 810/660 978/1142 1017/4189
f 1502/1799 1540/4190 1762/4191 1760/4084
f 2726/4192 2688/1152 2868/4193 2906/4194
f 453/4195 491/4196 337/4197 241/4198
f 3135/3263 3137/1171 2933/4199 2931/4200
f 906/3139 946/3138 1137/283 1101/282
f 3028/4115 3072/4114 3282/3884 3240/3883
f 2684/1100 2644/4201 2824/4202 2864/1101
f 738/1104 740/3136 906/3139 904/1105
f 2250/4203 2252/4204 2060/4205 2058/4206
f 1626/4207 1628/4208 1784/4078 1782/4077
f 2102/397 2058/4209 1845/1483 1889/1482
f 3147/2417 3149/2416 2991/4210 2989/4211
f 2524/2988 2561/4212 2728/4213 2692/49
f 3127/3128 3129/3345 2929/2031 2927/3129
f 3029/3283 2989/4214 2823/2362 2863/2361
f 2424/1495 2419/1494 2327/2759 2409/3292
f 436/4215 438/2157 530/316 528/315
f 455/1679 407/1678 201/2832 243/2831
f 3025/3135 2985/3134 2819/4216 2859/4217
f 199/4218 241/4198 125/2673 83/3785
f 713/3144 534/4219 612/1203 792/3145
f 2430/3875 2423/4220 2231/1040 2235/1039
f 335/1532 405/1531 199/3220 157/3219
f 2688/1152 2648/1151 2828/3361 2868/4193
f 58/3366 96/3365 212/2444 170/784
f 2272/2468 2314/2467 2124/603 2084/2382
f 55/1166 57/1541 58/3366 56/1167
f 1122/4221 1086/3732 891/730 931/2450
f 1269/3373 1307/3367 1520/3370 1482/3880
f 1354/1549 1316/1548 1122/4222 1166/3248
f 1096/1946 1132/4223 941/2778 901/1947
f 2115/2730 2075/4224 2263/4225 2305/2731
f 288/4226 290/4227 372/2459 370/2458
f 3376/4228 3336/3378 3335/3381 3375/3386
f 3110/4229 3224/4230 3342/2073 3192/3398
f 2564/4231 2768/459 2689/462 2489/1893
f 238/1590 330/3614 488/4232 450/1591
f 3190/3181 3192/3180 3191/4233 3189/4234
f 2425/4235 2484/4129 2428/521 2417/1797
f 1615/3919 1571/2922 1358/3498 1396/3497
f 1430/4236 1643/84 1599/87 1416/4237
f 616/4238 654/4239 834/2808 796/2807
f 1252/1418 1250/1507 1057/4240 1064/4241
f 292/3411 294/3410 380/3078 378/3077
f 1291/721 1293/285 1506/1845 1504/3443
f 2995/2046 3003/355 2837/358 2829/1059
f 2163/4242 2203/4243 2393/699 2357/2431
f 1929/146 1965/1283 1673/2126 1671/2125
f 660/3223 622/2156 802/2828 840/2827
f 1776/4244 1778/4245 1956/3937 1990/3936
f 2005/2586 1653/3715 1823/4035 2007/3767
f 482/1233 520/4246 686/3197 648/1234
f 911/3458 913/3417 747/3420 745/3459
f 1260/4170 1150/1240 1152/1243 1262/4247
f 2223/4248 2217/4153 2006/2719 2010/3426
f 2144/440 2106/439 1899/3949 1935/4249
f 685/3644 687/3643 521/2836 519/2835
f 1960/4250 1924/4251 2131/2106 2169/3423
f 1969/4252 1935/4253 1695/2142 1693/2141
f 3462/4254 3454/4255 3470/1615 3480/1614
f 827/2710 865/3019 685/2004 647/61
f 2049/2245 2033/367 2022/3549 2237/523
f 399/4256 325/3352 151/2663 193/3209
f 2894/2519 2856/841 3022/1870 3066/1874
f 2952/4257 2786/4258 2788/4259 2954/4260
f 649/1831 617/3428 451/1314 483/1832
f 1880/4261 1882/4262 2065/3439 2063/3438
f 481/62 519/2005 397/3702 301/3701
f 664/4263 626/3962 806/1325 844/2847
f 3238/1275 3140/1274 3206/4264 3356/4265
f 2964/2018 2798/4266 2830/3878 2996/2019
f 1996/1090 1998/1089 2213/4267 2211/4268
f 1887/2101 1893/2100 1669/6 1667/5
f 1585/4269 1629/4270 1410/510 1372/509
f 783/4271 745/3447 565/592 603/591
f 2860/934 2820/2551 2986/1273 3026/1272
f 554/4272 556/3453 736/3456 734/4273
f 1814/3534 1816/4274 1880/1650 1878/1649
f 2790/2888 2792/2887 2958/4275 2956/4276
f 2563/4277 2526/2569 2694/13 2730/4278
f 1935/4249 1899/3949 1697/3751 1695/3750
f 1637/4279 1515/1035 1302/1038 1424/3978
f 1552/4280 1590/2180 1812/3533 1810/4281
f 2255/2562 2257/2561 2453/4282 2451/4283
f 2158/2910 2198/1368 1983/4284 1949/4285
f 2519/573 2555/572 2364/4286 2322/3323
f 3287/4287 3245/2775 3033/2777 3077/3477
f 1029/1709 990/1708 1187/4288 1225/4289
f 283/4290 285/4291 286/2601 284/2600
f 1923/2512 1873/4292 1797/4293 1795/2513
f 253/1717 361/1716 283/4294 137/4295
f 2392/1359 2394/2881 2204/1725 2202/1360
f 2307/2903 2349/4296 2540/3494 2504/3493
f 2765/399 2773/3596 2038/4058 2034/400
f 486/1525 448/3524 614/634 652/633
f 2461/4297 2504/3493 2670/3496 2630/4298
f 2240/1587 2435/1586 2437/3828 2242/4299
f 1474/1747 1654/2718 1824/2721 1476/1748
f 371/4300 259/3500 143/164 289/4301
f 3230/1051 3124/4302 3198/3506 3348/2287
f 1566/3186 1610/4303 1718/4304 1716/3651
f 2391/2069 2355/4305 2546/3508 2585/3507
f 404/4306 334/2298 542/2372 580/3582
f 1140/4307 1184/512 987/1461 949/4308
f 709/2113 31/2102 1246/3639 1457/3640
f 3236/3530 3278/4309 3394/4310 3354/3531
f 1041/3517 915/3516 749/4311 871/4312
f 2439/3913 2441/3912 2246/2578 2244/2577
f 3053/2985 3009/1477 2843/1025 2881/4313
f 1234/4314 1236/4315 1041/4316 1039/4317
f 2263/3377 2265/3376 2461/4318 2459/4319
f 1181/2138 1219/3522 1407/4320 1369/1121
f 2179/3015 2002/2036 1892/2964 2137/3016
f 1568/1405 1530/4321 1724/2597 1722/1406
f 946/1691 984/931 1181/2138 1137/2137
f 320/1904 236/2285 448/3524 486/1525
f 408/4322 342/4323 546/1486 584/4324
f 2150/4043 2190/1365 1975/4325 1941/4326
f 2975/4327 3015/1492 2849/1805 2809/1804
f 3312/4181 3272/4328 3388/133 3424/132
f 244/1841 202/4329 408/2154 456/1842
f 2779/4330 2781/4331 2046/4332 2044/4333
f 1926/1440 1962/3779 2171/1826 2133/1441
f 577/4334 615/4335 449/2824 401/4336
f 198/2304 156/429 334/2298 404/4306
f 1055/4337 1032/3333 1058/3332 1065/3519
f 414/4338 462/3527 628/1511 590/3013
f 772/4339 734/2870 900/2830 940/3864
f 3132/4340 3134/4341 3204/4342 3202/4343
f 2025/4344 2028/4345 1822/4346 1821/4347
f 744/4041 782/4348 950/755 910/754
f 657/4349 659/4350 493/3338 491/3337
f 3103/2266 3105/374 2917/1847 2915/1846
f 415/3927 357/2942 167/1539 209/3027
f 1931/1282 1895/3943 1677/4351 1675/3412
f 1411/4352 1413/4353 1632/3236 1630/3235
f 2072/2281 2112/2280 1905/1858 1855/1857
f 2989/4211 2991/4210 2825/2064 2823/2063
f 1196/4354 1158/4048 961/2702 998/2701
f 2386/2709 2350/2708 2156/4355 2196/4356
f 409/3552 457/3545 245/868 203/867
f 2194/1501 2196/4356 1981/293 1979/1502
f 2496/1192 2532/2714 2700/4357 2662/4358
f 3368/3275 3168/4359 3167/4360 3367/1270
f 2652/3148 2662/4358 2842/3740 2832/4062
f 1832/2077 1835/1662 2021/1661 2019/3099
f 21/1888 29/1887 15/4361 8/4362
f 501/4363 463/3557 251/1882 355/1881
f 1053/4364 1049/4365 1244/648 1248/125
f 1571/2922 1533/2921 1320/4366 1358/3498
f 870/4367 872/4368 1042/4369 1040/4370
f 2446/3069 2448/3068 2252/4204 2250/4203
f 1379/4371 1343/4372 1556/2748 1592/2570
f 3335/3381 3185/3380 3099/4178 3217/3387
f 2795/3086 2797/3085 2617/4373 2615/4374
f 3171/4375 3173/4376 3081/1916 3079/1915
f 2274/1566 2276/1565 2088/3579 2086/3578
f 2126/3317 2086/4377 1869/1924 1919/1923
f 1279/1930 1281/1929 1494/4007 1492/3521
f 1357/3621 1395/4378 1614/3924 1570/3056
f 78/1944 40/1943 152/1636 194/2277
f 2364/2474 2400/1219 2210/3585 2170/3591
f 1440/3905 1442/645 703/1886 701/1885
f 2361/4379 2397/1640 2591/3590 2552/4380
f 2429/3617 2422/3182 2443/3185 2559/3874
f 38/1579 76/2394 190/1568 118/1567
f 2135/1294 2095/1652 2283/4086 2325/4381
f 2367/4382 2325/4381 2522/1149 2558/4383
f 2892/4384 2928/1670 3128/1255 3064/4385
f 80/4046 122/3612 238/1590 196/1589
f 849/4386 851/4387 671/2502 669/2501
f 454/3114 492/4388 658/4389 620/3115
f 1200/1006 1388/4390 1384/3723 1194/1007
f 2898/935 2860/934 3026/1272 3070/4391
f 2129/2641 2167/2810 2361/3628 2319/3627
f 797/4392 759/4393 579/3429 617/3428
f 2923/3133 2925/1689 2745/3631 2743/4394
f 1716/3651 1718/4304 1854/4064 1904/3652
f 876/4395 696/317 698/378 878/4396
f 460/4397 412/4398 588/3963 626/3962
f 1399/2124 1401/2123 1620/4399 1618/4400
f 1546/4401 1508/3121 1790/1095 1788/2687
f 366/38 368/3822 560/1692 558/3149
f 2213/4267 2173/4402 2367/4403 2403/4404
f 3284/4405 3242/4406 3360/2452 3400/4407
f 1825/989 1477/4408 1471/4409 1827/990
f 360/785 418/2445 594/3454 556/3453
f 960/774 1044/4410 1239/4411 1157/775
f 317/2020 239/1317 123/4412 229/305
f 2559/3874 2443/3185 2423/4220 2430/3875
f 1060/1410 1056/4413 1066/4414 1112/1411
f 3275/2415 3233/2414 3021/1318 3065/2025
f 1591/8 1555/7 1342/4030 1378/4029
f 996/4415 1036/4416 1231/4139 1193/4138
f 49/4417 87/4418 88/2556 50/2555
f 3102/4419 2968/4420 2998/4063 3166/1771
f 159/202 161/2204 49/4417 47/203
f 1747/2355 1749/4421 1617/185 1573/184
f 596/3656 558/3149 738/3150 776/4422
f 2078/2859 2080/2858 1863/4423 1861/4424
f 1280/3731 1318/4425 1124/3189 1088/3188
f 468/4426 420/4427 596/2357 634/2176
f 1911/4428 1861/4429 1749/4421 1747/2355
f 1452/3174 1454/3177 2031/818 2029/817
f 351/489 413/488 207/4430 165/3542
f 369/3660 371/3659 289/4431 287/4432
f 602/4433 640/4434 820/2883 782/2882
f 2024/1042 1646/1073 1445/2957 2035/3004
f 469/118 507/4435 369/4436 257/3043
f 2691/2657 2727/4437 2560/4438 2523/4439
f 503/2504 505/2503 363/4440 361/4441
f 221/4442 179/3842 67/2120 105/3196
f 475/3382 427/4443 221/4444 263/4445
f 1205/3668 1167/2508 1355/4446 1393/4447
f 2589/701 2550/3692 2718/4448 2754/3697
f 2256/3673 2452/4449 2482/2114 2286/2117
f 1083/4450 1085/3190 1277/1812 1275/3210
f 1091/3711 1093/3795 1285/4451 1283/1016
f 2546/3502 2510/2223 2676/838 2714/2518
f 2281/4452 2323/1828 2520/3677 2477/3676
f 2475/4453 2477/4454 2646/4455 2644/4456
f 3351/2413 3201/4457 3131/4458 3233/2414
f 1169/4459 1207/4460 1395/4378 1357/3621
f 3220/1772 3262/4461 3378/4462 3338/1773
f 3122/848 3062/4463 3272/4328 3312/4181
f 2523/4464 2560/1399 2368/579 2332/578
f 2699/4465 2735/4466 2570/4467 2531/4468
f 1165/1760 1203/3690 1391/4469 1353/1761
f 3466/4470 3475/4471 3459/4472 3451/4473
f 1896/4474 1890/3693 2103/3696 2141/4475
f 2705/3243 2667/1868 2501/3700 2537/4476
f 160/3713 162/2558 344/3709 342/4323
f 1171/159 1127/158 1321/1778 1359/1777
f 2849/1805 2887/4477 2707/3983 2669/1806
f 3137/1171 3069/1170 2897/4478 2933/4199
f 250/12 354/11 500/3528 462/3527
f 2988/4479 3028/4115 3240/3883 3142/4480
f 1582/1122 1626/4481 1782/3224 1780/2787
f 1636/4482 1638/4483 1818/4484 1816/4485
f 2486/2989 2524/2988 2692/49 2654/48
f 4/4486 12/962 34/861 26/860
f 1588/2596 1550/2595 1804/3778 1802/3777
f 1593/3340 1601/3339 1418/2679 1380/2678
f 3069/4487 3025/3135 2859/4217 2897/4488
f 2933/4199 2897/4478 2717/4489 2753/4490
f 2410/4491 2564/4231 2489/1893 2292/1896
f 2993/2776 2955/4492 2789/3930 2827/3759
f 1316/4493 1278/3730 1086/3732 1122/4221
f 623/3551 661/4494 495/3546 457/3545
f 1740/4495 1742/1431 1980/3737 1946/4496
f 260/2194 218/3739 424/4497 472/2195
f 1590/2180 1634/289 1814/3534 1812/3533
f 629/4498 591/4499 415/3558 463/3557
f 440/4500 314/4501 298/2262 396/2265
f 3334/974 3374/2582 3373/4502 3333/3483
f 638/2454 600/4503 780/4066 818/4065
f 1155/4504 1265/4505 1259/4506 1113/4507
f 1348/1864 1386/1863 1198/4508 1160/480
f 874/4509 876/4510 1046/1322 1044/4511
f 1320/3956 1282/2971 1090/4512 1126/4513
f 1985/3026 1951/3025 1761/4514 1759/617
f 568/1906 606/2646 786/4515 748/1907
f 1444/2110 709/2113 1457/3640 1645/3994
f 2232/1764 2236/4130 2431/4127 2427/1765
f 2412/2532 2370/2531 2176/1281 2180/1280
f 3379/3784 3339/3783 3221/1474 3263/2984
f 109/4516 73/3950 74/1578 110/4517
f 1326/4518 1364/3763 1176/1964 1132/3789
f 2047/2246 2049/2245 2778/4519 2782/4520
f 1771/2492 1773/2491 1503/2259 1541/4521
f 2292/1896 2238/1895 2050/3204 2136/2804
f 1182/189 1138/188 947/2755 985/1245
f 1652/3427 1654/2718 1474/1747 1470/4522
f 2210/3585 2212/190 1997/193 1995/194
f 3374/4147 3410/3278 3409/2660 3373/3775
f 563/821 601/4523 425/3587 375/822
f 1997/193 1963/192 1809/4524 1807/195
f 2595/1647 2597/4525 2762/4526 2760/2559
f 2057/1435 2101/3966 2289/2986 2249/3780
f 2119/2766 2079/2765 2267/4527 2309/3023
f 1249/4528 1245/2344 1050/4529 1054/704
f 1587/884 1549/4037 1336/4530 1374/885
f 3416/4152 3380/4151 3379/3788 3415/2199
f 2421/1744 2425/4531 2417/4532 2407/1745
f 1046/1322 876/4510 878/4533 1048/1323
f 1409/4534 1371/1994 1584/3327 1628/3341
f 2665/4098 2703/4097 2535/4535 2499/2521
f 833/4536 835/4537 655/3343 653/3342
f 3278/3348 3318/2030 3430/2437 3394/4538
f 1038/3335 868/4539 832/636 999/1024
f 2820/4108 2822/4107 2988/4540 2986/4541
f 2015/3064 2009/4542 2222/4543 2226/3065
f 1405/3796 1367/21 1580/24 1624/4544
f 2002/2036 1656/2035 1658/2961 1892/2964
f 1843/3773 1887/2101 1667/5 1665/86
f 1215/2290 1217/2289 1405/3626 1403/3625
f 1687/3813 1689/4545 1521/81 1559/80
f 1295/279 1297/278 1510/1653 1508/3121
f 1438/4546 1440/4547 701/4548 699/4549
f 174/994 216/4550 422/4551 368/3822
f 1897/4552 1933/4553 1689/4545 1687/3813
f 3042/4554 2954/3634 2960/3635 3084/2563
f 2016/3687 2010/4555 1652/4556 1649/3686
f 1677/2990 1679/1485 1593/3340 1557/3609
f 2968/4420 2802/4557 2832/4062 2998/4063
f 3364/2613 3214/1674 3213/1172 3363/2614
f 2675/3 2635/3638 2466/4558 2509/3296
f 2623/4559 2625/4560 2456/902 2454/901
f 2891/3130 2927/3129 2747/3349 2711/4561
f 3030/4562 2990/4563 3148/4564 3242/4406
f 165/3542 207/4430 91/1378 53/1377
f 2673/2624 2711/2623 2543/4565 2507/4566
f 2028/4345 2044/4333 2046/4332 2030/4567
f 1525/4568 1487/104 1274/106 1312/4569
f 2787/3825 2953/4570 2959/2479 2793/2089
f 1865/3397 1867/3396 1767/4571 1765/4572
f 2958/2842 3158/2841 3330/4573 3082/4574
f 2415/4575 2409/4576 2223/4577 2227/3809
f 2639/4578 2641/4579 2472/1564 2470/1563
f 474/74 512/4580 678/4581 640/4434
f 3104/1388 3106/1387 3304/3831 3302/3681
f 398/4582 394/4583 522/3416 520/3415
f 3031/3157 3075/3156 2903/4584 2865/97
f 1210/183 1212/182 1016/4585 1014/4586
f 3371/1545 3295/1544 3179/2790 3255/3840
f 890/2631 930/3844 1121/3191 1085/3190
f 2491/3602 2527/3601 2336/3852 2294/3851
f 3185/4587 3187/4588 3101/3856 3099/3855
f 835/3674 1004/1005 1000/1008 829/3675
f 1209/4589 1171/159 1359/1777 1397/3194
f 2284/2251 2294/3851 2104/3854 2096/2252
f 1011/2815 1013/2814 1209/4590 1207/4591
f 1226/675 1234/4045 1039/3446 1030/3445
f 2570/4467 2572/1792 2378/2820 2376/149
f 961/2702 923/4050 755/2698 793/2697
f 3386/4592 3422/2097 3421/1820 3385/2399
f 613/2700 575/2699 399/4593 447/4594
f 3234/1875 3132/4184 3202/4595 3352/4596
f 3392/4597 3352/4596 3351/2413 3391/2412
f 991/3872 1030/3445 861/1836 823/3226
f 533/3118 712/4598 791/2271 611/3119
f 1144/4599 1188/676 991/3872 953/4600
f 1141/4601 1185/2874 1373/2001 1335/2000
f 1680/543 1682/542 1846/3694 1890/3693
f 944/1106 904/1105 1099/720 1135/3769
f 1556/4602 1518/3879 1672/3882 1670/4603
f 2495/2115 2531/2420 2340/4604 2298/2116
f 3142/4480 3240/3883 3358/2849 3208/3885
f 3206/2449 3208/2448 3207/4605 3205/4606
f 1425/4607 1303/4608 1516/4609 1638/4610
f 1468/3247 1464/3246 1249/4528 1255/1352
f 1829/3433 1834/1659 1455/646 1453/3904
f 2662/4358 2700/4357 2880/3741 2842/3740
f 1484/4611 1486/710 1694/2440 1692/529
f 305/4612 393/3900 319/1625 233/1628
f 545/793 547/3896 343/2201 341/3355
f 2511/2466 2547/4613 2356/4614 2314/2467
f 2789/4615 2791/4616 2611/4617 2609/4618
f 676/2455 638/2454 818/4065 856/4619
f 2857/3262 2895/3261 2715/4620 2677/2717
f 627/2463 665/2462 499/4621 461/4622
f 2939/4623 2941/2220 2761/4624 2759/4625
f 1711/3452 1713/3451 1527/3476 1489/105
f 2666/1561 2704/3505 2884/4093 2846/813
f 110/4517 74/1578 188/1580 226/1618
f 1499/618 1501/383 1288/386 1286/4626
f 1733/3464 1735/3463 1615/4627 1613/4628
f 2746/4629 2710/4630 2890/4631 2926/847
f 710/2428 706/2427 1433/3002 1445/2957
f 1864/1010 1914/1009 2121/1185 2081/1184
f 2867/3478 2827/3759 2647/3932 2687/328
f 1569/2192 1613/2191 1394/2085 1356/2084
f 1988/4632 1990/3936 2205/3939 2203/4243
f 1577/4633 1621/4634 1402/3764 1364/3763
f 1374/885 1336/4530 1142/1657 1186/1656
f 1323/3791 1361/2685 1574/4017 1536/4016
f 1324/4635 1286/4626 1094/1945 1130/3313
f 2822/4636 2862/4112 3028/4115 2988/4479
f 2051/3525 2053/1446 2241/1445 2239/4121
f 1575/2225 1537/2960 1324/4637 1362/2226
f 3419/4638 3383/4639 3267/2522 3307/360
f 753/433 789/432 609/60 573/4640
f 42/3584 80/3957 196/3059 154/1637
f 3464/3010 3471/4641 3455/3595 3447/3594
f 39/1942 41/2665 42/3584 40/1943
f 88/4642 130/455 246/458 204/4643
f 878/3786 698/4644 684/4645 864/3787
f 3200/4646 3350/467 3349/470 3199/3959
f 3197/4647 3199/4648 3125/2542 3123/2541
f 1672/3882 1674/3881 1966/1851 1930/1850
f 938/4649 976/3964 1173/2682 1129/3790
f 829/3675 797/4392 617/3428 649/1831
f 767/4650 729/3669 549/560 587/559
f 133/2868 279/3470 280/10 134/9
f 2211/4268 2213/4267 2403/4404 2401/1646
f 1107/413 1109/2746 1301/30 1299/29
f 139/2893 97/3977 98/53 140/52
f 2960/3635 3000/2316 3178/2564 3084/2563
f 1555/3437 1517/2128 1304/1730 1342/1729
f 1977/1737 1943/1736 1729/4651 1727/2487
f 1422/4652 1424/4653 1236/4315 1234/4314
f 761/4654 799/3979 619/3982 581/4655
f 2458/1819 2460/1818 2264/4656 2262/4657
f 2876/3562 2912/547 3096/548 3048/4658
f 2766/3272 2774/3273 3456/3008 3448/3007
f 3004/4659 3048/4660 3258/2581 3216/973
f 836/2296 656/3987 650/1808 830/1811
f 1710/4661 1712/563 1974/566 1972/4051
f 843/4662 805/3988 625/2345 663/2914
f 1739/3250 1741/2067 1495/2068 1533/3955
f 2747/4663 2749/4156 2584/3298 2582/483
f 1746/4019 1748/4018 1912/2763 1948/4664
f 3144/2689 3146/1117 3324/471 3322/2310
f 506/4665 468/4426 634/2176 672/2175
f 3088/526 3094/2741 3332/3044 3292/4666
f 555/2940 593/4667 417/3358 359/2941
f 514/2736 476/2735 642/4668 680/4669
f 3052/2936 3104/1388 3302/3681 3262/3680
f 374/2611 376/2610 564/2374 562/4670
f 2330/3592 2220/4671 2224/4672 2406/3593
f 880/538 922/4673 1077/3372 1073/3371
f 513/3383 475/3382 263/4445 379/4674
f 2997/1937 3007/2771 2841/4010 2831/1427
f 3259/3388 3217/3387 3005/4180 3049/4675
f 2608/1697 2438/4676 2445/3781 2614/1698
f 1761/3758 1763/3757 1577/4633 1539/4677
f 1957/3403 1991/2396 1789/4011 1787/4678
f 1644/177 1431/3081 1417/3082 1600/178
f 1497/103 1535/102 1322/3391 1284/2970
f 509/4679 471/4680 259/3500 371/4300
f 231/3599 435/4681 311/2320 113/2319
f 2518/3619 2475/3618 2644/4201 2684/1100
f 365/2649 367/2648 173/2230 171/2229
f 2611/3909 2763/3908 2598/4682 2441/4683
f 381/593 383/4684 181/3511 179/3842
f 2333/1855 2369/1854 2561/4685 2524/4686
f 114/2322 312/2321 436/4687 232/1424
f 883/3858 885/1334 719/4688 717/3859
f 1156/1163 1238/2667 1043/2269 959/1164
f 2512/1922 2548/1921 2716/4034 2678/626
f 1114/4689 1078/4033 883/3858 923/3857
f 1298/1552 1300/225 1108/228 1106/4690
f 1035/4691 1037/4692 867/4693 865/4694
f 2363/3424 2321/2109 2518/3619 2554/4038
f 1192/2681 1230/2680 1035/3018 995/3017
f 3356/4265 3206/4264 3205/769 3355/768
f 2593/3589 2554/4695 2722/4696 2758/4697
f 3395/4698 3355/768 3237/771 3279/4699
f 3273/3935 3313/1137 3127/3128 3063/3127
f 54/1380 92/1379 208/4700 166/4701
f 2245/3441 2247/3440 2442/941 2440/940
f 908/3033 910/754 1105/277 1103/276
f 3362/4702 3402/4703 3401/4704 3361/1575
f 780/4705 742/4040 908/3033 948/3032
f 3294/3041 3256/3040 3372/4706 3408/3045
f 2889/3112 2851/3111 2671/2150 2709/4707
f 992/3048 1031/3143 1227/291 1189/290
f 1305/689 1269/3373 1482/3880 1518/3879
f 1938/4708 1972/4051 2187/4052 2147/4709
f 786/4710 824/4053 992/3048 954/3047
f 272/4711 274/4712 340/4713 338/4714
f 210/4715 168/783 358/786 416/4716
f 3432/1976 3396/1975 3395/4717 3431/712
f 1065/4718 1069/3570 1059/2670 1055/3688
f 3455/581 3471/4719 3473/4720 3457/582
f 1944/983 1908/982 2115/2730 2153/2729
f 727/4721 765/4722 585/3897 547/3896
f 2423/4220 2415/4575 2227/3809 2231/1040
f 2784/4723 2786/4258 2952/4257 2950/4724
f 216/2738 258/2737 470/2493 422/3057
f 1738/4082 1740/4725 1946/4071 1910/3761
f 2235/1039 2766/3272 3448/3007 2430/3875
f 1940/3653 1904/3652 2111/3171 2149/4726
f 667/4727 629/4498 463/3557 501/4363
f 845/4728 847/4729 667/3916 665/3915
f 599/4730 561/820 373/823 423/3672
f 146/3076 292/4731 378/4732 262/73
f 1760/4084 1762/4191 1952/1043 1986/320
f 1310/4733 1348/1864 1160/480 1116/479
f 1661/1985 1839/2655 1841/4137 1663/4734
f 1751/4735 1753/2958 1575/2225 1619/2224
f 2884/346 2920/345 3112/4070 3056/4736
f 1485/2144 1523/2143 1310/4737 1272/2161
f 792/3145 874/4075 1044/4410 960/774
f 605/3947 643/3227 477/2528 429/4738
f 2664/3350 2624/4739 2804/4740 2844/4741
f 720/4161 758/4742 926/3684 886/169
f 310/4743 72/4744 184/1950 434/1949
f 2882/4745 2844/4741 3010/1606 3054/2772
f 2890/3922 2852/3575 3018/1050 3062/1049
f 2642/1980 2682/1979 2862/4112 2822/4636
f 2011/991 2013/4746 2228/4747 2224/4748
f 828/3199 866/3198 1036/4416 996/4415
f 1037/3504 1232/4749 1196/4354 998/2701
f 1734/2933 1736/2932 1860/4750 1858/4751
f 3017/923 2977/922 2811/4752 2851/3111
f 779/4753 741/4089 561/820 599/4730
f 1791/3671 1793/3670 1547/4754 1509/4755
f 2342/2024 2300/2023 2110/4756 2148/4757
f 700/4758 702/4759 1441/3176 1439/3175
f 1826/1595 2004/3803 2012/3806 1828/1596
f 43/4100 45/3222 46/428 44/427
f 3267/3952 3225/2967 3013/2955 3057/4760
f 2097/436 2105/435 2295/233 2285/2573
f 197/4761 155/4099 43/4100 81/4126
f 3203/4762 3353/4763 3235/3302 3133/3301
f 3131/260 3133/259 2983/4764 2981/4765
f 2114/448 2074/447 1857/4766 1907/3131
f 267/2819 269/2818 270/2403 268/2402
f 2094/2081 2062/2080 1879/4117 1877/4116
f 1943/3132 1907/3131 1731/2189 1729/4767
f 129/869 275/4118 276/456 130/455
f 1765/4572 1767/4571 1623/3945 1621/3944
f 3433/1329 3435/558 3323/3029 3321/4768
f 2120/493 2158/492 1949/4120 1913/3153
f 2644/4769 2646/4770 2826/1289 2824/1288
f 2293/1155 2239/3972 2434/4771 2490/1156
f 2145/3734 2107/2608 2297/4125 2339/4772
f 123/4412 81/4773 82/2536 124/2535
f 2484/4129 2600/4128 2432/522 2428/521
f 2059/3540 2061/3539 2253/3256 2251/3255
f 3178/2564 3254/4774 3370/1664 3290/1663
f 3008/3743 3052/3742 3262/4461 3220/1772
f 2071/3170 2073/3169 2261/4775 2259/4776
f 3072/3231 3144/2689 3322/2310 3282/4777
f 967/916 1006/4778 837/3980 799/3979
f 2633/3749 2673/2624 2507/4566 2464/4779
f 1149/4780 1193/4138 1381/4141 1345/4781
f 3114/4069 3058/4782 3268/4783 3308/1786
f 973/946 935/4784 767/3989 805/3988
f 13/43 5/42 6/3548 18/3462
f 2751/266 2753/4785 2588/2880 2586/267
f 1828/1596 1831/4786 1468/2889 1472/1597
f 256/55 214/54 420/4427 468/4426
f 3247/1271 3037/4787 2949/2899 3035/2898
f 2012/3806 2014/4788 1831/4786 1828/1596
f 1980/3737 1982/68 2197/71 2195/4789
f 178/966 220/4790 426/4791 376/2610
f 756/4792 718/4160 884/168 924/4793
f 646/4794 608/4795 788/2323 826/3563
f 518/3513 480/3093 646/4794 684/4645
f 3056/4736 3112/4070 3306/1785 3266/4796
f 3472/4797 3456/4798 3458/4799 3474/4800
f 3058/624 3014/623 3226/968 3268/4172
f 227/4175 301/3701 191/630 111/629
f 3308/1786 3268/4783 3384/4801 3420/1787
f 2982/1141 2984/1140 3134/4341 3132/4340
f 391/2636 443/4802 227/4803 189/2637
f 905/4804 945/4805 777/4806 739/4807
f 1389/3228 1201/4808 1195/4809 1385/502
f 559/1770 597/1769 421/4810 367/2648
f 1810/4281 1812/3533 1928/1293 1964/1292
f 2969/4024 2971/4023 2805/4811 2803/4812
f 2413/672 2371/671 2563/1297 2602/1296
f 3191/3399 3341/2076 3223/595 3109/3094
f 1925/4813 1961/4814 1803/4036 1801/3152
f 2298/2116 2340/4604 2146/692 2108/691
f 115/3598 321/3117 445/3120 231/3599
f 1017/4189 978/1142 1175/696 1213/695
f 2716/4815 2752/4185 2932/4188 2896/4816
f 846/4817 848/4818 1017/4819 1015/4820
f 2558/4383 2522/1149 2688/1152 2726/4192
f 241/4198 337/4197 271/2674 125/2673
f 1435/4821 1447/2038 2037/2037 2041/4822
f 2762/4823 2726/4824 2906/2979 2942/1527
f 405/4825 453/4195 241/4198 199/4218
f 3317/714 3319/713 3137/1171 3135/3263
f 3067/3264 3135/3263 2931/4200 2895/4826
f 904/1105 906/3139 1101/282 1099/720
f 2290/396 2250/2235 2058/4209 2102/397
f 3457/79 3449/78 2767/2781 2775/3109
f 3241/753 3147/752 2989/4214 3029/3283
f 290/4827 144/167 260/2194 372/2193
f 3073/3284 3029/3283 2863/2361 2901/2924
f 2409/3292 2327/2759 2217/3823 2223/4828
f 699/4829 701/4830 21/2696 19/2695
f 287/4432 289/4431 290/4227 288/4226
f 2105/435 2143/3606 2337/234 2295/233
f 2539/3819 2578/2752 2384/3799 2348/4831
f 232/1424 436/4687 528/1201 446/1200
f 1974/566 1940/565 2149/254 2189/253
f 1522/4832 1484/4611 1692/529 1690/528
f 2187/4052 2189/253 2379/256 2377/1146
f 2545/3297 2509/3296 2312/4833 2354/4834
f 56/1167 58/3366 170/784 168/783
f 1858/4751 1860/4750 2077/3375 2075/3374
f 1490/1815 1528/1814 1714/564 1712/563
f 1166/3248 1122/4222 931/800 969/799
f 1918/175 1954/174 2163/4835 2125/3991
f 2316/3316 2274/3647 2086/4377 2126/3317
f 142/1178 288/4836 370/4837 258/2737
f 2910/2739 2874/4838 3046/3039 3090/2740
f 622/2156 584/2155 764/3836 802/2828
f 1596/1072 1560/3053 1688/2307 1686/243
f 1800/4839 1802/3777 1926/1440 1876/1439
f 390/1619 324/1570 536/984 572/2627
f 3340/3289 3190/4067 3189/4840 3339/3783
f 2681/46 2719/3645 2551/312 2515/311
f 1613/4628 1615/4627 1396/3363 1394/3362
f 1242/843 1430/4236 1416/4237 1228/844
f 1438/4546 1451/4841 1453/4842 1440/4547
f 578/4843 616/4238 796/2807 758/4844
f 1526/3605 1488/3211 1710/4661 1708/4845
f 1071/772 1267/608 1447/2038 714/862
f 2905/3479 2867/3478 2687/328 2725/327
f 2761/2472 2725/4846 2557/3060 2596/1217
f 1954/4847 1988/4632 2203/4243 2163/4242
f 2174/145 2180/1280 1965/1283 1929/146
f 811/1226 849/4848 669/2313 631/1719
f 2125/3991 2163/4835 2357/1920 2315/1919
f 1998/1089 1964/2965 2173/4402 2213/4267
f 1893/147 1929/146 1671/2125 1669/3436
f 658/4104 660/4103 840/4849 838/4850
f 1774/4851 1776/4244 1990/3936 1988/4632
f 2782/4520 2778/4519 3454/4255 3462/4254
f 2184/896 2144/895 1935/4253 1969/4252
f 2020/325 2022/3549 1836/370 1833/3245
f 1967/4852 1969/4252 1693/2141 1691/3448
f 1796/3207 1798/3206 1874/4853 1924/4251
f 2786/4258 2606/4854 2608/4855 2788/4259
f 2110/4756 2070/4856 1853/1890 1903/1889
f 2406/3593 2416/4857 2425/4531 2421/1744
f 2234/402 2230/3036 2422/3182 2429/3617
f 2798/4266 2618/907 2650/910 2830/3878
f 229/305 123/4412 124/2535 230/306
f 89/4858 51/1728 52/724 90/723
f 1547/4859 1585/4269 1372/509 1334/4860
f 1879/3704 1881/3703 1817/4861 1815/4862
f 868/4539 688/1523 652/633 832/636
f 1805/196 1807/195 1513/2421 1511/1551
f 3000/2316 3044/2315 3254/4774 3178/2564
f 2142/2805 2182/2554 1967/4852 1933/4863
f 2828/3361 2790/3360 2956/3123 2994/3122
f 95/4864 137/4295 138/3735 96/3903
f 990/1708 952/4865 1143/4866 1187/4288
f 1635/4867 1637/4868 1424/4653 1422/4652
f 1345/4781 1381/4141 1594/540 1558/2327
f 361/4441 363/4440 285/4291 283/4290
f 2297/4125 2255/4124 2451/4869 2494/1311
f 2501/3700 2458/3699 2262/446 2304/445
f 887/684 889/2576 723/4870 721/685
f 2113/2619 2151/3720 2345/3306 2303/3305
f 1520/3370 1558/3369 1678/4871 1676/4872
f 2261/4132 2303/3305 2500/1560 2457/1559
f 1066/4026 1053/4364 1248/125 1254/124
f 2507/4566 2543/4565 2352/491 2310/490
f 1225/4289 1187/4288 1375/2593 1413/3724
f 2717/4873 2679/4874 2513/3487 2549/3486
f 771/4875 733/4876 553/2939 591/3926
f 137/4295 283/4294 284/3736 138/3735
f 1027/3161 1029/3160 1225/4877 1223/4878
f 2588/2880 2549/4879 2358/4163 2394/2881
f 2647/3932 2609/3931 2439/4880 2478/806
f 3093/4881 3089/3569 2909/1390 2947/1389
f 211/2044 253/1717 137/4295 95/4864
f 70/200 108/199 224/4882 182/332
f 2265/2904 2307/2903 2504/3493 2461/4297
f 953/4600 991/3872 823/3226 785/3946
f 1528/3187 1566/3186 1716/3651 1714/3650
f 2389/2070 2391/2069 2585/3507 2583/1372
f 452/1452 404/1451 580/3933 618/1809
f 18/3462 14/2039 1437/4883 1450/3308
f 1962/2669 1996/1090 2211/4268 2171/4884
f 3024/1079 3068/1078 3278/4309 3236/3530
f 584/4324 546/1486 726/1489 764/4885
f 1616/3195 1572/1780 1738/4082 1736/4081
f 1039/4317 1041/4316 871/4886 869/4887
f 3105/374 3053/373 2881/4888 2917/1847
f 3005/4180 2965/4179 2799/4889 2839/1415
f 3117/1127 3227/1126 3015/1492 2975/4327
f 2973/4890 2975/4891 2809/4892 2807/4893
f 3310/854 3312/4181 3424/132 3422/2097
f 1849/1131 1851/1130 1701/4894 1699/4895
f 586/4896 624/619 804/622 766/4182
f 3313/1137 3315/745 3129/3345 3127/3128
f 2196/4356 2156/4355 1947/294 1981/293
f 1148/4897 1192/2681 995/3017 957/431
f 1426/4898 1428/1204 1240/4899 1238/4900
f 1160/480 1198/4508 1002/464 963/463
f 3225/2967 3115/2966 2973/2956 3013/2955
f 2070/478 2072/477 1855/3241 1853/3240
f 1044/4511 1046/1322 1241/1321 1239/3997
f 1343/690 1305/689 1518/3879 1556/4602
f 748/4901 786/4902 954/4001 914/4000
f 1191/1911 1147/4903 1343/4372 1379/4371
f 2384/3799 2386/2709 2196/4356 2194/1501
f 1204/3249 1166/3248 969/799 1008/3485
f 1052/3331 11/2105 32/2425 1247/3074
f 2483/1193 2496/1192 2662/4358 2652/3148
f 3169/2974 3170/4904 3176/2565 3175/2975
f 3188/4905 3102/4419 3166/1771 3252/1774
f 1036/4906 1038/4907 1233/3489 1231/3488
f 1271/715 1273/707 1486/710 1484/4611
f 8/4362 15/4361 16/1197 9/1196
f 1115/4908 1079/171 1271/715 1309/4909
f 2312/4833 2270/4910 2082/1754 2122/1536
f 1358/3498 1320/4366 1126/4911 1170/945
f 2054/3771 2242/4912 2248/4913 2056/3772
f 854/4914 856/4915 1025/3848 1023/3847
f 145/4916 291/4917 292/4731 146/3076
f 2869/461 2783/2900 2603/4918 2689/462
f 3254/4919 3292/4666 3406/3282 3370/3281
f 1288/386 1326/385 1132/4223 1096/1946
f 912/412 914/4000 1109/2746 1107/413
f 1417/3082 1379/4371 1592/2570 1600/178
f 2844/4741 2804/4740 2970/1607 3010/1606
f 784/4920 746/4921 912/412 952/411
f 2835/586 2795/4020 2615/4922 2655/4155
f 1258/4923 1254/4924 1467/4925 1471/4409
f 1347/1573 1309/4926 1522/4927 1560/3053
f 1492/3521 1494/4007 1728/550 1726/549
f 2157/4928 2119/2766 2309/3023 2351/3022
f 3187/4929 3188/4905 3252/1774 3251/2096
f 1317/3304 1279/1930 1492/3521 1530/3520
f 3414/3682 3416/4152 3415/2199 3413/2198
f 2167/1267 2207/1266 2397/1640 2361/4379
f 733/4876 735/4930 555/2940 553/2939
f 1388/4390 1607/4931 1597/20 1384/3723
f 2322/3323 2364/4286 2170/4932 2132/3324
f 1574/4017 1618/4933 1750/4934 1748/4018
f 3460/4935 3462/4936 3480/4937 3477/4938
f 673/4939 675/4940 509/3658 507/3657
f 2173/1295 2135/1294 2325/4381 2367/4382
f 815/2055 853/3319 673/4941 635/117
f 2854/652 2892/651 3064/4942 3020/2007
f 2803/4812 2805/4811 2625/4943 2623/4944
f 1907/3131 1857/4766 1733/2190 1731/2189
f 1767/613 1769/612 1579/3845 1623/4945
f 1416/4237 1378/4029 1190/3125 1228/844
f 1883/4946 1897/4552 1687/3813 1685/2516
f 3233/2414 3131/4458 2981/1319 3021/1318
f 2934/4187 2898/4947 3070/3328 3138/2029
f 2089/2642 2129/2641 2319/3627 2277/4948
f 1633/3254 1635/4110 1422/4044 1414/674
f 2887/4949 2923/3133 2743/4394 2707/4950
f 1346/83 1308/82 1114/4049 1158/4048
f 498/4951 460/4397 626/3962 664/4263
f 3239/4952 3281/4953 3071/545 3027/544
f 3074/4954 3030/4562 3242/4406 3284/4405
f 534/4219 322/1422 446/1200 612/1203
f 1861/4424 1863/4423 1751/4955 1749/4956
f 1785/575 1787/4957 1545/2410 1583/576
f 1157/775 1239/4411 1427/2860 1341/609
f 3403/2615 3363/2614 3245/2775 3287/4287
f 358/786 360/785 556/3453 554/4272
f 640/4434 678/4581 858/4059 820/2883
f 2956/4276 2958/4275 3082/2292 3080/2291
f 426/75 474/74 640/4434 602/4433
f 1113/4507 1067/4958 1056/4413 1060/1410
f 3315/745 3275/744 3065/3346 3129/3345
f 958/4959 996/4415 1193/4138 1149/4780
f 47/203 49/4417 50/2555 48/3712
f 1466/1302 1462/1075 1650/1074 1649/3686
f 706/4960 24/4166 26/4169 708/4961
f 3207/3886 3357/2852 3239/4952 3141/4962
f 2314/2467 2356/4614 2162/604 2124/603
f 529/3088 695/4963 697/4964 531/3887
f 3091/4965 3183/4068 3249/3482 3161/2187
f 2118/3892 2078/3891 1861/4429 1911/4428
f 3139/4966 3141/4967 2987/3357 2985/3356
f 1012/947 973/946 805/3988 843/4662
f 1947/4968 1911/4428 1747/2355 1745/2354
f 2225/3805 2229/4969 2014/4788 2012/3806
f 1161/2525 1199/3661 1387/1382 1349/1381
f 257/3043 369/4436 287/4970 141/1177
f 2398/781 2362/4971 2168/638 2208/637
f 2026/3270 3463/970 3466/4470 2042/4972
f 421/119 469/118 257/3043 215/3042
f 1207/4591 1209/4590 1397/4080 1395/4079
f 2653/2090 2691/2657 2523/4439 2485/3586
f 263/4445 221/4444 105/1401 147/1400
f 3365/1268 3449/78 3465/77 3445/1269
f 3218/4003 3100/4973 3186/3379 3336/3378
f 2695/4974 2731/4975 2566/218 2527/217
f 116/1423 36/4150 114/2322 232/1424
f 3012/814 3056/4094 3266/4976 3224/4230
f 1119/4977 1083/4450 1275/3210 1313/3604
f 1610/1000 1612/999 1720/3633 1718/3632
f 813/3616 775/4978 595/3920 633/803
f 2436/4122 2241/1445 2243/1448 2438/4979
f 1353/1761 1391/4469 1610/4303 1566/3186
f 1020/3401 981/2088 813/3616 851/3615
f 2279/1456 2281/1455 2477/4454 2475/4453
f 1125/4980 1169/4459 1357/3621 1319/3620
f 1534/1018 1496/1017 1742/1431 1740/4495
f 1506/1845 1544/1844 1778/4245 1776/4244
f 2485/3586 2523/4439 2332/4981 2288/4982
f 206/726 164/725 350/3234 412/4983
f 2881/4313 2843/1025 2663/1028 2701/4984
f 1932/2411 1896/4985 2141/4986 2177/670
f 3015/1492 3059/1491 2887/4477 2849/1805
f 2831/1427 2841/4010 2661/2418 2651/1428
f 2434/4123 2436/4122 2606/4987 2604/4988
f 202/4989 160/3713 342/4323 408/4322
f 2781/1114 2777/1113 2048/3722 2046/3721
f 441/4990 389/2969 187/4991 225/4992
f 1795/2513 1797/4293 1629/4270 1585/4269
f 2760/4993 2762/4823 2942/1527 2940/1526
f 1363/697 1325/4994 1538/3940 1576/835
f 208/4995 250/12 462/3527 414/4338
f 689/1110 691/1109 525/2388 523/2387
f 2488/2568 2447/2745 2616/4996 2656/14
f 1817/394 1819/393 1515/1035 1637/4279
f 1544/1123 1582/1122 1780/2787 1778/2786
f 1634/289 1636/288 1816/4274 1814/3534
f 3458/3385 3450/2173 3465/77 3474/4997
f 2445/3781 2486/2989 2654/48 2614/1698
f 3145/4145 3073/4144 2901/3917 2937/2182
f 1632/3725 1588/2596 1802/3777 1800/4839
f 1386/302 1388/301 1200/1556 1198/1555
f 3408/3045 3372/4706 3371/3729 3407/3728
f 3443/4998 3407/3728 3293/3566 3331/4999
f 2626/1562 2666/1561 2846/813 2806/812
f 2686/3678 2724/3717 2904/3467 2866/1878
f 1648/1683 1651/1682 2009/4542 2015/3064
f 999/1024 962/1023 1159/1572 1197/1571
f 2981/4765 2983/4764 2817/5000 2815/5001
f 3321/4768 3323/3029 3145/4145 3143/5002
f 3071/5003 3143/5002 2935/2181 2899/3480
f 3250/975 3334/974 3333/3483 3249/3482
f 1655/2197 2001/2802 1891/335 1657/338
f 3406/3282 3444/3046 3443/4998 3405/1898
f 3302/3681 3304/3831 3416/4152 3414/3682
f 2079/1211 2081/1210 2269/1187 2267/1186
f 3378/3683 3414/3682 3413/2198 3377/5004
f 2309/3023 2267/4527 2463/364 2506/363
f 1195/4809 1163/3607 1351/503 1385/502
f 2155/5005 2195/4789 2385/3054 2349/3492
f 1477/4408 1264/5006 1258/4923 1471/4409
f 873/5007 875/5008 695/4963 693/5009
f 185/833 109/2476 110/5010 186/2263
f 1281/1929 1319/3623 1532/4008 1494/4007
f 2064/3707 2214/3269 1999/392 1881/391
f 773/1227 811/1226 631/1719 593/1718
f 1220/5011 1182/189 985/1245 1024/1244
f 22/3821 30/3820 704/1642 702/1641
f 1098/207 1100/5012 905/4804 903/5013
f 1471/4409 1467/4925 1830/5014 1827/990
f 855/1246 817/1236 637/1239 675/5015
f 1464/3246 1460/369 1245/2344 1249/4528
f 7/5016 6/2133 9/2136 10/5017
f 2659/1416 2619/5018 2450/4119 2493/892
f 611/3119 693/5019 527/5020 445/3120
f 1093/3795 1129/3794 1323/5021 1285/4451
f 1407/5022 1409/5023 1628/4208 1626/4207
f 3064/4385 3128/1255 3314/1258 3274/5024
f 496/450 498/449 664/5025 662/5026
f 1666/179 1668/2571 1888/5027 1844/1434
f 2625/5028 2665/4098 2499/2521 2456/2520
f 448/3524 400/3523 576/1412 614/634
f 2711/5029 2747/4663 2582/483 2543/482
f 3070/4391 3026/1272 3238/1275 3280/5030
f 2859/4217 2819/4216 2639/5031 2679/4874
f 1645/3994 1647/2604 2017/3035 2023/401
f 363/5032 255/3975 139/2893 285/2892
f 2104/3854 2142/3853 1933/4553 1897/4552
f 368/3822 422/4551 598/1693 560/1692
f 1708/4845 1710/4661 1972/4051 1938/4708
f 1333/5033 1295/279 1508/3121 1546/4401
f 2/4167 1/5034 3/5035 4/4168
f 1675/3412 1677/4351 1557/3230 1519/3229
f 512/3080 514/3079 680/1711 678/1710
f 2186/150 2188/2823 1973/3449 1971/642
f 1697/3751 1699/5036 1605/1862 1561/1861
f 163/2026 165/3542 53/1377 51/1728
f 424/3738 374/2611 562/4670 600/5037
f 2953/4570 3041/2973 3083/2477 2959/2479
f 2259/4776 2261/4775 2457/3815 2455/3814
f 1563/19 1525/5038 1312/1739 1350/1738
f 2785/1030 2951/5039 2953/5040 2787/1031
f 2498/1182 2455/5041 2624/4739 2664/3350
f 1915/1537 1865/1755 1765/5042 1763/3757
f 1212/5043 1174/4173 977/2946 1016/2945
f 1493/2488 1531/5044 1318/4425 1280/3731
f 1921/2370 1957/3762 1787/4957 1785/575
f 2373/231 2375/3165 2569/2843 2567/1118
f 1013/2848 974/156 1171/159 1209/4589
f 2383/2774 2347/3808 2538/3564 2577/340
f 302/2385 398/5045 520/4246 482/1233
f 2553/3895 2517/3894 2320/1011 2362/1369
f 3186/5046 3188/5047 3187/4588 3185/4587
f 3228/1624 3270/1623 3386/5048 3346/2693
f 2991/5049 3031/3157 2865/97 2825/96
f 2353/3389 2389/2070 2583/1372 2544/1371
f 1172/110 1210/109 1014/762 975/761
f 3266/4796 3306/1785 3418/1788 3382/1793
f 888/2632 890/2631 1085/3190 1083/4450
f 2480/3312 2491/3602 2294/3851 2284/2251
f 2535/5050 2574/3435 2380/1362 2344/4042
f 972/3862 1011/3861 1207/4460 1169/4459
f 2531/4468 2570/4467 2376/149 2340/148
f 190/1568 228/3600 444/5051 392/1569
f 3270/855 3310/854 3422/2097 3386/4592
f 447/4594 399/4593 193/4091 235/1626
f 3346/2693 3386/5048 3385/2658 3345/1125
f 1138/3870 1102/2840 907/3866 947/5052
f 651/3611 613/2700 447/4594 485/3902
f 2537/4476 2501/3700 2304/445 2346/2308
f 1874/5053 1876/5054 2093/1454 2091/1453
f 3276/1876 3234/1875 3352/4596 3392/4597
f 333/5055 335/1532 157/3219 155/4099
f 3148/5056 3150/5057 3212/747 3210/746
f 2870/1309 2784/1308 2950/739 3036/738
f 579/2172 541/2171 333/5055 403/5058
f 1108/228 1144/227 953/3418 913/3417
f 2616/5059 2618/5060 2798/758 2796/757
f 982/404 944/2686 1135/2694 1179/405
f 1638/4610 1516/4609 1820/5061 1818/5062
f 1423/248 1425/247 1638/4483 1636/4482
f 1818/5062 1820/5061 2000/3431 1882/3430
f 1689/5063 1691/3448 1483/2160 1521/3465
f 583/794 545/793 341/3355 407/3354
f 856/4619 818/4065 986/3969 1025/3968
f 2904/5064 2940/1526 3152/273 3076/272
f 2354/4834 2312/4833 2122/1536 2160/1535
f 1126/4513 1090/4512 895/1600 935/4148
f 461/4622 499/4621 353/3469 249/3038
f 674/3649 676/3648 856/5065 854/5066
f 2817/5067 2857/3262 2677/2717 2637/2716
f 589/3654 627/2463 461/4622 413/5068
f 3151/1701 3153/2217 2941/2220 2939/4623
f 103/5069 145/4916 146/3076 104/3075
f 2903/5070 2939/4623 2759/4625 2723/5071
f 1709/643 1711/3452 1489/105 1487/104
f 177/2517 219/3588 103/5072 65/5073
f 1286/4626 1288/386 1096/1946 1094/1945
f 467/804 419/3921 213/3976 255/3975
f 186/2263 110/5010 226/3091 300/2264
f 1537/2384 1499/618 1286/4626 1324/4635
f 3333/3483 3373/4502 3257/2236 3215/2188
f 307/5074 309/5075 310/3101 308/3100
f 2581/1584 2542/1583 2710/5076 2746/3667
f 2744/5077 2746/4629 2926/847 2924/846
f 1368/2977 1406/4111 1218/1956 1180/1955
f 2698/1313 2660/1312 2840/64 2878/2756
f 2459/4319 2461/4318 2630/5078 2628/5079
f 2197/71 2157/70 2351/1582 2387/1581
f 1355/4446 1317/5080 1530/4321 1568/1405
f 2127/2950 2087/3914 2275/5081 2317/1801
f 1531/5082 1569/2192 1356/2084 1318/3400
f 234/1903 120/2282 236/2285 320/1904
f 1830/2078 1832/2077 2019/3099 2013/3098
f 63/2215 65/5073 66/965 64/964
f 1683/2515 1847/5083 1883/4946 1685/2516
f 2697/1417 2659/1416 2493/892 2529/891
f 1285/4451 1323/5021 1536/5084 1498/1429
f 1362/2226 1324/4637 1130/4174 1174/4173
f 2134/3166 2094/2081 1877/4116 1927/3868
f 2805/3124 2845/1676 2665/4098 2625/5028
f 3202/4343 3204/4342 3203/258 3201/257
f 573/3871 609/5085 443/4802 391/2636
f 3417/1794 3419/4638 3307/360 3305/359
f 464/515 416/5086 592/658 630/657
f 1292/2261 1330/3958 1136/5087 1100/5012
f 715/3873 753/5088 573/3871 535/2968
f 1999/392 2025/3271 1821/5089 1819/393
f 2103/3696 2059/3695 2251/2744 2291/2567
f 3198/2016 3200/2015 3199/4648 3197/4647
f 1670/4603 1672/3882 1930/1850 1894/5090
f 2087/1083 2089/1082 2277/1633 2275/1632
f 1706/501 1708/500 1938/5091 1902/1998
f 1863/3154 1913/3153 1753/2958 1751/4735
f 2317/1801 2275/5081 2471/2806 2514/1802
f 344/3709 410/3708 586/5092 548/1487
f 3394/4538 3430/2437 3429/711 3393/2438
f 2582/483 2584/3298 2390/1366 2388/484
f 2683/2364 2643/2363 2474/4014 2517/3894
f 2171/4884 2211/4268 2401/1646 2365/1645
f 1143/414 1107/413 1299/29 1337/948
f 2323/1828 2365/1827 2556/3716 2520/3677
f 2794/1699 2834/51 3000/2316 2960/3635
f 619/3982 657/3981 491/4196 453/4195
f 376/2610 426/4791 602/2375 564/2374
f 1248/125 1244/648 1459/647 1463/126
f 1975/4325 1977/1737 1727/2487 1725/2486
f 2838/2059 2876/2058 3048/4660 3004/4659
f 2996/2019 3004/4659 3216/973 3162/972
f 2769/1685 2565/1153 2490/1156 2690/1306
f 3049/4675 3005/4180 2839/1415 2877/1414
f 1535/2356 1573/184 1360/107 1322/2071
f 562/4670 564/2374 744/2377 742/5093
f 367/2648 421/4810 215/3484 173/2230
f 3078/5094 3034/5095 3246/2879 3288/2878
f 1623/4945 1579/3845 1366/112 1404/2092
f 3291/1899 3331/4999 3093/4881 3087/3899
f 312/1724 316/1723 438/2157 436/4215
f 920/539 880/538 1073/3371 1075/688
f 2305/2731 2263/4225 2459/5096 2502/5097
f 511/1048 513/1047 379/5098 377/5099
f 3446/3274 3366/5100 3248/741 3368/3275
f 2538/5101 2502/5097 2668/554 2706/553
f 644/1021 682/3063 862/3140 824/4053
f 2438/4676 2243/5102 2249/3780 2445/3781
f 37/3951 75/2391 76/2394 38/1579
f 3299/2662 3259/5103 3049/2906 3097/2905
f 2606/4987 2436/4122 2438/4979 2608/5104
f 187/4991 117/2638 37/3951 73/3950
f 304/570 306/569 394/4583 398/4582
f 3452/5105 3460/5106 3477/1480 3467/971
f 1642/1775 1429/3998 1431/5107 1644/1776
f 3189/4234 3191/4233 3109/4022 3107/4021
f 419/3765 365/2649 171/2229 213/3279
f 164/725 166/4701 352/2163 350/3234
f 427/594 381/593 179/3842 221/4442
f 947/5052 907/3866 741/5108 779/5109
f 261/2380 377/5110 291/4917 145/4916
f 2403/4404 2367/4403 2558/5111 2597/4525
f 1888/5027 1894/5112 2139/3967 2101/3966
f 2469/5113 2512/1922 2678/626 2638/625
f 1106/4690 1108/228 913/3417 911/3458
f 242/905 338/3782 492/4388 454/3114
f 1336/1553 1298/1552 1106/4690 1142/5114
f 1676/4872 1678/4871 1896/4985 1932/2411
f 2350/3974 2308/2913 2118/3892 2156/5115
f 2399/1639 2363/4083 2554/4695 2593/3589
f 1934/531 1968/530 2183/230 2143/229
f 3396/5116 3356/4265 3355/768 3395/4698
f 2591/3590 2593/3589 2758/4697 2756/5117
f 1698/2863 1700/2923 1850/2606 1900/2605
f 166/4701 208/4700 414/2164 352/2163
f 3231/872 3273/2981 3063/5118 3019/873
f 52/724 54/1380 166/4701 164/725
f 258/2737 370/4837 508/2494 470/2493
f 3244/2168 3286/2167 3402/4703 3362/4702
f 2283/4086 2245/4085 2440/2583 2479/1150
f 3212/5119 3362/4702 3361/1575 3211/1574
f 1064/4241 1068/5120 1256/1419 1252/1418
f 1902/1998 1938/5091 2147/3800 2109/1999
f 2983/3303 3023/3259 2857/3262 2817/5067
f 1255/1352 1249/4528 1054/704 1067/703
f 2815/5001 2817/5000 2637/5121 2635/5122
f 1968/530 1970/2443 2185/3162 2183/230
f 642/4668 604/5123 784/5124 822/1707
f 418/719 466/718 632/1873 594/3000
f 1978/551 1944/2626 2153/3807 2193/918
f 2164/3318 2126/3317 1919/1923 1955/5125
f 725/792 727/4721 547/3896 545/793
f 866/5126 868/5127 1038/4907 1036/4906
f 2641/47 2681/46 2515/311 2472/1194
f 2708/5128 2744/5077 2924/846 2888/2527
f 2850/5129 2888/5130 3060/1622 3016/1621
f 2092/3325 2132/3324 1925/4813 1875/5131
f 637/1239 599/1238 423/5132 471/4680
f 1758/810 1760/4084 1986/320 1984/319
f 1272/2161 1310/4737 1116/1332 1080/1331
f 1749/4956 1751/4955 1619/5133 1617/5134
f 692/123 570/122 750/5135 872/5136
f 429/4738 477/2528 265/2242 223/2241
f 3338/1773 3378/4462 3377/129 3337/128
f 2702/3351 2664/3350 2844/4741 2882/4745
f 1847/5083 2060/2249 2096/2252 1883/4946
f 567/2994 605/2993 429/5137 383/4684
f 2918/1386 2882/5138 3054/3829 3106/1387
f 1352/790 1390/789 1202/5139 1164/915
f 297/298 185/833 186/2263 298/2262
f 790/3811 828/3199 996/4415 958/4959
f 2630/4298 2670/3496 2850/5129 2810/5140
f 762/5141 800/160 968/163 930/3841
f 119/1627 77/4092 78/2283 120/2282
f 1892/2964 1838/2963 2051/3971 2137/3016
f 2619/5142 2621/5143 2452/5144 2450/5145
f 1361/2685 1399/2684 1618/4933 1574/4017
f 1789/4011 1791/3671 1509/4755 1507/666
f 2370/2531 2334/4159 2140/3942 2176/1281
f 1334/4860 1372/509 1184/512 1140/4307
f 2646/3679 2686/3678 2866/1878 2826/1877
f 1509/4755 1547/4754 1334/4039 1296/2838
f 121/1134 267/5146 268/3613 122/3612
f 87/870 129/869 130/455 88/4642
f 3434/1328 3436/474 3435/558 3433/1329
f 3397/1330 3433/1329 3321/4768 3281/5147
f 128/4055 86/5148 202/4329 244/1841
f 1133/1983 1177/1969 1365/1972 1327/1995
f 273/5149 127/2834 128/4055 274/4054
f 204/4643 246/458 458/5150 410/5151
f 2753/4785 2717/5152 2549/4879 2588/2880
f 885/1334 925/1333 757/5153 719/4688
f 803/779 841/778 661/4494 623/3551
f 1221/3970 1183/1991 1371/1994 1409/4534
f 933/1758 971/776 803/779 765/5154
f 3037/5155 3039/1515 2951/5039 2949/5156
f 2998/4063 3008/3743 3220/1772 3166/1771
f 929/917 967/916 799/3979 761/4654
f 314/4501 313/295 297/298 298/2262
f 608/2758 572/2627 752/2628 788/5157
f 1063/1409 1155/4504 1113/4507 1060/1410
f 3048/4658 3096/548 3298/3276 3258/4146
f 315/1722 437/3089 439/3888 313/5158
f 480/3093 442/3092 608/4795 646/4794
f 1077/3372 1149/5159 1345/3368 1307/3367
f 2922/2343 2886/2342 3058/4782 3114/4069
f 3112/4070 3114/4069 3308/1786 3306/1785
f 2906/4194 2868/4193 3034/5095 3078/5094
f 3154/1528 3078/2980 3288/3893 3328/3556
f 694/318 696/317 876/4395 874/5160
f 2931/4200 2933/4199 2753/4490 2751/5161
f 1748/4018 1750/4934 1862/2764 1912/2763
f 364/955 256/55 468/4426 506/4665
f 3367/1270 3167/4360 3037/4787 3247/1271
f 3411/2661 3375/3414 3259/5103 3299/2662
f 794/635 756/1413 924/1925 962/1023
f 684/4645 646/4794 826/3563 864/3787
f 2248/4913 2288/4982 2100/2098 2056/3772
f 2801/1426 2967/1934 2997/1937 2831/1427
f 743/4090 781/5162 601/4523 563/821
f 2220/5163 2003/988 2011/991 2224/4748
f 907/3866 909/351 743/354 741/5108
f 1983/4284 1985/3026 1759/617 1757/616
f 189/2637 227/4803 111/2392 75/2391
f 928/3754 888/2632 1083/4450 1119/4977
f 798/1810 760/3934 928/5164 966/5165
f 3459/1231 3461/1230 2781/5166 2779/5167
f 1455/646 1834/1659 1835/1662 1459/647
f 934/4183 972/3862 1169/4459 1125/4980
f 2369/1854 2413/672 2602/1296 2561/4685
f 2227/3809 2223/4577 2010/4555 2016/3687
f 728/3766 766/5168 934/5169 894/1968
f 2552/4380 2591/3590 2756/5117 2720/5170
f 2450/5145 2452/5144 2256/5171 2254/5172
f 2682/1979 2720/5173 2900/4113 2862/4112
f 1663/85 1841/3770 1843/3773 1665/86
f 2286/2117 2298/2116 2108/691 2098/2534
f 1238/4900 1240/4899 1045/2337 1043/2429
f 1015/4820 1017/4819 1213/2122 1211/2121
f 3170/4904 3042/4554 3084/2563 3176/2565
f 2576/2436 2537/2435 2346/2051 2382/1363
f 2774/5174 2039/856 2041/859 2776/5175
f 997/705 917/3863 1049/4365 1053/4364
f 2509/3296 2466/4558 2270/4910 2312/4833
f 936/5176 896/5177 1091/3711 1127/3710
f 280/497 282/496 356/3719 354/3718
f 278/2145 132/737 248/5178 348/5179
f 2851/3111 2811/4752 2631/2151 2671/2150
f 3040/5180 2952/4257 2954/4260 3042/5181
f 98/4143 60/992 172/37 214/36
f 2709/4707 2671/2150 2505/2153 2541/3973
f 1560/3053 1522/4927 1690/2317 1688/2307
f 1045/2337 1240/4899 1242/5182 1047/2338
f 2147/4709 2187/4052 2377/1146 2341/1145
f 1948/4664 1912/2763 2119/2766 2157/4928
f 262/73 378/4732 512/4580 474/74
f 94/1168 56/1167 168/783 210/4715
f 712/4598 881/1161 959/1164 791/2271
f 1908/982 1858/5183 2075/4224 2115/2730
f 1488/3211 1490/1815 1712/563 1710/4661
f 1868/1062 1918/175 2125/3991 2085/3990
f 2730/4278 2694/13 2874/16 2910/5184
f 2865/97 2903/4584 2723/571 2685/98
f 1707/644 1709/643 1487/104 1525/4568
f 1090/4512 1092/3393 897/1601 895/1600
f 1339/2186 1377/292 1590/2180 1552/4280
f 3089/3569 3045/3568 2873/5185 2909/1390
f 2660/1312 2620/5186 2800/65 2840/64
f 1729/4767 1731/2189 1569/2192 1531/5082
f 1798/3238 1800/3237 1876/5054 1874/5053
f 1240/4899 1428/1204 1430/1207 1242/5182
f 758/4844 796/2807 964/2524 926/2523
f 3377/5004 3413/2198 3301/2200 3261/3953
f 1719/1860 1721/1859 1567/1546 1611/3030
f 540/137 578/1631 758/5187 720/138
f 2941/2220 2905/2219 2725/5188 2761/4624
f 2814/2401 2854/652 3020/2007 2980/2006
f 1641/1205 1661/1985 1663/4734 1643/1206
f 1232/4749 1420/1220 1382/1223 1196/4354
f 838/5189 840/5190 1009/2538 1007/2537
f 1772/5191 1774/4851 1988/4632 1954/4847
f 620/3115 658/4389 838/161 800/160
f 1807/195 1809/4524 1551/2422 1513/2421
f 2932/4188 2934/4187 3138/2029 3136/2028
f 1617/5134 1619/5133 1400/181 1398/180
f 2182/2554 2184/896 1969/4252 1967/4852
f 1794/5192 1796/3207 1924/4251 1960/4250
f 3381/1795 3417/1794 3305/359 3265/2247
f 1290/206 1292/2261 1100/5012 1098/207
f 524/1254 526/1253 692/5193 690/5194
f 2300/2023 2258/5195 2070/4856 2110/4756
f 2058/4206 2060/4205 1847/5196 1845/5197
f 1842/1433 1664/176 1666/179 1844/1434
f 1541/4521 1503/2259 1290/206 1328/205
f 955/222 919/5198 751/5199 787/223
f 2148/4757 2110/4756 1903/1889 1939/2998
f 1338/682 1376/673 1188/676 1144/4599
f 3387/2288 3347/2267 3229/920 3271/2272
f 719/238 757/5200 577/3543 539/239
f 2098/2534 2108/691 1901/694 1885/866
f 85/204 47/203 48/3712 86/5201
f 1187/4288 1143/4866 1337/2594 1375/2593
f 2868/4193 2828/3361 2994/3122 3034/5095
f 1131/3865 1095/1467 1287/1085 1325/1084
f 1105/277 1141/756 1335/3798 1297/278
f 2339/4772 2297/4125 2494/1311 2530/1310
f 1678/2328 1680/543 1890/3693 1896/4474
f 3167/3555 3163/1516 3039/1515 3037/5155
f 1852/3214 1702/2406 1704/2312 1886/1997
f 1056/706 997/705 1053/4364 1066/4026
f 1227/291 1235/4047 1423/287 1415/286
f 1482/3880 1520/3370 1676/4872 1674/3881
f 3282/4777 3322/2310 3434/1328 3398/1327
f 2464/4779 2507/4566 2310/490 2268/1337
f 2755/308 2757/2926 2592/780 2590/309
f 247/1509 205/3344 89/735 131/734
f 269/304 331/4056 317/2020 229/305
f 1819/393 1821/5089 1448/1036 1515/1035
f 2416/1766 2427/1765 2484/4129 2425/4235
f 1223/4878 1225/4877 1413/4353 1411/4352
f 809/2947 771/3330 591/4499 629/4498
f 3331/4999 3293/3566 3089/3569 3093/4881
f 2687/328 2647/3932 2478/806 2521/329
f 3087/3899 3093/4881 2947/1389 2907/3745
f 2417/1797 2428/521 2233/324 2229/323
f 182/332 224/4882 430/2645 384/333
f 2203/4243 2205/3939 2395/700 2393/699
f 943/5202 903/5013 737/5203 775/5204
f 1/5034 23/5205 25/5206 3/5035
f 289/4301 143/164 144/167 290/4827
f 1837/2656 1839/2655 1661/1985 1659/1984
f 949/4308 987/1461 819/1053 781/5207
f 225/4992 187/4991 73/3950 109/4516
f 3047/350 3095/349 2911/3755 2875/4073
f 698/4644 532/5208 518/3513 684/4645
f 1408/722 1370/186 1182/189 1220/5011
f 222/1395 180/331 382/334 428/1913
f 1539/4677 1577/4633 1364/3763 1326/4518
f 770/3014 808/1514 976/3964 938/4649
f 552/1471 590/2165 770/5209 732/1472
f 31/2102 11/2105 1051/5210 1246/3639
f 2028/4345 2030/4567 1829/5211 1822/4346
f 3115/2398 3117/2397 2975/4891 2973/4890
f 3476/1335 3477/4938 3480/4937 3479/1336
f 852/2178 814/2177 982/404 1021/403
f 1899/3949 1849/3948 1699/5036 1697/3751
f 46/428 84/4096 200/420 158/419
f 1076/442 1148/913 957/5212 921/443
f 2262/4657 2264/4656 2076/1355 2074/1354
f 348/5179 248/5178 460/4397 498/4951
f 2270/2728 2272/2727 2084/3395 2082/3394
f 532/5208 440/4500 396/2265 518/3513
f 730/5213 732/387 898/390 896/5177
f 3292/4666 3332/3044 3444/3046 3406/3282
f 1230/1499 1232/1498 1037/4692 1035/4691
f 2804/3665 2806/3664 2972/825 2970/824
f 746/4921 748/4901 914/4000 912/412
f 2348/4831 2384/3799 2194/1501 2154/1500
f 2419/1494 2326/879 2328/882 2420/2760
f 3163/1516 3164/3554 3170/5214 3169/1517
f 1309/4909 1271/715 1484/4611 1522/4832
f 2045/816 2047/819 2782/5215 2780/5216
f 3353/4763 3393/5217 3277/4133 3235/3302
f 2242/4912 2437/2767 2444/2769 2248/4913
f 837/5218 839/5219 659/4350 657/4349
f 1602/5220 1604/5221 1684/3877 1682/3876
f 2052/2654 2240/1587 2242/4299 2054/4136
f 1381/4141 1419/4140 1602/541 1594/540
f 735/4930 773/5222 593/4667 555/2940
f 3400/4407 3360/2452 3359/750 3399/2456
f 1618/4400 1620/4399 1752/2644 1750/2643
f 3044/527 3088/526 3292/4666 3254/4919
f 3172/2294 3174/2293 3173/4376 3171/4375
f 445/3120 527/5020 435/4681 231/3599
f 3096/548 3098/517 3300/520 3298/3276
f 2441/4683 2598/4682 2404/3706 2246/3705
f 2873/587 2835/586 2655/4155 2693/589
f 565/592 567/2994 383/4684 381/593
f 296/5223 308/5224 432/2794 386/2793
f 324/1570 392/1569 574/985 536/984
f 7/5016 10/5017 22/2798 20/2797
f 1769/612 1771/3666 1541/3846 1579/3845
f 2178/2803 2410/4491 2292/1896 2136/2804
f 149/2243 295/418 296/5223 150/1002
f 2780/5225 2782/5226 3462/4936 3460/4935
f 402/1592 450/1591 616/4238 578/4843
f 662/5026 664/5025 844/5227 842/5228
f 1759/617 1761/4514 1539/384 1501/383
f 2848/555 2808/615 2974/4165 3014/623
f 458/5150 496/5229 662/620 624/619
f 615/4335 653/5230 487/2825 449/2824
f 635/117 673/4941 507/4435 469/118
f 757/2311 795/466 615/4335 577/4334
f 2712/5231 2748/1667 2928/1670 2892/4384
f 592/5232 554/4272 734/4273 772/5233
f 1507/666 1509/4755 1296/2838 1294/667
f 641/3096 603/4177 427/4443 475/3382
f 3341/2076 3381/2075 3265/596 3223/595
f 1449/1037 1451/5234 1438/5235 1436/3461
f 2177/670 2141/4986 2335/5236 2371/671
f 2096/2252 2104/3854 1897/4552 1883/4946
f 2754/4186 2718/5237 2898/4947 2934/4187
f 1589/681 1633/3254 1414/674 1376/673
f 3059/4031 3119/3108 2923/3133 2887/4949
f 1075/688 1073/3371 1269/3373 1305/689
f 1382/1223 1346/83 1158/4048 1196/4354
f 2146/151 2186/150 1971/642 1937/641
f 1175/696 1131/1144 1325/4994 1363/697
f 3357/2852 3397/2851 3281/4953 3239/4952
f 3141/4962 3239/4952 3027/544 2987/2043
f 3146/1117 3074/1116 3284/472 3324/471
f 1821/4347 1822/4346 1451/4841 1448/5238
f 271/1160 273/1159 274/4712 272/4711
f 695/4963 875/5008 877/5239 697/4964
f 1064/4241 1057/4240 1032/3333 1055/4337
f 3431/712 3395/4717 3279/1169 3319/713
f 3439/727 3403/2877 3287/3499 3327/728
f 2950/4724 2952/4257 3040/5180 3038/5240
f 708/863 714/862 1447/2038 1435/4821
f 3248/741 3038/740 3168/4359 3368/3275
f 872/5136 750/5135 916/2895 1042/2894
f 2371/671 2335/5236 2526/5241 2563/1297
f 2149/4726 2111/3171 2301/1181 2343/1180
f 950/2884 988/2871 1185/2874 1141/4601
f 889/2576 929/2575 761/5242 723/4870
f 1905/1858 1941/3541 1723/5243 1721/1859
f 2731/4975 2733/5244 2568/2548 2566/218
f 1014/4586 1016/4585 847/5245 845/5246
f 1082/1734 1084/95 889/2576 887/684
f 3205/4606 3207/4605 3141/4967 3139/4966
f 2156/5115 2118/3892 1911/4428 1947/4968
f 1010/2592 1012/2591 843/5247 841/5248
f 2592/780 2553/2928 2362/4971 2398/781
f 981/2088 943/2087 775/4978 813/3616
f 1117/2526 1161/2525 1349/1381 1311/2929
f 3401/264 3437/263 3325/729 3285/1700
f 2311/796 2353/2938 2544/5249 2508/797
f 264/2734 222/2949 428/5250 476/2735
f 781/5207 819/1053 639/1056 601/3774
f 2478/806 2439/4880 2244/2079 2282/807
f 3038/5240 3040/5180 3164/3554 3168/3553
f 3006/67 2966/66 3100/4973 3218/4003
f 379/4674 263/4445 147/1400 293/2094
f 3260/4004 3218/4003 3336/3378 3376/4228
f 2042/4972 2044/5251 2028/5252 2026/3270
f 2221/5253 2331/1742 2407/1745 2225/5254
f 3051/3954 3103/2266 2915/1846 2879/3232
f 2972/815 3012/814 3224/4230 3110/4229
f 2841/4010 2879/4009 2699/2419 2661/2418
f 2636/5255 2638/5256 2818/1139 2816/1138
f 1257/5257 1261/5258 1151/2784 1069/3570
f 389/2969 323/2635 117/2638 187/4991
f 2926/847 2890/4631 3062/4463 3122/848
f 1018/5259 1020/5260 851/5261 849/5262
f 607/212 571/211 389/2969 441/4990
f 3057/4760 3013/2955 2847/1865 2885/3242
f 2551/310 2590/309 2396/782 2360/4057
f 1572/1780 1534/1779 1740/4725 1738/4082
f 1504/3443 1506/1845 1776/4244 1774/4851
f 3456/4798 2774/5263 2776/5264 3458/4799
f 412/4983 350/3234 550/1470 588/2982
f 2979/874 3019/873 2853/2621 2813/3748
f 248/5178 206/5265 412/4398 460/4397
f 2230/3036 2226/3065 2414/3183 2422/3182
f 2490/1156 2434/4771 2604/1307 2690/1306
f 479/1825 441/1824 225/2475 299/832
f 239/1317 197/1316 81/4773 123/4412
f 1793/2514 1795/2513 1585/4269 1547/4859
f 3111/362 3113/361 2921/852 2919/3216
f 2724/5266 2760/4993 2940/1526 2904/5064
f 282/5267 136/2724 252/514 356/513
f 681/1839 689/1838 523/3603 515/2529
f 1344/3610 1380/2678 1192/2681 1148/4897
f 1164/915 1202/5139 1006/4778 967/916
f 161/2204 203/2203 87/4418 49/4417
f 1815/4862 1817/4861 1637/4868 1635/4867
f 3143/5002 3145/4145 2937/2182 2935/2181
f 332/925 270/303 230/306 318/926
f 2451/4283 2453/4282 2622/5268 2620/5269
f 1170/945 1126/4911 935/4784 973/946
f 3444/3046 3408/3045 3407/3728 3443/4998
f 2443/3185 2426/3184 2415/4575 2423/4220
f 136/2724 94/2723 210/5270 252/514
f 66/965 104/5271 220/4790 178/966
f 1434/900 1446/899 711/3839 707/3838
f 23/5205 705/5272 707/5273 25/5206
f 3116/3835 3118/3834 3196/2254 3194/2253
f 281/1884 135/1883 136/2724 282/5267
f 1732/981 1734/3925 1858/5183 1908/982
f 3281/5147 3321/4768 3143/5002 3071/5003
f 62/993 100/2743 216/4550 174/994
f 59/2232 61/2231 62/993 60/992
f 877/3833 1047/842 1033/845 863/269
f 150/1002 296/5223 386/2793 266/1003
f 1754/836 1756/3941 1950/3923 1914/1009
f 2689/462 2603/4918 2433/1894 2489/1893
f 1100/5012 1136/5087 945/4805 905/4804
f 2278/3073 2280/3072 2092/5274 2090/5275
f 1446/899 1266/828 1070/1162 711/3839
f 1721/1859 1723/5243 1529/1547 1567/1546
f 2733/5244 2697/5276 2529/2549 2568/2548
f 2130/1014 2090/1013 1873/4292 1923/2512
f 1946/4496 1980/3737 2195/4789 2155/5005
f 693/5009 695/4963 529/3088 527/3087
f 2117/2902 2155/4072 2349/4296 2307/2903
f 2655/4155 2615/4922 2446/2234 2487/2233
f 791/2271 873/2270 693/5019 611/3119
f 2663/1028 2623/1027 2454/5277 2497/2022
f 2151/2574 2191/919 2381/1932 2345/1931
f 1952/5278 1916/976 2123/979 2161/1436
f 1429/3998 1241/1321 1243/1324 1431/5107
f 2141/4475 2103/3696 2291/2567 2335/2566
f 521/3901 687/4142 651/3611 485/3902
f 3018/1050 2978/4076 3124/4302 3230/1051
f 2201/321 2161/1044 2355/4305 2391/2069
f 224/1004 266/1003 478/1020 430/1019
f 1963/3869 1927/3868 1811/3252 1809/4131
f 582/3116 620/3115 800/160 762/5141
f 2896/4816 2932/4188 3136/2028 3068/3347
f 853/5279 855/5280 675/4940 673/4939
f 1792/1096 1794/1655 1960/2943 1994/1097
f 871/4312 749/4311 569/1092 691/1091
f 2902/1102 2864/1101 3030/4562 3074/4954
f 1369/1121 1407/4320 1626/4481 1582/1122
f 3020/2007 3064/4942 3274/1960 3232/1959
f 2188/2823 2148/2822 1939/3450 1973/3449
f 1699/4895 1701/4894 1607/300 1605/299
f 1599/87 1591/8 1378/4029 1416/4237
f 2032/1660 2048/3722 2236/4130 2021/1661
f 237/1133 329/2826 267/5146 121/1134
f 808/1514 846/1513 1015/3965 976/3964
f 1308/3466 1270/2162 1078/4033 1114/4689
f 401/4336 449/2824 237/1133 195/1132
f 2897/4488 2859/4217 2679/4874 2717/4873
f 2802/4557 2622/3146 2652/3148 2832/4062
f 3019/873 3063/5118 2891/2622 2853/2621
f 339/2837 243/2831 127/2834 273/5149
f 2375/3165 2339/3164 2530/2844 2569/2843
f 2014/326 2020/325 1833/3245 1831/3244
f 2567/1118 2569/2843 2734/2846 2732/2052
f 2347/2732 2305/2731 2502/5097 2538/5101
f 141/1177 287/4970 288/4836 142/1178
f 600/5037 562/4670 742/5093 780/5281
f 205/2027 163/2026 51/1728 89/4858
f 472/2195 424/4497 600/4503 638/2454
f 918/3334 1032/3333 1057/4240 1051/5210
f 1065/3519 1058/3332 1251/2762 1253/1305
f 2951/5039 3039/1515 3041/1518 2953/5040
f 1081/170 1117/3685 1311/708 1273/707
f 1597/20 1563/19 1350/1738 1384/3723
f 2301/1181 2259/3173 2455/5041 2498/1182
f 606/1022 644/1021 824/4053 786/4710
f 3339/3783 3189/4840 3107/1475 3221/1474
f 2963/2045 3091/4965 3161/2187 2995/2046
f 2019/3099 2021/1661 2236/4130 2232/1764
f 1194/1007 1162/1741 965/2866 1000/1008
f 1491/2489 1493/2488 1280/3731 1278/3730
f 2205/3939 2165/3938 2359/3691 2395/700
f 903/5013 905/4804 739/4807 737/5203
f 1134/208 1098/207 903/5013 943/5202
f 1237/2897 1111/2896 1303/4608 1425/4607
f 1086/3732 1088/3188 893/731 891/730
f 2381/1932 2383/2774 2577/340 2575/339
f 979/1225 1018/1966 849/4848 811/1226
f 1040/4370 1042/4369 1237/246 1235/245
f 1470/4522 1474/1747 1261/1746 1257/5282
f 3100/3203 3102/3202 3188/5047 3186/5046
f 228/2386 302/2385 482/1233 444/1232
f 2379/256 2343/255 2534/2060 2573/1856
f 309/1613 71/1612 72/4744 310/4743
f 3118/2783 3228/1624 3346/2693 3196/2692
f 3224/4230 3266/4976 3382/2074 3342/2073
f 330/2405 332/2404 490/1248 488/1247
f 3130/1256 3066/3961 3276/5283 3316/1257
f 3314/1258 3316/1257 3428/3425 3426/2275
f 3177/2478 3253/3285 3043/1213 2999/1212
f 2703/5284 2739/3434 2574/3435 2535/5050
f 2959/2479 2999/1212 2833/1215 2793/2089
f 2499/2521 2535/4535 2344/2711 2302/2279
f 1992/1098 1994/1097 2209/1638 2207/1266
f 541/2171 543/1529 335/1532 333/5055
f 2986/4541 2988/4540 3142/2447 3140/2446
f 294/2095 148/1403 264/2734 380/2733
f 392/1569 444/5051 610/5285 574/985
f 989/1285 951/1658 783/4176 821/1286
f 1928/1293 1878/1649 2095/1652 2135/1294
f 1933/4863 1967/4852 1691/3448 1689/5063
f 2254/5172 2256/5171 2068/1129 2066/1128
f 485/3902 447/4594 235/1626 319/1625
f 450/1591 488/4232 654/4239 616/4238
f 1924/4251 1874/4853 2091/2107 2131/2106
f 2604/5286 2606/4854 2786/4258 2784/4723
f 2494/1311 2451/4869 2620/5186 2660/1312
f 3316/1257 3276/5283 3392/3776 3428/3425
f 2990/1291 2992/1290 3150/5057 3148/5056
f 403/5058 333/5055 155/4099 197/4761
f 3242/4406 3148/4564 3210/2453 3360/2452
f 768/5287 730/5213 896/5177 936/5176
f 2447/3258 2449/3257 2618/5288 2616/5289
f 712/4598 533/3118 33/961 711/3839
f 2656/14 2616/4996 2796/2464 2836/15
f 2864/1101 2824/4202 2990/4563 3030/4562
f 3082/4574 3330/4573 3442/506 3174/505
f 2561/4685 2602/1296 2772/1299 2728/5290
f 774/3001 812/2995 980/1982 942/1981
f 1427/3999 1429/3998 1642/1775 1640/2853
f 1816/4485 1818/4484 1882/4262 1880/4261
f 2306/1348 2348/3288 2154/3005 2116/1349
f 1444/2110 1645/3994 2023/401 2034/400
f 2076/1350 2116/1349 1909/2481 1859/2480
f 1419/3491 1421/3490 1604/5221 1602/5220
f 1270/2162 1272/2161 1080/1331 1078/4033
f 2390/1366 2354/3300 2160/3024 2200/1367
f 413/5068 461/4622 249/3038 207/3037
f 2198/1368 2200/1367 1985/3026 1983/4284
f 3075/1702 3151/1701 2939/4623 2903/5070
f 1314/2485 1352/790 1164/915 1120/914
f 65/5073 103/5072 104/5271 66/965
f 1437/4883 1439/5291 1452/3309 1450/3308
f 2583/1372 2585/3507 2750/3510 2748/1373
f 175/2214 177/2517 65/5073 63/2215
f 754/3812 790/3811 958/4959 922/5292
f 505/805 467/804 255/3975 363/5032
f 1927/3868 1877/4116 1813/3253 1811/3252
f 3204/3532 3354/3531 3353/4763 3203/4762
f 295/418 307/417 308/5224 296/5223
f 1330/2978 1368/2977 1180/1955 1136/3320
f 2195/4789 2197/71 2387/1581 2385/3054
f 1393/4447 1355/4446 1568/1405 1612/1404
f 2839/1415 2799/4889 2619/5018 2659/1416
f 2165/2951 2127/2950 2317/1801 2359/1800
f 795/466 833/465 653/5230 615/4335
f 101/2216 63/2215 64/964 102/2616
f 1498/1429 1536/5084 1746/2609 1744/1430
f 2452/4449 2621/1425 2651/1428 2482/2114
f 410/5151 458/5150 624/619 586/4896
f 1283/1016 1285/4451 1498/1429 1496/1017
f 1400/2227 1362/2226 1174/4173 1212/5043
f 2123/979 2083/978 2271/2221 2313/1437
f 2243/5102 2055/1432 2057/1435 2249/3780
f 2093/1442 2133/1441 2323/1828 2281/4452
f 1026/2240 1028/2239 859/5293 857/5294
f 3352/4596 3202/4595 3201/4457 3351/2413
f 502/516 464/515 630/657 668/1459
f 1097/1468 1133/3837 1327/5295 1289/1469
f 2907/3745 2947/1389 2771/1392 2727/3746
f 1185/2874 1223/2873 1411/3239 1373/2001
f 2253/2572 2061/2976 2097/436 2285/2573
f 1845/5197 1847/5196 1683/2010 1681/2009
f 1219/3850 1221/3849 1409/5023 1407/5022
f 1668/2571 1670/2749 1894/5112 1888/5027
f 3463/970 3476/1481 3475/4471 3466/4470
f 548/1487 586/5092 766/5296 728/1488
f 342/4323 344/3709 548/1487 546/1486
f 3354/3531 3394/4310 3393/5217 3353/4763
f 537/240 539/239 327/3353 325/3352
f 2222/5297 2216/880 2326/879 2408/1493
f 1885/866 1901/694 1705/18 1703/17
f 1201/4808 1005/2295 1001/2297 1195/4809
f 666/1466 668/1465 848/5298 846/5299
f 497/2915 459/2348 247/1509 347/1508
f 2679/4874 2639/5031 2470/3646 2513/3487
f 581/4655 619/3982 453/4195 405/4825
f 3152/273 3154/1528 3328/3556 3326/274
f 2190/1365 2192/1364 1977/1737 1975/4325
f 2895/4826 2931/4200 2751/5161 2715/5300
f 3034/5095 2994/3122 3156/1671 3246/2879
f 1941/4326 1975/4325 1725/2486 1723/2753
f 2677/2717 2715/4620 2547/4613 2511/2466
f 357/2942 359/2941 169/1540 167/1539
f 2830/3878 2838/2059 3004/4659 2996/2019
f 682/3063 690/3062 870/3141 862/3140
f 3471/4719 3472/4797 3474/4800 3473/4720
f 2502/5097 2459/5096 2628/614 2668/554
f 2736/3890 2738/5301 2918/1386 2916/1385
f 1229/1912 1191/1911 1379/4371 1417/3082
f 2481/909 2492/236 2658/2056 2650/910
f 3279/4699 3237/771 3025/3135 3069/4487
f 1979/1502 1981/293 1743/100 1741/2067
f 2508/797 2544/5249 2712/650 2674/649
f 1159/1572 1115/1926 1309/4926 1347/1573
f 3361/1575 3401/4704 3285/3155 3243/1576
f 3101/1935 3187/4929 3251/2096 3165/1936
f 3149/1577 3243/1576 3031/3157 2991/5049
f 2132/3324 2170/4932 1961/4814 1925/4813
f 3253/1900 3291/1899 3087/3899 3043/3898
f 1051/5210 1057/4240 1250/1507 1246/3639
f 3366/5100 3160/3390 3036/738 3248/741
f 377/5099 379/5098 293/3409 291/3408
f 2957/5302 3157/5303 2943/3907 2791/3906
f 473/2379 511/2659 377/5110 261/2380
f 2649/1060 2657/3213 2491/3602 2480/3312
f 1894/5090 1930/1850 2175/1852 2139/1853
f 3297/348 3299/2662 3097/2905 3095/349
f 192/631 304/2350 398/5045 302/2385
f 338/4714 340/4713 494/4102 492/4101
f 188/1580 118/1567 324/1570 390/1619
f 3479/1617 3469/1616 3468/2677 3478/2676
f 318/926 240/1449 452/1452 484/927
f 2276/1195 2318/314 2128/2369 2088/2368
f 2603/5304 2605/3826 2435/1586 2433/1585
f 2277/4948 2319/3627 2516/1978 2473/1977
f 1000/1008 965/2866 797/4392 829/3675
f 1542/3444 1504/3443 1774/4851 1772/5191
f 219/2381 261/2380 145/4916 103/5069
f 2401/1646 2403/4404 2597/4525 2595/1647
f 1844/1434 1888/5027 2101/3966 2057/1435
f 1548/2003 1586/2002 1796/3207 1794/5192
f 1142/5114 1106/4690 911/3458 951/3457
f 431/2390 433/2389 309/5075 307/5074
f 1674/3881 1676/4872 1932/2411 1966/1851
f 1827/990 1830/5014 2013/4746 2011/991
f 1647/2604 1648/1683 2015/3064 2017/3035
f 3055/2248 3111/362 2919/3216 2883/3215
f 1696/2864 1698/2863 1900/2605 1936/3733
f 3150/3468 3244/2168 3362/4702 3212/5119
f 1624/4544 1580/24 1770/172 1768/1061
f 2325/4381 2283/4086 2479/1150 2522/1149
f 246/458 346/457 496/5229 458/5150
f 476/2735 428/5250 604/5123 642/4668
f 598/3058 636/2496 816/928 778/1690
f 416/4716 358/786 554/4272 592/5232
f 3176/2565 3290/1663 3289/1666 3175/2975
f 2772/1704 2730/5305 2910/2739 2948/1705
f 252/514 210/5270 416/5086 464/515
f 822/1707 784/5124 952/4865 990/1708
f 1705/18 1707/3110 1525/5038 1563/19
f 680/4669 642/4668 822/1707 860/1706
f 922/4673 958/5306 1149/5159 1077/3372
f 1390/5307 1392/5308 1204/3266 1202/3265
f 716/537 754/5309 922/4673 880/538
f 2204/1725 2164/4164 1955/1961 1989/1726
f 1727/2487 1729/4651 1531/5044 1493/2488
f 1987/1727 1989/1726 1775/1963 1773/2491
f 2949/5156 2951/5039 2785/1030 2783/1604
f 2800/59 2802/58 2968/3201 2966/3200
f 1312/4569 1274/106 1082/1734 1118/1733
f 2670/3496 2708/3495 2888/5130 2850/5129
f 1763/3757 1765/5042 1621/4634 1577/4633
f 2810/5140 2850/5129 3016/1621 2976/2782
f 471/4680 423/5132 217/3501 259/3500
f 1151/2784 1261/5258 1263/5310 1153/2785
f 2090/5275 2092/5274 1875/888 1873/887
f 675/5015 637/1239 471/4680 509/4679
f 690/5194 692/5193 872/5311 870/5312
f 1607/4931 1701/864 1703/17 1597/20
f 383/4684 429/5137 223/3512 181/3511
f 3252/1774 3338/1773 3337/128 3251/2096
f 2738/5301 2702/5313 2882/5138 2918/1386
f 1199/3295 1201/3294 1389/3996 1387/3995
f 2288/4982 2332/4981 2138/2099 2100/2098
f 2162/1361 2202/1360 1987/1727 1953/2490
f 2701/4984 2663/1028 2497/2022 2533/2021
f 3418/1788 3420/1787 3419/4638 3417/1794
f 2628/5314 2630/5315 2810/2498 2808/2497
f 1167/2508 1123/2507 1317/5080 1355/4446
f 1289/1469 1327/5295 1540/4190 1502/1799
f 233/1628 119/1627 120/2282 234/1903
f 86/5201 48/3712 160/3713 202/4989
f 2629/1807 2669/1806 2503/3286 2460/3984
f 3423/135 3387/134 3271/2811 3311/1821
f 127/2834 85/2833 86/5148 128/4055
f 1787/4678 1789/4011 1507/666 1545/665
f 92/2869 134/9 250/12 208/4995
f 2917/1847 2881/4888 2701/5316 2737/1848
f 575/2140 537/240 325/3352 399/4256
f 1649/3686 1652/4556 1470/1303 1466/1302
f 2735/4466 2737/1789 2572/1792 2570/4467
f 1822/4346 1829/5211 1453/4842 1451/4841
f 2807/4893 2809/4892 2629/5317 2627/5318
f 965/2866 927/2865 759/4393 797/4392
f 2247/2132 2405/2131 2599/2553 2442/2552
f 34/861 534/4219 713/3144 714/862
f 504/3727 506/3726 672/3473 670/3472
f 765/5154 803/779 623/3551 585/3550
f 2285/2573 2295/233 2492/236 2481/909
f 847/2948 809/2947 629/4498 667/4727
f 1762/3336 1764/1990 1916/976 1952/5278
f 1639/1986 1641/1205 1428/1204 1426/4898
f 316/1723 315/1722 313/5158 314/2158
f 1523/3752 1561/1861 1348/1864 1310/4733
f 3405/1898 3443/4998 3331/4999 3291/1899
f 994/1910 956/2326 1147/4903 1191/1911
f 306/1902 305/4612 233/1628 234/1903
f 169/1540 211/3359 95/3364 57/1541
f 382/334 384/333 568/1906 566/1905
f 864/3787 826/3563 994/1910 1034/1909
f 1001/2297 966/5165 1163/3607 1195/4809
f 1609/2333 1611/2332 1392/5308 1390/5307
f 2226/3065 2222/4543 2408/5319 2414/3183
f 1529/2754 1491/2489 1278/3730 1316/4493
f 3081/3577 3329/3576 3157/5303 2957/5302
f 2955/1918 2957/1917 2791/4616 2789/4615
f 1869/3581 1871/3580 1783/2367 1781/2366
f 924/4793 884/168 1079/171 1115/4908
f 2444/2769 2485/3586 2288/4982 2248/4913
f 2429/3617 2559/3874 3464/3010 3447/3594
f 1949/4285 1983/4284 1757/616 1755/2383
f 117/2638 189/2637 75/2391 37/3951
f 1092/3393 1128/3392 937/4060 897/1601
f 1282/2971 1284/2970 1092/3393 1090/4512
f 3155/1175 3079/1174 2955/4492 2993/2776
f 966/5165 928/5164 1119/3608 1163/3607
f 3274/5024 3314/1258 3426/2275 3390/2274
f 830/1811 798/1810 966/5165 1001/2297
f 896/5177 898/390 1093/3795 1091/3711
f 2510/2223 2467/2222 2636/839 2676/838
f 2273/3992 2315/1919 2512/1922 2469/5113
f 1214/3407 1216/3406 1020/5260 1018/5259
f 1955/5125 1919/1923 1779/653 1777/1457
f 894/1968 934/5169 1125/3622 1089/1928
f 3280/5030 3238/1275 3356/4265 3396/5116
f 2516/1978 2552/3629 2720/5173 2682/1979
f 980/1982 1019/2997 1215/1970 1177/1969
f 1875/5131 1925/4813 1801/3152 1799/3151
f 2041/4822 2037/2037 2770/2174 2776/3384
f 132/737 90/736 206/5265 248/5178
f 1139/3034 1103/276 1295/279 1333/5033
f 3420/1787 3384/4801 3383/4639 3419/4638
f 2597/4525 2558/5111 2726/5320 2762/4526
f 3164/3554 3040/5180 3042/5181 3170/5214
f 1054/704 1050/4529 917/3863 997/705
f 2574/3435 2576/2436 2382/1363 2380/1362
f 3126/2008 3232/1959 3350/467 3200/4646
f 2497/2022 2454/5277 2258/5195 2300/2023
f 2003/5321 2220/5322 2221/5323 2004/5324
f 1475/5325 1263/5326 1476/5327 1823/5328
f 1262/5329 1153/5330 1263/5326 1475/5325
f 1825/5331 2003/5321 2004/5324 1826/5332
f 2042/4972 3466/4470 3451/4473 2044/5251
f 16/1197 15/4361 1442/645 1244/648
f 28/2042 1439/5291 1437/4883 14/2039
f 18/3462 387/1093 569/1092
f 1450/3308 2027/950 1820/5061
f 3329/3576 3441/507 3463/970
f 3366/5100 3465/77 3450/2173
f 2036/898 2767/2781 2410/4491
f 2049/2245 3470/1615 3454/4255
f 2763/5333 2943/5334 3463/5335
f 11/2105 918/3334 1051/5210
f 33/961 321/3117 115/3598
f 1448/5336 1451/5337 1449/5338
f 2043/953 2780/5339 3452/5105
f 2943/3907 3157/5303 3463/970
f 18/3462 184/1950 72/4744
f 1062/5340 1153/5330 1152/5341
f 2026/3270 2214/3269 2404/3706
f 749/4311 915/3516 1449/1037
f 17/1198 1443/1643 30/3820
f 1155/5342 1825/5331 1265/5343
f 1266/828 1446/899 1479/829
f 2037/2037 2179/3015 2411/1154
f 1447/2038 1480/607 1656/2035
f 1265/5343 1825/5331 1478/5344
f 1111/2896 1450/3308 1303/4608
f 1820/5061 2027/950 2000/3431
f 19/41 27/40 699/5345
f 1476/5327 2219/5346 2329/5347
f 12/962 115/3598 35/3597
f 12/962 116/1423 34/861
f 2432/522 2600/4128 3469/1616
f 3445/1269 3465/77 3446/3274
f 3330/4573 3463/970 3442/506
f 1154/5348 1264/5349 1825/5331
f 2049/2245 3454/4255 2778/4519
f 2043/953 3452/5105 3467/971
f 915/3516 1110/3515 1449/1037
f 750/5135 1450/3308 916/2895
f 2026/5350 2763/5333 3463/5335
f 2027/950 2405/2131 2215/2130
f 2779/5351 3451/4473 3459/4472
f 34/861 322/1422 534/4219
f 16/1197 1244/648 1049/4365
f 18/5352 749/5353 1449/5354
f 711/3839 1070/1162 881/1161
f 18/3462 71/1612 183/1611
f 2001/2802 2036/898 2178/2803
f 3441/507 3442/506 3463/970
f 2221/5323 2418/5355 2331/5356
f 2220/5322 2330/5357 2221/5323
f 34/861 116/1423 322/1422
f 699/5345 1436/3461 1438/5235
f 2411/1154 2565/1153 2770/2174
f 33/961 533/3118 321/3117
f 18/3462 570/122 388/121
f 2565/1153 2769/1685 2770/2174
f 2025/5358 2026/5359 2028/5360
f 3/963 12/962 4/4486
f 2027/5361 3463/5362 2764/5363
f 2000/3431 2027/950 2215/2130
f 1450/3308 1820/5061 1516/4609
f 27/40 1436/3461 699/5345
f 2027/950 2599/2553 2405/2131
f 916/2895 1450/3308 1111/2896
f 1476/5327 2218/5364 2007/5365
f 2048/3722 2777/1113 3453/1112
f 12/962 33/961 115/3598
f 2944/1345 3463/970 3158/2841
f 2002/2036 2179/3015 2037/2037
f 16/1197 1049/4365 917/3863
f 12/962 36/4150 116/1423
f 2036/898 2410/4491 2178/2803
f 3159/3624 3449/78 3365/1268
f 1110/3515 1302/1038 1449/1037
f 1476/5327 1824/5366 2008/5367
f 1478/5344 1825/5331 1826/5332
f 1264/5349 1477/5368 1825/5331
f 3158/2841 3463/970 3330/4573
f 2780/5339 3460/5106 3452/5105
f 2026/3270 2598/4682 2763/3908
f 2431/4127 3469/1616 2600/4128
f 18/3462 183/1611 387/1093
f 2043/953 2045/952 2780/5339
f 711/3839 881/1161 712/4598
f 28/2042 700/5369 1439/5291
f 2764/5363 3463/5362 2944/5370
f 18/5371 1450/5372 750/5373
f 3160/3390 3366/5100 3450/2173
f 3366/5100 3446/3274 3465/77
f 13/43 1436/3461 27/40
f 2946/1684 3160/3390 3450/2173
f 2236/4130 3469/1616 2431/4127
f 1836/370 2022/3549 2033/367
f 1446/899 1655/2197 1479/829
f 1476/5327 2007/5365 1823/5328
f 2945/460 3449/78 3159/3624
f 1063/5374 1825/5331 1155/5342
f 29/1887 703/1886 1442/645
f 713/3144 882/773 714/862
f 30/3820 1443/1643 704/1642
f 2027/950 2764/1344 2599/2553
f 3464/3010 3472/3009 3471/4641
f 1/2104 2/2801 11/2105
f 917/5375 1050/5376 1245/5377
f 16/1197 1443/1643 17/1198
f 1063/5374 1154/5348 1825/5331
f 1303/4608 1450/3308 1516/4609
f 2037/2037 2411/1154 2770/2174
f 18/5352 569/5378 749/5353
f 18/3462 72/4744 71/1612
f 3157/5303 3329/3576 3463/970
f 2564/4231 2767/2781 2768/459
f 2044/5251 3451/4473 2779/5351
f 1267/608 1480/607 1447/2038
f 2237/523 2432/522 3469/1616
f 15/4361 29/1887 1442/645
f 20/2041 700/5369 28/2042
f 1476/5327 2328/5379 2218/5364
f 1476/5327 2008/5367 2219/5346
f 2026/3270 2404/3706 2598/4682
f 2048/3722 3453/1112 3468/2677
f 1152/5341 1153/5330 1262/5329
f 1476/5327 2420/5380 2328/5379
f 3465/77 3473/76 3474/4997
f 2410/4491 2767/2781 2564/4231
f 1476/5327 2329/5347 2420/5380
f 2221/5323 2330/5357 2418/5355
f 18/5371 750/5373 570/5381
f 714/862 882/773 1071/772
f 12/962 35/3597 36/4150
f 18/3462 388/121 184/1950
f 11/2105 1052/3331 918/3334
