mtllib material.mtl
s 0
usemtl Material
v -0.9168649911880493 -0.18815700709819794 -0.707647979259491
v -0.9051460027694702 -0.18815700709819794 -0.707647979259491
v 0.9112600088119507 -0.18815700709819794 -0.707647979259491
v 0.9229789972305298 -0.18815700709819794 -0.707647979259491
v -0.9168649911880493 -0.07878199964761734 -0.707647979259491
v -0.9051460027694702 -0.07878199964761734 -0.707647979259491
v 0.003056999994441867 -0.07878199964761734 -0.707647979259491
v 0.6690729856491089 -0.07878199964761734 -0.707647979259491
v 0.9112600088119507 -0.07878199964761734 -0.707647979259491
v 0.9229789972305298 -0.07878199964761734 -0.707647979259491
v -0.9285839796066284 -0.18815700709819794 -0.7017890214920044
v 0.9346979856491089 -0.18815700709819794 -0.7017890214920044
v -0.9285839796066284 -0.07878199964761734 -0.7017890214920044
v 0.9346979856491089 -0.07878199964761734 -0.7017890214920044
v -0.9383490085601807 -0.18815700709819794 -0.6939759850502014
v 0.9444630146026611 -0.18815700709819794 -0.6939759850502014
v -0.9383490085601807 -0.07878199964761734 -0.6939759850502014
v 0.9444630146026611 -0.07878199964761734 -0.6939759850502014
v -0.9442089796066284 -0.18815700709819794 -0.684211015701294
v 0.9503229856491089 -0.18815700709819794 -0.684211015701294
v -0.9442089796066284 -0.07878199964761734 -0.684211015701294
v 0.9503229856491089 -0.07878199964761734 -0.684211015701294
v -0.9461619853973389 -0.18815700709819794 -0.6724920272827148
v 0.9522759914398193 -0.18815700709819794 -0.6724920272827148
v -0.9461619853973389 -0.07878199964761734 -0.6724920272827148
v 0.9522759914398193 -0.07878199964761734 -0.6724920272827148
v -0.8485050201416016 -0.18815700709819794 -0.629522979259491
v -0.8074899911880493 -0.18815700709819794 -0.629522979259491
v 0.7999320030212402 -0.18815700709819794 -0.629522979259491
v 0.8429009914398193 -0.18815700709819794 -0.629522979259491
v -0.8485050201416016 -0.07878199964761734 -0.629522979259491
v -0.8074899911880493 -0.07878199964761734 -0.629522979259491
v 0.7999320030212402 -0.07878199964761734 -0.629522979259491
v 0.8429009914398193 -0.07878199964761734 -0.629522979259491
v -0.4793500006198883 -0.08172599971294403 -0.6236799955368042
v -0.4793649911880493 -0.08464200049638748 -0.6236640214920044
v 0.4854789972305298 -0.08464200049638748 -0.6236640214920044
v -0.8797550201416016 -0.18815700709819794 -0.6002259850502014
v -0.7762399911880493 -0.18815700709819794 -0.6002259850502014
v 0.7686820030212402 -0.18815700709819794 -0.6002259850502014
v 0.8741509914398193 -0.18815700709819794 -0.6002259850502014
v -0.8797550201416016 -0.07878199964761734 -0.6002259850502014
v -0.7762399911880493 -0.07878199964761734 -0.6002259850502014
v 0.7686820030212402 -0.07878199964761734 -0.6002259850502014
v 0.8741509914398193 -0.07878199964761734 -0.6002259850502014
v 0.7686970233917236 -0.07977300137281418 -0.5592269897460938
v -0.8797550201416016 -0.18815700709819794 -0.559211015701294
v -0.7762399911880493 -0.18815700709819794 -0.559211015701294
v 0.7686820030212402 -0.18815700709819794 -0.559211015701294
v 0.8741509914398193 -0.18815700709819794 -0.559211015701294
v -0.8797550201416016 -0.07878199964761734 -0.559211015701294
v -0.7762399911880493 -0.07878199964761734 -0.559211015701294
v 0.8741509914398193 -0.0774800032377243 -0.559211015701294
v -0.075143001973629 -0.08460800349712372 -0.5534150004386902
v -0.31364700198173523 -0.08265899866819382 -0.5534129738807678
v -0.36441299319267273 -0.08265899866819382 -0.5534089803695679
v -0.36438900232315063 -0.08461300283670425 -0.5534080266952515
v -0.02642199955880642 -0.08461300283670425 -0.5534039735794067
v -0.07565099745988846 -0.0826679989695549 -0.5533949732780457
v 0.02008499950170517 -0.08462200313806534 -0.5533940196037292
v 0.020138999447226524 -0.08266700059175491 -0.5533900260925293
v -0.31382399797439575 -0.08462200313806534 -0.5533879995346069
v -0.027036000043153763 -0.08267299830913544 -0.5533850193023682
v -0.05837799981236458 -0.08467499911785126 -0.5533739924430847
v -0.05842600017786026 -0.08272600173950195 -0.5533739924430847
v -0.15413999557495117 -0.08466999977827072 -0.5533689856529236
v -0.009429999627172947 -0.08466199785470963 -0.5533679723739624
v -0.10511600226163864 -0.08271300047636032 -0.5533660054206848
v -0.20103399455547333 -0.08466500043869019 -0.5533639788627625
v -0.10502400249242783 -0.08466199785470963 -0.5533639788627625
v -0.17284700274467468 -0.08462200313806534 -0.5533620119094849
v -0.1537189930677414 -0.08270499855279922 -0.5533609986305237
v -0.2006399929523468 -0.08270300179719925 -0.5533609986305237
v -0.009285000152885914 -0.0827070027589798 -0.5533589720726013
v -0.39392799139022827 -0.08464200049638748 -0.5533509850502014
v -0.34532299637794495 -0.08464200049638748 -0.5533509850502014
v -0.2957710027694702 -0.08464200049638748 -0.5533509850502014
v -0.26647400856018066 -0.08464200049638748 -0.5533509850502014
v -0.24788199365139008 -0.08464200049638748 -0.5533509850502014
v -0.39439499378204346 -0.08268900215625763 -0.5533509850502014
v -0.3452570140361786 -0.08268900215625763 -0.5533509850502014
v -0.26531800627708435 -0.08268900215625763 -0.5533509850502014
v -0.2477709949016571 -0.08268900215625763 -0.5533509850502014
v -0.17182700335979462 -0.08268900215625763 -0.5533509850502014
v -0.12254700064659119 -0.08466300368309021 -0.5533400177955627
v -0.2180110067129135 -0.08271300047636032 -0.5533350110054016
v -0.12225700169801712 -0.08270899951457977 -0.5533339977264404
v -0.2179419994354248 -0.08466699719429016 -0.5533329844474792
v -0.2949010133743286 -0.08266100287437439 -0.5533279776573181
v -0.36430200934410095 -0.03932199999690056 -0.5445740222930908
v -0.3137879967689514 -0.039329998195171356 -0.5445579886436462
v -0.26528599858283997 -0.03937999904155731 -0.5444579720497131
v -0.2178419977426529 -0.03937999904155731 -0.5444579720497131
v -0.2964859902858734 -0.03935199975967407 -0.5444350242614746
v -0.39613598585128784 -0.039361998438835144 -0.5443969964981079
v -0.3473150134086609 -0.039361000061035156 -0.5443959832191467
v -0.25051701068878174 -0.039347998797893524 -0.5443530082702637
v -0.07537800073623657 -0.03966499865055084 -0.543694019317627
v -0.026750000193715096 -0.03967500105500221 -0.5436739921569824
v 0.020142000168561935 -0.039677999913692474 -0.5436689853668213
v -0.061253998428583145 -0.03979000076651573 -0.5436319708824158
v -0.15620699524879456 -0.039765000343322754 -0.5436149835586548
v -0.10734499990940094 -0.03976299986243248 -0.5436109900474548
v -0.011448999866843224 -0.039758000522851944 -0.5436109900474548
v -0.20280399918556213 -0.03975600004196167 -0.5436090230941772
v -0.17125199735164642 -0.039719998836517334 -0.543586015701294
v -0.12247200310230255 -0.039719998836517334 -0.543586015701294
v -0.8485050201416016 -0.18815700709819794 -0.5299140214920044
v -0.8074899911880493 -0.18815700709819794 -0.5299140214920044
v 0.7999320030212402 -0.18815700709819794 -0.5299140214920044
v 0.8429009914398193 -0.18815700709819794 -0.5299140214920044
v -0.8485050201416016 -0.07878199964761734 -0.5299140214920044
v -0.8074899911880493 -0.07878199964761734 -0.5299140214920044
v 0.7998870015144348 -0.0783429965376854 -0.5298169851303101
v 0.8428410291671753 -0.07604999840259552 -0.5298010110855103
v -0.39472898840904236 -0.02958099916577339 -0.5179910063743591
v 0.04784100130200386 -0.012338999658823013 -0.5176060199737549
v -0.05958100035786629 -0.029928000643849373 -0.5173569917678833
v -0.10588499903678894 -0.029989000409841537 -0.5171080231666565
v -0.2973549962043762 -0.029613999649882317 -0.5169439911842346
v -0.3459329903125763 -0.02959500066936016 -0.5168499946594238
v -0.2487500011920929 -0.02958199940621853 -0.5164480209350586
v 0.021428000181913376 -0.029884999617934227 -0.516198992729187
v -0.4227609932422638 -0.08267900347709656 -0.5159620046615601
v 0.01923999935388565 -0.08462300151586533 -0.5159509778022766
v 0.019385000690817833 -0.08267100155353546 -0.5159440040588379
v -0.1547359973192215 -0.0299529992043972 -0.5159419775009155
v -0.07639800012111664 -0.08267500251531601 -0.5159140229225159
v -0.42275699973106384 -0.012020999565720558 -0.5158870220184326
v -0.12310799956321716 -0.08272899687290192 -0.5158309936523438
v -0.07619000226259232 -0.08462999761104584 -0.5157309770584106
v -0.0739239975810051 -0.029874000698328018 -0.515716016292572
v 0.04856099933385849 -0.08462800085544586 -0.5156000256538391
v -0.12307000160217285 -0.0846790000796318 -0.5155400037765503
v -0.42274799942970276 -0.08463700115680695 -0.5155069828033447
v -0.12090799957513809 -0.02999499998986721 -0.5154520273208618
v 0.04840200021862984 -0.08268100023269653 -0.515395998954773
v -0.05936700105667114 -0.08272600173950195 -0.5153040289878845
v -0.3626849949359894 -0.029556000605225563 -0.5152770280838013
v -0.3121359944343567 -0.02956400066614151 -0.5152609944343567
v -0.15490299463272095 -0.08466999977827072 -0.5152419805526733
v -0.17272500693798065 -0.0846410021185875 -0.5152230262756348
v -0.3145810067653656 -0.08268900215625763 -0.5152029991149902
v -0.29643499851226807 -0.08268900215625763 -0.5152029991149902
v -0.36525800824165344 -0.08464200049638748 -0.5151950120925903
v -0.10589200258255005 -0.08273199945688248 -0.515188992023468
v -0.26528599858283997 -0.029613999649882317 -0.5151609778404236
v -0.346112996339798 -0.08463100343942642 -0.515159010887146
v -0.3143709897994995 -0.08464200049638748 -0.5151579976081848
v -0.26622599363327026 -0.08464200049638748 -0.5151569843292236
v -0.29585400223731995 -0.08461400121450424 -0.5151339769363403
v -0.3652929961681366 -0.08268900215625763 -0.5151339769363403
v -0.21632200479507446 -0.029662000015378 -0.5151270031929016
v -0.394910991191864 -0.08267900347709656 -0.5151180028915405
v -0.34583398699760437 -0.08268100023269653 -0.5151079893112183
v -0.24877500534057617 -0.08462599664926529 -0.5151060223579407
v -0.059376999735832214 -0.08467499911785126 -0.515067994594574
v -0.10576699674129486 -0.08467800170183182 -0.5150439739227295
v -0.17342199385166168 -0.08266899734735489 -0.5150189995765686
v -0.15449799597263336 -0.08270499855279922 -0.5150179862976074
v -0.3946850001811981 -0.08463399857282639 -0.5149530172348022
v -0.26647400856018066 -0.08268900215625763 -0.5148119926452637
v -0.24871699512004852 -0.08267299830913544 -0.5147579908370972
v -0.2012380063533783 -0.029613999649882317 -0.514549970626831
v -0.02526400052011013 -0.029908999800682068 -0.5143769979476929
v -0.010300000198185444 -0.08466199785470963 -0.5143060088157654
v -0.17194899916648865 -0.029934000223875046 -0.5142999887466431
v -0.20131400227546692 -0.08270300179719925 -0.5142989754676819
v -0.00981099996715784 -0.0827070027589798 -0.5142970085144043
v -0.027287999168038368 -0.08464200049638748 -0.5142890214920044
v -0.027612000703811646 -0.08268900215625763 -0.5142890214920044
v -0.01005799975246191 -0.02995399944484234 -0.5142890214920044
v -0.21886900067329407 -0.08271300047636032 -0.5142729878425598
v -0.21880899369716644 -0.08466699719429016 -0.5142710208892822
v -0.20156100392341614 -0.08466500043869019 -0.5136910080909729
v 0.06166600063443184 -0.013593999668955803 -0.5038560032844543
v 0.06002100184559822 -0.08462899923324585 -0.5031409859657288
v 0.05933399870991707 -0.08268500119447708 -0.5029789805412292
v -0.43337100744247437 -0.012403000146150589 -0.5026599764823914
v -0.43143999576568604 -0.08465699851512909 -0.502623975276947
v -0.43125298619270325 -0.08270099759101868 -0.5026059746742249
v -0.41881799697875977 0.022779999300837517 -0.5006170272827148
v 0.04211900010704994 0.022779999300837517 -0.5006170272827148
v 0.08638600260019302 -0.040001001209020615 -0.4944489896297455
v -0.4318329989910126 -0.029941000044345856 -0.49355700612068176
v 0.05836400017142296 -0.08272100239992142 -0.49276599287986755
v 0.06218399852514267 -0.030372999608516693 -0.4926539957523346
v 0.058722998946905136 -0.08467300236225128 -0.492467999458313
v -0.4422929883003235 -0.08269000053405762 -0.4922269880771637
v -0.45987600088119507 -0.08462800085544586 -0.4921810030937195
v -0.4560070037841797 -0.039707001298666 -0.49209699034690857
v 0.08902499824762344 -0.08272100239992142 -0.4917890131473541
v 0.09061399847269058 -0.08446499705314636 -0.4917609989643097
v -0.43181100487709045 -0.08270099759101868 -0.4916270077228546
v -0.4320969879627228 -0.08465699851512909 -0.49162501096725464
v -0.9461619853973389 -0.07878199964761734 -0.46546098589897156
v 0.9522309899330139 -0.07704100012779236 -0.465364009141922
v 0.058458998799324036 -0.08270599693059921 -0.46488600969314575
v -0.4313350021839142 -0.08269699662923813 -0.464819997549057
v -0.4598340094089508 -0.08464200049638748 -0.4647029936313629
v 0.05872099846601486 -0.08466699719429016 -0.46458199620246887
v -0.44417500495910645 -0.08269699662923813 -0.46413400769233704
v 0.08898100256919861 -0.08270599693059921 -0.46413201093673706
v -0.4310170114040375 -0.0846410021185875 -0.46401000022888184
v 0.08633500337600708 -0.03993700072169304 -0.46398401260375977
v 0.08897300064563751 -0.08466699719429016 -0.46379101276397705
v -0.433230996131897 -0.029944999143481255 -0.4633510112762451
v -0.4559069871902466 -0.039719000458717346 -0.46332401037216187
v 0.059310998767614365 -0.030419999733567238 -0.4625310003757477
v 0.609375 -0.0820309966802597 -0.4609380066394806
v 0.6124320030212402 -0.08464200049638748 -0.45764800906181335
v 0.8077449798583984 -0.07878199964761734 -0.45764800906181335
v 0.6124320030212402 -0.02018900029361248 -0.45764800906181335
v 0.8077449798583984 -0.02018900029361248 -0.45764800906181335
v 0.6182910203933716 -0.0006569999968633056 -0.45764800906181335
v 0.792119026184082 -0.0006569999968633056 -0.45764800906181335
v 0.28430700302124023 -0.08268900215625763 -0.44983598589897156
v 0.31165099143981934 -0.08268900215625763 -0.44983598589897156
v 0.33508801460266113 -0.08268900215625763 -0.44983598589897156
v 0.36243200302124023 -0.08268900215625763 -0.44983598589897156
v 0.3839159905910492 -0.08268900215625763 -0.44983598589897156
v 0.41321301460266113 -0.08268900215625763 -0.44983598589897156
v 0.4346979856491089 -0.08268900215625763 -0.44983598589897156
v 0.4639950096607208 -0.08268900215625763 -0.44983598589897156
v 0.8272759914398193 -0.08073499798774719 -0.4478830099105835
v 0.8741509914398193 -0.08073499798774719 -0.4478830099105835
v 0.8272759914398193 -0.057298000901937485 -0.4478830099105835
v 0.8741509914398193 -0.057298000901937485 -0.4478830099105835
v 0.08379500359296799 -0.03959999978542328 -0.4461210072040558
v 0.06009000167250633 -0.08272299915552139 -0.44541800022125244
v 0.06354600191116333 -0.030285000801086426 -0.44485801458358765
v -0.4461599886417389 -0.08268799632787704 -0.4447839856147766
v -0.45592498779296875 -0.039719000458717346 -0.4447839856147766
v 0.05874300003051758 -0.08464200049638748 -0.44475001096725464
v -0.4318999946117401 -0.08268000185489655 -0.44475001096725464
v 0.08899500221014023 -0.08464200049638748 -0.44474899768829346
v -0.43195098638534546 -0.02993600070476532 -0.444692999124527
v 0.08884800225496292 -0.08270899951457977 -0.4445430040359497
v -0.46178698539733887 -0.08464200049638748 -0.4439760148525238
v -0.43192100524902344 -0.08463399857282639 -0.44391900300979614
v 0.28430700302124023 -0.04557900130748749 -0.44202300906181335
v 0.31165099143981934 -0.04557900130748749 -0.44202300906181335
v 0.33508801460266113 -0.04557900130748749 -0.44202300906181335
v 0.36243200302124023 -0.04557900130748749 -0.44202300906181335
v 0.3839159905910492 -0.04557900130748749 -0.44202300906181335
v 0.41321301460266113 -0.04557900130748749 -0.44202300906181335
v 0.4346979856491089 -0.04557900130748749 -0.44202300906181335
v 0.4639950096607208 -0.04557900130748749 -0.44202300906181335
v 0.28430700302124023 -0.041673000901937485 -0.43811699748039246
v 0.31165099143981934 -0.041673000901937485 -0.43811699748039246
v 0.33508801460266113 -0.041673000901937485 -0.43811699748039246
v 0.36243200302124023 -0.041673000901937485 -0.43811699748039246
v 0.3839159905910492 -0.041673000901937485 -0.43811699748039246
v 0.41321301460266113 -0.041673000901937485 -0.43811699748039246
v 0.4346979856491089 -0.041673000901937485 -0.43811699748039246
v 0.4639950096607208 -0.041673000901937485 -0.43811699748039246
v 0.28430700302124023 -0.03776700049638748 -0.43030500411987305
v 0.31165099143981934 -0.03776700049638748 -0.43030500411987305
v 0.33508801460266113 -0.03776700049638748 -0.43030500411987305
v 0.36243200302124023 -0.03776700049638748 -0.43030500411987305
v 0.3839159905910492 -0.03776700049638748 -0.43030500411987305
v 0.41321301460266113 -0.03776700049638748 -0.43030500411987305
v 0.4346979856491089 -0.03776700049638748 -0.43030500411987305
v 0.4639950096607208 -0.03776700049638748 -0.43030500411987305
v -0.4314180016517639 -0.08467099815607071 -0.42255699634552
v 0.05773400142788887 -0.08270200341939926 -0.42195001244544983
v -0.4339500069618225 -0.030034000054001808 -0.4218370020389557
v 0.05773000046610832 -0.08465900272130966 -0.42179200053215027
v -0.43123799562454224 -0.08271100372076035 -0.42170199751853943
v -0.4461579918861389 -0.08268599957227707 -0.421640008687973
v -0.4559229910373688 -0.03971699997782707 -0.421640008687973
v 0.08898399770259857 -0.08270200341939926 -0.42130398750305176
v 0.08298800140619278 -0.039739999920129776 -0.4211609959602356
v 0.08897999674081802 -0.08465900272130966 -0.4211069941520691
v 0.058573998510837555 -0.029857000336050987 -0.419856995344162
v 0.28430700302124023 -0.08268900215625763 -0.41467899084091187
v 0.31165099143981934 -0.08268900215625763 -0.41467899084091187
v 0.33508801460266113 -0.08268900215625763 -0.41467899084091187
v 0.36243200302124023 -0.08268900215625763 -0.41467899084091187
v 0.3839159905910492 -0.08268900215625763 -0.41467899084091187
v 0.41321301460266113 -0.08268900215625763 -0.41467899084091187
v 0.4346979856491089 -0.08268900215625763 -0.41467899084091187
v 0.4639950096607208 -0.08268900215625763 -0.41467899084091187
v 0.47571301460266113 -0.08268900215625763 -0.41467899084091187
v 0.2511039972305298 -0.08073499798774719 -0.41467899084091187
v 0.28430700302124023 -0.03581300005316734 -0.41467899084091187
v 0.31165099143981934 -0.03581300005316734 -0.41467899084091187
v 0.33508801460266113 -0.03581300005316734 -0.41467899084091187
v 0.36243200302124023 -0.03581300005316734 -0.41467899084091187
v 0.3839159905910492 -0.03581300005316734 -0.41467899084091187
v 0.41321301460266113 -0.03581300005316734 -0.41467899084091187
v 0.4346979856491089 -0.03581300005316734 -0.41467899084091187
v 0.4639950096607208 -0.03581300005316734 -0.41467899084091187
v 0.2511039972305298 -0.02018900029361248 -0.41467899084091187
v 0.47571301460266113 -0.02018900029361248 -0.41467899084091187
v 0.0836540013551712 -0.0401340015232563 -0.40409600734710693
v 0.47571301460266113 -0.08268900215625763 -0.40296098589897156
v 0.4854789972305298 -0.08268900215625763 -0.40296098589897156
v 0.24133799970149994 -0.07878199964761734 -0.40296098589897156
v 0.47571301460266113 -0.03776700049638748 -0.40296098589897156
v 0.4854789972305298 -0.03776700049638748 -0.40296098589897156
v 0.47571301460266113 -0.02018900029361248 -0.40296098589897156
v 0.24133799970149994 -0.0192050002515316 -0.40296098589897156
v 0.056070998311042786 -0.03017999976873398 -0.40279701352119446
v 0.05475100129842758 -0.08270599693059921 -0.4026910066604614
v 0.057760998606681824 -0.08465900272130966 -0.40249601006507874
v 0.21289099752902985 -0.08495400100946426 -0.4023439884185791
v 0.22070300579071045 -0.08495400100946426 -0.4023439884185791
v 0.22851599752902985 -0.08495400100946426 -0.4023439884185791
v 0.2148440033197403 -0.04784400016069412 -0.4023439884185791
v 0.22070300579071045 -0.04393799975514412 -0.4023439884185791
v 0.22851599752902985 -0.040031999349594116 -0.4023439884185791
v -0.433106005191803 -0.08276399970054626 -0.4018479883670807
v 0.08901400119066238 -0.08271899819374084 -0.4018470048904419
v -0.44811901450157166 -0.08269400149583817 -0.401762992143631
v 0.08901099860668182 -0.08465900272130966 -0.40153101086616516
v -0.43699800968170166 -0.03007899969816208 -0.4013440012931824
v 0.47571301460266113 -0.08268900215625763 -0.4010080099105835
v 0.4854789972305298 -0.08268900215625763 -0.4010080099105835
v 0.47571301460266113 -0.03776700049638748 -0.4010080099105835
v 0.22851599752902985 -0.08495400100946426 -0.40039101243019104
v 0.2304690033197403 -0.08495400100946426 -0.40039101243019104
v 0.22851599752902985 -0.040031999349594116 -0.40039101243019104
v 0.2304690033197403 -0.040031999349594116 -0.40039101243019104
v -0.4337869882583618 -0.08473899960517883 -0.40019500255584717
v -0.46175700426101685 -0.08463399857282639 -0.40008699893951416
v -0.4589579999446869 -0.042966000735759735 -0.39972200989723206
v 0.47571301460266113 -0.08268900215625763 -0.39905500411987305
v 0.47571301460266113 -0.03776700049638748 -0.39905500411987305
v 0.2304690033197403 -0.08495400100946426 -0.3984380066394806
v 0.23242199420928955 -0.08495400100946426 -0.3984380066394806
v 0.2304690033197403 -0.040031999349594116 -0.3984380066394806
v 0.23242199420928955 -0.040031999349594116 -0.3984380066394806
v 0.47571301460266113 -0.08268900215625763 -0.3971010148525238
v 0.47571301460266113 -0.03776700049638748 -0.3971010148525238
v 0.23242199420928955 -0.08495400100946426 -0.39648398756980896
v 0.23242199420928955 -0.040031999349594116 -0.39648398756980896
v 0.47571301460266113 -0.08268900215625763 -0.39514800906181335
v 0.47571301460266113 -0.03776700049638748 -0.39514800906181335
v 0.26086899638175964 0.00520200002938509 -0.39514800906181335
v 0.4620409905910492 0.00520200002938509 -0.39514800906181335
v 0.234375 -0.08495400100946426 -0.3945310115814209
v 0.234375 -0.040031999349594116 -0.3945310115814209
v 0.47571301460266113 -0.08268900215625763 -0.3931950032711029
v 0.47571301460266113 -0.03776700049638748 -0.3931950032711029
v 0.234375 -0.08495400100946426 -0.39257800579071045
v 0.234375 -0.040031999349594116 -0.39257800579071045
v 0.4776659905910492 -0.08268900215625763 -0.39124199748039246
v 0.4776659905910492 -0.03776700049638748 -0.39124199748039246
v 0.234375 -0.08495400100946426 -0.390625
v 0.234375 -0.040031999349594116 -0.390625
v 0.4776659905910492 -0.08268900215625763 -0.389288991689682
v 0.4776659905910492 -0.03776700049638748 -0.389288991689682
v 0.23632800579071045 -0.08495400100946426 -0.38867199420928955
v 0.23632800579071045 -0.040031999349594116 -0.38867199420928955
v 0.4776659905910492 -0.08268900215625763 -0.38733598589897156
v 0.4776659905910492 -0.03776700049638748 -0.38733598589897156
v 0.23632800579071045 -0.08495400100946426 -0.3867189884185791
v 0.23632800579071045 -0.040031999349594116 -0.3867189884185791
v 0.47961899638175964 -0.08268900215625763 -0.3853830099105835
v 0.47961899638175964 -0.03776700049638748 -0.3853830099105835
v 0.2382809966802597 -0.08495400100946426 -0.38476601243019104
v 0.2382809966802597 -0.040031999349594116 -0.38476601243019104
v 0.47961899638175964 -0.08268900215625763 -0.38342899084091187
v 0.47961899638175964 -0.03776700049638748 -0.38342899084091187
v 0.2382809966802597 -0.08495400100946426 -0.3828119933605194
v 0.2382809966802597 -0.040031999349594116 -0.3828119933605194
v 0.47961899638175964 -0.08268900215625763 -0.3814760148525238
v 0.47961899638175964 -0.03776700049638748 -0.3814760148525238
v 0.2382809966802597 -0.08495400100946426 -0.38085898756980896
v 0.2382809966802597 -0.040031999349594116 -0.38085898756980896
v 0.48561999201774597 -0.03777800127863884 -0.3801079988479614
v 0.4757170081138611 -0.08271899819374084 -0.38007301092147827
v -0.4481149911880493 -0.08268900215625763 -0.37952300906181335
v 0.47961899638175964 -0.08268900215625763 -0.37952300906181335
v 0.24133799970149994 -0.07292299717664719 -0.37952300906181335
v 0.47961899638175964 -0.03776700049638748 -0.37952300906181335
v 0.47571301460266113 -0.02018900029361248 -0.37952300906181335
v -0.43233901262283325 -0.02996700070798397 -0.37948501110076904
v -0.4327229857444763 -0.0827149972319603 -0.37940698862075806
v 0.4757170081138611 -0.037797000259160995 -0.3791710138320923
v 0.21289099752902985 -0.08495400100946426 -0.3789060115814209
v 0.2382809966802597 -0.08495400100946426 -0.3789060115814209
v 0.2148440033197403 -0.04784400016069412 -0.3789060115814209
v 0.22070300579071045 -0.04393799975514412 -0.3789060115814209
v -0.45898398756980896 -0.04296899959445 -0.3789060115814209
v 0.22851599752902985 -0.040031999349594116 -0.3789060115814209
v 0.2382809966802597 -0.040031999349594116 -0.3789060115814209
v 0.2382809966802597 -0.03807799890637398 -0.3789060115814209
v 0.48548299074172974 -0.08271899819374084 -0.3786500096321106
v 0.05774499848484993 -0.08268900215625763 -0.37853801250457764
v 0.05774499848484993 -0.08464200049638748 -0.3785339891910553
v 0.08375199884176254 -0.04003499820828438 -0.37810200452804565
v 0.08904299885034561 -0.08462399989366531 -0.37801000475883484
v 0.08908099681138992 -0.08265600353479385 -0.37759798765182495
v 0.058361999690532684 -0.030269000679254532 -0.37612900137901306
v -0.43655499815940857 -0.030067000538110733 -0.37063899636268616
v 0.08341900259256363 -0.04029899835586548 -0.36849498748779297
v -0.4619399905204773 -0.08465799689292908 -0.3681809902191162
v -0.4326860010623932 -0.08277799934148788 -0.36749398708343506
v -0.45016899704933167 -0.08272100239992142 -0.36743998527526855
v 0.05454299971461296 -0.08270300179719925 -0.3674210011959076
v 0.055264998227357864 -0.03085700049996376 -0.3673990070819855
v 0.0577550008893013 -0.0846560001373291 -0.36698898673057556
v -0.4341669976711273 -0.08478199690580368 -0.36665600538253784
v 0.08901199698448181 -0.08270999789237976 -0.36659300327301025
v 0.0890050008893013 -0.0846560001373291 -0.36635100841522217
v 0.47571301460266113 -0.08268900215625763 -0.3658510148525238
v 0.47961899638175964 -0.08268900215625763 -0.3658510148525238
v 0.4854789972305298 -0.08268900215625763 -0.3658510148525238
v 0.5050100088119507 -0.08268900215625763 -0.3658510148525238
v 0.24133799970149994 -0.07292299717664719 -0.3658510148525238
v 0.49915099143981934 -0.04557900130748749 -0.3658510148525238
v 0.4952450096607208 -0.041673000901937485 -0.3658510148525238
v 0.47571301460266113 -0.03776700049638748 -0.3658510148525238
v 0.47961899638175964 -0.03776700049638748 -0.3658510148525238
v 0.4854789972305298 -0.03776700049638748 -0.3658510148525238
v 0.47571301460266113 -0.02018900029361248 -0.3658510148525238
v -0.459181010723114 -0.0429840013384819 -0.36526501178741455
v 0.2382809966802597 -0.08495400100946426 -0.36523398756980896
v 0.2148440033197403 -0.04784400016069412 -0.36523398756980896
v 0.22070300579071045 -0.04393799975514412 -0.36523398756980896
v 0.22851599752902985 -0.040031999349594116 -0.36523398756980896
v 0.2382809966802597 -0.03807799890637398 -0.36523398756980896
v -0.4329549968242645 -0.029975000768899918 -0.33852601051330566
v -0.45006799697875977 -0.08268900215625763 -0.3385080099105835
v 0.47571301460266113 -0.08268900215625763 -0.3385080099105835
v 0.47961899638175964 -0.08268900215625763 -0.3385080099105835
v 0.4854789972305298 -0.08268900215625763 -0.3385080099105835
v 0.24133799970149994 -0.07292299717664719 -0.3385080099105835
v 0.49915099143981934 -0.04557900130748749 -0.3385080099105835
v 0.4952450096607208 -0.041673000901937485 -0.3385080099105835
v 0.47571301460266113 -0.03776700049638748 -0.3385080099105835
v 0.47961899638175964 -0.03776700049638748 -0.3385080099105835
v 0.4854789972305298 -0.03776700049638748 -0.3385080099105835
v 0.47571301460266113 -0.02018900029361248 -0.3385080099105835
v -0.43296998739242554 -0.08274099975824356 -0.33847901225090027
v 0.058396998792886734 -0.08464200049638748 -0.3379589915275574
v 0.2382809966802597 -0.08495400100946426 -0.33789101243019104
v 0.2148440033197403 -0.04784400016069412 -0.33789101243019104
v 0.22070300579071045 -0.04393799975514412 -0.33789101243019104
v -0.45898398756980896 -0.04296899959445 -0.33789101243019104
v 0.22851599752902985 -0.040031999349594116 -0.33789101243019104
v 0.2382809966802597 -0.03807799890637398 -0.33789101243019104
v 0.05857500061392784 -0.08268900215625763 -0.3375380039215088
v 0.083467997610569 -0.040233999490737915 -0.337458997964859
v 0.08902999758720398 -0.08463100343942642 -0.337442010641098
v 0.0890360027551651 -0.08267000317573547 -0.33696600794792175
v 0.05807799845933914 -0.03046800009906292 -0.33594098687171936
v 0.08494199812412262 -0.040022000670433044 -0.32826900482177734
v 0.05833899974822998 -0.08462399989366531 -0.3267500102519989
v 0.05937499925494194 -0.030469000339508057 -0.32667601108551025
v 0.058524999767541885 -0.08267799764871597 -0.326308012008667
v -0.45219099521636963 -0.08263400197029114 -0.32600700855255127
v -0.43278399109840393 -0.08271100372076035 -0.32583001255989075
v 0.09065300226211548 -0.08442900329828262 -0.32576999068260193
v 0.08899500221014023 -0.08268900215625763 -0.3254930078983307
v -0.43713900446891785 -0.030030999332666397 -0.3254390060901642
v 0.47571301460266113 -0.08268900215625763 -0.32483598589897156
v 0.47961899638175964 -0.08268900215625763 -0.32483598589897156
v 0.4854789972305298 -0.08268900215625763 -0.32483598589897156
v 0.5050100088119507 -0.08268900215625763 -0.32483598589897156
v 0.24133799970149994 -0.07292299717664719 -0.32483598589897156
v 0.49915099143981934 -0.04557900130748749 -0.32483598589897156
v 0.4952450096607208 -0.041673000901937485 -0.32483598589897156
v 0.47571301460266113 -0.03776700049638748 -0.32483598589897156
v 0.47961899638175964 -0.03776700049638748 -0.32483598589897156
v 0.4854789972305298 -0.03776700049638748 -0.32483598589897156
v 0.47571301460266113 -0.02018900029361248 -0.32483598589897156
v -0.4619640111923218 -0.08459900319576263 -0.3246209919452667
v 0.2382809966802597 -0.08495400100946426 -0.3242189884185791
v 0.2148440033197403 -0.04784400016069412 -0.3242189884185791
v 0.22070300579071045 -0.04393799975514412 -0.3242189884185791
v 0.22851599752902985 -0.040031999349594116 -0.3242189884185791
v 0.2382809966802597 -0.03807799890637398 -0.3242189884185791
v -0.4333530068397522 -0.08474399894475937 -0.32381999492645264
v -0.4560849964618683 -0.039687998592853546 -0.3232100009918213
v -0.4520210027694702 -0.08268900215625763 -0.2994450032711029
v 0.47571301460266113 -0.08268900215625763 -0.2994450032711029
v 0.47961899638175964 -0.08268900215625763 -0.2994450032711029
v 0.4854789972305298 -0.08268900215625763 -0.2994450032711029
v 0.5050100088119507 -0.08268900215625763 -0.2994450032711029
v 0.24133799970149994 -0.07292299717664719 -0.2994450032711029
v 0.49915099143981934 -0.04557900130748749 -0.2994450032711029
v 0.4952450096607208 -0.041673000901937485 -0.2994450032711029
v -0.4559270143508911 -0.039719998836517334 -0.2994450032711029
v 0.47571301460266113 -0.03776700049638748 -0.2994450032711029
v 0.47961899638175964 -0.03776700049638748 -0.2994450032711029
v 0.4854789972305298 -0.03776700049638748 -0.2994450032711029
v 0.47571301460266113 -0.02018900029361248 -0.2994450032711029
v -0.4327490031719208 -0.02995700016617775 -0.29931700229644775
v -0.43264898657798767 -0.08270400017499924 -0.2992979884147644
v 0.05773099884390831 -0.0846560001373291 -0.29892900586128235
v 0.2382809966802597 -0.08495400100946426 -0.29882800579071045
v 0.2148440033197403 -0.04784400016069412 -0.29882800579071045
v 0.22070300579071045 -0.04393799975514412 -0.29882800579071045
v 0.22851599752902985 -0.040031999349594116 -0.29882800579071045
v 0.2382809966802597 -0.03807799890637398 -0.29882800579071045
v 0.057725001126527786 -0.08271700143814087 -0.29844701290130615
v 0.08898100256919861 -0.0846560001373291 -0.2980790138244629
v 0.08504900336265564 -0.04005099833011627 -0.29800501465797424
v 0.08897499740123749 -0.08271700143814087 -0.29781100153923035
v 0.05796699970960617 -0.030540000647306442 -0.2964859902858734
v -0.8153020143508911 -0.08073499798774719 -0.28967899084091187
v -0.7215520143508911 -0.08073499798774719 -0.28967899084091187
v -0.8153020143508911 0.19074900448322296 -0.28967899084091187
v -0.7215520143508911 0.19074900448322296 -0.28967899084091187
v 0.08316899836063385 -0.03967700153589249 -0.28515198826789856
v 0.8272759914398193 -0.08268900215625763 -0.2838200032711029
v 0.8741509914398193 -0.08268900215625763 -0.2838200032711029
v 0.8741509914398193 -0.08073499798774719 -0.2838200032711029
v 0.8272759914398193 -0.057298000901937485 -0.2838200032711029
v 0.8741509914398193 -0.057298000901937485 -0.2838200032711029
v 0.060874998569488525 -0.030472999438643456 -0.28356999158859253
v 0.060669999569654465 -0.082676000893116 -0.2835189998149872
v 0.057693999260663986 -0.08462999761104584 -0.2834770083427429
v -0.4367449879646301 -0.030059000477194786 -0.2828330099582672
v 0.08912499994039536 -0.08267100155353546 -0.28273698687553406
v 0.08899500221014023 -0.08464200049638748 -0.28259700536727905
v -0.46178698539733887 -0.0846410021185875 -0.2824249863624573
v -0.4539729952812195 -0.08268799632787704 -0.28240999579429626
v -0.43400800228118896 -0.08472300320863724 -0.28240400552749634
v -0.4324440062046051 -0.08270499855279922 -0.28238698840141296
v -0.45898300409317017 -0.04296699911355972 -0.28235098719596863
v 0.47571301460266113 -0.08268900215625763 -0.28186699748039246
v 0.47961899638175964 -0.08268900215625763 -0.28186699748039246
v 0.4854789972305298 -0.08268900215625763 -0.28186699748039246
v 0.5050100088119507 -0.08268900215625763 -0.28186699748039246
v 0.24133799970149994 -0.07292299717664719 -0.28186699748039246
v 0.49915099143981934 -0.04557900130748749 -0.28186699748039246
v 0.4952450096607208 -0.041673000901937485 -0.28186699748039246
v 0.47571301460266113 -0.03776700049638748 -0.28186699748039246
v 0.47961899638175964 -0.03776700049638748 -0.28186699748039246
v 0.4854789972305298 -0.03776700049638748 -0.28186699748039246
v 0.47571301460266113 -0.02018900029361248 -0.28186699748039246
v 0.2382809966802597 -0.08495400100946426 -0.28125
v 0.2148440033197403 -0.04784400016069412 -0.28125
v 0.22070300579071045 -0.04393799975514412 -0.28125
v 0.22851599752902985 -0.040031999349594116 -0.28125
v 0.2382809966802597 -0.03807799890637398 -0.28125
v -0.45397400856018066 -0.08268900215625763 -0.2564760148525238
v 0.47571301460266113 -0.08268900215625763 -0.2564760148525238
v 0.47961899638175964 -0.08268900215625763 -0.2564760148525238
v 0.4854789972305298 -0.08268900215625763 -0.2564760148525238
v 0.5050100088119507 -0.08268900215625763 -0.2564760148525238
v 0.24133799970149994 -0.07292299717664719 -0.2564760148525238
v 0.49915099143981934 -0.04557900130748749 -0.2564760148525238
v 0.4952450096607208 -0.041673000901937485 -0.2564760148525238
v 0.47571301460266113 -0.03776700049638748 -0.2564760148525238
v 0.47961899638175964 -0.03776700049638748 -0.2564760148525238
v 0.4854789972305298 -0.03776700049638748 -0.2564760148525238
v 0.47571301460266113 -0.02018900029361248 -0.2564760148525238
v -0.4319539964199066 -0.02995700016617775 -0.2564060091972351
v -0.4316140115261078 -0.08270800113677979 -0.2563920021057129
v 0.2382809966802597 -0.08495400100946426 -0.25585898756980896
v 0.2148440033197403 -0.04784400016069412 -0.25585898756980896
v 0.22070300579071045 -0.04393799975514412 -0.25585898756980896
v -0.45898398756980896 -0.04296899959445 -0.25585898756980896
v 0.22851599752902985 -0.040031999349594116 -0.25585898756980896
v 0.2382809966802597 -0.03807799890637398 -0.25585898756980896
v 0.0584539994597435 -0.08271200209856033 -0.2557159960269928
v 0.058313999325037 -0.08466599881649017 -0.2556450068950653
v 0.08897499740123749 -0.08271200209856033 -0.25492000579833984
v 0.08326499909162521 -0.039701998233795166 -0.2549169957637787
v 0.0889739990234375 -0.08466599881649017 -0.25488200783729553
v 0.6124320030212402 -0.08464200049638748 -0.25452300906181335
v 0.8077449798583984 -0.08464200049638748 -0.25452300906181335
v 0.6124320030212402 -0.02018900029361248 -0.25452300906181335
v 0.8077449798583984 -0.02018900029361248 -0.25452300906181335
v 0.6182910203933716 -0.0006569999968633056 -0.25452300906181335
v 0.792119026184082 -0.0006569999968633056 -0.25452300906181335
v 0.057705000042915344 -0.029999999329447746 -0.2533259987831116
v -0.801630973815918 0.1848900020122528 -0.2486640065908432
v -0.739130973815918 0.1848900020122528 -0.2486640065908432
v -0.801630973815918 0.19465500116348267 -0.2486640065908432
v -0.739130973815918 0.19465500116348267 -0.2486640065908432
v 0.08316300064325333 -0.03975500166416168 -0.24351400136947632
v -0.6688179969787598 -0.08073499798774719 -0.24280500411987305
v -0.6688179969787598 0.19074900448322296 -0.24280500411987305
v 0.059064000844955444 -0.02995399944484234 -0.24243900179862976
v 0.058350998908281326 -0.08465799689292908 -0.24231800436973572
v -0.45591801404953003 -0.0826840028166771 -0.24228499829769135
v -0.4324049949645996 -0.08271600306034088 -0.24225099384784698
v 0.0584850013256073 -0.08270800113677979 -0.2420469969511032
v -0.43704500794410706 -0.030070999637246132 -0.2418690025806427
v 0.08900699764490128 -0.08270800113677979 -0.24142199754714966
v 0.08901099860668182 -0.08465799689292908 -0.24135500192642212
v 0.47571301460266113 -0.08268900215625763 -0.2408509999513626
v 0.47961899638175964 -0.08268900215625763 -0.2408509999513626
v 0.4854789972305298 -0.08268900215625763 -0.2408509999513626
v 0.24133799970149994 -0.07292299717664719 -0.2408509999513626
v 0.49915099143981934 -0.04557900130748749 -0.2408509999513626
v 0.4952450096607208 -0.041673000901937485 -0.2408509999513626
v 0.47571301460266113 -0.03776700049638748 -0.2408509999513626
v 0.47961899638175964 -0.03776700049638748 -0.2408509999513626
v 0.4854789972305298 -0.03776700049638748 -0.2408509999513626
v 0.47571301460266113 -0.02018900029361248 -0.2408509999513626
v -0.45896199345588684 -0.04296800121665001 -0.24066999554634094
v -0.46177300810813904 -0.08464299887418747 -0.24065899848937988
v 0.2382809966802597 -0.08495400100946426 -0.24023400247097015
v 0.2148440033197403 -0.04784400016069412 -0.24023400247097015
v 0.22070300579071045 -0.04393799975514412 -0.24023400247097015
v 0.22851599752902985 -0.040031999349594116 -0.24023400247097015
v 0.2382809966802597 -0.03807799890637398 -0.24023400247097015
v -0.43367499113082886 -0.0846719965338707 -0.23970599472522736
v -0.8778020143508911 -0.08268900215625763 -0.23889799416065216
v -0.8778020143508911 0.19074900448322296 -0.23889799416065216
v -0.45896199345588684 -0.042987000197172165 -0.21575400233268738
v -0.4559270143508911 -0.08268900215625763 -0.21546100080013275
v 0.47571301460266113 -0.08268900215625763 -0.21546100080013275
v 0.47961899638175964 -0.08268900215625763 -0.21546100080013275
v 0.4854789972305298 -0.08268900215625763 -0.21546100080013275
v 0.5050100088119507 -0.08268900215625763 -0.21546100080013275
v 0.24133799970149994 -0.07292299717664719 -0.21546100080013275
v 0.49915099143981934 -0.04557900130748749 -0.21546100080013275
v 0.4952450096607208 -0.041673000901937485 -0.21546100080013275
v 0.47571301460266113 -0.03776700049638748 -0.21546100080013275
v 0.47961899638175964 -0.03776700049638748 -0.21546100080013275
v 0.4854789972305298 -0.03776700049638748 -0.21546100080013275
v 0.47571301460266113 -0.02018900029361248 -0.21546100080013275
v -0.4321340024471283 -0.02997099980711937 -0.21538600325584412
v -0.4324460029602051 -0.0827149972319603 -0.21527299284934998
v 0.2382809966802597 -0.08495400100946426 -0.2148440033197403
v 0.2148440033197403 -0.04784400016069412 -0.2148440033197403
v 0.22070300579071045 -0.04393799975514412 -0.2148440033197403
v 0.22851599752902985 -0.040031999349594116 -0.2148440033197403
v 0.2382809966802597 -0.03807799890637398 -0.2148440033197403
v 0.05867300182580948 -0.08271100372076035 -0.21472500264644623
v 0.05852000042796135 -0.08467099815607071 -0.214478999376297
v 0.08897499740123749 -0.08271200209856033 -0.21387499570846558
v 0.08313500136137009 -0.039719998836517334 -0.2137870043516159
v 0.08896899968385696 -0.0846719965338707 -0.21365900337696075
v 0.05769899860024452 -0.030006999149918556 -0.21207299828529358
v -0.4369319975376129 -0.030128000304102898 -0.2048809975385666
v -0.8914740085601807 -0.08268900215625763 -0.20374199748039246
v -0.6492869853973389 -0.08268900215625763 -0.20374199748039246
v -0.8485050201416016 0.1848900020122528 -0.20374199748039246
v -0.6903020143508911 0.1848900020122528 -0.20374199748039246
v -0.8914740085601807 0.19074900448322296 -0.20374199748039246
v -0.6492869853973389 0.19074900448322296 -0.20374199748039246
v -0.8485050201416016 0.19465500116348267 -0.20374199748039246
v -0.6903020143508911 0.19465500116348267 -0.20374199748039246
v 0.08303400129079819 -0.03969400003552437 -0.2032250016927719
v -0.43211600184440613 -0.08276599645614624 -0.20213499665260315
v -0.4579620063304901 -0.08270499855279922 -0.2020619958639145
v -0.4619170129299164 -0.08467400074005127 -0.2020229995250702
v 0.059393998235464096 -0.0299260001629591 -0.20177899301052094
v 0.05849599838256836 -0.0846249982714653 -0.2017049938440323
v 0.058642998337745667 -0.08267799764871597 -0.20135200023651123
v 0.08899500221014023 -0.08464200049638748 -0.20071500539779663
v -0.43324699997901917 -0.08477500081062317 -0.20048600435256958
v 0.08899500221014023 -0.08268900215625763 -0.20039799809455872
v 0.47571301460266113 -0.08268900215625763 -0.19983600080013275
v 0.47961899638175964 -0.08268900215625763 -0.19983600080013275
v 0.4854789972305298 -0.08268900215625763 -0.19983600080013275
v 0.5050100088119507 -0.08268900215625763 -0.19983600080013275
v -0.6492869853973389 -0.08073499798774719 -0.19983600080013275
v 0.24133799970149994 -0.07292299717664719 -0.19983600080013275
v 0.49915099143981934 -0.04557900130748749 -0.19983600080013275
v 0.4952450096607208 -0.041673000901937485 -0.19983600080013275
v 0.47571301460266113 -0.03776700049638748 -0.19983600080013275
v 0.47961899638175964 -0.03776700049638748 -0.19983600080013275
v 0.4854789972305298 -0.03776700049638748 -0.19983600080013275
v 0.47571301460266113 -0.02018900029361248 -0.19983600080013275
v -0.4591200053691864 -0.04294100031256676 -0.1997780054807663
v 0.2382809966802597 -0.08495400100946426 -0.1992190033197403
v 0.2148440033197403 -0.04784400016069412 -0.1992190033197403
v 0.22070300579071045 -0.04393799975514412 -0.1992190033197403
v 0.22851599752902985 -0.040031999349594116 -0.1992190033197403
v 0.2382809966802597 -0.03807799890637398 -0.1992190033197403
v -0.6492869853973389 -0.08268900215625763 -0.1900700032711029
v -0.6492869853973389 0.19074900448322296 -0.1900700032711029
v -0.45788100361824036 -0.08268900215625763 -0.17249199748039246
v 0.47571301460266113 -0.08268900215625763 -0.17249199748039246
v 0.47961899638175964 -0.08268900215625763 -0.17249199748039246
v 0.4854789972305298 -0.08268900215625763 -0.17249199748039246
v 0.24133799970149994 -0.07292299717664719 -0.17249199748039246
v 0.49915099143981934 -0.04557900130748749 -0.17249199748039246
v 0.4952450096607208 -0.041673000901937485 -0.17249199748039246
v 0.47571301460266113 -0.03776700049638748 -0.17249199748039246
v 0.47961899638175964 -0.03776700049638748 -0.17249199748039246
v 0.4854789972305298 -0.03776700049638748 -0.17249199748039246
v 0.47571301460266113 -0.02018900029361248 -0.17249199748039246
v -0.4326240122318268 -0.029961999505758286 -0.17240199446678162
v -0.4325940012931824 -0.08273600041866302 -0.17239700257778168
v 0.05847100168466568 -0.08464200049638748 -0.17193900048732758
v 0.08899500221014023 -0.08464200049638748 -0.17193900048732758
v 0.2382809966802597 -0.08495400100946426 -0.171875
v 0.2148440033197403 -0.04784400016069412 -0.171875
v 0.22070300579071045 -0.04393799975514412 -0.171875
v -0.45898398756980896 -0.04296899959445 -0.171875
v 0.22851599752902985 -0.040031999349594116 -0.171875
v 0.2382809966802597 -0.03807799890637398 -0.171875
v 0.08317799866199493 -0.03970099985599518 -0.1718360036611557
v 0.7884759902954102 -0.039765000343322754 -0.1717199981212616
v 0.05842699855566025 -0.08268900215625763 -0.17165400087833405
v 0.08903799951076508 -0.08267000317573547 -0.17099900543689728
v 0.057787999510765076 -0.029935000464320183 -0.1704459935426712
v 0.7149270176887512 -0.08467499911785126 -0.17038699984550476
v 0.7141839861869812 -0.03972100093960762 -0.17029599845409393
v 0.7140009999275208 -0.08271100372076035 -0.16991600394248962
v 0.7884699702262878 -0.08466500043869019 -0.16945800185203552
v 0.7882189750671387 -0.08271100372076035 -0.16913799941539764
v 0.08316899836063385 -0.03976299986243248 -0.15782800316810608
v -0.4346970021724701 -0.02999100089073181 -0.15647000074386597
v 0.059153001755476 -0.02995399944484234 -0.15645800530910492
v 0.058490000665187836 -0.08466099947690964 -0.15644699335098267
v 0.058442000299692154 -0.08271300047636032 -0.15629500150680542
v -0.4319019913673401 -0.08270300179719925 -0.15613000094890594
v -0.4598560035228729 -0.08269499987363815 -0.15610599517822266
v 0.08899000287055969 -0.08213499933481216 -0.1556510031223297
v 0.08901400119066238 -0.08466099947690964 -0.15554699301719666
v 0.47571301460266113 -0.08268900215625763 -0.1549140065908432
v 0.47961899638175964 -0.08268900215625763 -0.1549140065908432
v 0.4854789972305298 -0.08268900215625763 -0.1549140065908432
v 0.5050100088119507 -0.08268900215625763 -0.1549140065908432
v 0.24133799970149994 -0.07292299717664719 -0.1549140065908432
v 0.49915099143981934 -0.04557900130748749 -0.1549140065908432
v 0.4952450096607208 -0.041673000901937485 -0.1549140065908432
v 0.47571301460266113 -0.03776700049638748 -0.1549140065908432
v 0.47961899638175964 -0.03776700049638748 -0.1549140065908432
v 0.4854789972305298 -0.03776700049638748 -0.1549140065908432
v 0.47571301460266113 -0.02018900029361248 -0.1549140065908432
v -0.43463099002838135 -0.08470000326633453 -0.15460799634456635
v -0.4617590010166168 -0.08463899791240692 -0.1543940007686615
v 0.21289099752902985 -0.08495400100946426 -0.15429699420928955
v 0.2382809966802597 -0.08495400100946426 -0.15429699420928955
v 0.2148440033197403 -0.04784400016069412 -0.15429699420928955
v 0.22070300579071045 -0.04393799975514412 -0.15429699420928955
v 0.22851599752902985 -0.040031999349594116 -0.15429699420928955
v 0.2382809966802597 -0.03807799890637398 -0.15429699420928955
v -0.45895400643348694 -0.04297199845314026 -0.15425600111484528
v 0.838254988193512 -0.05293399840593338 -0.14800800383090973
v 0.7141519784927368 -0.054482001811265945 -0.14793400466442108
v 0.7882260084152222 -0.0827300027012825 -0.14674599468708038
v 0.6788510084152222 -0.08467400074005127 -0.14653700590133667
v 0.6808050274848938 -0.08272799849510193 -0.14650599658489227
v 0.7921289801597595 -0.08467700332403183 -0.14649100601673126
v 0.7882130146026611 -0.05654599890112877 -0.14600299298763275
v 0.6788020133972168 -0.056421998888254166 -0.14598999917507172
v 0.8375970125198364 -0.0827300027012825 -0.1458909958600998
v 0.8388990163803101 -0.08465500175952911 -0.14587099850177765
v 0.6807669997215271 -0.056742001324892044 -0.14586199820041656
v 0.792110025882721 -0.055886998772621155 -0.14580599963665009
v 0.7141979932785034 -0.08272899687290192 -0.14580200612545013
v 0.7140079736709595 -0.08467400074005127 -0.14572100341320038
v 0.0889739990234375 -0.08211100101470947 -0.1431960016489029
v -0.6492869853973389 -0.08268900215625763 -0.1431950032711029
v -0.4598340094089508 -0.08268900215625763 -0.1431950032711029
v -0.43053698539733887 -0.08268900215625763 -0.1431950032711029
v 0.05838099867105484 -0.08268900215625763 -0.1431950032711029
v 0.08313500136137009 -0.039719998836517334 -0.1431950032711029
v -0.43053698539733887 -0.02995399944484234 -0.1431950032711029
v 0.05774499848484993 -0.02995399944484234 -0.1431950032711029
v -0.6492869853973389 0.19074900448322296 -0.1431950032711029
v -0.8485050201416016 0.1848900020122528 -0.1353829950094223
v -0.6903020143508911 0.1848900020122528 -0.1353829950094223
v -0.8485050201416016 0.19465500116348267 -0.1353829950094223
v -0.6903020143508911 0.19465500116348267 -0.1353829950094223
v 0.05870100110769272 -0.08464200049638748 -0.1314759999513626
v 0.08899500221014023 -0.08464200049638748 -0.1314759999513626
v -0.8914740085601807 -0.08268900215625763 -0.1314759999513626
v -0.6492869853973389 -0.08268900215625763 -0.1314759999513626
v 0.47571301460266113 -0.08268900215625763 -0.1314759999513626
v 0.47961899638175964 -0.08268900215625763 -0.1314759999513626
v 0.4854789972305298 -0.08268900215625763 -0.1314759999513626
v 0.24133799970149994 -0.07292299717664719 -0.1314759999513626
v 0.49915099143981934 -0.04557900130748749 -0.1314759999513626
v 0.4952450096607208 -0.041673000901937485 -0.1314759999513626
v 0.08313500136137009 -0.039719998836517334 -0.1314759999513626
v 0.47571301460266113 -0.03776700049638748 -0.1314759999513626
v 0.47961899638175964 -0.03776700049638748 -0.1314759999513626
v 0.4854789972305298 -0.03776700049638748 -0.1314759999513626
v 0.05774499848484993 -0.02995399944484234 -0.1314759999513626
v 0.47571301460266113 -0.02018900029361248 -0.1314759999513626
v -0.8914740085601807 0.19074900448322296 -0.1314759999513626
v -0.6492869853973389 0.19074900448322296 -0.1314759999513626
v 0.2382809966802597 -0.08495400100946426 -0.13085900247097015
v 0.2148440033197403 -0.04784400016069412 -0.13085900247097015
v 0.22070300579071045 -0.04393799975514412 -0.13085900247097015
v -0.45898398756980896 -0.04296899959445 -0.13085900247097015
v 0.22851599752902985 -0.040031999349594116 -0.13085900247097015
v 0.2382809966802597 -0.03807799890637398 -0.13085900247097015
v -0.4335939884185791 -0.03320299834012985 -0.13085900247097015
v 0.08302800357341766 -0.039691999554634094 -0.11725900322198868
v -0.43052101135253906 -0.029973000288009644 -0.11631499975919724
v 0.05864400044083595 -0.08462700247764587 -0.11569099873304367
v -0.46177101135253906 -0.08466099947690964 -0.11567100137472153
v -0.4559270143508911 -0.039719998836517334 -0.11551599949598312
v 0.05833199992775917 -0.082676000893116 -0.11546599864959717
v 0.05922999978065491 -0.0299260001629591 -0.11544100195169449
v 0.08899500221014023 -0.08464200049638748 -0.1148580014705658
v 0.08899299800395966 -0.08199600130319595 -0.11475600302219391
v -0.4598340094089508 -0.08268900215625763 -0.11454199999570847
v -0.43515101075172424 -0.08791100233793259 -0.11414700001478195
v -0.46178698539733887 -0.08268900215625763 -0.11389800161123276
v -0.43053698539733887 -0.08268900215625763 -0.11389800161123276
v 0.47571301460266113 -0.08268900215625763 -0.11389800161123276
v 0.47961899638175964 -0.08268900215625763 -0.11389800161123276
v 0.4854789972305298 -0.08268900215625763 -0.11389800161123276
v 0.5050100088119507 -0.08268900215625763 -0.11389800161123276
v 0.24133799970149994 -0.07292299717664719 -0.11389800161123276
v 0.49915099143981934 -0.04557900130748749 -0.11389800161123276
v 0.4952450096607208 -0.041673000901937485 -0.11389800161123276
v 0.47571301460266113 -0.03776700049638748 -0.11389800161123276
v 0.47961899638175964 -0.03776700049638748 -0.11389800161123276
v 0.4854789972305298 -0.03776700049638748 -0.11389800161123276
v 0.47571301460266113 -0.02018900029361248 -0.11389800161123276
v 0.6788250207901001 -0.08465699851512909 -0.11336299777030945
v 0.7921119928359985 -0.08465299755334854 -0.11330000311136246
v 0.21289099752902985 -0.08495400100946426 -0.1132809966802597
v 0.2382809966802597 -0.08495400100946426 -0.1132809966802597
v 0.2148440033197403 -0.04784400016069412 -0.1132809966802597
v 0.22070300579071045 -0.04393799975514412 -0.1132809966802597
v 0.22851599752902985 -0.040031999349594116 -0.1132809966802597
v 0.2382809966802597 -0.03807799890637398 -0.1132809966802597
v 0.7882019877433777 -0.08270999789237976 -0.11310599744319916
v 0.8377140164375305 -0.08465299755334854 -0.11275500059127808
v 0.7921249866485596 -0.05434799939393997 -0.11266399919986725
v 0.6807550191879272 -0.05624900013208389 -0.11260300129652023
v 0.7139819860458374 -0.08270400017499924 -0.11259300261735916
v 0.839464008808136 -0.05502000078558922 -0.11258900165557861
v 0.6787890195846558 -0.05548899993300438 -0.11255200207233429
v 0.7139819860458374 -0.08465699851512909 -0.11252500116825104
v 0.8375729918479919 -0.08270999789237976 -0.11242400109767914
v 0.7882120013237 -0.05586199834942818 -0.11239500343799591
v 0.7121930122375488 -0.05584099888801575 -0.11232800036668777
v -0.8778020143508911 -0.08268900215625763 -0.10217899829149246
v -0.8778020143508911 0.19074900448322296 -0.10217899829149246
v -0.6688179969787598 -0.08073499798774719 -0.09827300161123276
v -0.6688179969787598 0.19074900448322296 -0.09827300161123276
v 0.8370220065116882 -0.05396699905395508 -0.09539700299501419
v 0.7116550207138062 -0.05374399945139885 -0.09497399628162384
v 0.6788079738616943 -0.08461999893188477 -0.0939989984035492
v 0.7881940007209778 -0.08266600221395493 -0.09399300068616867
v 0.792087972164154 -0.08462399989366531 -0.09390000253915787
v 0.6807680130004883 -0.08267799764871597 -0.09347300231456757
v 0.792087972164154 -0.05631599947810173 -0.09337499737739563
v 0.838038980960846 -0.08269000053405762 -0.09336099773645401
v 0.7131029963493347 -0.08464200049638748 -0.09331200271844864
v 0.6788079738616943 -0.056467000395059586 -0.09309999644756317
v 0.7881940007209778 -0.05646900087594986 -0.09304700046777725
v 0.7130849957466125 -0.08268900215625763 -0.09295900166034698
v 0.8378890156745911 -0.08464299887418747 -0.09293899685144424
v 0.6807680130004883 -0.0562870018184185 -0.09292799979448318
v 0.5050100088119507 -0.08268900215625763 -0.0924139991402626
v 0.49915099143981934 -0.04557900130748749 -0.0924139991402626
v 0.4952450096607208 -0.041673000901937485 -0.0924139991402626
v 0.21289099752902985 -0.08495400100946426 -0.09179700165987015
v 0.2382809966802597 -0.08495400100946426 -0.09179700165987015
v 0.2382809966802597 -0.040031999349594116 -0.09179700165987015
v -0.4793649911880493 -0.08464200049638748 -0.09046100080013275
v -0.46178698539733887 -0.08464200049638748 -0.09046100080013275
v -0.9461619853973389 -0.08073499798774719 -0.09046100080013275
v 0.9522759914398193 -0.08073499798774719 -0.09046100080013275
v -0.4559270143508911 -0.039719998836517334 -0.09046100080013275
v -0.43053698539733887 -0.02995399944484234 -0.09046100080013275
v -0.801630973815918 0.1848900020122528 -0.09046100080013275
v -0.739130973815918 0.1848900020122528 -0.09046100080013275
v -0.801630973815918 0.19465500116348267 -0.09046100080013275
v -0.739130973815918 0.19465500116348267 -0.09046100080013275
v 0.47571301460266113 -0.08268900215625763 -0.0885080024600029
v 0.47961899638175964 -0.08268900215625763 -0.0885080024600029
v 0.5050100088119507 -0.08268900215625763 -0.0885080024600029
v 0.24133799970149994 -0.07292299717664719 -0.0885080024600029
v 0.47961899638175964 -0.03776700049638748 -0.0885080024600029
v 0.47571301460266113 -0.02018900029361248 -0.0885080024600029
v 0.26086899638175964 0.00520200002938509 -0.0885080024600029
v 0.4620409905910492 0.00520200002938509 -0.0885080024600029
v -0.45984500646591187 -0.08180200308561325 -0.08800899982452393
v 0.21289099752902985 -0.08495400100946426 -0.08789099752902985
v 0.2382809966802597 -0.08495400100946426 -0.08789099752902985
v 0.2148440033197403 -0.04784400016069412 -0.08789099752902985
v 0.22070300579071045 -0.04393799975514412 -0.08789099752902985
v 0.22851599752902985 -0.040031999349594116 -0.08789099752902985
v 0.2382809966802597 -0.03807799890637398 -0.08789099752902985
v 0.05774499848484993 -0.08464200049638748 -0.08782800287008286
v -0.4598560035228729 -0.08466599881649017 -0.08771300315856934
v 0.4854789972305298 -0.08268900215625763 -0.0876069962978363
v 0.47571301460266113 -0.03776700049638748 -0.0876069962978363
v 0.4854789972305298 -0.03776700049638748 -0.0876069962978363
v 0.05774499848484993 -0.08268900215625763 -0.08753900229930878
v -0.4305480122566223 -0.08180200308561325 -0.08735200017690659
v 0.08904600143432617 -0.0846249982714653 -0.08713699877262115
v -0.43053698539733887 -0.02995399944484234 -0.08704099804162979
v -0.4305590093135834 -0.08466599881649017 -0.08690299838781357
v 0.08326199650764465 -0.03966899961233139 -0.08684799820184708
v 0.08904600143432617 -0.08098399639129639 -0.08657199889421463
v -0.46178698539733887 -0.08268900215625763 -0.08655499666929245
v -0.4559600055217743 -0.039760999381542206 -0.08574099838733673
v 0.05787200108170509 -0.029903000220656395 -0.0851999968290329
v -0.41881799697875977 0.022779999300837517 -0.08460099995136261
v 0.04211900010704994 0.022779999300837517 -0.08460099995136261
v 0.47571301460266113 -0.08268900215625763 -0.07874199748039246
v 0.24133799970149994 -0.07878199964761734 -0.07874199748039246
v 0.24133799970149994 -0.02018900029361248 -0.07874199748039246
v 0.47571301460266113 -0.02018900029361248 -0.07874199748039246
v -0.4310390055179596 -0.08270400017499924 -0.0784740000963211
v -0.43119001388549805 -0.08466099947690964 -0.07839400321245193
v 0.05951999872922897 -0.012361999601125717 -0.07766500115394592
v 0.05961000174283981 -0.0846330001950264 -0.07747200131416321
v 0.0594169981777668 -0.0817359983921051 -0.07746600359678268
v -0.43327999114990234 -0.012411000207066536 -0.07706800103187561
v -0.2967729866504669 -0.08465799689292908 -0.06714200228452682
v -0.02675900049507618 -0.029934000223875046 -0.06710200011730194
v -0.31354600191116333 -0.08462800085544586 -0.06707999855279922
v -0.17087499797344208 -0.08267299830913544 -0.06707499921321869
v -0.026719000190496445 -0.08267900347709656 -0.06707300245761871
v -0.17135700583457947 -0.0846330001950264 -0.06706299632787704
v 0.4756050109863281 -0.08214200288057327 -0.0670590028166771
v -0.3138749897480011 -0.08268000185489655 -0.06705600023269653
v -0.026698999106884003 -0.08463200181722641 -0.06705199927091599
v -0.05906900018453598 -0.029966000467538834 -0.06704799830913544
v 0.41319000720977783 -0.08181300014257431 -0.06703700125217438
v 0.434675008058548 -0.08126000314950943 -0.06703700125217438
v -0.2478639930486679 -0.02996000088751316 -0.06703600287437439
v -0.009170999750494957 -0.08464200049638748 -0.06702300161123276
v -0.009200000204145908 -0.08268900215625763 -0.06702300161123276
v 0.28430700302124023 -0.08268900215625763 -0.06702300161123276
v 0.31165099143981934 -0.08268900215625763 -0.06702300161123276
v 0.4639950096607208 -0.08268900215625763 -0.06702300161123276
v 0.33508801460266113 -0.08215399831533432 -0.06702300161123276
v 0.36243200302124023 -0.08188000321388245 -0.06702300161123276
v 0.2511039972305298 -0.08073499798774719 -0.06702300161123276
v 0.28430700302124023 -0.03581300005316734 -0.06702300161123276
v 0.31165099143981934 -0.03581300005316734 -0.06702300161123276
v 0.33508801460266113 -0.03581300005316734 -0.06702300161123276
v 0.36243200302124023 -0.03581300005316734 -0.06702300161123276
v 0.3839159905910492 -0.03581300005316734 -0.06702300161123276
v 0.41321301460266113 -0.03581300005316734 -0.06702300161123276
v 0.4346979856491089 -0.03581300005316734 -0.06702300161123276
v 0.4639950096607208 -0.03581300005316734 -0.06702300161123276
v 0.2511039972305298 -0.02018900029361248 -0.06702300161123276
v 0.47571301460266113 -0.02018900029361248 -0.06702300161123276
v 0.38393598794937134 -0.0813559964299202 -0.06701099872589111
v -0.364529013633728 -0.08271799981594086 -0.06700500100851059
v -0.36428800225257874 -0.08466699719429016 -0.06700000166893005
v -0.010789000429213047 -0.02992900088429451 -0.06696899980306625
v -0.2031940072774887 -0.02990099973976612 -0.06690599769353867
v -0.3137910068035126 -0.029923999682068825 -0.06661999970674515
v -0.15373100340366364 -0.08270499855279922 -0.06652899831533432
v -0.34793201088905334 -0.02999899908900261 -0.06645499914884567
v -0.29632100462913513 -0.08270200341939926 -0.06643500179052353
v -0.07550500333309174 -0.08463100343942642 -0.066430002450943
v -0.2009660005569458 -0.08268900215625763 -0.06642299890518188
v 0.02033800072968006 -0.08269499987363815 -0.0664139986038208
v -0.12214899808168411 -0.08267399668693542 -0.0664139986038208
v -0.21824200451374054 -0.08271200209856033 -0.06640999764204025
v -0.05838700011372566 -0.0846410021185875 -0.06638900190591812
v -0.34551098942756653 -0.08271700143814087 -0.06634599715471268
v -0.3453719913959503 -0.08466500043869019 -0.06634300202131271
v -0.12237399816513062 -0.08463100343942642 -0.06633000075817108
v 0.02020999975502491 -0.08465299755334854 -0.06630799919366837
v -0.15391799807548523 -0.08466300368309021 -0.06625799834728241
v -0.2475070059299469 -0.08464200049638748 -0.06623200327157974
v -0.26509401202201843 -0.08466000109910965 -0.06621800363063812
v -0.24752800166606903 -0.08268900215625763 -0.06619899719953537
v -0.26494699716567993 -0.08271300047636032 -0.06617999821901321
v -0.07554399967193604 -0.08267799764871597 -0.06617499887943268
v -0.058455999940633774 -0.08268799632787704 -0.06613600254058838
v -0.20068499445915222 -0.0846410021185875 -0.06607499718666077
v -0.21789300441741943 -0.0846640020608902 -0.06605499982833862
v -0.39678001403808594 -0.029982000589370728 -0.0658390000462532
v -0.17111800611019135 -0.02992900088429451 -0.06582800298929214
v -0.29858699440956116 -0.02999100089073181 -0.06576500087976456
v -0.15606899559497833 -0.02999100089073181 -0.06576400250196457
v -0.1048320010304451 -0.08463399857282639 -0.06572999805212021
v -0.3644849956035614 -0.02995399944484234 -0.06562600284814835
v -0.07546400278806686 -0.02993199974298477 -0.06558199971914291
v -0.39424100518226624 -0.08217500150203705 -0.0655289962887764
v -0.21791599690914154 -0.0299529992043972 -0.06547500193119049
v -0.10670299828052521 -0.029898999258875847 -0.06547299772500992
v -0.10492199659347534 -0.08267699927091599 -0.0654359981417656
v -0.2649030089378357 -0.02995399944484234 -0.06540799885988235
v -0.3942970037460327 -0.08466199785470963 -0.06538499891757965
v -0.42400699853897095 -0.08217599987983704 -0.06525000184774399
v -0.4241499900817871 -0.08466800302267075 -0.06517399847507477
v 0.0485289990901947 -0.08466999977827072 -0.0648839995265007
v 0.04904500022530556 -0.07990600168704987 -0.06467799842357635
v -0.12219099700450897 -0.02990799956023693 -0.06424299627542496
v 0.020545000210404396 -0.029982000589370728 -0.06391000002622604
v -0.4241349995136261 -0.012362999841570854 -0.062780000269413
v 0.051493000239133835 -0.012403000146150589 -0.06268499791622162
v 0.6788380146026611 -0.08464200049638748 -0.06064499914646149
v 0.7882130146026611 -0.08268900215625763 -0.06055599823594093
v 0.6807910203933716 -0.08268900215625763 -0.060509998351335526
v 0.792119026184082 -0.08464200049638748 -0.060270000249147415
v 0.8380460143089294 -0.08248700201511383 -0.0600380003452301
v 0.838932991027832 -0.05575599893927574 -0.060029998421669006
v 0.7882289886474609 -0.05589200183749199 -0.060006000101566315
v 0.7132599949836731 -0.08462700247764587 -0.05988499894738197
v 0.6788719892501831 -0.055514998733997345 -0.059835001826286316
v 0.8378990292549133 -0.08462800085544586 -0.05973599851131439
v 0.7131479978561401 -0.0826679989695549 -0.05972199887037277
v 0.7921500205993652 -0.05538899824023247 -0.059686001390218735
v 0.6808310151100159 -0.0555340014398098 -0.05968400090932846
v 0.7107009887695312 -0.05554699897766113 -0.05947500094771385
v 0.28430700302124023 -0.03776700049638748 -0.05335099995136261
v 0.31165099143981934 -0.03776700049638748 -0.05335099995136261
v 0.33508801460266113 -0.03776700049638748 -0.05335099995136261
v 0.36243200302124023 -0.03776700049638748 -0.05335099995136261
v 0.3839159905910492 -0.03776700049638748 -0.05335099995136261
v 0.41321301460266113 -0.03776700049638748 -0.05335099995136261
v 0.4346979856491089 -0.03776700049638748 -0.05335099995136261
v 0.4639950096607208 -0.03776700049638748 -0.05335099995136261
v -0.7215520143508911 -0.08073499798774719 -0.05139800161123276
v -0.7215520143508911 0.19074900448322296 -0.05139800161123276
v -0.8153020143508911 -0.08268900215625763 -0.04944499954581261
v -0.8153020143508911 0.19074900448322296 -0.04944499954581261
v 0.28430700302124023 -0.041673000901937485 -0.045538999140262604
v 0.31165099143981934 -0.041673000901937485 -0.045538999140262604
v 0.33508801460266113 -0.041673000901937485 -0.045538999140262604
v 0.36243200302124023 -0.041673000901937485 -0.045538999140262604
v 0.3839159905910492 -0.041673000901937485 -0.045538999140262604
v 0.41321301460266113 -0.041673000901937485 -0.045538999140262604
v 0.4346979856491089 -0.041673000901937485 -0.045538999140262604
v 0.4639950096607208 -0.041673000901937485 -0.045538999140262604
v -0.12062700092792511 -0.03969400003552437 -0.041731998324394226
v 0.021933000534772873 -0.039691001176834106 -0.041731998324394226
v -0.16950799524784088 -0.039694998413324356 -0.041724998503923416
v -0.3121190071105957 -0.03969699889421463 -0.04172300174832344
v -0.07402399927377701 -0.039698999375104904 -0.04171299934387207
v -0.025224000215530396 -0.03970000147819519 -0.04171200096607208
v -0.05720899999141693 -0.03973200172185898 -0.04165799915790558
v -0.2467159926891327 -0.039726000279188156 -0.04164599999785423
v 0.28430700302124023 -0.04557900130748749 -0.0416329987347126
v 0.31165099143981934 -0.04557900130748749 -0.0416329987347126
v 0.33508801460266113 -0.04557900130748749 -0.0416329987347126
v 0.36243200302124023 -0.04557900130748749 -0.0416329987347126
v 0.3839159905910492 -0.04557900130748749 -0.0416329987347126
v 0.41321301460266113 -0.04557900130748749 -0.0416329987347126
v 0.4346979856491089 -0.04557900130748749 -0.0416329987347126
v 0.4639950096607208 -0.04557900130748749 -0.0416329987347126
v -0.2970379889011383 -0.03972100093960762 -0.0416329987347126
v -0.39506199955940247 -0.039719998836517334 -0.0416329987347126
v -0.3462429940700531 -0.039719998836517334 -0.0416329987347126
v -0.1548050045967102 -0.039719998836517334 -0.0416329987347126
v -0.2635670006275177 -0.03976200148463249 -0.041600000113248825
v -0.2165369987487793 -0.039765000343322754 -0.04159900173544884
v -0.36273398995399475 -0.039774999022483826 -0.041593000292778015
v -0.00974200014024973 -0.039694998413324356 -0.041579000651836395
v -0.1056789979338646 -0.039684999734163284 -0.041561998426914215
v -0.20167799293994904 -0.039666999131441116 -0.04151599854230881
v 0.01930299960076809 -0.07768599689006805 -0.032239001244306564
v 0.4852440059185028 -0.06444799900054932 -0.03218099847435951
v -0.3462289869785309 -0.0805480033159256 -0.032079000025987625
v -0.24736599624156952 -0.08035700023174286 -0.0320729985833168
v -0.2657940089702606 -0.08125100284814835 -0.03206200152635574
v -0.31442898511886597 -0.07975500077009201 -0.03203799948096275
v -0.3652229905128479 -0.08080500364303589 -0.03201400116086006
v -0.12300100177526474 -0.08142700046300888 -0.032009001821279526
v -0.15462400019168854 -0.08155699819326401 -0.032005999237298965
v -0.17178000509738922 -0.08078499883413315 -0.03200099989771843
v -0.05814500153064728 -0.08065599948167801 -0.03200000151991844
v -0.3951460123062134 -0.08148899674415588 -0.03198999911546707
v -0.29698801040649414 -0.08061099797487259 -0.03198999911546707
v -0.027552999556064606 -0.08065500110387802 -0.03197300061583519
v -0.10582800209522247 -0.08139500021934509 -0.03192799910902977
v -0.0763159990310669 -0.0815190002322197 -0.03192000091075897
v -0.20156900584697723 -0.08047500252723694 -0.03191300109028816
v -0.21889999508857727 -0.08030399680137634 -0.03191300109028816
v 0.4638870060443878 -0.08214200288057327 -0.03190299868583679
v -0.395220011472702 -0.08466999977827072 -0.03189300000667572
v -0.346343994140625 -0.08466500043869019 -0.03188899904489517
v -0.2973099946975708 -0.08466500043869019 -0.03188199922442436
v -0.15463599562644958 -0.08466300368309021 -0.03188199922442436
v 0.41319000720977783 -0.08126000314950943 -0.031881000846624374
v -0.009727999567985535 -0.08143199980258942 -0.031876999884843826
v -0.3145020008087158 -0.08464200049638748 -0.031867001205682755
v -0.2475070059299469 -0.08464200049638748 -0.031867001205682755
v -0.17204900085926056 -0.08464200049638748 -0.031867001205682755
v -0.12314900010824203 -0.08464200049638748 -0.031867001205682755
v -0.07630199939012527 -0.08464200049638748 -0.031867001205682755
v -0.05838499963283539 -0.08464200049638748 -0.031867001205682755
v -0.027242999523878098 -0.08464200049638748 -0.031867001205682755
v 0.01926399953663349 -0.08464200049638748 -0.031867001205682755
v 0.4854789972305298 -0.08464200049638748 -0.031867001205682755
v 0.837041974067688 -0.08320800215005875 -0.031867001205682755
v 0.28430700302124023 -0.08268900215625763 -0.031867001205682755
v 0.31165099143981934 -0.08215399831533432 -0.031867001205682755
v 0.33508801460266113 -0.08215399831533432 -0.031867001205682755
v 0.4346979856491089 -0.08213499933481216 -0.031867001205682755
v 0.4854789972305298 -0.07878199964761734 -0.031867001205682755
v 0.38393598794937134 -0.08216399699449539 -0.03185499832034111
v 0.3624520003795624 -0.0813559964299202 -0.03185499832034111
v -0.26587098836898804 -0.08466000109910965 -0.031853001564741135
v -0.2188819944858551 -0.0846640020608902 -0.03184700012207031
v -0.3652240037918091 -0.08466699719429016 -0.03184400126338005
v -0.009696000255644321 -0.08462999761104584 -0.03184099867939949
v -0.10538599640130997 -0.08462999761104584 -0.0318400003015995
v -0.20165300369262695 -0.08461400121450424 -0.03179800137877464
v -0.4795689880847931 -0.07083500176668167 -0.03150299936532974
v 0.7132480144500732 -0.08464200049638748 -0.03129199892282486
v 0.7882130146026611 -0.08464200049638748 -0.03129199892282486
v 0.7884789705276489 -0.039687998592853546 -0.030911000445485115
v 0.7113739848136902 -0.082676000893116 -0.03081599995493889
v 0.7877020239830017 -0.08194500207901001 -0.029913999140262604
v 0.7117270231246948 -0.03967500105500221 -0.029285000637173653
v -0.41686999797821045 -0.06018799915909767 0.12908099591732025
v -0.7606149911880493 -0.08073499798774719 0.1302420049905777
v -0.6863960027694702 -0.08073499798774719 0.1302420049905777
v -0.5574899911880493 -0.08073499798774719 0.1302420049905777
v -0.4793649911880493 -0.08073499798774719 0.1302420049905777
v -0.4168649911880493 -0.08073499798774719 0.1302420049905777
v -0.5574899911880493 -0.02018900029361248 0.1302420049905777
v -0.4168649911880493 -0.02018900029361248 0.1302420049905777
v -0.7606149911880493 0.07746800035238266 0.1302420049905777
v -0.6863960027694702 0.07746800035238266 0.1302420049905777
v -0.4090520143508911 -0.08073499798774719 0.1419609934091568
v -0.5633490085601807 -0.07878199964761734 0.1419609934091568
v -0.5633490085601807 -0.02018900029361248 0.1419609934091568
v -0.4090520143508911 -0.02018900029361248 0.1419609934091568
v -0.5535839796066284 0.003249000059440732 0.1497740000486374
v -0.4207710027694702 0.003249000059440732 0.1497740000486374
v 0.46790099143981934 -0.08268900215625763 0.15172700583934784
v 0.6065729856491089 -0.08268900215625763 0.15172700583934784
v 0.6905570030212402 -0.08268900215625763 0.15172700583934784
v 0.6065729856491089 -0.08073499798774719 0.15172700583934784
v 0.6905570030212402 -0.08073499798774719 0.15172700583934784
v 0.3331350088119507 -0.07487600296735764 0.15172700583934784
v 0.46790099143981934 -0.07487600296735764 0.15172700583934784
v 0.3331350088119507 -0.03776700049638748 0.15172700583934784
v 0.46790099143981934 -0.03776700049638748 0.15172700583934784
v 0.6065729856491089 -0.012376000173389912 0.15172700583934784
v 0.6905570030212402 -0.012376000173389912 0.15172700583934784
v 0.33316200971603394 -0.07681600004434586 0.15178799629211426
v -0.35631799697875977 -0.08073499798774719 0.15563300251960754
v -0.23327100276947021 -0.08073499798774719 0.15563300251960754
v -0.35631799697875977 -0.03190699964761734 0.15563300251960754
v -0.23327100276947021 -0.03190699964761734 0.15563300251960754
v 0.47571301460266113 -0.08268900215625763 0.15953899919986725
v 0.7823539972305298 -0.08268900215625763 0.15953899919986725
v 0.8565739989280701 -0.08249600231647491 0.15953899919986725
v 0.3253229856491089 -0.07487600296735764 0.15953899919986725
v 0.47571301460266113 -0.07487600296735764 0.15953899919986725
v 0.7823539972305298 -0.039719998836517334 0.15953899919986725
v 0.8565729856491089 -0.039719998836517334 0.15953899919986725
v 0.3253229856491089 -0.03776700049638748 0.15953899919986725
v 0.47571301460266113 -0.03776700049638748 0.15953899919986725
v 0.32532799243927 -0.08041399717330933 0.15954400599002838
v -0.3621770143508911 -0.08073499798774719 0.1653990000486374
v -0.22741200029850006 -0.08073499798774719 0.1653990000486374
v -0.3621770143508911 -0.03190699964761734 0.1653990000486374
v -0.22741200029850006 -0.03190699964761734 0.1653990000486374
v 0.3409479856491089 -0.014329000376164913 0.16735200583934784
v 0.46008801460266113 -0.014329000376164913 0.16735200583934784
v -0.8094429969787598 -0.08073499798774719 0.17125800251960754
v -0.6395210027694702 -0.08073499798774719 0.17125800251960754
v 0.7901660203933716 -0.026048000901937485 0.17125800251960754
v 0.8487600088119507 -0.026048000901937485 0.17125800251960754
v -0.35241198539733887 -0.012376000173389912 0.17125800251960754
v -0.23913100361824036 -0.012376000173389912 0.17125800251960754
v -0.8094429969787598 0.07746800035238266 0.17125800251960754
v -0.6395210027694702 0.07746800035238266 0.17125800251960754
v -0.8192089796066284 -0.08073499798774719 0.19860200583934784
v -0.6317089796066284 -0.08073499798774719 0.19860200583934784
v -0.8192089796066284 0.07746800035238266 0.19860200583934784
v -0.6317089796066284 0.07746800035238266 0.19860200583934784
v -0.05748999863862991 -0.055344998836517334 0.2200859934091568
v 0.07922899723052979 -0.055344998836517334 0.2200859934091568
v -0.057663001120090485 -0.07831300050020218 0.22043700516223907
v 0.07902500033378601 -0.06877800077199936 0.22044700384140015
v 0.07922899723052979 -0.08073499798774719 0.24938300251960754
v -0.8192089796066284 -0.08073499798774719 0.251336008310318
v -0.6317089796066284 -0.08073499798774719 0.251336008310318
v -0.8192089796066284 0.07746800035238266 0.251336008310318
v -0.6317089796066284 0.07746800035238266 0.251336008310318
v 0.07922899723052979 -0.08268900215625763 0.2708669900894165
v -0.05748999863862991 -0.08073499798774719 0.2708669900894165
v -0.05748999863862991 -0.055344998836517334 0.2708669900894165
v 0.07922899723052979 -0.055344998836517334 0.2708669900894165
v -0.8094429969787598 -0.08073499798774719 0.27672699093818665
v -0.6395210027694702 -0.08073499798774719 0.27672699093818665
v -0.8094429969787598 0.07746800035238266 0.27672699093818665
v -0.6395210027694702 0.07746800035238266 0.27672699093818665
v -0.9461619853973389 -0.07878199964761734 0.282586008310318
v 0.9522759914398193 -0.07878199964761734 0.282586008310318
v 0.7901660203933716 -0.026048000901937485 0.30016401410102844
v 0.8487600088119507 -0.026048000901937485 0.30016401410102844
v -0.5535839796066284 0.003249000059440732 0.30016401410102844
v -0.4207710027694702 0.003249000059440732 0.30016401410102844
v 0.3409479856491089 -0.014329000376164913 0.3021169900894165
v 0.46008801460266113 -0.014329000376164913 0.3021169900894165
v -0.35241198539733887 -0.012376000173389912 0.3021169900894165
v -0.23913100361824036 -0.012376000173389912 0.3021169900894165
v -0.5633490085601807 -0.07878199964761734 0.30797699093818665
v -0.5633490085601807 -0.02018900029361248 0.30797699093818665
v 0.3253229856491089 -0.08268900215625763 0.3099299967288971
v 0.47571301460266113 -0.08268900215625763 0.3099299967288971
v -0.4090520143508911 -0.08073499798774719 0.3099299967288971
v -0.3621770143508911 -0.08073499798774719 0.3099299967288971
v -0.22741200029850006 -0.08073499798774719 0.3099299967288971
v 0.3253229856491089 -0.07487600296735764 0.3099299967288971
v 0.47571301460266113 -0.07487600296735764 0.3099299967288971
v 0.3253229856491089 -0.03776700049638748 0.3099299967288971
v 0.47571301460266113 -0.03776700049638748 0.3099299967288971
v -0.3621770143508911 -0.03190699964761734 0.3099299967288971
v -0.22741200029850006 -0.03190699964761734 0.3099299967288971
v -0.4090520143508911 -0.02018900029361248 0.3099299967288971
v 0.7823539972305298 -0.08268900215625763 0.31188300251960754
v 0.8565729856491089 -0.08073499798774719 0.31188300251960754
v 0.7823539972305298 -0.039719998836517334 0.31188300251960754
v 0.8565729856491089 -0.039719998836517334 0.31188300251960754
v 0.3331350088119507 -0.08268900215625763 0.3177419900894165
v 0.46790099143981934 -0.08268900215625763 0.3177419900894165
v 0.6065729856491089 -0.08268900215625763 0.3177419900894165
v 0.6905570030212402 -0.08268900215625763 0.3177419900894165
v -0.35631799697875977 -0.08073499798774719 0.3177419900894165
v -0.23327100276947021 -0.08073499798774719 0.3177419900894165
v 0.6905570030212402 -0.08073499798774719 0.3177419900894165
v 0.8565729856491089 -0.08073499798774719 0.3177419900894165
v -0.7606149911880493 -0.07878199964761734 0.3177419900894165
v -0.6863960027694702 -0.07878199964761734 0.3177419900894165
v -0.5574899911880493 -0.07878199964761734 0.3177419900894165
v -0.4168649911880493 -0.07878199964761734 0.3177419900894165
v 0.3331350088119507 -0.07487600296735764 0.3177419900894165
v 0.46790099143981934 -0.07487600296735764 0.3177419900894165
v 0.3331350088119507 -0.03776700049638748 0.3177419900894165
v 0.46790099143981934 -0.03776700049638748 0.3177419900894165
v -0.35631799697875977 -0.03190699964761734 0.3177419900894165
v -0.23327100276947021 -0.03190699964761734 0.3177419900894165
v -0.5574899911880493 -0.02018900029361248 0.3177419900894165
v -0.4168649911880493 -0.02018900029361248 0.3177419900894165
v 0.6065729856491089 -0.012376000173389912 0.3177419900894165
v 0.6905570030212402 -0.012376000173389912 0.3177419900894165
v -0.7606149911880493 0.07746800035238266 0.3177419900894165
v -0.6863960027694702 0.07746800035238266 0.3177419900894165
v -0.5457710027694702 -0.07878199964761734 0.35094499588012695
v -0.42663100361824036 -0.07821899652481079 0.35094499588012695
v -0.5457710027694702 -0.06901700049638748 0.35094499588012695
v -0.42663100361824036 -0.06901700049638748 0.35094499588012695
v -0.3543649911880493 -0.07878199964761734 0.3568049967288971
v -0.24303700029850006 -0.07878199964761734 0.3568049967288971
v -0.3543649911880493 -0.055344998836517334 0.3568049967288971
v -0.24303700029850006 -0.055344998836517334 0.3568049967288971
v -0.5457710027694702 -0.07878199964761734 0.3880549967288971
v -0.42663100361824036 -0.07797999680042267 0.3880549967288971
v -0.5457710027694702 -0.06901700049638748 0.3880549967288971
v -0.42663100361824036 -0.06901700049638748 0.3880549967288971
v -0.3543649911880493 -0.07889900356531143 0.4036799967288971
v -0.24303700029850006 -0.07854299992322922 0.4036799967288971
v -0.3543649911880493 -0.055344998836517334 0.4036799967288971
v -0.24303700029850006 -0.055344998836517334 0.4036799967288971
v 0.27891701459884644 0.11002899706363678 0.5107939839363098
v 0.6222220063209534 -0.07878199964761734 0.5177350044250488
v 0.04783700034022331 0.10892699658870697 0.5184940099716187
v -0.030212000012397766 -0.07878100126981735 0.5196329951286316
v 0.6224039793014526 0.05893100053071976 0.520218014717102
v 0.5130770206451416 0.07895100116729736 0.5208050012588501
v 0.4366230070590973 -0.07875200361013412 0.5214080214500427
v -0.028248000890016556 0.1010729968547821 0.5214710235595703
v 0.36066800355911255 -0.07876899838447571 0.521822988986969
v 0.549905002117157 0.06382600218057632 0.5219560265541077
v -0.03020700067281723 -0.07680899649858475 0.5221830010414124
v 0.5128089785575867 0.06381099671125412 0.522462010383606
v -0.00672899978235364 0.122529998421669 0.5227349996566772
v 0.4366360008716583 0.05796800181269646 0.5230119824409485
v 0.047986000776290894 0.12247300148010254 0.5232579708099365
v 0.3607589900493622 0.10097099840641022 0.523347020149231
v 0.45812100172042847 0.07749799638986588 0.5235589742660522
v -0.030161000788211823 0.1009100005030632 0.5239980220794678
v 0.33723801374435425 0.12292899936437607 0.524478018283844
v -0.10436499863862991 -0.07878199964761734 0.5247740149497986
v -0.614130973815918 -0.07786300033330917 0.5247740149497986
v 0.6007130146026611 0.07746800035238266 0.5247740149497986
v -0.614130973815918 0.10090500116348267 0.5247740149497986
v -0.10436499863862991 0.10090500116348267 0.5247740149497986
v -0.5281929969787598 0.10871800035238266 0.5247740149497986
v -0.1824900060892105 0.10871800035238266 0.5247740149497986
v -0.5926460027694702 0.12239000201225281 0.5247740149497986
v -0.5281929969787598 0.12239000201225281 0.5247740149497986
v -0.1824900060892105 0.12239000201225281 0.5247740149497986
v -0.12584899365901947 0.12239000201225281 0.5247740149497986
v 0.2784479856491089 0.12239000201225281 0.5247740149497986
v 0.5499780178070068 0.07769300043582916 0.5258229970932007
v -0.8485050201416016 -0.18815700709819794 0.5286800265312195
v -0.8074899911880493 -0.18815700709819794 0.5286800265312195
v 0.7999320030212402 -0.18815700709819794 0.5286800265312195
v 0.8429009914398193 -0.18815700709819794 0.5286800265312195
v -0.8485050201416016 -0.07878199964761734 0.5286800265312195
v -0.8074899911880493 -0.07878199964761734 0.5286800265312195
v 0.7999320030212402 -0.07878199964761734 0.5286800265312195
v 0.8429009914398193 -0.07878199964761734 0.5286800265312195
v -0.8797550201416016 -0.18815700709819794 0.557977020740509
v -0.7762399911880493 -0.18815700709819794 0.557977020740509
v 0.7686820030212402 -0.18815700709819794 0.557977020740509
v 0.8741509914398193 -0.18815700709819794 0.557977020740509
v -0.8797550201416016 -0.07878199964761734 0.557977020740509
v -0.7762399911880493 -0.07878199964761734 0.557977020740509
v 0.7686820030212402 -0.07878199964761734 0.557977020740509
v 0.8741509914398193 -0.07878199964761734 0.557977020740509
v -0.5301460027694702 0.04035799950361252 0.5599300265312195
v -0.5086619853973389 0.04035799950361252 0.5599300265312195
v -0.4793649911880493 0.04035799950361252 0.5599300265312195
v -0.4520210027694702 0.04035799950361252 0.5599300265312195
v -0.4246770143508911 0.04035799950361252 0.5599300265312195
v -0.40709900856018066 0.04035799950361252 0.5599300265312195
v -0.36413100361824036 0.04035799950361252 0.5599300265312195
v -0.33678698539733887 0.04035799950361252 0.5599300265312195
v -0.31334900856018066 0.04035799950361252 0.5599300265312195
v -0.2860049903392792 0.04035799950361252 0.5599300265312195
v -0.26256799697875977 0.04035799950361252 0.5599300265312195
v -0.23327100276947021 0.04035799950361252 0.5599300265312195
v -0.20592699944972992 0.04035799950361252 0.5599300265312195
v -0.1824900060892105 0.04035799950361252 0.5599300265312195
v -0.5301460027694702 0.06184300035238266 0.5599300265312195
v -0.5086619853973389 0.06184300035238266 0.5599300265312195
v -0.4793649911880493 0.06184300035238266 0.5599300265312195
v -0.4520210027694702 0.06184300035238266 0.5599300265312195
v -0.4246770143508911 0.06184300035238266 0.5599300265312195
v -0.40709900856018066 0.06184300035238266 0.5599300265312195
v -0.36413100361824036 0.06184300035238266 0.5599300265312195
v -0.33678698539733887 0.06184300035238266 0.5599300265312195
v -0.31334900856018066 0.06184300035238266 0.5599300265312195
v -0.2860049903392792 0.06184300035238266 0.5599300265312195
v -0.26256799697875977 0.06184300035238266 0.5599300265312195
v -0.23327100276947021 0.06184300035238266 0.5599300265312195
v -0.20592699944972992 0.06184300035238266 0.5599300265312195
v -0.1824900060892105 0.06184300035238266 0.5599300265312195
v -0.5731149911880493 -0.04362599924206734 0.5950859785079956
v -0.14342699944972992 -0.04362599924206734 0.5950859785079956
v 0.010869000107049942 -0.04362599924206734 0.5950859785079956
v 0.31946301460266113 -0.04362599924206734 0.5950859785079956
v 0.47180700302124023 -0.04362599924206734 0.5950859785079956
v 0.5889949798583984 -0.04362599924206734 0.5950859785079956
v 0.4952450096607208 -0.03190699964761734 0.5950859785079956
v 0.5069630146026611 -0.03190699964761734 0.5950859785079956
v 0.5557910203933716 -0.03190699964761734 0.5950859785079956
v 0.5675100088119507 -0.03190699964761734 0.5950859785079956
v 0.4893850088119507 -0.028000999242067337 0.5950859785079956
v 0.5128229856491089 -0.028000999242067337 0.5950859785079956
v 0.5479789972305298 -0.028000999242067337 0.5950859785079956
v 0.5714160203933716 -0.028000999242067337 0.5950859785079956
v -0.5301460027694702 -0.01042299997061491 0.5950859785079956
v -0.5145210027694702 -0.01042299997061491 0.5950859785079956
v -0.4735049903392792 -0.01042299997061491 0.5950859785079956
v -0.45788100361824036 -0.01042299997061491 0.5950859785079956
v -0.4207710027694702 -0.01042299997061491 0.5950859785079956
v -0.40709900856018066 -0.01042299997061491 0.5950859785079956
v -0.3582710027694702 -0.01042299997061491 0.5950859785079956
v -0.3426460027694702 -0.01042299997061491 0.5950859785079956
v -0.30944299697875977 -0.01042299997061491 0.5950859785079956
v -0.29381799697875977 -0.01042299997061491 0.5950859785079956
v -0.2567090094089508 -0.01042299997061491 0.5950859785079956
v -0.23913100361824036 -0.01042299997061491 0.5950859785079956
v -0.20006799697875977 -0.01042299997061491 0.5950859785079956
v -0.1824900060892105 -0.01042299997061491 0.5950859785079956
v 0.06555700302124023 -0.01042299997061491 0.5950859785079956
v 0.08313500136137009 -0.01042299997061491 0.5950859785079956
v 0.13196299970149994 -0.01042299997061491 0.5950859785079956
v 0.1495410054922104 -0.01042299997061491 0.5950859785079956
v 0.19446299970149994 -0.01042299997061491 0.5950859785079956
v 0.21008799970149994 -0.01042299997061491 0.5950859785079956
v 0.2511039972305298 -0.01042299997061491 0.5950859785079956
v 0.26868200302124023 -0.01042299997061491 0.5950859785079956
v -0.39538100361824036 -0.008469999767839909 0.5950859785079956
v 0.4893850088119507 -0.008469999767839909 0.5950859785079956
v 0.5128229856491089 -0.008469999767839909 0.5950859785079956
v 0.5479789972305298 -0.008469999767839909 0.5950859785079956
v 0.5714160203933716 -0.008469999767839909 0.5950859785079956
v -0.5360050201416016 -0.006517000030726194 0.5950859785079956
v -0.5086619853973389 -0.006517000030726194 0.5950859785079956
v -0.4793649911880493 -0.006517000030726194 0.5950859785079956
v -0.4520210027694702 -0.006517000030726194 0.5950859785079956
v -0.4246770143508911 -0.006517000030726194 0.5950859785079956
v -0.36413100361824036 -0.006517000030726194 0.5950859785079956
v -0.33678698539733887 -0.006517000030726194 0.5950859785079956
v -0.31334900856018066 -0.006517000030726194 0.5950859785079956
v -0.2860049903392792 -0.006517000030726194 0.5950859785079956
v -0.26256799697875977 -0.006517000030726194 0.5950859785079956
v -0.23327100276947021 -0.006517000030726194 0.5950859785079956
v -0.20592699944972992 -0.006517000030726194 0.5950859785079956
v -0.17663100361824036 -0.006517000030726194 0.5950859785079956
v 0.06165099889039993 -0.006517000030726194 0.5950859785079956
v 0.08899500221014023 -0.006517000030726194 0.5950859785079956
v 0.12610399723052979 -0.006517000030726194 0.5950859785079956
v 0.15540100634098053 -0.006517000030726194 0.5950859785079956
v 0.18860399723052979 -0.006517000030726194 0.5950859785079956
v 0.21790100634098053 -0.006517000030726194 0.5950859785079956
v 0.24719800055027008 -0.006517000030726194 0.5950859785079956
v 0.2745409905910492 -0.006517000030726194 0.5950859785079956
v 0.4952450096607208 -0.004563000053167343 0.5950859785079956
v 0.5069630146026611 -0.004563000053167343 0.5950859785079956
v 0.5557910203933716 -0.004563000053167343 0.5950859785079956
v 0.5675100088119507 -0.004563000053167343 0.5950859785079956
v -0.5360050201416016 0.01496800035238266 0.5950859785079956
v -0.5086619853973389 0.01496800035238266 0.5950859785079956
v -0.4793649911880493 0.01496800035238266 0.5950859785079956
v -0.4520210027694702 0.01496800035238266 0.5950859785079956
v -0.4246770143508911 0.01496800035238266 0.5950859785079956
v -0.39538100361824036 0.01496800035238266 0.5950859785079956
v -0.36413100361824036 0.01496800035238266 0.5950859785079956
v -0.33678698539733887 0.01496800035238266 0.5950859785079956
v -0.31334900856018066 0.01496800035238266 0.5950859785079956
v -0.2860049903392792 0.01496800035238266 0.5950859785079956
v -0.26256799697875977 0.01496800035238266 0.5950859785079956
v -0.23327100276947021 0.01496800035238266 0.5950859785079956
v -0.20592699944972992 0.01496800035238266 0.5950859785079956
v -0.17663100361824036 0.01496800035238266 0.5950859785079956
v 0.06165099889039993 0.01496800035238266 0.5950859785079956
v 0.08899500221014023 0.01496800035238266 0.5950859785079956
v 0.12610399723052979 0.01496800035238266 0.5950859785079956
v 0.15540100634098053 0.01496800035238266 0.5950859785079956
v 0.18860399723052979 0.01496800035238266 0.5950859785079956
v 0.21790100634098053 0.01496800035238266 0.5950859785079956
v 0.24719800055027008 0.01496800035238266 0.5950859785079956
v 0.2745409905910492 0.01496800035238266 0.5950859785079956
v -0.5301460027694702 0.020826999098062515 0.5950859785079956
v -0.5145210027694702 0.020826999098062515 0.5950859785079956
v -0.4735049903392792 0.020826999098062515 0.5950859785079956
v -0.45788100361824036 0.020826999098062515 0.5950859785079956
v -0.4207710027694702 0.020826999098062515 0.5950859785079956
v -0.40709900856018066 0.020826999098062515 0.5950859785079956
v -0.3582710027694702 0.020826999098062515 0.5950859785079956
v -0.3426460027694702 0.020826999098062515 0.5950859785079956
v -0.30944299697875977 0.020826999098062515 0.5950859785079956
v -0.29381799697875977 0.020826999098062515 0.5950859785079956
v -0.2567090094089508 0.020826999098062515 0.5950859785079956
v -0.23913100361824036 0.020826999098062515 0.5950859785079956
v -0.20006799697875977 0.020826999098062515 0.5950859785079956
v -0.1824900060892105 0.020826999098062515 0.5950859785079956
v 0.06555700302124023 0.020826999098062515 0.5950859785079956
v 0.08313500136137009 0.020826999098062515 0.5950859785079956
v 0.13196299970149994 0.020826999098062515 0.5950859785079956
v 0.1495410054922104 0.020826999098062515 0.5950859785079956
v 0.19446299970149994 0.020826999098062515 0.5950859785079956
v 0.21008799970149994 0.020826999098062515 0.5950859785079956
v 0.2511039972305298 0.020826999098062515 0.5950859785079956
v 0.26868200302124023 0.020826999098062515 0.5950859785079956
v 0.47180700302124023 0.02473299950361252 0.5950859785079956
v 0.5889949798583984 0.02473299950361252 0.5950859785079956
v -0.5301460027694702 0.04035799950361252 0.5950859785079956
v -0.5086619853973389 0.04035799950361252 0.5950859785079956
v -0.4793649911880493 0.04035799950361252 0.5950859785079956
v -0.4520210027694702 0.04035799950361252 0.5950859785079956
v -0.4246770143508911 0.04035799950361252 0.5950859785079956
v -0.40709900856018066 0.04035799950361252 0.5950859785079956
v -0.39538100361824036 0.04035799950361252 0.5950859785079956
v -0.36413100361824036 0.04035799950361252 0.5950859785079956
v -0.33678698539733887 0.04035799950361252 0.5950859785079956
v -0.31334900856018066 0.04035799950361252 0.5950859785079956
v -0.2860049903392792 0.04035799950361252 0.5950859785079956
v -0.26256799697875977 0.04035799950361252 0.5950859785079956
v -0.23327100276947021 0.04035799950361252 0.5950859785079956
v -0.20592699944972992 0.04035799950361252 0.5950859785079956
v -0.1824900060892105 0.04035799950361252 0.5950859785079956
v -0.5301460027694702 0.06184300035238266 0.5950859785079956
v -0.5086619853973389 0.06184300035238266 0.5950859785079956
v -0.4793649911880493 0.06184300035238266 0.5950859785079956
v -0.4520210027694702 0.06184300035238266 0.5950859785079956
v -0.4246770143508911 0.06184300035238266 0.5950859785079956
v -0.40709900856018066 0.06184300035238266 0.5950859785079956
v -0.39538100361824036 0.06184300035238266 0.5950859785079956
v -0.36413100361824036 0.06184300035238266 0.5950859785079956
v -0.33678698539733887 0.06184300035238266 0.5950859785079956
v -0.31334900856018066 0.06184300035238266 0.5950859785079956
v -0.2860049903392792 0.06184300035238266 0.5950859785079956
v -0.26256799697875977 0.06184300035238266 0.5950859785079956
v -0.23327100276947021 0.06184300035238266 0.5950859785079956
v -0.20592699944972992 0.06184300035238266 0.5950859785079956
v -0.1824900060892105 0.06184300035238266 0.5950859785079956
v -0.5731149911880493 0.06574899703264236 0.5950859785079956
v -0.14342699944972992 0.06574899703264236 0.5950859785079956
v 0.010869000107049942 0.06574899703264236 0.5950859785079956
v 0.31946301460266113 0.06574899703264236 0.5950859785079956
v -0.8797550201416016 -0.18815700709819794 0.5989919900894165
v -0.7762399911880493 -0.18815700709819794 0.5989919900894165
v 0.7686820030212402 -0.18815700709819794 0.5989919900894165
v 0.8741509914398193 -0.18815700709819794 0.5989919900894165
v -0.8797550201416016 -0.07878199964761734 0.5989919900894165
v -0.7762399911880493 -0.07878199964761734 0.5989919900894165
v 0.7686820030212402 -0.07878199964761734 0.5989919900894165
v 0.8741509914398193 -0.07878199964761734 0.5989919900894165
v -0.5731149911880493 -0.055344998836517334 0.604852020740509
v -0.14342699944972992 -0.055344998836517334 0.604852020740509
v 0.010869000107049942 -0.055344998836517334 0.604852020740509
v 0.31946301460266113 -0.055344998836517334 0.604852020740509
v 0.47180700302124023 -0.055344998836517334 0.604852020740509
v 0.5889949798583984 -0.055344998836517334 0.604852020740509
v 0.47180700302124023 0.03449900075793266 0.604852020740509
v 0.5889949798583984 0.03449900075793266 0.604852020740509
v -0.5731149911880493 0.07746800035238266 0.604852020740509
v -0.14342699944972992 0.07746800035238266 0.604852020740509
v 0.010869000107049942 0.07746800035238266 0.604852020740509
v 0.31946301460266113 0.07746800035238266 0.604852020740509
v 0.5128229856491089 0.06379599869251251 0.6087579727172852
v 0.5499320030212402 0.06379599869251251 0.6087579727172852
v 0.5128229856491089 0.07746800035238266 0.6087579727172852
v 0.5499320030212402 0.07746800035238266 0.6087579727172852
v -0.8485050201416016 -0.18815700709819794 0.628288984298706
v -0.8074899911880493 -0.18815700709819794 0.628288984298706
v 0.7999320030212402 -0.18815700709819794 0.628288984298706
v 0.8429009914398193 -0.18815700709819794 0.628288984298706
v -0.8485050201416016 -0.07878199964761734 0.628288984298706
v -0.8074899911880493 -0.07878199964761734 0.628288984298706
v 0.7999320030212402 -0.07878199964761734 0.628288984298706
v 0.8429009914398193 -0.07878199964761734 0.628288984298706
v -0.614130973815918 -0.09831299632787704 0.6575859785079956
v -0.6063179969787598 -0.09831299632787704 0.6575859785079956
v -0.11217699944972992 -0.09831299632787704 0.6575859785079956
v -0.10436499863862991 -0.09831299632787704 0.6575859785079956
v -0.028193000704050064 -0.09831299632787704 0.6575859785079956
v -0.020380999892950058 -0.09831299632787704 0.6575859785079956
v 0.34680700302124023 -0.09831299632787704 0.6575859785079956
v 0.3604789972305298 -0.09831299632787704 0.6575859785079956
v 0.43665099143981934 -0.09831299632787704 0.6575859785079956
v 0.44446301460266113 -0.09831299632787704 0.6575859785079956
v 0.6124320030212402 -0.09831299632787704 0.6575859785079956
v 0.6221979856491089 -0.09831299632787704 0.6575859785079956
v -0.614130973815918 -0.08854799717664719 0.6575859785079956
v -0.6063179969787598 -0.08854799717664719 0.6575859785079956
v -0.11217699944972992 -0.08854799717664719 0.6575859785079956
v -0.10436499863862991 -0.08854799717664719 0.6575859785079956
v -0.028193000704050064 -0.08854799717664719 0.6575859785079956
v -0.020380999892950058 -0.08854799717664719 0.6575859785079956
v 0.34680700302124023 -0.08854799717664719 0.6575859785079956
v 0.3604789972305298 -0.08854799717664719 0.6575859785079956
v 0.43665099143981934 -0.08854799717664719 0.6575859785079956
v 0.44446301460266113 -0.08854799717664719 0.6575859785079956
v 0.6124320030212402 -0.08854799717664719 0.6575859785079956
v 0.6221979856491089 -0.08854799717664719 0.6575859785079956
v 0.5128229856491089 0.03449900075793266 0.663444995880127
v 0.5499320030212402 0.03449900075793266 0.663444995880127
v 0.5128229856491089 0.05793699994683266 0.663444995880127
v 0.5499320030212402 0.05793699994683266 0.663444995880127
v -0.9461619853973389 -0.18815700709819794 0.6712579727172852
v 0.9522759914398193 -0.18815700709819794 0.6712579727172852
v -0.9461619853973389 -0.07878199964761734 0.6712579727172852
v 0.9522759914398193 -0.07878199964761734 0.6712579727172852
v -0.9442089796066284 -0.18815700709819794 0.682977020740509
v 0.9503229856491089 -0.18815700709819794 0.682977020740509
v -0.9442089796066284 -0.07878199964761734 0.682977020740509
v 0.9503229856491089 -0.07878199964761734 0.682977020740509
v -0.9383490085601807 -0.18815700709819794 0.6927419900894165
v 0.9444630146026611 -0.18815700709819794 0.6927419900894165
v -0.9383490085601807 -0.07878199964761734 0.6927419900894165
v 0.9444630146026611 -0.07878199964761734 0.6927419900894165
v 0.4952450096607208 -0.03190699964761734 0.6927419900894165
v 0.5069630146026611 -0.03190699964761734 0.6927419900894165
v 0.5557910203933716 -0.03190699964761734 0.6927419900894165
v 0.5675100088119507 -0.03190699964761734 0.6927419900894165
v 0.4893850088119507 -0.028000999242067337 0.6927419900894165
v 0.5128229856491089 -0.028000999242067337 0.6927419900894165
v 0.5479789972305298 -0.028000999242067337 0.6927419900894165
v 0.5714160203933716 -0.028000999242067337 0.6927419900894165
v -0.5301460027694702 -0.01042299997061491 0.6927419900894165
v -0.5145210027694702 -0.01042299997061491 0.6927419900894165
v -0.4735049903392792 -0.01042299997061491 0.6927419900894165
v -0.45788100361824036 -0.01042299997061491 0.6927419900894165
v -0.4207710027694702 -0.01042299997061491 0.6927419900894165
v -0.40709900856018066 -0.01042299997061491 0.6927419900894165
v -0.3582710027694702 -0.01042299997061491 0.6927419900894165
v -0.3426460027694702 -0.01042299997061491 0.6927419900894165
v -0.30944299697875977 -0.01042299997061491 0.6927419900894165
v -0.29381799697875977 -0.01042299997061491 0.6927419900894165
v -0.2567090094089508 -0.01042299997061491 0.6927419900894165
v -0.23913100361824036 -0.01042299997061491 0.6927419900894165
v -0.20006799697875977 -0.01042299997061491 0.6927419900894165
v -0.1824900060892105 -0.01042299997061491 0.6927419900894165
v 0.06555700302124023 -0.01042299997061491 0.6927419900894165
v 0.08313500136137009 -0.01042299997061491 0.6927419900894165
v 0.13196299970149994 -0.01042299997061491 0.6927419900894165
v 0.1495410054922104 -0.01042299997061491 0.6927419900894165
v 0.19446299970149994 -0.01042299997061491 0.6927419900894165
v 0.21008799970149994 -0.01042299997061491 0.6927419900894165
v 0.2511039972305298 -0.01042299997061491 0.6927419900894165
v 0.26868200302124023 -0.01042299997061491 0.6927419900894165
v 0.4893850088119507 -0.008469999767839909 0.6927419900894165
v 0.5128229856491089 -0.008469999767839909 0.6927419900894165
v 0.5479789972305298 -0.008469999767839909 0.6927419900894165
v 0.5714160203933716 -0.008469999767839909 0.6927419900894165
v -0.5360050201416016 -0.006517000030726194 0.6927419900894165
v -0.5086619853973389 -0.006517000030726194 0.6927419900894165
v -0.4793649911880493 -0.006517000030726194 0.6927419900894165
v -0.4520210027694702 -0.006517000030726194 0.6927419900894165
v -0.4246770143508911 -0.006517000030726194 0.6927419900894165
v -0.39538100361824036 -0.006517000030726194 0.6927419900894165
v -0.36413100361824036 -0.006517000030726194 0.6927419900894165
v -0.33678698539733887 -0.006517000030726194 0.6927419900894165
v -0.31334900856018066 -0.006517000030726194 0.6927419900894165
v -0.2860049903392792 -0.006517000030726194 0.6927419900894165
v -0.26256799697875977 -0.006517000030726194 0.6927419900894165
v -0.23327100276947021 -0.006517000030726194 0.6927419900894165
v -0.20592699944972992 -0.006517000030726194 0.6927419900894165
v -0.17663100361824036 -0.006517000030726194 0.6927419900894165
v 0.06165099889039993 -0.006517000030726194 0.6927419900894165
v 0.08899500221014023 -0.006517000030726194 0.6927419900894165
v 0.12610399723052979 -0.006517000030726194 0.6927419900894165
v 0.15540100634098053 -0.006517000030726194 0.6927419900894165
v 0.18860399723052979 -0.006517000030726194 0.6927419900894165
v 0.21790100634098053 -0.006517000030726194 0.6927419900894165
v 0.24719800055027008 -0.006517000030726194 0.6927419900894165
v 0.2745409905910492 -0.006517000030726194 0.6927419900894165
v 0.4952450096607208 -0.004563000053167343 0.6927419900894165
v 0.5069630146026611 -0.004563000053167343 0.6927419900894165
v 0.5557910203933716 -0.004563000053167343 0.6927419900894165
v 0.5675100088119507 -0.004563000053167343 0.6927419900894165
v -0.5360050201416016 0.01496800035238266 0.6927419900894165
v -0.5086619853973389 0.01496800035238266 0.6927419900894165
v -0.4793649911880493 0.01496800035238266 0.6927419900894165
v -0.4520210027694702 0.01496800035238266 0.6927419900894165
v -0.4246770143508911 0.01496800035238266 0.6927419900894165
v -0.39538100361824036 0.01496800035238266 0.6927419900894165
v -0.36413100361824036 0.01496800035238266 0.6927419900894165
v -0.33678698539733887 0.01496800035238266 0.6927419900894165
v -0.31334900856018066 0.01496800035238266 0.6927419900894165
v -0.2860049903392792 0.01496800035238266 0.6927419900894165
v -0.26256799697875977 0.01496800035238266 0.6927419900894165
v -0.23327100276947021 0.01496800035238266 0.6927419900894165
v -0.20592699944972992 0.01496800035238266 0.6927419900894165
v -0.17663100361824036 0.01496800035238266 0.6927419900894165
v 0.06165099889039993 0.01496800035238266 0.6927419900894165
v 0.08899500221014023 0.01496800035238266 0.6927419900894165
v 0.12610399723052979 0.01496800035238266 0.6927419900894165
v 0.15540100634098053 0.01496800035238266 0.6927419900894165
v 0.18860399723052979 0.01496800035238266 0.6927419900894165
v 0.21790100634098053 0.01496800035238266 0.6927419900894165
v 0.24719800055027008 0.01496800035238266 0.6927419900894165
v 0.2745409905910492 0.01496800035238266 0.6927419900894165
v -0.5301460027694702 0.020826999098062515 0.6927419900894165
v -0.5145210027694702 0.020826999098062515 0.6927419900894165
v -0.4735049903392792 0.020826999098062515 0.6927419900894165
v -0.45788100361824036 0.020826999098062515 0.6927419900894165
v -0.4207710027694702 0.020826999098062515 0.6927419900894165
v -0.40709900856018066 0.020826999098062515 0.6927419900894165
v -0.3582710027694702 0.020826999098062515 0.6927419900894165
v -0.3426460027694702 0.020826999098062515 0.6927419900894165
v -0.30944299697875977 0.020826999098062515 0.6927419900894165
v -0.29381799697875977 0.020826999098062515 0.6927419900894165
v -0.2567090094089508 0.020826999098062515 0.6927419900894165
v -0.23913100361824036 0.020826999098062515 0.6927419900894165
v -0.20006799697875977 0.020826999098062515 0.6927419900894165
v -0.1824900060892105 0.020826999098062515 0.6927419900894165
v 0.06555700302124023 0.020826999098062515 0.6927419900894165
v 0.08313500136137009 0.020826999098062515 0.6927419900894165
v 0.13196299970149994 0.020826999098062515 0.6927419900894165
v 0.1495410054922104 0.020826999098062515 0.6927419900894165
v 0.19446299970149994 0.020826999098062515 0.6927419900894165
v 0.21008799970149994 0.020826999098062515 0.6927419900894165
v 0.2511039972305298 0.020826999098062515 0.6927419900894165
v 0.26868200302124023 0.020826999098062515 0.6927419900894165
v 0.4952450096607208 -0.028000999242067337 0.6966490149497986
v 0.5069630146026611 -0.028000999242067337 0.6966490149497986
v 0.5557910203933716 -0.028000999242067337 0.6966490149497986
v 0.5675100088119507 -0.028000999242067337 0.6966490149497986
v 0.4952450096607208 -0.008469999767839909 0.6966490149497986
v 0.5069630146026611 -0.008469999767839909 0.6966490149497986
v 0.5557910203933716 -0.008469999767839909 0.6966490149497986
v 0.5675100088119507 -0.008469999767839909 0.6966490149497986
v -0.5301460027694702 -0.006517000030726194 0.6966490149497986
v -0.5145210027694702 -0.006517000030726194 0.6966490149497986
v -0.4735049903392792 -0.006517000030726194 0.6966490149497986
v -0.45788100361824036 -0.006517000030726194 0.6966490149497986
v -0.4207710027694702 -0.006517000030726194 0.6966490149497986
v -0.40709900856018066 -0.006517000030726194 0.6966490149497986
v -0.3582710027694702 -0.006517000030726194 0.6966490149497986
v -0.3426460027694702 -0.006517000030726194 0.6966490149497986
v -0.30944299697875977 -0.006517000030726194 0.6966490149497986
v -0.29381799697875977 -0.006517000030726194 0.6966490149497986
v -0.2567090094089508 -0.006517000030726194 0.6966490149497986
v -0.23913100361824036 -0.006517000030726194 0.6966490149497986
v -0.20006799697875977 -0.006517000030726194 0.6966490149497986
v -0.1824900060892105 -0.006517000030726194 0.6966490149497986
v 0.06555700302124023 -0.006517000030726194 0.6966490149497986
v 0.08313500136137009 -0.006517000030726194 0.6966490149497986
v 0.13196299970149994 -0.006517000030726194 0.6966490149497986
v 0.1495410054922104 -0.006517000030726194 0.6966490149497986
v 0.19446299970149994 -0.006517000030726194 0.6966490149497986
v 0.21008799970149994 -0.006517000030726194 0.6966490149497986
v 0.2511039972305298 -0.006517000030726194 0.6966490149497986
v 0.26868200302124023 -0.006517000030726194 0.6966490149497986
v -0.5301460027694702 0.01496800035238266 0.6966490149497986
v -0.5145210027694702 0.01496800035238266 0.6966490149497986
v -0.4735049903392792 0.01496800035238266 0.6966490149497986
v -0.45788100361824036 0.01496800035238266 0.6966490149497986
v -0.4207710027694702 0.01496800035238266 0.6966490149497986
v -0.40709900856018066 0.01496800035238266 0.6966490149497986
v -0.3582710027694702 0.01496800035238266 0.6966490149497986
v -0.3426460027694702 0.01496800035238266 0.6966490149497986
v -0.30944299697875977 0.01496800035238266 0.6966490149497986
v -0.29381799697875977 0.01496800035238266 0.6966490149497986
v -0.2567090094089508 0.01496800035238266 0.6966490149497986
v -0.23913100361824036 0.01496800035238266 0.6966490149497986
v -0.20006799697875977 0.01496800035238266 0.6966490149497986
v -0.1824900060892105 0.01496800035238266 0.6966490149497986
v 0.06555700302124023 0.01496800035238266 0.6966490149497986
v 0.08313500136137009 0.01496800035238266 0.6966490149497986
v 0.13196299970149994 0.01496800035238266 0.6966490149497986
v 0.1495410054922104 0.01496800035238266 0.6966490149497986
v 0.19446299970149994 0.01496800035238266 0.6966490149497986
v 0.21008799970149994 0.01496800035238266 0.6966490149497986
v 0.2511039972305298 0.01496800035238266 0.6966490149497986
v 0.26868200302124023 0.01496800035238266 0.6966490149497986
v -0.9285839796066284 -0.18815700709819794 0.7005550265312195
v 0.9346979856491089 -0.18815700709819794 0.7005550265312195
v -0.9285839796066284 -0.07878199964761734 0.7005550265312195
v 0.9346979856491089 -0.07878199964761734 0.7005550265312195
v -0.6063179969787598 -0.09831299632787704 0.7044609785079956
v -0.11217699944972992 -0.09831299632787704 0.7044609785079956
v -0.020380999892950058 -0.09831299632787704 0.7044609785079956
v 0.34680700302124023 -0.09831299632787704 0.7044609785079956
v 0.44446301460266113 -0.09831299632787704 0.7044609785079956
v 0.6124320030212402 -0.09831299632787704 0.7044609785079956
v -0.6063179969787598 -0.07878199964761734 0.7044609785079956
v -0.11217699944972992 -0.07878199964761734 0.7044609785079956
v -0.020380999892950058 -0.07878199964761734 0.7044609785079956
v 0.34680700302124023 -0.07878199964761734 0.7044609785079956
v 0.44446301460266113 -0.07878199964761734 0.7044609785079956
v 0.6124320030212402 -0.07878199964761734 0.7044609785079956
v -0.5731149911880493 -0.055344998836517334 0.7044609785079956
v -0.14342699944972992 -0.055344998836517334 0.7044609785079956
v 0.010869000107049942 -0.055344998836517334 0.7044609785079956
v 0.31946301460266113 -0.055344998836517334 0.7044609785079956
v 0.47180700302124023 -0.055344998836517334 0.7044609785079956
v 0.5889949798583984 -0.055344998836517334 0.7044609785079956
v 0.47180700302124023 0.03449900075793266 0.7044609785079956
v 0.5128229856491089 0.03449900075793266 0.7044609785079956
v 0.5499320030212402 0.03449900075793266 0.7044609785079956
v 0.5889949798583984 0.03449900075793266 0.7044609785079956
v -0.5731149911880493 0.07746800035238266 0.7044609785079956
v -0.14342699944972992 0.07746800035238266 0.7044609785079956
v 0.010869000107049942 0.07746800035238266 0.7044609785079956
v 0.31946301460266113 0.07746800035238266 0.7044609785079956
v 0.04795299842953682 0.10877499729394913 0.705892026424408
v -0.9168649911880493 -0.18815700709819794 0.706413984298706
v -0.9051460027694702 -0.18815700709819794 0.706413984298706
v 0.9112600088119507 -0.18815700709819794 0.706413984298706
v 0.9229789972305298 -0.18815700709819794 0.706413984298706
v -0.614130973815918 -0.09831299632787704 0.706413984298706
v -0.10436499863862991 -0.09831299632787704 0.706413984298706
v -0.028193000704050064 -0.09831299632787704 0.706413984298706
v 0.3604789972305298 -0.09831299632787704 0.706413984298706
v 0.43665099143981934 -0.09831299632787704 0.706413984298706
v 0.6221979856491089 -0.09831299632787704 0.706413984298706
v -0.9168649911880493 -0.07878199964761734 0.706413984298706
v -0.9051460027694702 -0.07878199964761734 0.706413984298706
v -0.614130973815918 -0.07878199964761734 0.706413984298706
v -0.10436499863862991 -0.07878199964761734 0.706413984298706
v -0.028193000704050064 -0.07878199964761734 0.706413984298706
v 0.3604789972305298 -0.07878199964761734 0.706413984298706
v 0.43665099143981934 -0.07878199964761734 0.706413984298706
v 0.6221979856491089 -0.07878199964761734 0.706413984298706
v 0.9112600088119507 -0.07878199964761734 0.706413984298706
v 0.9229789972305298 -0.07878199964761734 0.706413984298706
v 0.43665099143981934 0.05793699994683266 0.706413984298706
v 0.5128229856491089 0.05793699994683266 0.706413984298706
v 0.5499320030212402 0.05793699994683266 0.706413984298706
v 0.6221979856491089 0.05793699994683266 0.706413984298706
v 0.4581350088119507 0.07746800035238266 0.706413984298706
v 0.6007130146026611 0.07746800035238266 0.706413984298706
v -0.614130973815918 0.10090500116348267 0.706413984298706
v -0.10436499863862991 0.10090500116348267 0.706413984298706
v -0.028193000704050064 0.10090500116348267 0.706413984298706
v 0.3604789972305298 0.10090500116348267 0.706413984298706
v -0.5281929969787598 0.10871800035238266 0.706413984298706
v -0.1824900060892105 0.10871800035238266 0.706413984298706
v 0.2784479856491089 0.10871800035238266 0.706413984298706
v -0.5926460027694702 0.12239000201225281 0.706413984298706
v -0.5281929969787598 0.12239000201225281 0.706413984298706
v -0.1824900060892105 0.12239000201225281 0.706413984298706
v -0.12584899365901947 0.12239000201225281 0.706413984298706
v -0.0067090000957250595 0.12239000201225281 0.706413984298706
v 0.047979000955820084 0.12239000201225281 0.706413984298706
v 0.2784479856491089 0.12239000201225281 0.706413984298706
v 0.3370409905910492 0.12239000201225281 0.706413984298706
v 0.21289099752902985 -0.08495400100946426 -0.13085900247097015
v 0.21289099752902985 -0.08495400100946426 -0.24023400247097015
v 0.21289099752902985 -0.08495400100946426 -0.2148440033197403
v 0.21289099752902985 -0.08495400100946426 -0.25585898756980896
v 0.6807799935340881 -0.08269999921321869 -0.11332699656486511
v -0.46178001165390015 -0.08463999629020691 -0.42249199748039246
v 0.21289099752902985 -0.08495400100946426 -0.33789101243019104
v 0.21289099752902985 -0.08495400100946426 -0.29882800579071045
v 0.21289099752902985 -0.08495400100946426 -0.3242189884185791
v 0.5050100088119507 -0.08268900215625763 -0.1314759999513626
v 0.5050100088119507 -0.08268900215625763 -0.3385080099105835
v 0.5050100088119507 -0.08268900215625763 -0.2408509999513626
v 0.5050100088119507 -0.08268900215625763 -0.17249199748039246
v 0.2382809966802597 -0.03807799890637398 -0.09179700165987015
v 0.21289099752902985 -0.08495400100946426 -0.36523398756980896
v -0.6629589796066284 -0.07878199964761734 -0.707647979259491
v 0.21289099752902985 -0.08495400100946426 -0.1992190033197403
v 0.21289099752902985 -0.08495400100946426 -0.171875
v 0.21289099752902985 -0.08495400100946426 -0.28125
vt 0.926472008228302 0.4181180000305176
vt 0.9337030053138733 0.418148010969162
vt 0.9344180226325989 0.4264090061187744
vt 0.926472008228302 0.42594799399375916
vt 0.8452759981155396 0.013030000030994415
vt 0.857017993927002 0.013786000199615955
vt 0.8567529916763306 0.01702599972486496
vt 0.845009982585907 0.016270000487565994
vt 0.9445649981498718 0.4008120000362396
vt 0.949957013130188 0.40071699023246765
vt 0.949957013130188 0.41877999901771545
vt 0.9445649981498718 0.4188750088214874
vt 0.03053000010550022 0.680528998374939
vt 0.017292000353336334 0.6803789734840393
vt 0.017284000292420387 0.6762570142745972
vt 0.03052699938416481 0.6762400269508362
vt 0.9616850018501282 0.21308599412441254
vt 0.9609630107879639 0.22630399465560913
vt 0.9583730101585388 0.22628700733184814
vt 0.9583280086517334 0.21308200061321259
vt 0.9364830255508423 0.3744780123233795
vt 0.9364809989929199 0.40389901399612427
vt 0.9114720225334167 0.40389901399612427
vt 0.9114739894866943 0.3744780123233795
vt 0.2400279939174652 0.940123975276947
vt 0.23898600041866302 0.9401350021362305
vt 0.23898600041866302 0.9156180024147034
vt 0.2400279939174652 0.9156060218811035
vt 0.9840880036354065 0.5968419909477234
vt 0.9885860085487366 0.5968419909477234
vt 0.9885860085487366 0.6055099964141846
vt 0.9842879772186279 0.6055200099945068
vt 0.07216399908065796 0.7887870073318481
vt 0.05439300090074539 0.7889479994773865
vt 0.058605000376701355 0.7861369848251343
vt 0.07215400040149689 0.7861120104789734
vt 0.9185500144958496 0.7196459770202637
vt 0.9205229878425598 0.7196429967880249
vt 0.9205229878425598 0.7260180115699768
vt 0.9185500144958496 0.7260209918022156
vt 0.9114720225334167 0.42345499992370605
vt 0.9178590178489685 0.42301300168037415
vt 0.9180259704589844 0.42944300174713135
vt 0.9118769764900208 0.4293160140514374
vt 0.6507700085639954 0.9886490106582642
vt 0.6561629772186279 0.9885540008544922
vt 0.6561629772186279 0.9950569868087769
vt 0.6507700085639954 0.9951519966125488
vt 0.7858970165252686 0.9748749732971191
vt 0.7928249835968018 0.9752150177955627
vt 0.7932649850845337 0.9836980104446411
vt 0.7858970165252686 0.9832919836044312
vt 0.8427299857139587 0.6836479902267456
vt 0.8638150095939636 0.6836490035057068
vt 0.8638150095939636 0.7253299951553345
vt 0.8427299857139587 0.7253289818763733
vt 0.03102000057697296 0.6448240280151367
vt 0.01727600023150444 0.6441969871520996
vt 0.01728999987244606 0.640496015548706
vt 0.031026000156998634 0.640504002571106
vt 0.8639640212059021 0.910302996635437
vt 0.8659629821777344 0.9073470234870911
vt 0.8806740045547485 0.9073479771614075
vt 0.882597029209137 0.9103040099143982
vt 0.16872699558734894 0.256307989358902
vt 0.1720840036869049 0.2563000023365021
vt 0.17232400178909302 0.26392000913619995
vt 0.1689399927854538 0.2639150023460388
vt 0.3517090082168579 0.8829579949378967
vt 0.35416099429130554 0.8829600214958191
vt 0.3539299964904785 0.8956009745597839
vt 0.3514789938926697 0.8956000208854675
vt 0.6738020181655884 0.6583750247955322
vt 0.7206709980964661 0.6738229990005493
vt 0.7208269834518433 0.732541024684906
vt 0.6738020181655884 0.7449560165405273
vt 0.20599700510501862 0.51699298620224
vt 0.21923799812793732 0.5170900225639343
vt 0.21910199522972107 0.52115398645401
vt 0.20589999854564667 0.5219879746437073
vt 0.004104999825358391 0.2543630003929138
vt 0.031560998409986496 0.25446298718452454
vt 0.03152000159025192 0.25696200132369995
vt 0.004064000211656094 0.25686201453208923
vt 0.9463679790496826 0.5877810120582581
vt 0.9409850239753723 0.5877770185470581
vt 0.9409850239753723 0.563260018825531
vt 0.9463679790496826 0.563264012336731
vt 0.20583200454711914 0.5180019736289978
vt 0.2157980054616928 0.5172039866447449
vt 0.4392409920692444 0.9139940142631531
vt 0.4421829879283905 0.9139940142631531
vt 0.4421829879283905 0.9385120272636414
vt 0.4392409920692444 0.9385120272636414
vt 0.9568830132484436 0.7471389770507812
vt 0.9584969878196716 0.7366549968719482
vt 0.9626389741897583 0.7342219948768616
vt 0.9632430076599121 0.7473059892654419
vt 0.48367801308631897 0.9879130125045776
vt 0.4846619963645935 0.9879239797592163
vt 0.4846619963645935 0.9947890043258667
vt 0.48367801308631897 0.9947779774665833
vt 0.3492969870567322 0.9452559947967529
vt 0.3492969870567322 0.959007978439331
vt 0.34350499510765076 0.9561650156974792
vt 0.34212398529052734 0.9457560181617737
vt 0.4287000000476837 0.8720809817314148
vt 0.41398900747299194 0.8720800280570984
vt 0.4139840006828308 0.8706510066986084
vt 0.4286949932575226 0.8706510066986084
vt 0.9617900252342224 0.8416370153427124
vt 0.9601939916610718 0.8529180288314819
vt 0.9557989835739136 0.8553599715232849
vt 0.9552850127220154 0.8416370153427124
vt 0.45033198595046997 0.9618070125579834
vt 0.451896995306015 0.951308012008667
vt 0.45610299706459045 0.9488739967346191
vt 0.4568740129470825 0.9620890021324158
vt 0.8447610139846802 0.923999011516571
vt 0.8501539826393127 0.9239040017127991
vt 0.8501539826393127 0.9419670104980469
vt 0.8447610139846802 0.9420620203018188
vt 0.9118329882621765 0.4924130141735077
vt 0.9093859791755676 0.4924109876155853
vt 0.9069390296936035 0.4801500141620636
vt 0.9118329882621765 0.48015400767326355
vt 0.1135919988155365 0.6782209873199463
vt 0.1135919988155365 0.7860890030860901
vt 0.11064500361680984 0.7861300110816956
vt 0.11064500361680984 0.6782619953155518
vt 0.20599199831485748 0.6430339813232422
vt 0.21679599583148956 0.6407709717750549
vt 0.21693600714206696 0.6466389894485474
vt 0.2061070054769516 0.6483669877052307
vt 0.9787179827690125 0.9217020273208618
vt 0.9857360124588013 0.9221500158309937
vt 0.9860939979553223 0.9302899837493896
vt 0.9787179827690125 0.9299060106277466
vt 0.0986189991235733 0.9805439710617065
vt 0.09863000363111496 0.9815859794616699
vt 0.0932369977235794 0.9815859794616699
vt 0.09322600066661835 0.9805439710617065
vt 0.13688300549983978 0.8732179999351501
vt 0.12756599485874176 0.8732179999351501
vt 0.1275620013475418 0.8712890148162842
vt 0.13687899708747864 0.8712900280952454
vt 0.9728109836578369 0.5273299813270569
vt 0.9728109836578369 0.5386090278625488
vt 0.9713389873504639 0.5386090278625488
vt 0.9713389873504639 0.5273299813270569
vt 0.14788199961185455 0.5491539835929871
vt 0.15096400678157806 0.5521420240402222
vt 0.1459359973669052 0.5574139952659607
vt 0.1427990049123764 0.5543439984321594
vt 0.34212398529052734 0.9864469766616821
vt 0.34555700421333313 0.9864469766616821
vt 0.34555700421333313 0.9888989925384521
vt 0.34212398529052734 0.9888989925384521
vt 0.8856179714202881 0.4820060133934021
vt 0.8856179714202881 0.43983399868011475
vt 0.8973860144615173 0.43983399868011475
vt 0.8973860144615173 0.4761219918727875
vt 0.41398900747299194 0.9073830246925354
vt 0.40809598565101624 0.9064760208129883
vt 0.40809598565101624 0.873134970664978
vt 0.09446299821138382 0.7361180186271667
vt 0.08955900371074677 0.7375890016555786
vt 0.08955900371074677 0.7307249903678894
vt 0.09446299821138382 0.7321959733963013
vt 0.40809598565101624 0.8474630117416382
vt 0.42190900444984436 0.8468689918518066
vt 0.4221850037574768 0.8493090271949768
vt 0.40839898586273193 0.8502699732780457
vt 0.5745229721069336 0.8981519937515259
vt 0.5745229721069336 0.9275709986686707
vt 0.5715770125389099 0.9276120066642761
vt 0.5715770125389099 0.8981930017471313
vt 0.9611219763755798 0.6370720267295837
vt 0.9591599702835083 0.6370670199394226
vt 0.9591590166091919 0.6252989768981934
vt 0.9611219763755798 0.6248130202293396
vt 0.9344279766082764 0.13714799284934998
vt 0.9329460263252258 0.13714900612831116
vt 0.9329460263252258 0.11263000220060349
vt 0.9344279766082764 0.11263000220060349
vt 0.656141996383667 0.8658109903335571
vt 0.6625159978866577 0.865801990032196
vt 0.662024974822998 0.8961439728736877
vt 0.656141996383667 0.8961520195007324
vt 0.4503200054168701 0.9625869989395142
vt 0.45680001378059387 0.962581992149353
vt 0.567654013633728 0.908490002155304
vt 0.567654013633728 0.9173150062561035
vt 0.562749981880188 0.9173150062561035
vt 0.562749981880188 0.908490002155304
vt 0.4371179938316345 0.9598450064659119
vt 0.4371179938316345 0.9465979933738708
vt 0.4414759874343872 0.9489309787750244
vt 0.4421829879283905 0.9595320224761963
vt 0.18963900208473206 0.01776600070297718
vt 0.1714950054883957 0.01776600070297718
vt 0.10578899830579758 0.004046999849379063
vt 0.19993899762630463 0.004040999803692102
vt 0.015092000365257263 0.7912120223045349
vt 0.010625000111758709 0.7912200093269348
vt 0.010625000111758709 0.7843559980392456
vt 0.015092000365257263 0.7843469977378845
vt 0.34555599093437195 0.993802011013031
vt 0.34212398529052734 0.993802011013031
vt 0.9668189883232117 0.09594599902629852
vt 0.971231997013092 0.09594599902629852
vt 0.971231997013092 0.09839800000190735
vt 0.9668189883232117 0.09839800000190735
vt 0.13049599528312683 0.2560720145702362
vt 0.13065500557422638 0.2639169991016388
vt 0.12772800028324127 0.26392701268196106
vt 0.12759700417518616 0.25606900453567505
vt 0.7986819744110107 0.4726789891719818
vt 0.7712209820747375 0.472678005695343
vt 0.7712209820747375 0.4697360098361969
vt 0.7986819744110107 0.4697369933128357
vt 0.03102000057697296 0.6929060220718384
vt 0.01728300005197525 0.6924989819526672
vt 0.017284000292420387 0.6884899735450745
vt 0.03101699985563755 0.6885049939155579
vt 0.26077601313591003 0.9631100296974182
vt 0.2627449929714203 0.9538120031356812
vt 0.26961201429367065 0.9513649940490723
vt 0.26960301399230957 0.9631100296974182
vt 0.30424201488494873 0.8750630021095276
vt 0.31156599521636963 0.8748670220375061
vt 0.311257004737854 0.8810549974441528
vt 0.30416399240493774 0.8812029957771301
vt 0.9129149913787842 0.21259699761867523
vt 0.9129130244255066 0.24692200124263763
vt 0.9001629948616028 0.24692200124263763
vt 0.9001650214195251 0.21259699761867523
vt 0.6557319760322571 0.8576939702033997
vt 0.6401770114898682 0.8577200174331665
vt 0.64410001039505 0.854777991771698
vt 0.6558690071105957 0.8547790050506592
vt 0.02483299933373928 0.9804580211639404
vt 0.0314750000834465 0.9808019995689392
vt 0.032200999557971954 0.9888430237770081
vt 0.02483299933373928 0.9884510040283203
vt 0.09352000057697296 0.1866379976272583
vt 0.09366600215435028 0.19096800684928894
vt 0.08370500057935715 0.19110099971294403
vt 0.08371300250291824 0.1868560016155243
vt 0.2044840008020401 0.5703020095825195
vt 0.22261500358581543 0.5700129866600037
vt 0.22269800305366516 0.5742620229721069
vt 0.20447100698947906 0.5741599798202515
vt 0.3292959928512573 0.9888370037078857
vt 0.3292959928512573 0.993740975856781
vt 0.32537299394607544 0.993740975856781
vt 0.32537299394607544 0.9888370037078857
vt 0.9348160028457642 0.711558997631073
vt 0.9273650050163269 0.7110509872436523
vt 0.927386999130249 0.6836479902267456
vt 0.9348369836807251 0.6841549873352051
vt 0.9911059737205505 0.6733459830284119
vt 0.9911220073699951 0.6748189926147461
vt 0.9867089986801147 0.6748189926147461
vt 0.9866930246353149 0.6733459830284119
vt 0.18335700035095215 0.25625601410865784
vt 0.18358199298381805 0.26392000913619995
vt 0.17946699261665344 0.2639150023460388
vt 0.17946699261665344 0.2562519907951355
vt 0.8412590026855469 0.07609199732542038
vt 0.8480820059776306 0.07618299871683121
vt 0.8469120264053345 0.08282399922609329
vt 0.8412920236587524 0.08274299651384354
vt 0.9827190041542053 0.979640007019043
vt 0.987621009349823 0.9795539975166321
vt 0.9851700067520142 0.9882670044898987
vt 0.9827190041542053 0.9883099794387817
vt 0.9751480221748352 0.3858279883861542
vt 0.9751570224761963 0.3745729923248291
vt 0.9756479859352112 0.3745729923248291
vt 0.9756389856338501 0.3858279883861542
vt 0.9863970279693604 0.8207949995994568
vt 0.990809977054596 0.8207939863204956
vt 0.990809977054596 0.8261889815330505
vt 0.9863970279693604 0.8261889815330505
vt 0.9461749792098999 0.6248990297317505
vt 0.9510769844055176 0.6248130202293396
vt 0.9510769844055176 0.6428760290145874
vt 0.9461749792098999 0.6429619789123535
vt 0.9448530077934265 0.2126920074224472
vt 0.9502450227737427 0.21259699761867523
vt 0.9502450227737427 0.23066000640392303
vt 0.9448530077934265 0.2307550013065338
vt 0.8427910208702087 0.6305450201034546
vt 0.8427299857139587 0.6248130202293396
vt 0.8883309960365295 0.6248130202293396
vt 0.8883919715881348 0.6305450201034546
vt 0.8278499841690063 0.7862370014190674
vt 0.8278499841690063 0.7935919761657715
vt 0.8224560022354126 0.7935910224914551
vt 0.8224560022354126 0.7862370014190674
vt 0.9846630096435547 0.17181800305843353
vt 0.9792799949645996 0.1718139946460724
vt 0.9792799949645996 0.16298800706863403
vt 0.9846630096435547 0.16299200057983398
vt 0.9779689908027649 0.18177400529384613
vt 0.976498007774353 0.19109199941158295
vt 0.973065972328186 0.1930530071258545
vt 0.973065972328186 0.18177500367164612
vt 0.07214199751615524 0.7056419849395752
vt 0.058423999696969986 0.7052580118179321
vt 0.05845100060105324 0.7017419934272766
vt 0.07214699685573578 0.7017520070075989
vt 0.3826409876346588 0.9544529914855957
vt 0.3850859999656677 0.9436830282211304
vt 0.3921160101890564 0.9412530064582825
vt 0.39204901456832886 0.954442024230957
vt 0.9364020228385925 0.979915976524353
vt 0.9413040280342102 0.9798300266265869
vt 0.9388530254364014 0.9885429739952087
vt 0.9364020228385925 0.9885860085487366
vt 0.968720018863678 0.896452009677887
vt 0.9652889966964722 0.8964580297470093
vt 0.9652889966964722 0.8891019821166992
vt 0.968720018863678 0.8890969753265381
vt 0.3260360062122345 0.9783030152320862
vt 0.3262709975242615 0.9670289754867554
vt 0.32726600766181946 0.9670289754867554
vt 0.3270319998264313 0.9783030152320862
vt 0.655534029006958 0.83468097448349
vt 0.64410001039505 0.8346760272979736
vt 0.64410001039505 0.8292819857597351
vt 0.6556659936904907 0.8292829990386963
vt 0.5492770075798035 0.5247560143470764
vt 0.5503439903259277 0.5189700126647949
vt 0.5590239763259888 0.5205690264701843
vt 0.5579580068588257 0.5263559818267822
vt 0.8638120293617249 0.3744780123233795
vt 0.8687779903411865 0.3774940073490143
vt 0.8687779903411865 0.4016979932785034
vt 0.8638120293617249 0.4012100100517273
vt 0.98506098985672 0.048900000751018524
vt 0.9791769981384277 0.048900000751018524
vt 0.9791769981384277 0.04007299989461899
vt 0.98506098985672 0.04007299989461899
vt 0.3730599880218506 0.9630860090255737
vt 0.3736329972743988 0.9743779897689819
vt 0.3650670051574707 0.9743220210075378
vt 0.3650670051574707 0.9630330204963684
vt 0.9483270049095154 0.2690559923648834
vt 0.9483270049095154 0.24650299549102783
vt 0.9501330256462097 0.24898600578308105
vt 0.9501330256462097 0.2661460041999817
vt 0.8325039744377136 0.9415479898452759
vt 0.8325120210647583 0.9278299808502197
vt 0.836542010307312 0.9278470277786255
vt 0.8364670276641846 0.9415429830551147
vt 0.8427299857139587 0.5632619857788086
vt 0.8446909785270691 0.5632619857788086
vt 0.8442069888114929 0.5910739898681641
vt 0.8428170084953308 0.5910739898681641
vt 0.07158499956130981 0.9886080026626587
vt 0.07697799801826477 0.9885129928588867
vt 0.07697799801826477 0.9950159788131714
vt 0.07158499956130981 0.9951099753379822
vt 0.8771160244941711 0.3654699921607971
vt 0.8722050189971924 0.3640649914741516
vt 0.8722050189971924 0.3356269896030426
vt 0.8771160244941711 0.3345800042152405
vt 0.9313880205154419 0.213578000664711
vt 0.9313769936561584 0.21259699761867523
vt 0.9357900023460388 0.21259699761867523
vt 0.9358010292053223 0.213578000664711
vt 0.38263699412345886 0.9549469947814941
vt 0.39209499955177307 0.9549360275268555
vt 0.9907400012016296 0.6257920265197754
vt 0.9922279715538025 0.625793993473053
vt 0.9922279715538025 0.6311879754066467
vt 0.9907400012016296 0.6311860084533691
vt 0.9000679850578308 0.7233629822731018
vt 0.8976160287857056 0.7233629822731018
vt 0.897596001625061 0.7112939953804016
vt 0.900048017501831 0.7112939953804016
vt 0.20545700192451477 0.5095369815826416
vt 0.21594999730587006 0.5096150040626526
vt 0.21921999752521515 0.5143330097198486
vt 0.20553000271320343 0.5141209959983826
vt 0.20608100295066833 0.6330540180206299
vt 0.21934400498867035 0.6334620118141174
vt 0.2193710058927536 0.636201024055481
vt 0.20612500607967377 0.6358339786529541
vt 0.9380930066108704 0.6524029970169067
vt 0.930508017539978 0.6522690057754517
vt 0.930508017539978 0.6248130202293396
vt 0.9380930066108704 0.6249459981918335
vt 0.7644069790840149 0.933193027973175
vt 0.7777349948883057 0.933381974697113
vt 0.7778149843215942 0.9364280104637146
vt 0.7644919753074646 0.9361979961395264
vt 0.4527199864387512 0.45614200830459595
vt 0.4527199864387512 0.44584500789642334
vt 0.7185059785842896 0.44584500789642334
vt 0.7185059785842896 0.45614200830459595
vt 0.20627500116825104 0.49371400475502014
vt 0.21707099676132202 0.49457699060440063
vt 0.2195969969034195 0.49904298782348633
vt 0.2063719928264618 0.4985699951648712
vt 0.11259700357913971 0.9711480140686035
vt 0.11260700225830078 0.9805409908294678
vt 0.10672300308942795 0.9805409908294678
vt 0.10671299695968628 0.9711480140686035
vt 0.24436399340629578 0.8579480051994324
vt 0.24441799521446228 0.789438009262085
vt 0.2526940107345581 0.7891209721565247
vt 0.2526409924030304 0.8571410179138184
vt 0.03053399920463562 0.6208170056343079
vt 0.01730000041425228 0.6202449798583984
vt 0.017281999811530113 0.6164320111274719
vt 0.030527999624609947 0.6164129972457886
vt 0.16392700374126434 0.9406870007514954
vt 0.16236400604248047 0.9407039880752563
vt 0.16236400604248047 0.9161869883537292
vt 0.16392700374126434 0.9161700010299683
vt 0.12361899763345718 0.9893630146980286
vt 0.1265610009431839 0.9893630146980286
vt 0.1265610009431839 0.9942669868469238
vt 0.12361899763345718 0.9942669868469238
vt 0.9763349890708923 0.9383789896965027
vt 0.9770110249519348 0.9496690034866333
vt 0.9684299826622009 0.9496639966964722
vt 0.9684299826622009 0.9383749961853027
vt 0.17984500527381897 0.9284340143203735
vt 0.17739300429821014 0.9284290075302124
vt 0.17739300429821014 0.9161700010299683
vt 0.1798429936170578 0.9166659712791443
vt 0.04496200010180473 0.9634559750556946
vt 0.04585399851202965 0.949828028678894
vt 0.050248999148607254 0.952252984046936
vt 0.050248999148607254 0.963392972946167
vt 0.5265160202980042 0.9395110011100769
vt 0.5251970291137695 0.9508119821548462
vt 0.5188480019569397 0.9533429741859436
vt 0.518854022026062 0.9396070241928101
vt 0.37544000148773193 0.7371919751167297
vt 0.3847379982471466 0.735489010810852
vt 0.3849790096282959 0.7404590249061584
vt 0.37568199634552 0.7421619892120361
vt 0.9529899954795837 0.02831299975514412
vt 0.9529880285263062 0.025855999439954758
vt 0.9588729739189148 0.025855999439954758
vt 0.9588750004768372 0.02831299975514412
vt 0.20626699924468994 0.5039880275726318
vt 0.21950499713420868 0.5040109753608704
vt 0.21943500638008118 0.5057600140571594
vt 0.20621299743652344 0.5061479806900024
vt 0.30514898896217346 0.9872639775276184
vt 0.30711400508880615 0.9872750043869019
vt 0.30711400508880615 0.9941400289535522
vt 0.30514800548553467 0.9941290020942688
vt 0.45728498697280884 0.9406470060348511
vt 0.4503200054168701 0.9407920241355896
vt 0.4503200054168701 0.9133350253105164
vt 0.45728498697280884 0.9131900072097778
vt 0.9551529884338379 0.2922320067882538
vt 0.9570590257644653 0.2810029983520508
vt 0.9616000056266785 0.27868300676345825
vt 0.9617469906806946 0.29241400957107544
vt 0.9031500220298767 0.04374400153756142
vt 0.9011930227279663 0.04374200105667114
vt 0.9011930227279663 0.005985999945551157
vt 0.9031500220298767 0.005987000185996294
vt 0.7258610129356384 0.43799901008605957
vt 0.725862979888916 0.050133999437093735
vt 0.7361609935760498 0.050133999437093735
vt 0.7361590266227722 0.43799901008605957
vt 0.979794979095459 0.07609199732542038
vt 0.9851880073547363 0.07609199732542038
vt 0.9851880073547363 0.08491899818181992
vt 0.979794979095459 0.08491799980401993
vt 0.20514699816703796 0.5838490128517151
vt 0.21849200129508972 0.5843420028686523
vt 0.21853099763393402 0.58747798204422
vt 0.20521199703216553 0.5871490240097046
vt 0.9770159721374512 0.709971010684967
vt 0.9774240255355835 0.7211809754371643
vt 0.9696329832077026 0.7210999727249146
vt 0.9697589874267578 0.7098870277404785
vt 0.27904099225997925 0.9158220291137695
vt 0.2867630124092102 0.9158080220222473
vt 0.2867630124092102 0.9432690143585205
vt 0.27904099225997925 0.9432830214500427
vt 0.9902729988098145 0.23766300082206726
vt 0.9847130179405212 0.23736900091171265
vt 0.9839069843292236 0.2295060008764267
vt 0.9902729988098145 0.22971099615097046
vt 0.6366289854049683 0.6932790279388428
vt 0.6307439804077148 0.7030929923057556
vt 0.5973979830741882 0.7030919790267944
vt 0.5915150046348572 0.6932770013809204
vt 0.3088819980621338 0.6644610166549683
vt 0.30887699127197266 0.7801830172538757
vt 0.20442700386047363 0.7801830172538757
vt 0.20443199574947357 0.6644610166549683
vt 0.7574530243873596 0.7120770215988159
vt 0.7579429745674133 0.7155100107192993
vt 0.7456830143928528 0.7155100107192993
vt 0.745684027671814 0.7120770215988159
vt 0.9423009753227234 0.8524190187454224
vt 0.9466260075569153 0.852528989315033
vt 0.9466260075569153 0.8611379861831665
vt 0.9423069953918457 0.8610110282897949
vt 0.9378010034561157 0.9302930235862732
vt 0.9348589777946472 0.9302930235862732
vt 0.9348589777946472 0.9057739973068237
vt 0.9378010034561157 0.9057739973068237
vt 0.4684099853038788 0.9891970157623291
vt 0.47086700797080994 0.9891960024833679
vt 0.47086700797080994 0.9901760220527649
vt 0.47086700797080994 0.9955700039863586
vt 0.4684099853038788 0.9955719709396362
vt 0.8938249945640564 0.971347987651825
vt 0.9017189741134644 0.971331000328064
vt 0.9021549820899963 0.9802730083465576
vt 0.8937709927558899 0.9796990156173706
vt 0.9089720249176025 0.5473170280456543
vt 0.903577983379364 0.5461540222167969
vt 0.903577983379364 0.5005490183830261
vt 0.9089170098304749 0.5005689859390259
vt 0.990788996219635 0.4557589888572693
vt 0.990788996219635 0.46066299080848694
vt 0.9863749742507935 0.46066299080848694
vt 0.9863749742507935 0.4557589888572693
vt 0.2448579967021942 0.9808139801025391
vt 0.23898600041866302 0.9808099865913391
vt 0.23898600041866302 0.9700220227241516
vt 0.2448579967021942 0.9705169796943665
vt 0.7420250177383423 0.9769139885902405
vt 0.7486069798469543 0.9768750071525574
vt 0.7492200136184692 0.9856160283088684
vt 0.7420250177383423 0.9852629899978638
vt 0.08955900371074677 0.6944419741630554
vt 0.08955900371074677 0.7017959952354431
vt 0.08416499942541122 0.7017959952354431
vt 0.08416499942541122 0.6944419741630554
vt 0.8401139974594116 0.7342230081558228
vt 0.8401139974594116 0.8116919994354248
vt 0.8371670246124268 0.8117330074310303
vt 0.8371670246124268 0.7342640161514282
vt 0.4220789968967438 0.9174659848213196
vt 0.4235660135746002 0.917460024356842
vt 0.4235660135746002 0.9419789910316467
vt 0.4220789968967438 0.9419839978218079
vt 0.15006299316883087 0.6130239963531494
vt 0.1532679945230484 0.6161230206489563
vt 0.1466829925775528 0.6232349872589111
vt 0.14352500438690186 0.6201630234718323
vt 0.976485013961792 0.6510670185089111
vt 0.9771559834480286 0.6623600125312805
vt 0.9692040085792542 0.6623309850692749
vt 0.9692149758338928 0.6510440111160278
vt 0.9567409753799438 0.14656199514865875
vt 0.9561859965324402 0.1597830057144165
vt 0.9505320191383362 0.1573060005903244
vt 0.9481059908866882 0.14688900113105774
vt 0.7707819938659668 0.9852970242500305
vt 0.7639170289039612 0.9852970242500305
vt 0.7639170289039612 0.9764699935913086
vt 0.7707819938659668 0.9764699935913086
vt 0.17568600177764893 0.6383029818534851
vt 0.17889699339866638 0.6412010192871094
vt 0.17235399782657623 0.6482080221176147
vt 0.1692740023136139 0.6452019810676575
vt 0.2607260048389435 0.4149470031261444
vt 0.30240699648857117 0.4149470031261444
vt 0.3009350001811981 0.43799400329589844
vt 0.26268601417541504 0.43799400329589844
vt 0.7165290117263794 0.9617999792098999
vt 0.7169190049171448 0.9730889797210693
vt 0.7093449831008911 0.9729380011558533
vt 0.7093449831008911 0.9616529941558838
vt 0.3757930099964142 0.7393050193786621
vt 0.38755500316619873 0.7389789819717407
vt 0.3851560056209564 0.7441040277481079
vt 0.37585800886154175 0.7458069920539856
vt 0.9870569705963135 0.8426160216331482
vt 0.990979015827179 0.8426160216331482
vt 0.990979015827179 0.8480100035667419
vt 0.9870569705963135 0.8480100035667419
vt 0.12167400121688843 0.9893649816513062
vt 0.12167400121688843 0.9942690134048462
vt 0.9314429759979248 0.5642399787902832
vt 0.932902991771698 0.5642409920692444
vt 0.932902991771698 0.5887600183486938
vt 0.9314429759979248 0.5887590050697327
vt 0.34212398529052734 0.9783650040626526
vt 0.3423579931259155 0.9670910239219666
vt 0.34401699900627136 0.9670910239219666
vt 0.3437820076942444 0.9783650040626526
vt 0.9860259890556335 0.31128400564193726
vt 0.9870110154151917 0.3112950026988983
vt 0.9870100021362305 0.3186500072479248
vt 0.9860259890556335 0.31863901019096375
vt 0.9839069843292236 0.21259699761867523
vt 0.988319993019104 0.21259699761867523
vt 0.988319993019104 0.22142399847507477
vt 0.9839069843292236 0.22142399847507477
vt 0.7420250177383423 0.9247879981994629
vt 0.7420250177383423 0.8914480209350586
vt 0.7604460120201111 0.8917710185050964
vt 0.7604460120201111 0.9251109957695007
vt 0.633791983127594 0.86599200963974
vt 0.6445770263671875 0.865801990032196
vt 0.6445770263671875 0.8939800262451172
vt 0.633791983127594 0.8941689729690552
vt 0.19902899861335754 0.41199201345443726
vt 0.19920100271701813 0.4206019937992096
vt 0.19437700510025024 0.42082300782203674
vt 0.19416700303554535 0.411996990442276
vt 0.49030399322509766 0.8185089826583862
vt 0.49522799253463745 0.8195009827613831
vt 0.4958629906177521 0.8490200042724609
vt 0.49101701378822327 0.8516759872436523
vt 0.894760012626648 0.9883599877357483
vt 0.8967329859733582 0.9883570075035095
vt 0.8967329859733582 0.9952219724655151
vt 0.894760012626648 0.9952250123023987
vt 0.14692699909210205 0.9080870151519775
vt 0.14796200394630432 0.9041439890861511
vt 0.1764020025730133 0.9041460156440735
vt 0.17781899869441986 0.9080880284309387
vt 0.9429190158843994 0.6837419867515564
vt 0.948311984539032 0.6836479902267456
vt 0.948311984539032 0.7017099857330322
vt 0.9429190158843994 0.7018049955368042
vt 0.16836699843406677 0.5259810090065002
vt 0.17262500524520874 0.5300580263137817
vt 0.16790999472141266 0.5349209904670715
vt 0.16367299854755402 0.5308110117912292
vt 0.19359000027179718 0.25629499554634094
vt 0.1937980055809021 0.2639150023460388
vt 0.18962599337100983 0.2639150023460388
vt 0.18962599337100983 0.25630900263786316
vt 0.35607999563217163 0.9933159947395325
vt 0.35363900661468506 0.9933120012283325
vt 0.35363900661468506 0.9864469766616821
vt 0.35607999563217163 0.9864510297775269
vt 0.8704460263252258 0.21261799335479736
vt 0.8758999705314636 0.21259699761867523
vt 0.8758999705314636 0.2582019865512848
vt 0.8704460263252258 0.2582229971885681
vt 0.026316000148653984 0.7976009845733643
vt 0.015061000362038612 0.7975919842720032
vt 0.015061000362038612 0.7971019744873047
vt 0.026316000148653984 0.7971109747886658
vt 0.2051369994878769 0.5571060180664062
vt 0.2158920019865036 0.5554670095443726
vt 0.21842600405216217 0.5595260262489319
vt 0.20518599450588226 0.5595219731330872
vt 0.9310619831085205 0.7196409702301025
vt 0.9344949722290039 0.7196409702301025
vt 0.9344949722290039 0.7260149717330933
vt 0.9310619831085205 0.7260149717330933
vt 0.4853360056877136 0.9798300266265869
vt 0.4855709969997406 0.9685559868812561
vt 0.48785200715065 0.9705169796943665
vt 0.4886539876461029 0.9798300266265869
vt 0.09351400285959244 0.23472100496292114
vt 0.0935090035200119 0.23898600041866302
vt 0.08370199799537659 0.23920400440692902
vt 0.0836929976940155 0.23493899405002594
vt 0.19905200600624084 0.44043201208114624
vt 0.19929300248622894 0.4519309997558594
vt 0.1943179965019226 0.45188701152801514
vt 0.19418199360370636 0.44043800234794617
vt 0.04496600106358528 0.9629679918289185
vt 0.04999300092458725 0.9629560112953186
vt 0.018310999497771263 0.9089499711990356
vt 0.007592999842017889 0.9089419841766357
vt 0.007592999842017889 0.8706949949264526
vt 0.017869999632239342 0.8707029819488525
vt 0.9141640067100525 0.36305099725723267
vt 0.9119139909744263 0.36305099725723267
vt 0.9119129776954651 0.3331429958343506
vt 0.9143649935722351 0.3331429958343506
vt 0.11160600185394287 0.9630650281906128
vt 0.10915900021791458 0.9630640149116516
vt 0.10671299695968628 0.9508029818534851
vt 0.11160600185394287 0.9508069753646851
vt 0.43866100907325745 0.9877730011940002
vt 0.44209399819374084 0.9877730011940002
vt 0.44209399819374084 0.994147002696991
vt 0.43866100907325745 0.994147002696991
vt 0.20624099671840668 0.6410390138626099
vt 0.21949699521064758 0.6414780020713806
vt 0.21953600645065308 0.6440439820289612
vt 0.2062940001487732 0.6440629959106445
vt 0.8345209956169128 0.7226420044898987
vt 0.8071169853210449 0.7226210236549377
vt 0.8072119951248169 0.7201510071754456
vt 0.8346160054206848 0.7201730012893677
vt 0.13884499669075012 0.9070490002632141
vt 0.13688300549983978 0.9070490002632141
vt 0.13884499669075012 0.8732179999351501
vt 0.3433949947357178 0.9370229840278625
vt 0.3326700031757355 0.9370290040969849
vt 0.33266499638557434 0.9088860154151917
vt 0.34341999888420105 0.9092400074005127
vt 0.36469700932502747 0.7782920002937317
vt 0.3591330051422119 0.7777929902076721
vt 0.3584649860858917 0.7701870203018188
vt 0.36484700441360474 0.7707020044326782
vt 0.9524620175361633 0.31128400564193726
vt 0.950223982334137 0.32262900471687317
vt 0.9428539872169495 0.32503899931907654
vt 0.942658007144928 0.3112980127334595
vt 0.03345999866724014 0.9309629797935486
vt 0.02904600091278553 0.9309629797935486
vt 0.02904600091278553 0.9064440131187439
vt 0.03345999866724014 0.9064440131187439
vt 0.40858399868011475 0.8474119901657104
vt 0.40890100598335266 0.8503819704055786
vt 0.9870479702949524 0.5015270113945007
vt 0.9909700155258179 0.5015270113945007
vt 0.9909700155258179 0.5069209933280945
vt 0.9870479702949524 0.5069209933280945
vt 0.10132800042629242 0.6944419741630554
vt 0.10132800042629242 0.7017970085144043
vt 0.09593400359153748 0.7017970085144043
vt 0.09593400359153748 0.6944419741630554
vt 0.20639100670814514 0.6493260264396667
vt 0.21964800357818604 0.6497439742088318
vt 0.22413299977779388 0.6544979810714722
vt 0.20648500323295593 0.654151976108551
vt 0.8639640212059021 0.91839200258255
vt 0.865451991558075 0.9183859825134277
vt 0.865451991558075 0.9429050087928772
vt 0.8639640212059021 0.9429110288619995
vt 0.8974570035934448 0.3331429958343506
vt 0.9038310050964355 0.3332050144672394
vt 0.9035739898681641 0.3425939977169037
vt 0.8978099822998047 0.34244298934936523
vt 0.9561750292778015 0.9047930240631104
vt 0.9561769962310791 0.9184989929199219
vt 0.9498000144958496 0.9160270094871521
vt 0.9473429918289185 0.9047999978065491
vt 0.5934479832649231 0.9712449908256531
vt 0.5934749841690063 0.9804289937019348
vt 0.5861200094223022 0.9803959727287292
vt 0.5861200094223022 0.9712139964103699
vt 0.32537299394607544 0.9371740221977234
vt 0.32537299394607544 0.9096069931983948
vt 0.9360989928245544 0.7959520220756531
vt 0.9345359802246094 0.7959679961204529
vt 0.9345359802246094 0.7714509963989258
vt 0.9360989928245544 0.7714340090751648
vt 0.9194809794425964 0.13714799284934998
vt 0.9175080060958862 0.13714900612831116
vt 0.9175080060958862 0.11263000220060349
vt 0.9194809794425964 0.11263000220060349
vt 0.8649510145187378 0.20417100191116333
vt 0.8624989986419678 0.20417000353336334
vt 0.8624989986419678 0.20073799788951874
vt 0.8649510145187378 0.20073799788951874
vt 0.009424000047147274 0.004040999803692102
vt 0.0368800014257431 0.004141000099480152
vt 0.03682800009846687 0.005975999869406223
vt 0.009371999651193619 0.005876999814063311
vt 0.5092729926109314 0.9146720170974731
vt 0.5024070143699646 0.9146720170974731
vt 0.5024070143699646 0.8803499937057495
vt 0.5087820291519165 0.8803510069847107
vt 0.09593400359153748 0.7375890016555786
vt 0.09593400359153748 0.7434729933738708
vt 0.08955900371074677 0.7434729933738708
vt 0.12167400121688843 0.9714099764823914
vt 0.12825100123882294 0.9714120030403137
vt 0.12913699448108673 0.9803019762039185
vt 0.12167400121688843 0.9796379804611206
vt 0.9186810255050659 0.290120005607605
vt 0.9162359833717346 0.29018300771713257
vt 0.9166920185089111 0.27874600887298584
vt 0.9191380143165588 0.27868300676345825
vt 0.988976001739502 0.3113059997558594
vt 0.9929010272026062 0.3113110065460205
vt 0.9929010272026062 0.3186669945716858
vt 0.988976001739502 0.31866100430488586
vt 0.7761260271072388 0.33146899938583374
vt 0.7761250138282776 0.3505910038948059
vt 0.7712219953536987 0.3505910038948059
vt 0.7712219953536987 0.33146899938583374
vt 0.2055470049381256 0.539687991142273
vt 0.21879300475120544 0.5397229790687561
vt 0.21864299476146698 0.5450500249862671
vt 0.20543499290943146 0.5451020002365112
vt 0.14059899747371674 0.25621798634529114
vt 0.14084400236606598 0.26433199644088745
vt 0.1379140019416809 0.2639240026473999
vt 0.13778400421142578 0.25623300671577454
vt 0.07165200263261795 0.7055699825286865
vt 0.07165800034999847 0.7017139792442322
vt 0.9536139965057373 0.06185799837112427
vt 0.953574001789093 0.06740199774503708
vt 0.9478359818458557 0.06790400296449661
vt 0.9478030204772949 0.06185799837112427
vt 0.657721996307373 0.9627959728240967
vt 0.6507700085639954 0.963271975517273
vt 0.6509799957275391 0.9504050016403198
vt 0.6577209830284119 0.9504050016403198
vt 0.20590099692344666 0.6493020057678223
vt 0.20599600672721863 0.6542159914970398
vt 0.07148700207471848 0.7918990254402161
vt 0.05385399982333183 0.7924410104751587
vt 0.07166600227355957 0.788748025894165
vt 0.5423110127449036 0.9400010108947754
vt 0.5410060286521912 0.9508159756660461
vt 0.5346119999885559 0.953328013420105
vt 0.5346530079841614 0.9400929808616638
vt 0.26763999462127686 0.971356987953186
vt 0.26764100790023804 0.9805439710617065
vt 0.26077601313591003 0.9805139899253845
vt 0.26077601313591003 0.9711920022964478
vt 0.3705019950866699 0.523061990737915
vt 0.37591901421546936 0.5273879766464233
vt 0.3759100139141083 0.5365840196609497
vt 0.3724760115146637 0.5373690128326416
vt 0.09276200085878372 0.9181990027427673
vt 0.0966849997639656 0.9181990027427673
vt 0.0966849997639656 0.9427180290222168
vt 0.09276200085878372 0.9427180290222168
vt 0.08955900371074677 0.7086610198020935
vt 0.08955900371074677 0.7155249714851379
vt 0.08416499942541122 0.7155249714851379
vt 0.08416499942541122 0.7086610198020935
vt 0.5515879988670349 0.5122179985046387
vt 0.5525649785995483 0.5069140195846558
vt 0.5612459778785706 0.5085129737854004
vt 0.5602689981460571 0.5138180255889893
vt 0.015092000365257263 0.7426679730415344
vt 0.010625000111758709 0.7426760196685791
vt 0.010625000111758709 0.7382630109786987
vt 0.015092000365257263 0.7382550239562988
vt 0.9867370128631592 0.27966201305389404
vt 0.9911500215530396 0.27966201305389404
vt 0.9911500215530396 0.2850559949874878
vt 0.9867370128631592 0.2850559949874878
vt 0.37477999925613403 0.7184290289878845
vt 0.38654300570487976 0.7181040048599243
vt 0.3867360055446625 0.7220799922943115
vt 0.37497299909591675 0.7224050164222717
vt 0.8893749713897705 0.3345809876918793
vt 0.8771119713783264 0.3331429958343506
vt 0.8893719911575317 0.3331429958343506
vt 0.5688700079917908 0.9787709712982178
vt 0.5748370289802551 0.979079008102417
vt 0.5749269723892212 0.9875349998474121
vt 0.5688769817352295 0.9871739745140076
vt 0.8515949845314026 0.40422600507736206
vt 0.8638499975204468 0.4040110111236572
vt 0.8646519780158997 0.4248960018157959
vt 0.8523970246315002 0.42511099576950073
vt 0.3004480004310608 0.36100900173187256
vt 0.30240800976753235 0.3938629925251007
vt 0.2607269883155823 0.3938629925251007
vt 0.2626889944076538 0.36100900173187256
vt 0.046525001525878906 0.9417290091514587
vt 0.04496200010180473 0.9417459964752197
vt 0.04496200010180473 0.9172289967536926
vt 0.046525001525878906 0.9172120094299316
vt 0.20491600036621094 0.5859739780426025
vt 0.21581800282001495 0.5840420126914978
vt 0.2159309983253479 0.589480996131897
vt 0.2050199955701828 0.5910770297050476
vt 0.9273509979248047 0.5279510021209717
vt 0.9170539975166321 0.5279510021209717
vt 0.917074978351593 0.5005480051040649
vt 0.9273719787597656 0.5005480051040649
vt 0.15872399508953094 0.444362998008728
vt 0.15137000381946564 0.4492720067501068
vt 0.11018099635839462 0.44927701354026794
vt 0.10773099958896637 0.4443790018558502
vt 0.437269002199173 0.9139969944953918
vt 0.437269002199173 0.9385160207748413
vt 0.20503699779510498 0.5321999788284302
vt 0.2163349986076355 0.5329579710960388
vt 0.2188120037317276 0.5365920066833496
vt 0.20509600639343262 0.5369110107421875
vt 0.9730409979820251 0.31128400564193726
vt 0.9730409979820251 0.3225629925727844
vt 0.9715690016746521 0.3225629925727844
vt 0.9715690016746521 0.31128400564193726
vt 0.9866290092468262 0.4200739860534668
vt 0.9910420179367065 0.4200739860534668
vt 0.9910420179367065 0.4225260019302368
vt 0.9866290092468262 0.4225260019302368
vt 0.9918680191040039 0.5546119809150696
vt 0.9848200082778931 0.5546119809150696
vt 0.9852070212364197 0.5466910004615784
vt 0.9915649890899658 0.5468249917030334
vt 0.9625070095062256 0.3235430121421814
vt 0.960545003414154 0.32353800535202026
vt 0.9605439901351929 0.3117699921131134
vt 0.9625070095062256 0.31128400564193726
vt 0.9847990274429321 0.24617899954319
vt 0.9921810030937195 0.24617899954319
vt 0.9921050071716309 0.2540990114212036
vt 0.9851890206336975 0.2541010081768036
vt 0.9836900234222412 0.563260018825531
vt 0.9880610108375549 0.5633500218391418
vt 0.9880710244178772 0.5719829797744751
vt 0.9836900234222412 0.5720980167388916
vt 0.9578750133514404 0.5137839913368225
vt 0.9583650231361389 0.5005480051040649
vt 0.9625949859619141 0.5030120015144348
vt 0.9628540277481079 0.5137829780578613
vt 0.9553139805793762 0.8332759737968445
vt 0.9573609828948975 0.8220769762992859
vt 0.961670994758606 0.819815993309021
vt 0.961670994758606 0.8335549831390381
vt 0.9566370248794556 0.04007299989461899
vt 0.9563159942626953 0.05377500131726265
vt 0.9502620100975037 0.051302000880241394
vt 0.9478030204772949 0.04008200019598007
vt 0.700107991695404 0.9414209723472595
vt 0.6997529864311218 0.9551330208778381
vt 0.6937159895896912 0.9526439905166626
vt 0.6912850141525269 0.9414359927177429
vt 0.8549739718437195 0.43786999583244324
vt 0.8696849942207336 0.4378710091114044
vt 0.8697360157966614 0.48354899883270264
vt 0.8549739718437195 0.483474999666214
vt 0.40890300273895264 0.8576800227165222
vt 0.419981986284256 0.8546239733695984
vt 0.4205569922924042 0.8599479794502258
vt 0.4094190001487732 0.8624399900436401
vt 0.9616469740867615 0.24666699767112732
vt 0.9610390067100525 0.2598859965801239
vt 0.9583010077476501 0.25987499952316284
vt 0.9582149982452393 0.24666699767112732
vt 0.15428200364112854 0.9406949877738953
vt 0.1523369997739792 0.9406890273094177
vt 0.1523369997739792 0.9161710143089294
vt 0.15428200364112854 0.916176974773407
vt 0.9843189716339111 0.40071699023246765
vt 0.9889289736747742 0.40072101354599
vt 0.9889289736747742 0.4093489944934845
vt 0.9845139980316162 0.40934500098228455
vt 0.9712600111961365 0.41199201345443726
vt 0.9714949727058411 0.40071699023246765
vt 0.9731540083885193 0.40071699023246765
vt 0.9729189872741699 0.41199201345443726
vt 0.10132800042629242 0.7086610198020935
vt 0.10132800042629242 0.7155259847640991
vt 0.09593400359153748 0.7155249714851379
vt 0.09593400359153748 0.7086610198020935
vt 0.842736005783081 0.0439939983189106
vt 0.8544780015945435 0.04475000128149986
vt 0.8542129993438721 0.04799000173807144
vt 0.8424699902534485 0.04723399877548218
vt 0.8764600157737732 0.9894760251045227
vt 0.8803830146789551 0.9894760251045227
vt 0.8803830146789551 0.9958500266075134
vt 0.8764600157737732 0.9958500266075134
vt 0.9630680084228516 0.34479600191116333
vt 0.9648740291595459 0.3355120122432709
vt 0.9695690274238586 0.3331429958343506
vt 0.9695690274238586 0.34490999579429626
vt 0.6747720241546631 0.6247959733009338
vt 0.7198709845542908 0.6256150007247925
vt 0.7186710238456726 0.6591899991035461
vt 0.9001629948616028 0.2550339996814728
vt 0.9139990210533142 0.25535398721694946
vt 0.9140490293502808 0.25817498564720154
vt 0.9002540111541748 0.25817400217056274
vt 0.9030230045318604 0.04572900012135506
vt 0.90106600522995 0.04572699964046478
vt 0.4371599853038788 0.9603340029716492
vt 0.4421750009059906 0.9601659774780273
vt 0.7986829876899719 0.007890000008046627
vt 0.7712219953536987 0.00788899976760149
vt 0.77121901512146 0.0054709999822080135
vt 0.7986800074577332 0.0054720002226531506
vt 0.0716409981250763 0.6844549775123596
vt 0.058416999876499176 0.6838570237159729
vt 0.05404900014400482 0.6819559931755066
vt 0.07142899930477142 0.6819199919700623
vt 0.9072610139846802 0.9178670048713684
vt 0.9092220067977905 0.9173769950866699
vt 0.9092220067977905 0.9296360015869141
vt 0.9072610139846802 0.9296360015869141
vt 0.20615600049495697 0.6513760089874268
vt 0.21696500480175018 0.6492249965667725
vt 0.2170870006084442 0.654600977897644
vt 0.20626099407672882 0.656378984451294
vt 0.20585399866104126 0.5247380137443542
vt 0.21909500658512115 0.524707019329071
vt 0.2189590036869049 0.5287799835205078
vt 0.20575900375843048 0.5294039845466614
vt 0.2148669958114624 0.9064279794692993
vt 0.2148980051279068 0.8667910099029541
vt 0.2217860072851181 0.8669180274009705
vt 0.2217549979686737 0.9065549969673157
vt 0.10132800042629242 0.7375890016555786
vt 0.10132800042629242 0.7434729933738708
vt 0.04496200010180473 0.8431839942932129
vt 0.05526399984955788 0.8387809991836548
vt 0.06654199957847595 0.8510400056838989
vt 0.0567299984395504 0.856423020362854
vt 0.13716000318527222 0.5608810186386108
vt 0.13984699547290802 0.5635240077972412
vt 0.13670800626277924 0.5674239993095398
vt 0.13403399288654327 0.5648009777069092
vt 0.9564779996871948 0.11164899915456772
vt 0.9562960267066956 0.1253570020198822
vt 0.9503039717674255 0.12286499887704849
vt 0.9478930234909058 0.11164899915456772
vt 0.7196419835090637 0.9312949776649475
vt 0.7093449831008911 0.9312949776649475
vt 0.7093669772148132 0.9038910269737244
vt 0.7196589708328247 0.90413898229599
vt 0.20612500607967377 0.5013960003852844
vt 0.21610599756240845 0.5012249946594238
vt 0.486627995967865 0.9879350066184998
vt 0.49055299162864685 0.9879400134086609
vt 0.49055299162864685 0.9948049783706665
vt 0.4866270124912262 0.9947999715805054
vt 0.08196499943733215 0.9417330026626587
vt 0.07658199965953827 0.9417290091514587
vt 0.07658199965953827 0.9172120094299316
vt 0.08196499943733215 0.9172160029411316
vt 0.8776869773864746 0.004040999803692102
vt 0.8771960139274597 0.006002000067383051
vt 0.8654270172119141 0.006002000067383051
vt 0.8654270172119141 0.004040999803692102
vt 0.9848399758338928 0.7802649736404419
vt 0.9794570207595825 0.7802609801292419
vt 0.9794570207595825 0.771435022354126
vt 0.9848399758338928 0.7714390158653259
vt 0.9348480105400085 0.9047930240631104
vt 0.9377899765968323 0.9047930240631104
vt 0.09446299821138382 0.7621039748191833
vt 0.08955900371074677 0.76357501745224
vt 0.08955900371074677 0.7562209963798523
vt 0.09446299821138382 0.7576919794082642
vt 0.07215200364589691 0.7791110277175903
vt 0.058570001274347305 0.7785829901695251
vt 0.058605000376701355 0.774133026599884
vt 0.07214599847793579 0.7741320133209229
vt 0.3414669930934906 0.731249988079071
vt 0.3449400067329407 0.7359989881515503
vt 0.3378159999847412 0.7412099838256836
vt 0.33434098958969116 0.7364590167999268
vt 0.010625000111758709 0.7323790192604065
vt 0.015092000365257263 0.7323709726333618
vt 0.9602199792861938 0.004040999803692102
vt 0.959659993648529 0.017774000763893127
vt 0.9539679884910583 0.015318999998271465
vt 0.9529880285263062 0.004040999803692102
vt 0.933256983757019 0.4633699953556061
vt 0.9293349981307983 0.4633699953556061
vt 0.9293349981307983 0.438850998878479
vt 0.933256983757019 0.438850998878479
vt 0.026347000151872635 0.7843559980392456
vt 0.015092000365257263 0.7809150218963623
vt 0.026347000151872635 0.7809240221977234
vt 0.20600199699401855 0.491892009973526
vt 0.22413699328899384 0.4913249909877777
vt 0.2197059988975525 0.49362701177597046
vt 0.20597299933433533 0.49357300996780396
vt 0.9914590120315552 0.946278989315033
vt 0.9854360222816467 0.945999026298523
vt 0.9850929975509644 0.9383749961853027
vt 0.9914519786834717 0.9388160109519958
vt 0.20496100187301636 0.5742430090904236
vt 0.21837300062179565 0.5794029831886292
vt 0.20505400002002716 0.5788159966468811
vt 0.19286000728607178 0.92330402135849
vt 0.19286000728607178 0.9424260258674622
vt 0.1879570037126541 0.9424260258674622
vt 0.1879570037126541 0.92330402135849
vt 0.1908479928970337 0.9715520143508911
vt 0.19084399938583374 0.9805390238761902
vt 0.18397900462150574 0.980508029460907
vt 0.18397900462150574 0.9713209867477417
vt 0.09320099651813507 0.2106740027666092
vt 0.09332499653100967 0.21501800417900085
vt 0.08370400220155716 0.21520499885082245
vt 0.08370999991893768 0.2108049988746643
vt 0.12756599485874176 0.9070490002632141
vt 0.08955900371074677 0.7228800058364868
vt 0.08416499942541122 0.7307239770889282
vt 0.08416499942541122 0.7228789925575256
vt 0.5423049926757812 0.9395110011100769
vt 0.5346119999885559 0.9396020174026489
vt 0.9911059737205505 0.6679520010948181
vt 0.992592990398407 0.6679530143737793
vt 0.992592990398407 0.6733480095863342
vt 0.20456400513648987 0.5788229703903198
vt 0.5076969861984253 0.9668999910354614
vt 0.5004460215568542 0.9671040177345276
vt 0.5004460215568542 0.9553580284118652
vt 0.5077900290489197 0.9554110169410706
vt 0.5538989901542664 0.4996800124645233
vt 0.5548760294914246 0.494376003742218
vt 0.5635570287704468 0.49597498774528503
vt 0.5625789761543274 0.5012800097465515
vt 0.09784600138664246 0.9076380133628845
vt 0.09276200085878372 0.9061980247497559
vt 0.09276200085878372 0.8733459711074829
vt 0.09784600138664246 0.8713520169258118
vt 0.30436399579048157 0.8653150200843811
vt 0.3116779923439026 0.8651310205459595
vt 0.31136399507522583 0.8712739944458008
vt 0.30429500341415405 0.8714789748191833
vt 0.7185069918632507 0.042288001626729965
vt 0.4527220129966736 0.042288001626729965
vt 0.4527220129966736 0.03150099888443947
vt 0.7185080051422119 0.03150099888443947
vt 0.9341980218887329 0.8477259874343872
vt 0.9267479777336121 0.8472189903259277
vt 0.9267690181732178 0.8198149800300598
vt 0.9342190027236938 0.8203229904174805
vt 0.015029000118374825 0.7843589782714844
vt 0.010625000111758709 0.7809230089187622
vt 0.015029000118374825 0.7809270024299622
vt 0.22318300604820251 0.9146509766578674
vt 0.2309039980173111 0.91463702917099
vt 0.2309039980173111 0.9420989751815796
vt 0.22318300604820251 0.9421120285987854
vt 0.2449219971895218 0.9401270151138306
vt 0.2449219971895218 0.9156100153923035
vt 0.10478799790143967 0.8431839942932129
vt 0.09498400241136551 0.8387809991836548
vt 0.0949850007891655 0.8230900168418884
vt 0.10527899861335754 0.8196470141410828
vt 0.031026000156998634 0.608502984046936
vt 0.017301000654697418 0.6078609824180603
vt 0.01728999987244606 0.6037020087242126
vt 0.03102700039744377 0.6037579774856567
vt 0.2047010064125061 0.9502099752426147
vt 0.21104800701141357 0.9501950144767761
vt 0.21104800701141357 0.9634450078010559
vt 0.20442700386047363 0.9601830244064331
vt 0.8755789995193481 0.4838559925556183
vt 0.8755090236663818 0.43789300322532654
vt 0.633791983127594 0.9714379906654358
vt 0.6386939883232117 0.9713519811630249
vt 0.6362429857254028 0.980426013469696
vt 0.633791983127594 0.9804689884185791
vt 0.026283999904990196 0.7912319898605347
vt 0.015029000118374825 0.7912240028381348
vt 0.026283999904990196 0.7843679785728455
vt 0.9606239795684814 0.9884549975395203
vt 0.9533230066299438 0.9878140091896057
vt 0.9533119797706604 0.9798250198364258
vt 0.9606239795684814 0.9798169732093811
vt 0.9275410175323486 0.93886399269104
vt 0.9253100156784058 0.9497230052947998
vt 0.917946994304657 0.9521430134773254
vt 0.9179509878158569 0.9388719797134399
vt 0.026283999904990196 0.8034909963607788
vt 0.010625000111758709 0.803479015827179
vt 0.010625000111758709 0.8005369901657104
vt 0.026283999904990196 0.8005489706993103
vt 0.9772099852561951 0.7535790205001831
vt 0.9772099852561951 0.7628949880599976
vt 0.9713249802589417 0.7628939747810364
vt 0.9713249802589417 0.7535790205001831
vt 0.6772350072860718 0.5103150010108948
vt 0.6738020181655884 0.5103150010108948
vt 0.6738020181655884 0.4941349923610687
vt 0.6791970133781433 0.48874199390411377
vt 0.958482027053833 0.6100069880485535
vt 0.9583939909934998 0.5969089865684509
vt 0.9607229828834534 0.5968419909477234
vt 0.9612990021705627 0.6098970174789429
vt 0.4287000000476837 0.9073830246925354
vt 0.026283999904990196 0.7637730240821838
vt 0.015029000118374825 0.7637640237808228
vt 0.015029000118374825 0.7598419785499573
vt 0.026283999904990196 0.7598509788513184
vt 0.970615029335022 0.1930530071258545
vt 0.970615029335022 0.18177500367164612
vt 0.6307439804077148 0.7805619835853577
vt 0.6366289854049683 0.7908499836921692
vt 0.5915150046348572 0.790848970413208
vt 0.5973979830741882 0.7805609703063965
vt 0.9399889707565308 0.17366500198841095
vt 0.9324039816856384 0.17353199422359467
vt 0.9324039816856384 0.1460759937763214
vt 0.9399889707565308 0.1462090015411377
vt 0.9216790199279785 0.17354699969291687
vt 0.9216790199279785 0.14609099924564362
vt 0.015029000118374825 0.7495449781417847
vt 0.010625000111758709 0.7495409846305847
vt 0.015029000118374825 0.742680013179779
vt 0.13884100317955017 0.8712900280952454
vt 0.9860519766807556 0.20414499938488007
vt 0.9860519766807556 0.1972389966249466
vt 0.9927669763565063 0.1974869966506958
vt 0.992572009563446 0.20385199785232544
vt 0.03053000010550022 0.6447550058364868
vt 0.030535999685525894 0.6404179930686951
vt 0.5213000178337097 0.8339999914169312
vt 0.5238230228424072 0.8290709853172302
vt 0.5743290185928345 0.8290730118751526
vt 0.5776900053024292 0.8340020179748535
vt 0.9449189901351929 0.5969370007514954
vt 0.9503120183944702 0.5968419909477234
vt 0.9503120183944702 0.6149049997329712
vt 0.9449189901351929 0.614998996257782
vt 0.8343619704246521 0.724632978439331
vt 0.806958019733429 0.7246119976043701
vt 0.2213750034570694 0.950206995010376
vt 0.22566699981689453 0.9501950144767761
vt 0.22566699981689453 0.9634429812431335
vt 0.2191309928894043 0.960178017616272
vt 0.9911059737205505 0.6574169993400574
vt 0.9911220073699951 0.6588900089263916
vt 0.9867089986801147 0.6588900089263916
vt 0.9866930246353149 0.6574180126190186
vt 0.048287998884916306 0.9884470105171204
vt 0.048287998884916306 0.9953110218048096
vt 0.04289399832487106 0.9953110218048096
vt 0.04289399832487106 0.9884470105171204
vt 0.09446299821138382 0.7071899771690369
vt 0.09446299821138382 0.7032679915428162
vt 0.7425959706306458 0.9364060163497925
vt 0.7558349967002869 0.9364519715309143
vt 0.7533079981803894 0.9413359761238098
vt 0.7425209879875183 0.9436299800872803
vt 0.15477000176906586 0.78609699010849
vt 0.15477100014686584 0.6782199740409851
vt 0.1797800064086914 0.6782199740409851
vt 0.17977899312973022 0.78609699010849
vt 0.9367709755897522 0.213578000664711
vt 0.9367709755897522 0.23809699714183807
vt 0.9358010292053223 0.23809699714183807
vt 0.9276189804077148 0.660519003868103
vt 0.9349650144577026 0.6605709791183472
vt 0.9344919919967651 0.666782021522522
vt 0.9273830056190491 0.6667299866676331
vt 0.11261799931526184 0.9815829992294312
vt 0.10673400014638901 0.9815829992294312
vt 0.6247410178184509 0.9084399938583374
vt 0.6134909987449646 0.9089990258216858
vt 0.6134719848632812 0.8736479878425598
vt 0.6247310042381287 0.8737540245056152
vt 0.9581890106201172 0.7932590246200562
vt 0.9579749703407288 0.8069620132446289
vt 0.9519960284233093 0.8044829964637756
vt 0.9495639801025391 0.7932720184326172
vt 0.7273610234260559 0.9522200226783752
vt 0.7295529842376709 0.9420689940452576
vt 0.7338460087776184 0.9398840069770813
vt 0.7338129878044128 0.9531199932098389
vt 0.5544130206108093 0.9457539916038513
vt 0.5656960010528564 0.943494975566864
vt 0.5658630132675171 0.9489380121231079
vt 0.5545600056648254 0.9508370161056519
vt 0.004040999803692102 0.988673985004425
vt 0.00943399965763092 0.9885789752006531
vt 0.00943399965763092 0.9950810074806213
vt 0.004040999803692102 0.9951760172843933
vt 0.6807950139045715 0.9636930227279663
vt 0.6814110279083252 0.9745619893074036
vt 0.6738200187683105 0.9745540022850037
vt 0.6738110184669495 0.9636859893798828
vt 0.7421000003814697 0.936381995677948
vt 0.7420250177383423 0.9435629844665527
vt 0.718425989151001 0.6069160103797913
vt 0.7243109941482544 0.6167140007019043
vt 0.6791970133781433 0.6167129874229431
vt 0.6850799918174744 0.6069149971008301
vt 0.7262110114097595 0.9811930060386658
vt 0.7328659892082214 0.9811930060386658
vt 0.7319309711456299 0.9893659949302673
vt 0.726302981376648 0.9881979823112488
vt 0.8768600225448608 0.3744780123233795
vt 0.8910800218582153 0.3744780123233795
vt 0.8910800218582153 0.4200829863548279
vt 0.8768600225448608 0.4200820028781891
vt 0.8703380227088928 0.9709590077400208
vt 0.8703489899635315 0.980351984500885
vt 0.8639739751815796 0.980351984500885
vt 0.8639640212059021 0.9709590077400208
vt 0.9461749792098999 0.6511300206184387
vt 0.9510769844055176 0.6510440111160278
vt 0.9510769844055176 0.6691070199012756
vt 0.9461749792098999 0.6691930294036865
vt 0.8433560132980347 0.03643300011754036
vt 0.8550990223884583 0.037188999354839325
vt 0.8548619747161865 0.04006899893283844
vt 0.8431199789047241 0.039312999695539474
vt 0.6801519989967346 0.9906550049781799
vt 0.674202024936676 0.9902340173721313
vt 0.6738020181655884 0.9826440215110779
vt 0.6801519989967346 0.9830189943313599
vt 0.20569400489330292 0.5257520079612732
vt 0.21564899384975433 0.5249080061912537
vt 0.6005610227584839 0.9172530174255371
vt 0.6049739718437195 0.9172530174255371
vt 0.6049739718437195 0.9417719841003418
vt 0.6005610227584839 0.9417719841003418
vt 0.09863000363111496 0.9427239894866943
vt 0.09863000363111496 0.9182050228118896
vt 0.40939998626708984 0.8577039837837219
vt 0.30956798791885376 0.9379950165748596
vt 0.30564600229263306 0.9379950165748596
vt 0.30564600229263306 0.9134759902954102
vt 0.30956798791885376 0.9134759902954102
vt 0.9661309719085693 0.13150599598884583
vt 0.9681040048599243 0.13150200247764587
vt 0.9681040048599243 0.13787700235843658
vt 0.9661309719085693 0.13788099586963654
vt 0.7272440195083618 0.9532349705696106
vt 0.7338460087776184 0.9536160230636597
vt 0.9181519746780396 0.47206801176071167
vt 0.9069390296936035 0.4701470136642456
vt 0.9087079763412476 0.4624670147895813
vt 0.9197700023651123 0.46502700448036194
vt 0.8693739771842957 0.9183859825134277
vt 0.8693739771842957 0.9429050087928772
vt 0.9482970237731934 0.5005480051040649
vt 0.9497929811477661 0.5011849999427795
vt 0.9497929811477661 0.5192469954490662
vt 0.9482970237731934 0.5186100006103516
vt 0.0056039998307824135 0.9415490031242371
vt 0.004040999803692102 0.941565990447998
vt 0.004040999803692102 0.917048990726471
vt 0.0056039998307824135 0.91703200340271
vt 0.919858992099762 0.7628459930419922
vt 0.9124029874801636 0.7633519768714905
vt 0.9129660129547119 0.7544580101966858
vt 0.9198729991912842 0.7544440031051636
vt 0.14386199414730072 0.8632069826126099
vt 0.14386199414730072 0.7945669889450073
vt 0.16386599838733673 0.794510006904602
vt 0.16386599838733673 0.8626610040664673
vt 0.9768980145454407 0.842153012752533
vt 0.9775199890136719 0.8529019951820374
vt 0.969871997833252 0.852886974811554
vt 0.9699550271034241 0.8421279788017273
vt 0.6242470145225525 0.9083600044250488
vt 0.6176909804344177 0.9025470018386841
vt 0.6242520213127136 0.9027389883995056
vt 0.8703600168228149 0.9813939929008484
vt 0.863985002040863 0.9813939929008484
vt 0.9170680046081543 0.7110509872436523
vt 0.9170899987220764 0.6836479902267456
vt 0.026283999904990196 0.7534760236740112
vt 0.015029000118374825 0.7534670233726501
vt 0.026283999904990196 0.7495539784431458
vt 0.5895389914512634 0.7123950123786926
vt 0.5861200094223022 0.7123990058898926
vt 0.5861200094223022 0.6986700296401978
vt 0.015035999938845634 0.7945680022239685
vt 0.026291999965906143 0.7948030233383179
vt 0.031498998403549194 0.2597630023956299
vt 0.004042999818921089 0.2596629858016968
vt 0.26408499479293823 0.7882900238037109
vt 0.26408499479293823 0.8569430112838745
vt 0.26077601313591003 0.8569560050964355
vt 0.26077601313591003 0.788303017616272
vt 0.20596399903297424 0.5102159976959229
vt 0.20603199303150177 0.514618992805481
vt 0.09593400359153748 0.7228800058364868
vt 0.08955900371074677 0.7199379801750183
vt 0.09446299821138382 0.7199379801750183
vt 0.9703590273857117 0.5386090278625488
vt 0.9703590273857117 0.5273299813270569
vt 0.8772510290145874 0.12512299418449402
vt 0.8610680103302002 0.12512299418449402
vt 0.8610680103302002 0.07609199732542038
vt 0.8772510290145874 0.07609199732542038
vt 0.989687979221344 0.7545580267906189
vt 0.9926469922065735 0.7545589804649353
vt 0.9926469922065735 0.7599539756774902
vt 0.989687979221344 0.7599520087242126
vt 0.9854329824447632 0.820796012878418
vt 0.9854329824447632 0.8261910080909729
vt 0.32537299394607544 0.8476629853248596
vt 0.32537299394607544 0.7701879739761353
vt 0.350382000207901 0.7701879739761353
vt 0.350382000207901 0.8476629853248596
vt 0.8072440028190613 0.7172030210494995
vt 0.834646999835968 0.7172250151634216
vt 0.9855830073356628 0.9136199951171875
vt 0.9787179827690125 0.9136199951171875
vt 0.9787179827690125 0.9047930240631104
vt 0.9855830073356628 0.9047930240631104
vt 0.12167400121688843 0.8629069924354553
vt 0.12167400121688843 0.7942659854888916
vt 0.13503800332546234 0.794501006603241
vt 0.13503800332546234 0.8631410002708435
vt 0.31189700961112976 0.8874139785766602
vt 0.3043220043182373 0.8870220184326172
vt 0.13866400718688965 0.9293879866600037
vt 0.13670200109481812 0.9293839931488037
vt 0.13670200109481812 0.9171259999275208
vt 0.13866299390792847 0.9176200032234192
vt 0.9719240069389343 0.41199201345443726
vt 0.9721580147743225 0.40071699023246765
vt 0.9017289876937866 0.1460770070552826
vt 0.8958439826965332 0.15490999817848206
vt 0.8732870221138 0.15490999817848206
vt 0.867402970790863 0.1460759937763214
vt 0.926593005657196 0.18177400529384613
vt 0.9359099864959717 0.18177500367164612
vt 0.935903012752533 0.2035679966211319
vt 0.9265900254249573 0.20344099402427673
vt 0.11117199808359146 0.1256369948387146
vt 0.11118599772453308 0.13313500583171844
vt 0.10614199936389923 0.13336199522018433
vt 0.10596799850463867 0.12612700462341309
vt 0.17553600668907166 0.5179049968719482
vt 0.18010400235652924 0.5223150253295898
vt 0.17498399317264557 0.5277510285377502
vt 0.17034600675106049 0.5232139825820923
vt 0.8933330178260803 0.971331000328064
vt 0.8932780027389526 0.979727029800415
vt 0.8789439797401428 0.9183859825134277
vt 0.8828669786453247 0.9183859825134277
vt 0.8828669786453247 0.9429050087928772
vt 0.8789439797401428 0.9429050087928772
vt 0.662202000617981 0.9041039943695068
vt 0.6563190221786499 0.9041119813919067
vt 0.14133599400520325 0.6046739816665649
vt 0.1446020007133484 0.6078500151634216
vt 0.13820500671863556 0.6149809956550598
vt 0.1348160058259964 0.6117140054702759
vt 0.8535230159759521 0.5910720229148865
vt 0.8535259962081909 0.5938439965248108
vt 0.8442100286483765 0.593845009803772
vt 0.4895690083503723 0.8745200037956238
vt 0.4503389894962311 0.8745189905166626
vt 0.4503200054168701 0.862434983253479
vt 0.49004098773002625 0.8624359965324402
vt 0.4909380078315735 0.7809439897537231
vt 0.4958629906177521 0.78193598985672
vt 0.930417001247406 0.7352030277252197
vt 0.9304059743881226 0.7342219948768616
vt 0.9343289732933044 0.7342219948768616
vt 0.9343400001525879 0.7352030277252197
vt 0.30416399240493774 0.9791709780693054
vt 0.3043990135192871 0.9678969979286194
vt 0.30605700612068176 0.9678969979286194
vt 0.3058220148086548 0.9791709780693054
vt 0.8707380294799805 0.7342219948768616
vt 0.8844680190086365 0.7342230081558228
vt 0.8844699859619141 0.7802079916000366
vt 0.8707339763641357 0.7803390026092529
vt 0.2911849915981293 0.9711920022964478
vt 0.2955000102519989 0.9712619781494141
vt 0.2955000102519989 0.9801160097122192
vt 0.2912899851799011 0.9800360202789307
vt 0.7334200143814087 0.8849589824676514
vt 0.733942985534668 0.895671010017395
vt 0.7302690148353577 0.895671010017395
vt 0.7302929759025574 0.8849560022354126
vt 0.11097200214862823 0.2563199996948242
vt 0.11097200214862823 0.2639150023460388
vt 0.1061910018324852 0.2639090120792389
vt 0.10599300265312195 0.2563140094280243
vt 0.3509800136089325 0.9371629953384399
vt 0.3510049879550934 0.9097070097923279
vt 0.3340170085430145 0.9452559947967529
vt 0.3333739936351776 0.9589470028877258
vt 0.32780900597572327 0.9564800262451172
vt 0.32537299394607544 0.9452559947967529
vt 0.75347501039505 0.9470589756965637
vt 0.7426649928092957 0.9489669799804688
vt 0.3427869975566864 0.9783650040626526
vt 0.3430219888687134 0.9670910239219666
vt 0.32537299394607544 0.9863860011100769
vt 0.3292959928512573 0.9863860011100769
vt 0.5191910266876221 0.8420850038528442
vt 0.5589039921760559 0.8420850038528442
vt 0.5587869882583618 0.8451219797134399
vt 0.519074022769928 0.8451219797134399
vt 0.9197829961776733 0.6522849798202515
vt 0.9124860167503357 0.6524369716644287
vt 0.9124860167503357 0.6249809861183167
vt 0.9197829961776733 0.6248289942741394
vt 0.9897050261497498 0.7614250183105469
vt 0.9862729907035828 0.7614250183105469
vt 0.9862560033798218 0.7599520087242126
vt 0.3462989926338196 0.9690510034561157
vt 0.34709998965263367 0.9783650040626526
vt 0.5255929827690125 0.9893540143966675
vt 0.5188480019569397 0.9889129996299744
vt 0.5189390182495117 0.9810220003128052
vt 0.5255799889564514 0.9810220003128052
vt 0.12755799293518066 0.9893649816513062
vt 0.12755799293518066 0.9942690134048462
vt 0.2054080069065094 0.547298014163971
vt 0.2186499983072281 0.547402024269104
vt 0.21852900087833405 0.5506529808044434
vt 0.20531399548053741 0.5513830184936523
vt 0.8848170042037964 0.9709590077400208
vt 0.8848270177841187 0.980351984500885
vt 0.8784530162811279 0.980351984500885
vt 0.8784419894218445 0.9709590077400208
vt 0.5549020171165466 0.9357389807701111
vt 0.568149983882904 0.9359710216522217
vt 0.568215012550354 0.9388279914855957
vt 0.5549799799919128 0.938543975353241
vt 0.3963800072669983 0.4887470006942749
vt 0.3958899974822998 0.49070900678634644
vt 0.38412100076675415 0.49070900678634644
vt 0.38412100076675415 0.4887470006942749
vt 0.015092000365257263 0.7495329976081848
vt 0.20442700386047363 0.5860530138015747
vt 0.2045300006866455 0.5910800099372864
vt 0.015092000365257263 0.7637529969215393
vt 0.010625000111758709 0.7637609839439392
vt 0.010625000111758709 0.7598379850387573
vt 0.015092000365257263 0.7598299980163574
vt 0.9866930246353149 0.6520230174064636
vt 0.9911059737205505 0.6520230174064636
vt 0.03053699992597103 0.6084679961204529
vt 0.03053699992597103 0.6036970019340515
vt 0.9776520133018494 0.3331429958343506
vt 0.9845160245895386 0.3331429958343506
vt 0.9845160245895386 0.3419699966907501
vt 0.9776520133018494 0.34196901321411133
vt 0.05771299824118614 0.8039559721946716
vt 0.06654399633407593 0.8113219738006592
vt 0.05526399984955788 0.8230900168418884
vt 0.04496299847960472 0.8196470141410828
vt 0.45180198550224304 0.989192008972168
vt 0.45377498865127563 0.989188015460968
vt 0.45377498865127563 0.9955629706382751
vt 0.45180198550224304 0.9955660104751587
vt 0.922980010509491 0.7196409702301025
vt 0.922980010509491 0.7260159850120544
vt 0.633791983127594 0.8543779850006104
vt 0.633791983127594 0.8038769960403442
vt 0.6401770114898682 0.8013349771499634
vt 0.07782799750566483 0.9804310202598572
vt 0.07158499956130981 0.9800689816474915
vt 0.07158499956130981 0.9714969992637634
vt 0.07780899852514267 0.9718639850616455
vt 0.9769999980926514 0.5006129741668701
vt 0.9775109887123108 0.5118629932403564
vt 0.9709849953651428 0.51180499792099
vt 0.9710950255393982 0.5005480051040649
vt 0.9234039783477783 0.13714799284934998
vt 0.9234039783477783 0.11263000220060349
vt 0.9572060108184814 0.8692359924316406
vt 0.9569829702377319 0.8829410076141357
vt 0.9509879946708679 0.8804699778556824
vt 0.948531985282898 0.8692470192909241
vt 0.39052900671958923 0.9631069898605347
vt 0.39103901386260986 0.9743890166282654
vt 0.38263699412345886 0.9743180274963379
vt 0.38263699412345886 0.9630290269851685
vt 0.9897289872169495 0.6910139918327332
vt 0.9862980246543884 0.6910189986228943
vt 0.9862989783287048 0.6836640238761902
vt 0.9897289872169495 0.6836580038070679
vt 0.0931520015001297 0.22244399785995483
vt 0.09331800043582916 0.22666500508785248
vt 0.0837009996175766 0.22691600024700165
vt 0.08369100093841553 0.22270700335502625
vt 0.9226440191268921 0.3331429958343506
vt 0.9250950217247009 0.33316999673843384
vt 0.9248980283737183 0.3400309979915619
vt 0.9224470257759094 0.34000399708747864
vt 0.9770730137825012 0.5011000037193298
vt 0.9709849953651428 0.5010390281677246
vt 0.900734007358551 0.2580850124359131
vt 0.9115480184555054 0.2634209990501404
vt 0.9006649851799011 0.26539701223373413
vt 0.9616259932518005 0.21259699761867523
vt 0.9584190249443054 0.21259699761867523
vt 0.2687450051307678 0.9158220291137695
vt 0.2687450051307678 0.9432830214500427
vt 0.937512993812561 0.896710991859436
vt 0.920386016368866 0.896697998046875
vt 0.9179390072822571 0.8942440152168274
vt 0.9404489994049072 0.8942620158195496
vt 0.14991900324821472 0.06043099984526634
vt 0.06605800241231918 0.12122300267219543
vt 0.0822490006685257 0.04670700058341026
vt 0.08960500359535217 0.038860999047756195
vt 0.9482970237731934 0.5273299813270569
vt 0.9497929811477661 0.5279669761657715
vt 0.9497929811477661 0.5460299849510193
vt 0.9482970237731934 0.5453919768333435
vt 0.884548008441925 0.9627649784088135
vt 0.8821020126342773 0.9627630114555359
vt 0.8796550035476685 0.950993001461029
vt 0.884548008441925 0.950996994972229
vt 0.9552770256996155 0.8324649930000305
vt 0.9616140127182007 0.8330609798431396
vt 0.5188480019569397 0.92849200963974
vt 0.5188699960708618 0.9010879993438721
vt 0.5213239789009094 0.8981519937515259
vt 0.5212979912757874 0.9314280152320862
vt 0.9622769951820374 0.5273299813270569
vt 0.9618020057678223 0.5410720109939575
vt 0.9579089879989624 0.5410680174827576
vt 0.9578750133514404 0.5273299813270569
vt 0.9922969937324524 0.820796012878418
vt 0.9922969937324524 0.8261899948120117
vt 0.9845600128173828 0.06581299751996994
vt 0.9791769981384277 0.0658079981803894
vt 0.9791769981384277 0.056981999427080154
vt 0.9845600128173828 0.0569860003888607
vt 0.9336060285568237 0.3041819930076599
vt 0.9301729798316956 0.3041819930076599
vt 0.9301729798316956 0.279664009809494
vt 0.9336060285568237 0.279664009809494
vt 0.015029000118374825 0.7382670044898987
vt 0.010625000111758709 0.7745490074157715
vt 0.015092000365257263 0.7745400071144104
vt 0.5238230228424072 0.7520819902420044
vt 0.5743290185928345 0.7520849704742432
vt 0.9293239712715149 0.43786999583244324
vt 0.9332460165023804 0.43786999583244324
vt 0.9185410141944885 0.324739009141922
vt 0.9162359833717346 0.324737012386322
vt 0.9162359833717346 0.3154209852218628
vt 0.9184809923171997 0.31542301177978516
vt 0.8993890285491943 0.13794100284576416
vt 0.8945909738540649 0.13788199424743652
vt 0.8945909738540649 0.12536799907684326
vt 0.8993750214576721 0.12554499506950378
vt 0.9347180128097534 0.438850998878479
vt 0.9347180128097534 0.4633699953556061
vt 0.06693600118160248 0.9417330026626587
vt 0.061553001403808594 0.9417290091514587
vt 0.061553001403808594 0.9172120094299316
vt 0.06693600118160248 0.9172160029411316
vt 0.21461400389671326 0.23466600477695465
vt 0.21463699638843536 0.23913900554180145
vt 0.20581099390983582 0.2392680048942566
vt 0.20579899847507477 0.23486900329589844
vt 0.9561799764633179 0.9052829742431641
vt 0.9473699927330017 0.9058039784431458
vt 0.5346119999885559 0.9810119867324829
vt 0.5412769913673401 0.9813889861106873
vt 0.5416470170021057 0.9894120097160339
vt 0.5346119999885559 0.9890379905700684
vt 0.2183530032634735 0.5627589821815491
vt 0.20511099696159363 0.5633289813995361
vt 0.9751620292663574 0.23202799260616302
vt 0.9751620292663574 0.23791199922561646
vt 0.9697669744491577 0.23791199922561646
vt 0.9697669744491577 0.23202799260616302
vt 0.5189020037651062 0.8548740148544312
vt 0.5586159825325012 0.8548740148544312
vt 0.5585619807243347 0.8615890145301819
vt 0.5188480019569397 0.8615890145301819
vt 0.934561014175415 0.804053008556366
vt 0.9402819871902466 0.8040509819984436
vt 0.9406319856643677 0.8116340041160583
vt 0.9345359802246094 0.8112769722938538
vt 0.9505590200424194 0.7098870277404785
vt 0.9492729902267456 0.7211949825286865
vt 0.9429190158843994 0.7237340211868286
vt 0.9429190158843994 0.7100080251693726
vt 0.9583479762077332 0.756026029586792
vt 0.9603210091590881 0.7560219764709473
vt 0.9603210091590881 0.7628880143165588
vt 0.9583479762077332 0.7628909945487976
vt 0.8932780027389526 0.917382001876831
vt 0.8947659730911255 0.9173769950866699
vt 0.8947659730911255 0.9418950080871582
vt 0.8932780027389526 0.9419010281562805
vt 0.20559099316596985 0.6330549716949463
vt 0.20563699305057526 0.6357880234718323
vt 0.20469799637794495 0.5593640208244324
vt 0.20462700724601746 0.5632330179214478
vt 0.5861200094223022 0.8331230282783508
vt 0.6219210028648376 0.8465759754180908
vt 0.6219279766082764 0.8529710173606873
vt 0.5861200094223022 0.8653259873390198
vt 0.9471949934959412 0.8443359732627869
vt 0.9423019886016846 0.8443329930305481
vt 0.9423019886016846 0.819815993309021
vt 0.9471949934959412 0.8198189735412598
vt 0.8918949961662292 0.04373500123620033
vt 0.8918949961662292 0.005979000125080347
vt 0.7986860275268555 0.010808000341057777
vt 0.7712249755859375 0.01080700010061264
vt 0.015029000118374825 0.7701389789581299
vt 0.010625000111758709 0.7701359987258911
vt 0.9549850225448608 0.3336600065231323
vt 0.9534429907798767 0.3444420099258423
vt 0.9473000168800354 0.3469020128250122
vt 0.947143018245697 0.33363398909568787
vt 0.05998999997973442 0.9417459964752197
vt 0.05998999997973442 0.9172289967536926
vt 0.8412590026855469 0.24673299491405487
vt 0.8564550280570984 0.2464659959077835
vt 0.857371985912323 0.27033400535583496
vt 0.8421750068664551 0.2706010043621063
vt 0.8417680263519287 0.2599929869174957
vt 0.9191380143165588 0.3072749972343445
vt 0.9166920185089111 0.30733901262283325
vt 0.900048017501831 0.6956049799919128
vt 0.897596001625061 0.6956040263175964
vt 0.8976160287857056 0.6836479902267456
vt 0.9000679850578308 0.6836479902267456
vt 0.6762530207633972 0.9333119988441467
vt 0.6762530207633972 0.9038910269737244
vt 0.6909649968147278 0.9136980175971985
vt 0.6909649968147278 0.9230139851570129
vt 0.9345750212669373 0.279664009809494
vt 0.9345750212669373 0.3041830062866211
vt 0.8136330246925354 0.9856500029563904
vt 0.806768000125885 0.9856500029563904
vt 0.806768000125885 0.9768229722976685
vt 0.8136330246925354 0.9768229722976685
vt 0.8515570163726807 0.4014259874820709
vt 0.41348400712013245 0.9952899813652039
vt 0.41152700781822205 0.9953010082244873
vt 0.41152700781822205 0.9884359836578369
vt 0.41348400712013245 0.9884250164031982
vt 0.1496880054473877 0.5465329885482788
vt 0.15321199595928192 0.5498980283737183
vt 0.8960819840431213 0.9499830007553101
vt 0.8999459743499756 0.9500049948692322
vt 0.8999459743499756 0.9632490277290344
vt 0.8932780027389526 0.9599360227584839
vt 0.9921669960021973 0.2701050043106079
vt 0.9848610162734985 0.26968300342559814
vt 0.9847990274429321 0.2623310089111328
vt 0.9921619892120361 0.2621830105781555
vt 0.0310210008174181 0.6330710053443909
vt 0.017291000112891197 0.6329839825630188
vt 0.01728999987244606 0.6287000179290771
vt 0.031024999916553497 0.6286560297012329
vt 0.325747013092041 0.8558400273323059
vt 0.34339699149131775 0.8557450175285339
vt 0.34302300214767456 0.8864489793777466
vt 0.32537299394607544 0.8865439891815186
vt 0.9515770077705383 0.0979439988732338
vt 0.9559900164604187 0.0979439988732338
vt 0.9559900164604187 0.10333800315856934
vt 0.9515770077705383 0.10333900153636932
vt 0.20467700064182281 0.5503309965133667
vt 0.21597599983215332 0.5511879920959473
vt 0.20459899306297302 0.5543019771575928
vt 0.21847699582576752 0.5549600124359131
vt 0.20526300370693207 0.5553719997406006
vt 0.9860519766807556 0.18177400529384613
vt 0.9870359897613525 0.1817850023508072
vt 0.9870359897613525 0.18914100527763367
vt 0.9860519766807556 0.1891299933195114
vt 0.012884999625384808 0.7081159949302673
vt 0.004040999803692102 0.7058550119400024
vt 0.0040420000441372395 0.590142011642456
vt 0.012875000014901161 0.5887150168418884
vt 0.6986939907073975 0.9640499949455261
vt 0.6992319822311401 0.9745590090751648
vt 0.6912850141525269 0.9745029807090759
vt 0.6912850141525269 0.9640259742736816
vt 0.9611219763755798 0.663303017616272
vt 0.9591609835624695 0.6632980108261108
vt 0.9591590166091919 0.6515300273895264
vt 0.9611219763755798 0.6510440111160278
vt 0.28307801485061646 0.9714480042457581
vt 0.2830899953842163 0.9804109930992126
vt 0.2757349908351898 0.9803820252418518
vt 0.2757349908351898 0.9711920022964478
vt 0.09329800307750702 0.1747339963912964
vt 0.09331099689006805 0.17911499738693237
vt 0.0837090015411377 0.17933900654315948
vt 0.0837090015411377 0.1746709942817688
vt 0.23502600193023682 0.8669180274009705
vt 0.23499399423599243 0.9065549969673157
vt 0.4239470064640045 0.9500799775123596
vt 0.4288100004196167 0.9500659704208374
vt 0.4288100004196167 0.9633100032806396
vt 0.4229870140552521 0.9608700275421143
vt 0.984220027923584 0.3744780123233795
vt 0.9886789917945862 0.3745709955692291
vt 0.9886260032653809 0.38308098912239075
vt 0.984220027923584 0.3831329941749573
vt 0.05833100154995918 0.9715279936790466
vt 0.06306900084018707 0.9716650247573853
vt 0.06308300048112869 0.9803190231323242
vt 0.05833100154995918 0.9803580045700073
vt 0.9711650013923645 0.8050310015678406
vt 0.9687190055847168 0.8050289750099182
vt 0.9662719964981079 0.7932590246200562
vt 0.9711650013923645 0.7932630181312561
vt 0.9752259850502014 0.5637620091438293
vt 0.9756079912185669 0.57464599609375
vt 0.9693440198898315 0.5746110081672668
vt 0.9693920016288757 0.5637500286102295
vt 0.9344170093536377 0.11164899915456772
vt 0.9388300180435181 0.11164899915456772
vt 0.9388409852981567 0.11263000220060349
vt 0.14796200394630432 0.8712890148162842
vt 0.1764020025730133 0.8712909817695618
vt 0.9855930209159851 0.5015289783477783
vt 0.9855930209159851 0.5069230198860168
vt 0.9579049944877625 0.5142750144004822
vt 0.9629030227661133 0.5142750144004822
vt 0.9238340258598328 0.9057739973068237
vt 0.9252939820289612 0.9057739973068237
vt 0.9252939820289612 0.9302930235862732
vt 0.9238340258598328 0.9302930235862732
vt 0.026347000151872635 0.7534639835357666
vt 0.015092000365257263 0.7534559965133667
vt 0.026347000151872635 0.7495419979095459
vt 0.6807600259780884 0.9632019996643066
vt 0.6738020181655884 0.9631959795951843
vt 0.14105400443077087 0.5568779706954956
vt 0.14384500682353973 0.559552013874054
vt 0.914713978767395 0.1736920028924942
vt 0.914713978767395 0.14623600244522095
vt 0.9851880073547363 0.10182800143957138
vt 0.979794979095459 0.10182800143957138
vt 0.979794979095459 0.09300100058317184
vt 0.9851880073547363 0.09300100058317184
vt 0.6987029910087585 0.9632660150527954
vt 0.691402018070221 0.9632149934768677
vt 0.09301800280809402 0.856423020362854
vt 0.08370500057935715 0.8510400056838989
vt 0.03102399967610836 0.6207069754600525
vt 0.03101699985563755 0.6164960265159607
vt 0.9533119797706604 0.9717350006103516
vt 0.9533209800720215 0.9601929783821106
vt 0.9596930146217346 0.9626399874687195
vt 0.9621409773826599 0.9716039896011353
vt 0.9179390072822571 0.8692370057106018
vt 0.9404489994049072 0.8692539930343628
vt 0.9906589984893799 0.29559001326560974
vt 0.9926369786262512 0.2955920100212097
vt 0.9926369786262512 0.30098599195480347
vt 0.9906589984893799 0.3009850084781647
vt 0.7270920276641846 0.931801974773407
vt 0.7271379828453064 0.9042869806289673
vt 0.7639999985694885 0.9362559914588928
vt 0.7752950191497803 0.941303014755249
vt 0.7639170289039612 0.9434810280799866
vt 0.9578549861907959 0.45159998536109924
vt 0.9581999778747559 0.43786999583244324
vt 0.9625260233879089 0.4403359889984131
vt 0.9628559947013855 0.45159998536109924
vt 0.9006530046463013 0.25500398874282837
vt 0.015029000118374825 0.7323830127716064
vt 0.1322219967842102 0.5957840085029602
vt 0.13572800159454346 0.5991860032081604
vt 0.12913799285888672 0.6061699986457825
vt 0.12567999958992004 0.6028270125389099
vt 0.9397209882736206 0.06557299941778183
vt 0.9382609724998474 0.06556899845600128
vt 0.9382609724998474 0.04104999825358391
vt 0.9397209882736206 0.041053999215364456
vt 0.9733899831771851 0.4378710091114044
vt 0.9733899831771851 0.4491490125656128
vt 0.9719190001487732 0.4491490125656128
vt 0.9719190001487732 0.4378710091114044
vt 0.026347000151872635 0.7951430082321167
vt 0.015092000365257263 0.7951340079307556
vt 0.015092000365257263 0.7946439981460571
vt 0.026347000151872635 0.7946529984474182
vt 0.9563940167427063 0.6973659992218018
vt 0.9582070112228394 0.6860870122909546
vt 0.9625440239906311 0.6836479902267456
vt 0.9627789855003357 0.6973659992218018
vt 0.4851590096950531 0.9386739730834961
vt 0.4836769998073578 0.9386749863624573
vt 0.4836769998073578 0.9141560196876526
vt 0.4851590096950531 0.9141560196876526
vt 0.9250950217247009 0.3602660000324249
vt 0.9227849841117859 0.36024099588394165
vt 0.026283999904990196 0.7323909997940063
vt 0.015029000118374825 0.7279689908027649
vt 0.026283999904990196 0.727977991104126
vt 0.10132800042629242 0.7503370046615601
vt 0.10132800042629242 0.7562209963798523
vt 0.09593400359153748 0.7562209963798523
vt 0.09593400359153748 0.7503370046615601
vt 0.9950399994850159 0.33952099084854126
vt 0.9925990104675293 0.3395169973373413
vt 0.9925990104675293 0.3331429958343506
vt 0.9950399994850159 0.33314698934555054
vt 0.07165099680423737 0.6984249949455261
vt 0.058428000658750534 0.6984170079231262
vt 0.058444999158382416 0.691444993019104
vt 0.07164700329303741 0.6914640069007874
vt 0.971231997013092 0.10330100357532501
vt 0.9668189883232117 0.10330100357532501
vt 0.906548023223877 0.8089920282363892
vt 0.9070389866828918 0.8089920282363892
vt 0.9070389866828918 0.8114439845085144
vt 0.906548023223877 0.8114439845085144
vt 0.8564170002937317 0.21259699761867523
vt 0.8623629808425903 0.215596005320549
vt 0.8623629808425903 0.24341300129890442
vt 0.8564170002937317 0.24330399930477142
vt 0.17199400067329407 0.2562580108642578
vt 0.17224200069904327 0.2639150023460388
vt 0.16899199783802032 0.2639079988002777
vt 0.16878700256347656 0.25626400113105774
vt 0.026347000151872635 0.791221022605896
vt 0.09863000363111496 0.9630680084228516
vt 0.09618400037288666 0.9630669951438904
vt 0.09373699873685837 0.9508060216903687
vt 0.09863000363111496 0.9508100152015686
vt 0.9622529745101929 0.5278210043907166
vt 0.9579319953918457 0.5278210043907166
vt 0.9775779843330383 0.9601929783821106
vt 0.9761070013046265 0.969510018825531
vt 0.9726750254631042 0.9714720249176025
vt 0.9726750254631042 0.9601929783821106
vt 0.9540960192680359 0.3550119996070862
vt 0.9546059966087341 0.36635899543762207
vt 0.947143018245697 0.3663409948348999
vt 0.947143018245697 0.35498398542404175
vt 0.9541109800338745 0.3555009961128235
vt 0.9471949934959412 0.3554750084877014
vt 0.4288010001182556 0.989346981048584
vt 0.4302879869937897 0.9893490076065063
vt 0.4302879869937897 0.9942520260810852
vt 0.4288010001182556 0.994251012802124
vt 0.4288170039653778 0.9952329993247986
vt 0.4258759915828705 0.9952329993247986
vt 0.4258590042591095 0.994251012802124
vt 0.08955900371074677 0.7503370046615601
vt 0.26182299852371216 0.8650379776954651
vt 0.2951659858226776 0.8650400042533875
vt 0.2951659858226776 0.9027979969978333
vt 0.26182299852371216 0.9027969837188721
vt 0.9863269925117493 0.6257920265197754
vt 0.9863269925117493 0.6311870217323303
vt 0.8439760208129883 0.02887200005352497
vt 0.8557189702987671 0.029627999290823936
vt 0.8554829955101013 0.0325080007314682
vt 0.8437399864196777 0.031752001494169235
vt 0.17978699505329132 0.7941790223121643
vt 0.17978699505329132 0.8623290061950684
vt 0.866146981716156 0.7891330122947693
vt 0.8796049952507019 0.7915390133857727
vt 0.8762959837913513 0.7959079742431641
vt 0.8652709722518921 0.7941870093345642
vt 0.9852920174598694 0.7545599937438965
vt 0.9862560033798218 0.7545580267906189
vt 0.9852920174598694 0.7599539756774902
vt 0.20649400353431702 0.49193400144577026
vt 0.2066899985074997 0.49365898966789246
vt 0.9333770275115967 0.9302930235862732
vt 0.9333770275115967 0.9057739973068237
vt 0.633791983127594 0.9886459708213806
vt 0.6391850113868713 0.9885510206222534
vt 0.6391850113868713 0.9950540065765381
vt 0.633791983127594 0.9951490163803101
vt 0.8774570226669312 0.91839200258255
vt 0.8774570226669312 0.9429110288619995
vt 0.026283999904990196 0.7745609879493713
vt 0.015029000118374825 0.7745519876480103
vt 0.026283999904990196 0.770147979259491
vt 0.1655769944190979 0.5376039743423462
vt 0.1615390032529831 0.53370600938797
vt 0.9733129739761353 0.6836479902267456
vt 0.9733129739761353 0.6949260234832764
vt 0.97086101770401 0.6949269771575928
vt 0.97086101770401 0.6836479902267456
vt 0.2056639939546585 0.6513519883155823
vt 0.20577000081539154 0.6563699841499329
vt 0.8991900086402893 0.9883549809455872
vt 0.8991900086402893 0.9952200055122375
vt 0.026283999904990196 0.7216039896011353
vt 0.015029000118374825 0.7213690280914307
vt 0.010625000111758709 0.7191399931907654
vt 0.026283999904990196 0.7191519737243652
vt 0.8414300084114075 0.34957700967788696
vt 0.8448619842529297 0.34955498576164246
vt 0.8447480201721191 0.36490198969841003
vt 0.8412590026855469 0.3656269907951355
vt 0.204584002494812 0.594307005405426
vt 0.2159769982099533 0.5923330187797546
vt 0.21609200537204742 0.598056972026825
vt 0.20469099283218384 0.5996630191802979
vt 0.9583939909934998 0.610496997833252
vt 0.961205005645752 0.610385000705719
vt 0.11007999628782272 0.8713619709014893
vt 0.09775099903345108 0.8694090247154236
vt 0.10998500138521194 0.8694189786911011
vt 0.20569799840450287 0.532496988773346
vt 0.21893900632858276 0.5325070023536682
vt 0.20560100674629211 0.5373799800872803
vt 0.4567050039768219 0.9800620079040527
vt 0.45671701431274414 0.9811040163040161
vt 0.45034199953079224 0.9811040163040161
vt 0.4503310024738312 0.9800620079040527
vt 0.09860900044441223 0.9711509943008423
vt 0.09321500360965729 0.9711509943008423
vt 0.9768890142440796 0.8416900038719177
vt 0.969871997833252 0.8416370153427124
vt 0.9851289987564087 0.8780670166015625
vt 0.9797459840774536 0.8780630230903625
vt 0.9797459840774536 0.8692359924316406
vt 0.9851289987564087 0.8692409992218018
vt 0.9705889821052551 0.3225629925727844
vt 0.9705889821052551 0.31128400564193726
vt 0.11017999798059464 0.4610460102558136
vt 0.10579399764537811 0.48065900802612305
vt 0.3750390112400055 0.7289080023765564
vt 0.384335994720459 0.7272049784660339
vt 0.3845610022544861 0.7318440079689026
vt 0.3752639889717102 0.7335469722747803
vt 0.7703350186347961 0.9247879981994629
vt 0.7703350186347961 0.8914480209350586
vt 0.7887560129165649 0.8917710185050964
vt 0.7887560129165649 0.9251109957695007
vt 0.30479198694229126 0.8717120289802551
vt 0.31141799688339233 0.8715749979019165
vt 0.3121899962425232 0.8771939873695374
vt 0.3049350082874298 0.8771039843559265
vt 0.834646999835968 0.3798690140247345
vt 0.8072440028190613 0.37984800338745117
vt 0.8072119951248169 0.3769110143184662
vt 0.8346160054206848 0.3769330084323883
vt 0.6832029819488525 0.9414209723472595
vt 0.6807519793510437 0.9526810050010681
vt 0.6738499999046326 0.9551140069961548
vt 0.6738049983978271 0.9414349794387817
vt 0.3826430141925812 0.9826629757881165
vt 0.3895550072193146 0.9824720025062561
vt 0.3900029957294464 0.9905229806900024
vt 0.38263699412345886 0.9904959797859192
vt 0.09446299821138382 0.7763230204582214
vt 0.08955900371074677 0.7763230204582214
vt 0.08955900371074677 0.7704399824142456
vt 0.09446299821138382 0.7719110250473022
vt 0.40809598565101624 0.9174659848213196
vt 0.4095830023288727 0.917460024356842
vt 0.4095830023288727 0.9419789910316467
vt 0.40809598565101624 0.9419839978218079
vt 0.9398109912872314 0.11263000220060349
vt 0.9398109912872314 0.13714900612831116
vt 0.9388409852981567 0.13714799284934998
vt 0.37477201223373413 0.7081440091133118
vt 0.3899649977684021 0.7077230215072632
vt 0.38631799817085266 0.7134649753570557
vt 0.37455499172210693 0.7137899994850159
vt 0.7533649802207947 0.8107579946517944
vt 0.7520269751548767 0.8214179873466492
vt 0.7456830143928528 0.823947012424469
vt 0.7456830143928528 0.8107060194015503
vt 0.5869399905204773 0.9498599767684937
vt 0.5928339958190918 0.9498890042304993
vt 0.5928339958190918 0.9631310105323792
vt 0.5861200094223022 0.9598240256309509
vt 0.30458399653434753 0.8657289743423462
vt 0.315869003534317 0.8650379776954651
vt 0.31181299686431885 0.8704689741134644
vt 0.3045229911804199 0.8710190057754517
vt 0.9907569885253906 0.6326590180397034
vt 0.9863439798355103 0.6326590180397034
vt 0.9853630065917969 0.625793993473053
vt 0.9853630065917969 0.6311879754066467
vt 0.1608780026435852 0.5421379804611206
vt 0.15699900686740875 0.5383740067481995
vt 0.6415320038795471 0.695248007774353
vt 0.6415320038795471 0.7874259948730469
vt 0.6366289854049683 0.7874259948730469
vt 0.6366289854049683 0.695248007774353
vt 0.9368339776992798 0.616133987903595
vt 0.9255480170249939 0.6161969900131226
vt 0.9255480170249939 0.596921980381012
vt 0.9368370175361633 0.5973140001296997
vt 0.010625000111758709 0.7534639835357666
vt 0.026347000151872635 0.7637609839439392
vt 0.026347000151872635 0.7598389983177185
vt 0.2776939868927002 0.9631100296974182
vt 0.27966299653053284 0.9538120031356812
vt 0.2865299880504608 0.9513649940490723
vt 0.28652098774909973 0.9631100296974182
vt 0.6140409708023071 0.9713990092277527
vt 0.6215400099754333 0.9713990092277527
vt 0.6217229962348938 0.9803109765052795
vt 0.6139649748802185 0.9797459840774536
vt 0.03102000057697296 0.6805480122566223
vt 0.031018000096082687 0.6762509942054749
vt 0.31162700057029724 0.8804979920387268
vt 0.3048909902572632 0.880886971950531
vt 0.9574670195579529 0.19501900672912598
vt 0.9574670195579529 0.18177400529384613
vt 0.9617879986763 0.1840980052947998
vt 0.9625319838523865 0.19484399259090424
vt 0.47182101011276245 0.9706779718399048
vt 0.47183099389076233 0.9800710082054138
vt 0.4649659991264343 0.9800710082054138
vt 0.46495598554611206 0.9706779718399048
vt 0.03040199913084507 0.5887579917907715
vt 0.012880999594926834 0.5864800214767456
vt 0.030528999865055084 0.5870490074157715
vt 0.7858970165252686 0.946960985660553
vt 0.7881420254707336 0.9356399774551392
vt 0.7954990267753601 0.933193027973175
vt 0.7954869866371155 0.9469649791717529
vt 0.4836769998073578 0.9798309803009033
vt 0.48391199111938477 0.9685559868812561
vt 0.927852988243103 0.4633699953556061
vt 0.927852988243103 0.438850998878479
vt 0.9912729859352112 0.012006999924778938
vt 0.9848799705505371 0.011620000004768372
vt 0.9844989776611328 0.004040999803692102
vt 0.9912729859352112 0.004408000037074089
vt 0.031026000156998634 0.5962169766426086
vt 0.01729699969291687 0.5955950021743774
vt 0.03102800063788891 0.5887219905853271
vt 0.930417001247406 0.7597219944000244
vt 0.9284449815750122 0.7597219944000244
vt 0.9284449815750122 0.7352030277252197
vt 0.08173900097608566 0.8613269925117493
vt 0.06996999680995941 0.8613269925117493
vt 0.8417109847068787 0.2128549963235855
vt 0.8417109847068787 0.2435619980096817
vt 0.3905409872531891 0.963962972164154
vt 0.38270899653434753 0.9640480279922485
vt 0.9115610122680664 0.41328001022338867
vt 0.917946994304657 0.41283801198005676
vt 0.9183899760246277 0.4193139970302582
vt 0.9119859933853149 0.41955599188804626
vt 0.08468399941921234 0.8005239963531494
vt 0.08370699733495712 0.8113219738006592
vt 0.06654000282287598 0.8005239963531494
vt 0.3516930043697357 0.8663579821586609
vt 0.35414499044418335 0.8663600087165833
vt 0.4341009855270386 0.8589469790458679
vt 0.43070900440216064 0.8577479720115662
vt 0.4307299852371216 0.8117660284042358
vt 0.43414101004600525 0.8119000196456909
vt 0.9910420179367065 0.4274289906024933
vt 0.9866290092468262 0.4274289906024933
vt 0.026283999904990196 0.7426890134811401
vt 0.026283999904990196 0.7382760047912598
vt 0.09593400359153748 0.7307249903678894
vt 0.919842004776001 0.04007299989461899
vt 0.9257550239562988 0.04012500122189522
vt 0.9255269765853882 0.048792000859975815
vt 0.919642984867096 0.04874100163578987
vt 0.9313880205154419 0.23809699714183807
vt 0.9299060106277466 0.23809699714183807
vt 0.9299060106277466 0.213578000664711
vt 0.9066320061683655 0.14804600179195404
vt 0.9066320061683655 0.19021299481391907
vt 0.9017279744148254 0.19021299481391907
vt 0.9017279744148254 0.14804600179195404
vt 0.7333199977874756 0.9617480039596558
vt 0.7338460087776184 0.9731109738349915
vt 0.7262110114097595 0.9730560183525085
vt 0.726360023021698 0.9616990089416504
vt 0.9307900071144104 0.5551729798316956
vt 0.9204919934272766 0.5551729798316956
vt 0.9204919934272766 0.5365409851074219
vt 0.9312800168991089 0.5365409851074219
vt 0.21239599585533142 0.9146509766578674
vt 0.21239599585533142 0.9421120285987854
vt 0.3171600103378296 0.5865070223808289
vt 0.3172909915447235 0.6056299805641174
vt 0.2708419859409332 0.6059420108795166
vt 0.27081599831581116 0.5868729948997498
vt 0.9577710032463074 0.45110899209976196
vt 0.9628509879112244 0.4509359896183014
vt 0.8857690095901489 0.0671750009059906
vt 0.8880710005760193 0.05638299882411957
vt 0.8953859806060791 0.05381099879741669
vt 0.8953859806060791 0.06700100004673004
vt 0.009188000112771988 0.8625689744949341
vt 0.004040999803692102 0.8626130223274231
vt 0.004040999803692102 0.8116170167922974
vt 0.009188000112771988 0.8115730285644531
vt 0.09329000115394592 0.14987100660800934
vt 0.093299001455307 0.15467700362205505
vt 0.08370999991893768 0.1548759937286377
vt 0.08369600027799606 0.15008899569511414
vt 0.02903600037097931 0.9054629802703857
vt 0.03344900161027908 0.9054629802703857
vt 0.9616299867630005 0.24617899954319
vt 0.9582840204238892 0.24618099629878998
vt 0.546330988407135 0.8981519937515259
vt 0.5463050007820129 0.9314280152320862
vt 0.21939200162887573 0.5090579986572266
vt 0.20614400506019592 0.509037971496582
vt 0.20555700361728668 0.5341169834136963
vt 0.1913820058107376 0.8761439919471741
vt 0.1879570037126541 0.8761410117149353
vt 0.1879570037126541 0.8305389881134033
vt 0.1913820058107376 0.8305420279502869
vt 0.9254770278930664 0.076105996966362
vt 0.9357730150222778 0.07610499858856201
vt 0.9357730150222778 0.1035659983754158
vt 0.9254770278930664 0.10356699675321579
vt 0.36751601099967957 0.9331709742546082
vt 0.36754199862480164 0.8998950123786926
vt 0.392549991607666 0.8998950123786926
vt 0.39252400398254395 0.9331709742546082
vt 0.9905470013618469 0.9611719846725464
vt 0.9925249814987183 0.9611740112304688
vt 0.9925249814987183 0.9665679931640625
vt 0.9905470013618469 0.9665660262107849
vt 0.050248999148607254 0.980364978313446
vt 0.04289399832487106 0.980364978313446
vt 0.04289399832487106 0.9715380072593689
vt 0.050248999148607254 0.9715380072593689
vt 0.8359370231628418 0.9618960022926331
vt 0.8325039744377136 0.9618880152702332
vt 0.8325039744377136 0.9496300220489502
vt 0.8359349966049194 0.9501280188560486
vt 0.04496200010180473 0.897849977016449
vt 0.0567299984395504 0.8694090247154236
vt 0.0846799984574318 0.8806890249252319
vt 0.07242099940776825 0.9091299772262573
vt 0.5873900055885315 0.7989320158958435
vt 0.6217039823532104 0.79961097240448
vt 0.6204450130462646 0.8335080146789551
vt 0.37561601400375366 0.7356600165367126
vt 0.387378990650177 0.7353339791297913
vt 0.9911659955978394 0.286529004573822
vt 0.9867540001869202 0.286529004573822
vt 0.7859010100364685 0.946491003036499
vt 0.7955729961395264 0.9464719891548157
vt 0.011729000136256218 0.9496480226516724
vt 0.010405000299215317 0.9608039855957031
vt 0.004040999803692102 0.9632970094680786
vt 0.004040999803692102 0.9496960043907166
vt 0.7194110155105591 0.7538579702377319
vt 0.7194070219993591 0.8406490087509155
vt 0.6738020181655884 0.8406490087509155
vt 0.6738060116767883 0.7538579702377319
vt 0.3746210038661957 0.7202929854393005
vt 0.38391798734664917 0.7185900211334229
vt 0.38414299488067627 0.7232289910316467
vt 0.3748460114002228 0.724931001663208
vt 0.9866930246353149 0.6679520010948181
vt 0.14692699909210205 0.9161760210990906
vt 0.1484140008687973 0.9161700010299683
vt 0.1484140008687973 0.9406890273094177
vt 0.14692699909210205 0.9406949877738953
vt 0.015092000365257263 0.77012699842453
vt 0.9130539894104004 0.7718250155448914
vt 0.9264540076255798 0.7734659910202026
vt 0.9234709739685059 0.7780609726905823
vt 0.9124029874801636 0.7769740223884583
vt 0.625353991985321 0.8371530175209045
vt 0.6257100105285645 0.8470029830932617
vt 0.2911849915981293 0.9881979823112488
vt 0.29559800028800964 0.9881979823112488
vt 0.29559800028800964 0.9945719838142395
vt 0.2911849915981293 0.9945719838142395
vt 0.30833899974823 0.9698569774627686
vt 0.30913999676704407 0.9791709780693054
vt 0.7421730160713196 0.9489219784736633
vt 0.942658007144928 0.27868300676345825
vt 0.9470710158348083 0.27868300676345825
vt 0.9470710158348083 0.3032020032405853
vt 0.942658007144928 0.3032020032405853
vt 0.9429050087928772 0.5006420016288757
vt 0.9429050087928772 0.5187050104141235
vt 0.1499200016260147 0.03689499944448471
vt 0.08960600197315216 0.028564000502228737
vt 0.9767240285873413 0.5551609992980957
vt 0.9703590273857117 0.5548030138015747
vt 0.9703729748725891 0.5466910004615784
vt 0.9767379760742188 0.5471310019493103
vt 0.17022599279880524 0.9493709802627563
vt 0.16877299547195435 0.9600570201873779
vt 0.16236400604248047 0.9624379873275757
vt 0.16236400604248047 0.9492769837379456
vt 0.3650670051574707 0.9549509882926941
vt 0.3674919903278351 0.943684995174408
vt 0.37455499172210693 0.9412530064582825
vt 0.37455499172210693 0.9549189805984497
vt 0.06245800107717514 0.9952520132064819
vt 0.05741399899125099 0.9947620034217834
vt 0.056370001286268234 0.9884470105171204
vt 0.06245800107717514 0.9889820218086243
vt 0.9857959747314453 0.5273299813270569
vt 0.9917809963226318 0.5276479721069336
vt 0.9921720027923584 0.5351669788360596
vt 0.9858070015907288 0.5349060297012329
vt 0.7754340171813965 0.9468709826469421
vt 0.7640460133552551 0.9485610127449036
vt 0.3514789938926697 0.8557450175285339
vt 0.3539299964904785 0.8557459712028503
vt 0.027564000338315964 0.9309629797935486
vt 0.027564000338315964 0.9064440131187439
vt 0.07197699695825577 0.791949987411499
vt 0.9906759858131409 0.3024579882621765
vt 0.986752986907959 0.3024579882621765
vt 0.9867370128631592 0.3009850084781647
vt 0.08416499942541122 0.7199379801750183
vt 0.851472020149231 0.9631940126419067
vt 0.8447610139846802 0.9634349942207336
vt 0.8447610139846802 0.9507060050964355
vt 0.8514890074729919 0.950685977935791
vt 0.16931000351905823 0.9406920075416565
vt 0.16931000351905823 0.9161750078201294
vt 0.20465600490570068 0.5838649868965149
vt 0.20472100377082825 0.5871099829673767
vt 0.20442700386047363 0.8562849760055542
vt 0.20448000729084015 0.7882649898529053
vt 0.21640899777412415 0.7891209721565247
vt 0.21635499596595764 0.8571410179138184
vt 0.7508530020713806 0.9570490121841431
vt 0.750665009021759 0.9687929749488831
vt 0.7443310022354126 0.9662489891052246
vt 0.7420250177383423 0.9570490121841431
vt 0.4092920124530792 0.950107991695404
vt 0.41490501165390015 0.9500659704208374
vt 0.41490501165390015 0.9633110165596008
vt 0.40809598565101624 0.9600880146026611
vt 0.3490000069141388 0.7415440082550049
vt 0.352182000875473 0.7458959817886353
vt 0.34505999088287354 0.7511079907417297
vt 0.3418689966201782 0.7467510104179382
vt 0.6450610160827637 0.9065769910812378
vt 0.6343240141868591 0.9067659974098206
vt 0.20497499406337738 0.5703309774398804
vt 0.7420250177383423 0.8323649764060974
vt 0.7856659889221191 0.8323670029640198
vt 0.7856659889221191 0.8833659887313843
vt 0.7420250177383423 0.8833640217781067
vt 0.06350299715995789 0.949828028678894
vt 0.06350299715995789 0.9634450078010559
vt 0.05933599919080734 0.9613779783248901
vt 0.05835900083184242 0.9501500129699707
vt 0.4371179938316345 0.9796900153160095
vt 0.4373529851436615 0.9684159755706787
vt 0.43901100754737854 0.9684159755706787
vt 0.43877699971199036 0.9796900153160095
vt 0.30416399240493774 0.9872530102729797
vt 0.30416399240493774 0.9941179752349854
vt 0.9784029722213745 0.4714530110359192
vt 0.9852679967880249 0.4714530110359192
vt 0.9852679967880249 0.48027899861335754
vt 0.9784029722213745 0.48027899861335754
vt 0.9713749885559082 0.7832069993019104
vt 0.9655029773712158 0.7832030057907104
vt 0.9655029773712158 0.771435022354126
vt 0.9713150262832642 0.7714390158653259
vt 0.8850690126419067 0.8669000267982483
vt 0.8698999881744385 0.8668879866600037
vt 0.8700270056724548 0.8639230132102966
vt 0.8851959705352783 0.8639339804649353
vt 0.2252269983291626 0.9884369969367981
vt 0.2252269983291626 0.9953010082244873
vt 0.21983200311660767 0.9953010082244873
vt 0.21983200311660767 0.9884359836578369
vt 0.9569169878959656 0.0045289997942745686
vt 0.9601430296897888 0.004530000034719706
vt 0.9004629850387573 0.11728499829769135
vt 0.8945909738540649 0.1172809973359108
vt 0.8945909738540649 0.07609199732542038
vt 0.9004629850387573 0.07609599828720093
vt 0.991769015789032 0.4378710091114044
vt 0.991769015789032 0.4452250003814697
vt 0.9863749742507935 0.4452250003814697
vt 0.9863749742507935 0.43786999583244324
vt 0.9869610071182251 0.7108659744262695
vt 0.9908829927444458 0.7108659744262695
vt 0.9908829927444458 0.7162600159645081
vt 0.9869610071182251 0.7162600159645081
vt 0.48759499192237854 0.94725102186203
vt 0.4913409948348999 0.9472489953041077
vt 0.49064698815345764 0.9604740142822266
vt 0.48513200879096985 0.9580370187759399
vt 0.8540800213813782 0.8859109878540039
vt 0.854079008102417 0.9158220291137695
vt 0.8447610139846802 0.9158220291137695
vt 0.8447629809379578 0.8859109878540039
vt 0.6204180121421814 0.9416030049324036
vt 0.6150349974632263 0.9415979981422424
vt 0.6150349974632263 0.9170809984207153
vt 0.6204180121421814 0.9170860052108765
vt 0.3048110008239746 0.8870660066604614
vt 0.3155519962310791 0.8915349841117859
vt 0.30476099252700806 0.8914920091629028
vt 0.15436899662017822 0.5417810082435608
vt 0.1578810065984726 0.5451459884643555
vt 0.5346119999885559 0.9729300141334534
vt 0.5364180207252502 0.963778018951416
vt 0.541113018989563 0.9614099860191345
vt 0.541113018989563 0.9728419780731201
vt 0.0326480008661747 0.9610769748687744
vt 0.03285900130867958 0.9723759889602661
vt 0.024833999574184418 0.9721289873123169
vt 0.024833999574184418 0.9608439803123474
vt 0.12695200741291046 0.5727970004081726
vt 0.12914299964904785 0.5751680135726929
vt 0.12436500191688538 0.5799099802970886
vt 0.12237399816513062 0.5781829953193665
vt 0.8515570163726807 0.37469300627708435
vt 0.6525480151176453 0.9148619771003723
vt 0.660269021987915 0.9148480296134949
vt 0.660269021987915 0.9423090219497681
vt 0.6525480151176453 0.9423230290412903
vt 0.5188480019569397 0.74965500831604
vt 0.5188509821891785 0.8310570120811462
vt 0.9348009824752808 0.5284590125083923
vt 0.9348220229148865 0.5010550022125244
vt 0.6422719955444336 0.9513940215110779
vt 0.642687976360321 0.9632689952850342
vt 0.633791983127594 0.9632689952850342
vt 0.6339539885520935 0.9516639709472656
vt 0.42918598651885986 0.9093779921531677
vt 0.413985013961792 0.9093769788742065
vt 0.9702230095863342 0.9714720249176025
vt 0.9702230095863342 0.9601929783821106
vt 0.518887996673584 0.8774660229682922
vt 0.5586010217666626 0.8774660229682922
vt 0.5588639974594116 0.8900700211524963
vt 0.5191500186920166 0.8900700211524963
vt 0.9754239916801453 0.5968419909477234
vt 0.9760059714317322 0.6081860065460205
vt 0.9693899750709534 0.6081969738006592
vt 0.9693809747695923 0.5968469977378845
vt 0.9194210171699524 0.9302930235862732
vt 0.9194210171699524 0.9057739973068237
vt 0.2262749969959259 0.789438009262085
vt 0.2262209951877594 0.8579480051994324
vt 0.9746580123901367 0.3858279883861542
vt 0.9746670126914978 0.3745729923248291
vt 0.7622519731521606 0.8947449922561646
vt 0.7622519731521606 0.9222009778022766
vt 0.010625000111758709 0.7946529984474182
vt 0.2053930014371872 0.542123019695282
vt 0.21534700691699982 0.5402079820632935
vt 0.9452289938926697 0.9388650059700012
vt 0.9430029988288879 0.9497219920158386
vt 0.9356409907341003 0.9521420001983643
vt 0.9356229901313782 0.9388719797134399
vt 0.9343400001525879 0.7597219944000244
vt 0.9270300269126892 0.5642399787902832
vt 0.9270190000534058 0.563260018825531
vt 0.9314320087432861 0.563260018825531
vt 0.4895690083503723 0.8931519985198975
vt 0.4503389894962311 0.8931509852409363
vt 0.9044749736785889 0.20073799788951874
vt 0.9044749736785889 0.20318999886512756
vt 0.9025139808654785 0.20318999886512756
vt 0.9025139808654785 0.20073799788951874
vt 0.24142199754714966 0.8579480051994324
vt 0.24147599935531616 0.789438009262085
vt 0.986624002456665 0.9611719846725464
vt 0.986624002456665 0.9665660262107849
vt 0.1286199986934662 0.9416469931602478
vt 0.1232369989156723 0.9416429996490479
vt 0.1232369989156723 0.9171259999275208
vt 0.1286199986934662 0.9171299934387207
vt 0.20586499571800232 0.4889279901981354
vt 0.21716099977493286 0.4899429976940155
vt 0.20577000081539154 0.4935930073261261
vt 0.9371110200881958 0.33412298560142517
vt 0.9390609860420227 0.33412399888038635
vt 0.9390609860420227 0.35864201188087463
vt 0.9371110200881958 0.35864201188087463
vt 0.9763720035552979 0.9391869902610779
vt 0.9684339761734009 0.9391549825668335
vt 0.24137599766254425 0.8667910099029541
vt 0.24134500324726105 0.9064279794692993
vt 0.49129998683929443 0.9467570185661316
vt 0.4836769998073578 0.9467570185661316
vt 0.03491999953985214 0.9064440131187439
vt 0.03491999953985214 0.9309629797935486
vt 0.9777140021324158 0.5273299813270569
vt 0.9762430191040039 0.5366470217704773
vt 0.093299001455307 0.16264699399471283
vt 0.09330499917268753 0.16729499399662018
vt 0.0837090015411377 0.1673160046339035
vt 0.08370000123977661 0.16278399527072906
vt 0.8623340129852295 0.5005670189857483
vt 0.8677819967269897 0.5005480051040649
vt 0.867779016494751 0.5464569926261902
vt 0.8623300194740295 0.5466139912605286
vt 0.9016079902648926 0.4178360104560852
vt 0.9016519784927368 0.4291200041770935
vt 0.8991619944572449 0.42911601066589355
vt 0.8991619944572449 0.417836993932724
vt 0.20452100038528442 0.5681560039520264
vt 0.21825000643730164 0.5685830116271973
vt 0.9574199914932251 0.771435022354126
vt 0.9559720158576965 0.782721996307373
vt 0.9495930075645447 0.7851769924163818
vt 0.9495649933815002 0.771435022354126
vt 0.9923710227012634 0.7108680009841919
vt 0.9923710227012634 0.7162619829177856
vt 0.3048270046710968 0.9791709780693054
vt 0.3050619959831238 0.9678969979286194
vt 0.8446549773216248 0.020591000095009804
vt 0.8563979864120483 0.02134699933230877
vt 0.8561319708824158 0.024586999788880348
vt 0.844389021396637 0.023831000551581383
vt 0.07213400304317474 0.7683709859848022
vt 0.058416999876499176 0.7678719758987427
vt 0.05845800042152405 0.7635959982872009
vt 0.07213500142097473 0.7635260224342346
vt 0.45669499039649963 0.9706689715385437
vt 0.4503200054168701 0.9706689715385437
vt 0.9766359925270081 0.6248289942741394
vt 0.9772809743881226 0.6361200213432312
vt 0.9692040085792542 0.6361029744148254
vt 0.9692040085792542 0.6248130202293396
vt 0.9110720157623291 0.05381099879741669
vt 0.9097989797592163 0.06511399894952774
vt 0.9034680128097534 0.06767699867486954
vt 0.9034680128097534 0.053943999111652374
vt 0.4453650116920471 0.43799901008605957
vt 0.43506699800491333 0.43799901008605957
vt 0.4350689947605133 0.050133999437093735
vt 0.4453670084476471 0.050133999437093735
vt 0.92672199010849 0.4119809865951538
vt 0.934332013130188 0.4120340049266815
vt 0.30416399240493774 0.9379950165748596
vt 0.30416399240493774 0.9134759902954102
vt 0.08416499942541122 0.7704399824142456
vt 0.08416499942541122 0.76357501745224
vt 0.3165310025215149 0.7887769937515259
vt 0.3165310025215149 0.8569390177726746
vt 0.3030950129032135 0.8569179773330688
vt 0.3030950129032135 0.7887560129165649
vt 0.20580099523067474 0.6439809799194336
vt 0.20501300692558289 0.5682060122489929
vt 0.6558690071105957 0.8096699714660645
vt 0.64410001039505 0.8096699714660645
vt 0.655377984046936 0.8013349771499634
vt 0.8097059726715088 0.734263002872467
vt 0.8097059726715088 0.8117319941520691
vt 0.806768000125885 0.8116909861564636
vt 0.806768000125885 0.7342219948768616
vt 0.9705610275268555 0.1315010040998459
vt 0.9705610275268555 0.1378760039806366
vt 0.6738020181655884 0.6113190054893494
vt 0.6738020181655884 0.597100019454956
vt 0.6772350072860718 0.597100019454956
vt 0.6555100083351135 0.8474180102348328
vt 0.64410001039505 0.8474239706993103
vt 0.64410001039505 0.8420299887657166
vt 0.6556490063667297 0.8420249819755554
vt 0.9836900234222412 0.5884109735488892
vt 0.983739972114563 0.5802969932556152
vt 0.9886729717254639 0.5801810026168823
vt 0.9886729717254639 0.5885180234909058
vt 0.8550390005111694 0.28255000710487366
vt 0.8414760231971741 0.2829580008983612
vt 0.8412590026855469 0.2797139883041382
vt 0.8547369837760925 0.27868300676345825
vt 0.2052839994430542 0.5488179922103882
vt 0.21522900462150574 0.5466179847717285
vt 0.9604809880256653 0.42930999398231506
vt 0.9580399990081787 0.4293060004711151
vt 0.9580399990081787 0.4224410057067871
vt 0.9604809880256653 0.42244499921798706
vt 0.9852830171585083 0.279664009809494
vt 0.9852830171585083 0.28505799174308777
vt 0.9175080060958862 0.07609300315380096
vt 0.9175080060958862 0.10355400294065475
vt 0.6417610049247742 0.9148619771003723
vt 0.6417610049247742 0.9423230290412903
vt 0.7858970165252686 0.9667919874191284
vt 0.7878659963607788 0.9574940204620361
vt 0.7947329878807068 0.9550470113754272
vt 0.7947229743003845 0.9667919874191284
vt 0.7191619873046875 0.9398840069770813
vt 0.7167119979858398 0.9511479735374451
vt 0.7093499898910522 0.9535710215568542
vt 0.7093449831008911 0.93989098072052
vt 0.08318399637937546 0.6782609820365906
vt 0.08318399637937546 0.7861289978027344
vt 0.08024600148200989 0.7860879898071289
vt 0.08024600148200989 0.6782199740409851
vt 0.5077900290489197 0.9472759962081909
vt 0.5024070143699646 0.947272002696991
vt 0.5024070143699646 0.9227550029754639
vt 0.5077900290489197 0.9227589964866638
vt 0.9341689944267273 0.35864201188087463
vt 0.9331769943237305 0.35864201188087463
vt 0.9331769943237305 0.33412399888038635
vt 0.9341689944267273 0.33412298560142517
vt 0.9712039828300476 0.9714720249176025
vt 0.9712039828300476 0.9601929783821106
vt 0.9549850225448608 0.33316901326179504
vt 0.947143018245697 0.3331429958343506
vt 0.4680100083351135 0.9406309723854065
vt 0.4680100083351135 0.9131749868392944
vt 0.26077601313591003 0.9077240228652954
vt 0.296081006526947 0.907725989818573
vt 0.8266199827194214 0.9889439940452576
vt 0.8320130109786987 0.9888489842414856
vt 0.8320130109786987 0.995352029800415
vt 0.8266199827194214 0.9954460263252258
vt 0.9481920003890991 0.43786999583244324
vt 0.9496880173683167 0.43850699067115784
vt 0.9496880173683167 0.45656999945640564
vt 0.9481920003890991 0.45593300461769104
vt 0.8895140290260315 0.7253400087356567
vt 0.8718969821929932 0.7253270149230957
vt 0.8718969821929932 0.6836479902267456
vt 0.8895140290260315 0.6836609840393066
vt 0.41399601101875305 0.917460024356842
vt 0.41399601101875305 0.9419789910316467
vt 0.2050749957561493 0.5943189859390259
vt 0.2051839977502823 0.5996990203857422
vt 0.8639640212059021 0.8619920015335083
vt 0.8639640212059021 0.8242359757423401
vt 0.8700270056724548 0.8217530250549316
vt 0.935064971446991 0.6748009920120239
vt 0.9273830056190491 0.67433100938797
vt 0.9203619956970215 0.7628390192985535
vt 0.9203619956970215 0.7545289993286133
vt 0.8414660096168518 0.05947599932551384
vt 0.8532080054283142 0.060231998562812805
vt 0.8530020117759705 0.06275200098752975
vt 0.8412590026855469 0.06199600175023079
vt 0.8639640212059021 0.9894760251045227
vt 0.8683779835700989 0.9894760251045227
vt 0.8683769702911377 0.9958500266075134
vt 0.8639640212059021 0.9958500266075134
vt 0.9771999716758728 0.27868300676345825
vt 0.9757329821586609 0.28800100088119507
vt 0.9722809791564941 0.2899619936943054
vt 0.9722769856452942 0.27868300676345825
vt 0.9746360182762146 0.988381028175354
vt 0.9702230095863342 0.988381028175354
vt 0.9702230095863342 0.9795539975166321
vt 0.9746360182762146 0.9795539975166321
vt 0.8857690095901489 0.041815999895334244
vt 0.8857690095901489 0.00798300001770258
vt 0.9574999809265137 0.19550999999046326
vt 0.9625269770622253 0.19533300399780273
vt 0.7639170289039612 0.968388020992279
vt 0.7658860087394714 0.959089994430542
vt 0.7727530002593994 0.9566429853439331
vt 0.7727439999580383 0.968388020992279
vt 0.10132800042629242 0.7635759711265564
vt 0.10132800042629242 0.7704399824142456
vt 0.09593400359153748 0.7704399824142456
vt 0.09593400359153748 0.7635759711265564
vt 0.004052000120282173 0.26583999395370483
vt 0.03150799870491028 0.26594001054763794
vt 0.031543001532554626 0.2679300010204315
vt 0.0040870001539587975 0.2678300142288208
vt 0.7243099808692932 0.4907130002975464
vt 0.7243099808692932 0.6147609949111938
vt 0.718425989151001 0.49904799461364746
vt 0.026283999904990196 0.7985879778862
vt 0.015029000118374825 0.7985789775848389
vt 0.015029000118374825 0.798088014125824
vt 0.026283999904990196 0.7980970144271851
vt 0.5861200094223022 0.7849649786949158
vt 0.5861200094223022 0.770255982875824
vt 0.5895529985427856 0.770255982875824
vt 0.9170539975166321 0.5532609820365906
vt 0.9170539975166321 0.5385519862174988
vt 0.9909960031509399 0.8494830131530762
vt 0.9870730042457581 0.8494830131530762
vt 0.09204000234603882 0.8039559721946716
vt 0.004040999803692102 0.2627660036087036
vt 0.03149700164794922 0.26286599040031433
vt 0.031026000156998634 0.6565650105476379
vt 0.017299000173807144 0.6560230255126953
vt 0.017284000292420387 0.6522449851036072
vt 0.031018000096082687 0.6521909832954407
vt 0.30466100573539734 0.881525993347168
vt 0.31118500232696533 0.8813650012016296
vt 0.2315009981393814 0.5721219778060913
vt 0.23299099504947662 0.6503999829292297
vt 0.4747590124607086 0.7809550166130066
vt 0.474124014377594 0.8185200095176697
vt 0.40992099046707153 0.8625689744949341
vt 0.6557350158691406 0.8224179744720459
vt 0.64410001039505 0.8224179744720459
vt 0.64410001039505 0.8165339827537537
vt 0.6558690071105957 0.8165349960327148
vt 0.7644079923629761 0.9434970021247864
vt 0.09328100085258484 0.1982080042362213
vt 0.0932760015130043 0.2026820033788681
vt 0.08370299637317657 0.20287400484085083
vt 0.08370500057935715 0.19817699491977692
vt 0.09446299821138382 0.7483760118484497
vt 0.09446299821138382 0.7444530129432678
vt 0.7243109941482544 0.48874300718307495
vt 0.6850799918174744 0.49904701113700867
vt 0.41530901193618774 0.9798340201377869
vt 0.40809598565101624 0.9803429841995239
vt 0.40857499837875366 0.9714580178260803
vt 0.41525799036026 0.9714679718017578
vt 0.9097129702568054 0.994733989238739
vt 0.9072719812393188 0.9947299957275391
vt 0.9072719812393188 0.9883549809455872
vt 0.9097129702568054 0.9883589744567871
vt 0.09446299821138382 0.6890490055084229
vt 0.09446299821138382 0.6929709911346436
vt 0.08955900371074677 0.6890479922294617
vt 0.0750190019607544 0.9417459964752197
vt 0.0750190019607544 0.9172289967536926
vt 0.7420250177383423 0.9333530068397522
vt 0.7557629942893982 0.9332259893417358
vt 0.9272260069847107 0.3041830062866211
vt 0.9272199869155884 0.279664009809494
vt 0.026347000151872635 0.7956339716911316
vt 0.015092000365257263 0.7956249713897705
vt 0.8071169853210449 0.3744780123233795
vt 0.8345209956169128 0.37449899315834045
vt 0.9164509773254395 0.8472189903259277
vt 0.9164720177650452 0.8198149800300598
vt 0.5861210227012634 0.9894940257072449
vt 0.5900440216064453 0.9894940257072449
vt 0.5900430083274841 0.9958680272102356
vt 0.5861200094223022 0.9958680272102356
vt 0.3295480012893677 0.9689900279045105
vt 0.33034899830818176 0.9783030152320862
vt 0.1879570037126541 0.8842260241508484
vt 0.1946830004453659 0.8843129873275757
vt 0.19355100393295288 0.8898090124130249
vt 0.18799899518489838 0.8894519805908203
vt 0.21460500359535217 0.21070100367069244
vt 0.21462500095367432 0.21501199901103973
vt 0.20621100068092346 0.21523599326610565
vt 0.20596599578857422 0.21091100573539734
vt 0.798675000667572 0.4781300127506256
vt 0.7712140083312988 0.47812899947166443
vt 0.7712180018424988 0.47564399242401123
vt 0.798678994178772 0.4756459891796112
vt 0.9863759875297546 0.45330700278282166
vt 0.990788996219635 0.45330700278282166
vt 0.8917679786682129 0.04571999981999397
vt 0.20982100069522858 0.988444983959198
vt 0.20982100069522858 0.9953089952468872
vt 0.20442700386047363 0.9953089952468872
vt 0.20442700386047363 0.988444983959198
vt 0.6188600063323975 0.9952579736709595
vt 0.6169030070304871 0.9952690005302429
vt 0.6169030070304871 0.9884039759635925
vt 0.6188600063323975 0.9883930087089539
vt 0.9856020212173462 0.8426179885864258
vt 0.9856020212173462 0.8480119705200195
vt 0.6242460012435913 0.8942930102348328
vt 0.6175199747085571 0.8941090106964111
vt 0.6176720261573792 0.8892520070075989
vt 0.6242349743843079 0.8894950151443481
vt 0.1780489981174469 0.5146099925041199
vt 0.18307599425315857 0.5195080041885376
vt 0.942799985408783 0.4379650056362152
vt 0.942799985408783 0.456028014421463
vt 0.30444398522377014 0.877174973487854
vt 0.3044010102748871 0.8808779716491699
vt 0.48434099555015564 0.9798300266265869
vt 0.4845759868621826 0.9685559868812561
vt 0.11007999628782272 0.9076470136642456
vt 0.8359370231628418 0.980767011642456
vt 0.8266199827194214 0.980767011642456
vt 0.8266199827194214 0.9699779748916626
vt 0.8359370231628418 0.9699779748916626
vt 0.9903780221939087 0.7423700094223022
vt 0.9843940138816833 0.7420650124549866
vt 0.9843840003013611 0.7342219948768616
vt 0.9903780221939087 0.7344229817390442
vt 0.8851959705352783 0.8217650055885315
vt 0.9341580271720886 0.3331429958343506
vt 0.9370999932289124 0.3331429958343506
vt 0.613548994064331 0.9714329838752747
vt 0.6134719848632812 0.9797859787940979
vt 0.15872399508953094 0.6212599873542786
vt 0.16187900304794312 0.6243379712104797
vt 0.1551630049943924 0.6314859986305237
vt 0.1520410031080246 0.6284409761428833
vt 0.2146269977092743 0.22242100536823273
vt 0.21460700035095215 0.22698499262332916
vt 0.20603500306606293 0.22690199315547943
vt 0.20602500438690186 0.22261199355125427
vt 0.9627779722213745 0.7560200095176697
vt 0.9627779722213745 0.7628859877586365
vt 0.026283999904990196 0.7809349894523621
vt 0.9709380269050598 0.4491490125656128
vt 0.9709380269050598 0.4378710091114044
vt 0.311039000749588 0.9872810244560242
vt 0.311039000749588 0.9941459894180298
vt 0.9081529974937439 0.32506000995635986
vt 0.863120973110199 0.32464200258255005
vt 0.8631330132484436 0.27868300676345825
vt 0.9081529974937439 0.2787179946899414
vt 0.12158100306987762 0.256072998046875
vt 0.12182299792766571 0.26391899585723877
vt 0.116907998919487 0.26391100883483887
vt 0.11673600226640701 0.2560659945011139
vt 0.011731999926269054 0.9501399993896484
vt 0.0040870001539587975 0.950186014175415
vt 0.6980559825897217 0.9906650185585022
vt 0.69200599193573 0.9902039766311646
vt 0.6912850141525269 0.9826409816741943
vt 0.6980429887771606 0.9830160140991211
vt 0.31102898716926575 0.9134759902954102
vt 0.31102898716926575 0.9379950165748596
vt 0.05190800130367279 0.9417330026626587
vt 0.05190800130367279 0.9172160029411316
vt 0.955161988735199 0.2914299964904785
vt 0.9617469906806946 0.29192399978637695
vt 0.9908270239830017 0.8276609778404236
vt 0.9864140152931213 0.8276619911193848
vt 0.948531985282898 0.8910229802131653
vt 0.9539250135421753 0.8910229802131653
vt 0.9539250135421753 0.8964170217514038
vt 0.948531985282898 0.8964170217514038
vt 0.9717119932174683 0.0878639966249466
vt 0.9692659974098206 0.08786199986934662
vt 0.9668189883232117 0.07609199732542038
vt 0.9717119932174683 0.07609599828720093
vt 0.7425180077552795 0.933193027973175
vt 0.806768000125885 0.8859109878540039
vt 0.8366789817810059 0.8859120011329651
vt 0.8366789817810059 0.9197480082511902
vt 0.806768000125885 0.919746994972229
vt 0.37188398838043213 0.9905800223350525
vt 0.3650749921798706 0.98996901512146
vt 0.3650670051574707 0.9824709892272949
vt 0.37188398838043213 0.9824609756469727
vt 0.8659629821777344 0.8749819993972778
vt 0.8806740045547485 0.874983012676239
vt 0.989001989364624 0.18179599940776825
vt 0.9929270148277283 0.18180200457572937
vt 0.9929270148277283 0.18915699422359467
vt 0.9890009760856628 0.18915200233459473
vt 0.8933280110359192 0.819815993309021
vt 0.8998990058898926 0.8199620246887207
vt 0.8989949822425842 0.8280249834060669
vt 0.8932780027389526 0.8266879916191101
vt 0.9571419954299927 0.8697260022163391
vt 0.9485440254211426 0.8700289726257324
vt 0.5924779772758484 0.9417780041694641
vt 0.5895529985427856 0.9417719841003418
vt 0.5895529985427856 0.9172530174255371
vt 0.5924779772758484 0.9172589778900146
vt 0.4763079881668091 0.8516860008239746
vt 0.4562320113182068 0.9891859889030457
vt 0.4562320113182068 0.9955610036849976
vt 0.8732870221138 0.18432800471782684
vt 0.867402970790863 0.19265499711036682
vt 0.8624989986419678 0.18726100027561188
vt 0.867402970790863 0.17451299726963043
vt 0.8829039931297302 0.26630499958992004
vt 0.8829039931297302 0.2687569856643677
vt 0.8804519772529602 0.2687569856643677
vt 0.8804519772529602 0.26630499958992004
vt 0.9770699739456177 0.7104589939117432
vt 0.9696329832077026 0.7103769779205322
vt 0.992592990398407 0.6520249843597412
vt 0.992592990398407 0.6574190258979797
vt 0.9799749851226807 0.3529919981956482
vt 0.9799749851226807 0.36427098512649536
vt 0.9775239825248718 0.36427098512649536
vt 0.9775239825248718 0.3529919981956482
vt 0.4258590042591095 0.989346981048584
vt 0.39956799149513245 0.8918129801750183
vt 0.3650670051574707 0.8911619782447815
vt 0.36531201004981995 0.8444169759750366
vt 0.39956700801849365 0.8444439768791199
vt 0.9257550239562988 0.06769999861717224
vt 0.919871985912323 0.0676489993929863
vt 0.4279789924621582 0.917460024356842
vt 0.4279789924621582 0.9419789910316467
vt 0.9580399990081787 0.4143590033054352
vt 0.9591590166091919 0.40071699023246765
vt 0.9627839922904968 0.4030640125274658
vt 0.9631779789924622 0.4143590033054352
vt 0.9758250117301941 0.0050650001503527164
vt 0.9764170050621033 0.015375999733805656
vt 0.9683020114898682 0.015332000330090523
vt 0.9683150053024292 0.004840000066906214
vt 0.07158499956130981 0.962922990322113
vt 0.07220800220966339 0.949828028678894
vt 0.07677000015974045 0.9522849917411804
vt 0.07660999894142151 0.9629729986190796
vt 0.03053000010550022 0.6928979754447937
vt 0.03052699938416481 0.6885010004043579
vt 0.9924659729003906 0.8426179885864258
vt 0.9924659729003906 0.8480119705200195
vt 0.08416499942541122 0.7562209963798523
vt 0.08416499942541122 0.7503370046615601
vt 0.40809598565101624 0.9953070282936096
vt 0.40809598565101624 0.9884420037269592
vt 0.9392610192298889 0.9057739973068237
vt 0.9392610192298889 0.9302930235862732
vt 0.9852380156517029 0.6679540276527405
vt 0.9852380156517029 0.6733480095863342
vt 0.20442700386047363 0.9056680202484131
vt 0.20445799827575684 0.8660299777984619
vt 0.28310200572013855 0.9813939929008484
vt 0.27574801445007324 0.9813650250434875
vt 0.46604201197624207 0.850488007068634
vt 0.45478999614715576 0.8507750034332275
vt 0.4546099901199341 0.8439130187034607
vt 0.4658609926700592 0.843625009059906
vt 0.943494975566864 0.07609199732542038
vt 0.943494975566864 0.10355299711227417
vt 0.009390000253915787 0.5763069987297058
vt 0.03684600070118904 0.5764070153236389
vt 0.0368800014257431 0.5783969759941101
vt 0.009424000047147274 0.5782979726791382
vt 0.9452300071716309 0.9602239727973938
vt 0.945035994052887 0.9717479944229126
vt 0.9387030005455017 0.9692010283470154
vt 0.9364020228385925 0.9602239727973938
vt 0.9851549863815308 0.12050200253725052
vt 0.9795119762420654 0.12015300244092941
vt 0.9791049957275391 0.11164899915456772
vt 0.9851549863815308 0.11192099750041962
vt 0.8244220018386841 0.9489139914512634
vt 0.806768000125885 0.9489129781723022
vt 0.806768000125885 0.9278299808502197
vt 0.8244220018386841 0.9278309941291809
vt 0.9758309721946716 0.004095999989658594
vt 0.9683020114898682 0.004040999803692102
vt 0.9846310019493103 0.8020889759063721
vt 0.9792479872703552 0.8020849823951721
vt 0.9792479872703552 0.7932590246200562
vt 0.9846310019493103 0.7932630181312561
vt 0.19314299523830414 0.6547409892082214
vt 0.1963450014591217 0.6578590273857117
vt 0.18960200250148773 0.6649810075759888
vt 0.18640300631523132 0.6618790030479431
vt 0.010625000111758709 0.7161980271339417
vt 0.026145000010728836 0.7162190079689026
vt 0.8516499996185303 0.9245409965515137
vt 0.8516499996185303 0.9426040053367615
vt 0.026283999904990196 0.8000590205192566
vt 0.015029000118374825 0.8000500202178955
vt 0.015029000118374825 0.799560010433197
vt 0.026283999904990196 0.7995679974555969
vt 0.9867370128631592 0.29559001326560974
vt 0.867402970790863 0.16519799828529358
vt 0.8624989986419678 0.15146900713443756
vt 0.18031300604343414 0.5122900009155273
vt 0.18558600544929504 0.5174189805984497
vt 0.8958439826965332 0.18432900309562683
vt 0.9017289876937866 0.1926559954881668
vt 0.8412590026855469 0.3432770073413849
vt 0.8446909785270691 0.34325501322746277
vt 0.7986860275268555 0.013749999925494194
vt 0.7712249755859375 0.013748000375926495
vt 0.7579470276832581 0.6179310083389282
vt 0.7574570178985596 0.6198920011520386
vt 0.7456880211830139 0.6198920011520386
vt 0.7456880211830139 0.6179310083389282
vt 0.23898600041866302 0.9889910221099854
vt 0.24437899887561798 0.9888960123062134
vt 0.24437899887561798 0.995398998260498
vt 0.23898600041866302 0.99549400806427
vt 0.14692699909210205 0.9891769886016846
vt 0.15277299284934998 0.9890959858894348
vt 0.1517139971256256 0.9956619739532471
vt 0.14692699909210205 0.9951440095901489
vt 0.32537299394607544 0.9783030152320862
vt 0.3256079852581024 0.9670289754867554
vt 0.229653999209404 0.8579480051994324
vt 0.2297070026397705 0.789438009262085
vt 0.1927720010280609 0.9505090117454529
vt 0.19286000728607178 0.963238000869751
vt 0.18397900462150574 0.9628300070762634
vt 0.18447600305080414 0.9505599737167358
vt 0.015061000362038612 0.796612024307251
vt 0.026316000148653984 0.7966200113296509
vt 0.010625000111758709 0.7279660105705261
vt 0.010625000111758709 0.7215920090675354
vt 0.8771950006484985 0.0481720007956028
vt 0.877685010433197 0.050624001771211624
vt 0.8654249906539917 0.050624001771211624
vt 0.8654260039329529 0.0481720007956028
vt 0.9851289987564087 0.8949790000915527
vt 0.9797459840774536 0.8949750065803528
vt 0.9797459840774536 0.886148989200592
vt 0.9851289987564087 0.886152982711792
vt 0.026347000151872635 0.7323790192604065
vt 0.015092000365257263 0.7279580235481262
vt 0.026347000151872635 0.7279660105705261
vt 0.8341720104217529 0.726140022277832
vt 0.806768000125885 0.7261180281639099
vt 0.9116820096969604 0.2687230110168457
vt 0.9007909893989563 0.2704240083694458
vt 0.19286000728607178 0.9514939785003662
vt 0.1844010055065155 0.9515389800071716
vt 0.9924579858779907 0.5015280246734619
vt 0.9924579858779907 0.5069230198860168
vt 0.15380200743675232 0.9799720048904419
vt 0.15381300449371338 0.9810140132904053
vt 0.14694799482822418 0.9810140132904053
vt 0.14693699777126312 0.9799720048904419
vt 0.9615499973297119 0.7098910212516785
vt 0.9609330296516418 0.7235040068626404
vt 0.9587510228157043 0.723406970500946
vt 0.9586510062217712 0.7098870277404785
vt 0.30427101254463196 0.891739010810852
vt 0.315869003534317 0.9044129848480225
vt 0.3046030104160309 0.9040549993515015
vt 0.5004460215568542 0.9751870036125183
vt 0.5073109865188599 0.9751870036125183
vt 0.5073109865188599 0.984013020992279
vt 0.5004460215568542 0.984013020992279
vt 0.032540999352931976 0.9620749950408936
vt 0.02486399933695793 0.9618459939956665
vt 0.9338369965553284 0.041053999215364456
vt 0.9353190064430237 0.04104999825358391
vt 0.9353190064430237 0.06556899845600128
vt 0.9338369965553284 0.06557299941778183
vt 0.12951600551605225 0.9502279758453369
vt 0.12853099405765533 0.9609410166740417
vt 0.12172500044107437 0.9633280038833618
vt 0.12167400121688843 0.9502279758453369
vt 0.18397900462150574 0.9959589838981628
vt 0.18433299660682678 0.9899569749832153
vt 0.1876630038022995 0.9896029829978943
vt 0.18765300512313843 0.9959499835968018
vt 0.9683020114898682 0.023458000272512436
vt 0.9743260145187378 0.02387000061571598
vt 0.9743790030479431 0.031977999955415726
vt 0.9683110117912292 0.03157399967312813
vt 0.34339699149131775 0.9007089734077454
vt 0.325747013092041 0.9008039832115173
vt 0.4244050085544586 0.9713919758796692
vt 0.4288100004196167 0.971451997756958
vt 0.4288100004196167 0.9802860021591187
vt 0.42440900206565857 0.980226993560791
vt 0.6480590105056763 0.8692349791526794
vt 0.6480590105056763 0.8930780291557312
vt 0.08416499942541122 0.7434729933738708
vt 0.08416499942541122 0.7375890016555786
vt 0.9001629948616028 0.26525598764419556
vt 0.9002950191497803 0.2702299952507019
vt 0.26077601313591003 0.9158089756965637
vt 0.26077601313591003 0.9432700276374817
vt 0.8427550196647644 0.6755650043487549
vt 0.8883569836616516 0.6755650043487549
vt 0.2049800008535385 0.5665370225906372
vt 0.21572600305080414 0.5642030239105225
vt 0.07165899872779846 0.7861869931221008
vt 0.49004098773002625 0.9050930142402649
vt 0.4503200054168701 0.9050920009613037
vt 0.015092000365257263 0.7215830087661743
vt 0.39956799149513245 0.7588599920272827
vt 0.3995639979839325 0.8363350033760071
vt 0.37455499172210693 0.8363350033760071
vt 0.3745589852333069 0.7588599920272827
vt 0.960316002368927 0.5550429821014404
vt 0.9578750133514404 0.5550389885902405
vt 0.9578750133514404 0.5491539835929871
vt 0.960316002368927 0.549157977104187
vt 0.21983200311660767 0.9715269804000854
vt 0.22718699276447296 0.9715269804000854
vt 0.22718699276447296 0.9803540110588074
vt 0.21983200311660767 0.9803540110588074
vt 0.026347000151872635 0.7426769733428955
vt 0.026347000151872635 0.7382640242576599
vt 0.004040999803692102 0.9060199856758118
vt 0.004040999803692102 0.8736580014228821
vt 0.9179390072822571 0.9718559980392456
vt 0.9195839762687683 0.9626759886741638
vt 0.9242370128631592 0.960224986076355
vt 0.9244419932365417 0.9718559980392456
vt 0.6134719848632812 0.9952750205993652
vt 0.6134719848632812 0.9884099960327148
vt 0.20442700386047363 0.9146379828453064
vt 0.20442700386047363 0.9420989751815796
vt 0.7292140126228333 0.4907130002975464
vt 0.7292140126228333 0.6147609949111938
vt 0.9414820075035095 0.795956015586853
vt 0.9414820075035095 0.7714390158653259
vt 0.48514801263809204 0.9131749868392944
vt 0.4890710115432739 0.9131749868392944
vt 0.489082008600235 0.9141560196876526
vt 0.17022399604320526 0.9488769769668579
vt 0.1623699963092804 0.9487860202789307
vt 0.9433919787406921 0.7343170046806335
vt 0.9487839937210083 0.7342219948768616
vt 0.9487839937210083 0.7522850036621094
vt 0.9433919787406921 0.7523800134658813
vt 0.8843880295753479 0.20073799788951874
vt 0.8843880295753479 0.20318999886512756
vt 0.8824269771575928 0.20318999886512756
vt 0.8824269771575928 0.20073799788951874
vt 0.9581789970397949 0.7937449812889099
vt 0.949616014957428 0.7941250205039978
vt 0.07162000238895416 0.9634150266647339
vt 0.0769290030002594 0.9634150266647339
vt 0.8518419861793518 0.9804059863090515
vt 0.8448839783668518 0.9800099730491638
vt 0.8447610139846802 0.971517026424408
vt 0.8518350124359131 0.9719370007514954
vt 0.5549020171165466 0.9457359910011292
vt 0.5550450086593628 0.9507439732551575
vt 0.44129300117492676 0.9703770279884338
vt 0.44209399819374084 0.9796900153160095
vt 0.9916859865188599 0.6910030245780945
vt 0.991686999797821 0.6836479902267456
vt 0.4157960116863251 0.9797289967536926
vt 0.41579198837280273 0.9713929891586304
vt 0.09446299821138382 0.7165060043334961
vt 0.943992018699646 0.1818690001964569
vt 0.9493839740753174 0.18177400529384613
vt 0.9493839740753174 0.19983699917793274
vt 0.943992018699646 0.19993199408054352
vt 0.5265290141105652 0.9400050044059753
vt 0.5188480019569397 0.9400969743728638
vt 0.47559499740600586 0.9407640099525452
vt 0.47559499740600586 0.9133080244064331
vt 0.03053399920463562 0.6566129922866821
vt 0.030525999143719673 0.6523119807243347
vt 0.9852830171585083 0.2955920100212097
vt 0.9852830171585083 0.30098700523376465
vt 0.7712140083312988 0.004040999803692102
vt 0.798675000667572 0.0040420000441372395
vt 0.8984360098838806 0.673114001750946
vt 0.8984360098838806 0.6755650043487549
vt 0.8964750170707703 0.6755650043487549
vt 0.8964750170707703 0.673114001750946
vt 0.9270300269126892 0.5887590050697327
vt 0.9255480170249939 0.5887600183486938
vt 0.9255480170249939 0.5642409920692444
vt 0.9587370157241821 0.07609199732542038
vt 0.9587370157241821 0.08986199647188187
vt 0.9538159966468811 0.08776900172233582
vt 0.9515770077705383 0.07662100344896317
vt 0.9568660259246826 0.7479379773139954
vt 0.9632179737091064 0.7479299902915955
vt 0.7639170289039612 0.9333019852638245
vt 0.7242590188980103 0.7326040267944336
vt 0.7242839932441711 0.7422239780426025
vt 0.7189009785652161 0.7457759976387024
vt 0.9299060106277466 0.2687329947948456
vt 0.9299060106277466 0.24617899954319
vt 0.8540059924125671 0.6167290210723877
vt 0.8446909785270691 0.6167309880256653
vt 0.03040199913084507 0.596231997013092
vt 0.8561639785766602 0.12120000272989273
vt 0.8561639785766602 0.07756199687719345
vt 0.6738020181655884 0.93333899974823
vt 0.6738020181655884 0.9039180278778076
vt 0.7240729928016663 0.6629379987716675
vt 0.7241020202636719 0.6738849878311157
vt 0.6211270093917847 0.9496970176696777
vt 0.6204649806022644 0.9609280228614807
vt 0.6136749982833862 0.963316023349762
vt 0.61353600025177 0.9496970176696777
vt 0.919409990310669 0.9047930240631104
vt 0.9238229990005493 0.9047930240631104
vt 0.6762539744377136 0.8590289950370789
vt 0.7208759784698486 0.8654059767723083
vt 0.7208759784698486 0.8786460161209106
vt 0.6762539744377136 0.8855090141296387
vt 0.9394959807395935 0.004046999849379063
vt 0.94098299741745 0.004040999803692102
vt 0.94098299741745 0.02855999954044819
vt 0.9394959807395935 0.02856599912047386
vt 0.9752789735794067 0.5632759928703308
vt 0.9693440198898315 0.563260018825531
vt 0.9567210078239441 0.1460759937763214
vt 0.9480720162391663 0.1460849940776825
vt 0.12998199462890625 0.5689669847488403
vt 0.13255499303340912 0.571457028388977
vt 0.9698290228843689 0.2899630069732666
vt 0.9698290228843689 0.27868399024009705
vt 0.1295190006494522 0.9497420191764832
vt 0.12167800217866898 0.9497420191764832
vt 0.7220270037651062 0.6989660263061523
vt 0.725458025932312 0.6990290284156799
vt 0.8715720176696777 0.9624379873275757
vt 0.8641319870948792 0.96287602186203
vt 0.8639640212059021 0.950993001461029
vt 0.8715720176696777 0.950993001461029
vt 0.20443600416183472 0.5635409951210022
vt 0.9905629754066467 0.9680389761924744
vt 0.986640989780426 0.9680389761924744
vt 0.9314129948616028 0.004040999803692102
vt 0.9314119815826416 0.03199100121855736
vt 0.919642984867096 0.03199100121855736
vt 0.9196439981460571 0.004040999803692102
vt 0.17954100668430328 0.25624600052833557
vt 0.18339699506759644 0.2562499940395355
vt 0.18355900049209595 0.26392099261283875
vt 0.17970499396324158 0.263931006193161
vt 0.640172004699707 0.7989320158958435
vt 0.6548830270767212 0.7989330291748047
vt 0.4377810060977936 0.9796900153160095
vt 0.43801599740982056 0.9684159755706787
vt 0.9647210240364075 0.06038900092244148
vt 0.9706040024757385 0.05992500111460686
vt 0.9706040024757385 0.06787200272083282
vt 0.9647210240364075 0.06797599792480469
vt 0.305635005235672 0.9124950170516968
vt 0.3095569908618927 0.9124950170516968
vt 0.5861200094223022 0.8734089732170105
vt 0.6053900122642517 0.8738179802894592
vt 0.6053889989852905 0.9091709852218628
vt 0.5867369771003723 0.9088129997253418
vt 0.21175000071525574 0.9803619980812073
vt 0.2045149952173233 0.9799119830131531
vt 0.20442700386047363 0.9715269804000854
vt 0.21175000071525574 0.9715399742126465
vt 0.9449059963226318 0.004040999803692102
vt 0.9449059963226318 0.02855999954044819
vt 0.7001100182533264 0.9419140219688416
vt 0.6913269758224487 0.9424039721488953
vt 0.9888290166854858 0.031846001744270325
vt 0.9827839732170105 0.031509000808000565
vt 0.9824609756469727 0.023458000272512436
vt 0.9888290166854858 0.02376900054514408
vt 0.37519800662994385 0.7270439863204956
vt 0.3869610130786896 0.7267190217971802
vt 0.3871380090713501 0.7303640246391296
vt 0.37537500262260437 0.7306889891624451
vt 0.9301620125770569 0.27868300676345825
vt 0.9335950016975403 0.27868300676345825
vt 0.9846630096435547 0.1549060046672821
vt 0.9792799949645996 0.15490199625492096
vt 0.9792799949645996 0.1460759937763214
vt 0.9846630096435547 0.14608000218868256
vt 0.07215800136327744 0.6819220185279846
vt 0.05392900109291077 0.6782199740409851
vt 0.07198700308799744 0.6787949800491333
vt 0.04496200010180473 0.7881870269775391
vt 0.04496200010180473 0.6837440133094788
vt 0.9856600165367126 0.9611740112304688
vt 0.9856600165367126 0.9665679931640625
vt 0.9713249802589417 0.7454959750175476
vt 0.971560001373291 0.7342219948768616
vt 0.9722239971160889 0.7342219948768616
vt 0.9732189774513245 0.7342219948768616
vt 0.9729840159416199 0.7454959750175476
vt 0.12167400121688843 0.9051529765129089
vt 0.12167400121688843 0.8752449750900269
vt 0.9275349974632263 0.9383749961853027
vt 0.9179390072822571 0.9383789896965027
vt 0.20550300180912018 0.6430410146713257
vt 0.3853969871997833 0.7490749955177307
vt 0.37609899044036865 0.750777006149292
vt 0.9711740016937256 0.8810039758682251
vt 0.9652889966964722 0.8810039758682251
vt 0.9652889966964722 0.8692359924316406
vt 0.9716640114784241 0.8692359924316406
vt 0.13808099925518036 0.9947630167007446
vt 0.1356399953365326 0.9947590231895447
vt 0.1356399953365326 0.9883840084075928
vt 0.13808099925518036 0.9883880019187927
vt 0.23299099504947662 0.49518999457359314
vt 0.991981029510498 0.3554440140724182
vt 0.991981029510498 0.3603470027446747
vt 0.9880579710006714 0.3603470027446747
vt 0.9880579710006714 0.3554440140724182
vt 0.015092000365257263 0.796114981174469
vt 0.026347000151872635 0.7961239814758301
vt 0.4664379954338074 0.989201009273529
vt 0.4664379954338074 0.995576024055481
vt 0.9179390072822571 0.9302930235862732
vt 0.9179390072822571 0.9057739973068237
vt 0.9429050087928772 0.5274239778518677
vt 0.9429050087928772 0.5454869866371155
vt 0.3047420084476471 0.8753859996795654
vt 0.311383992433548 0.8752110004425049
vt 0.859486997127533 0.5922799706459045
vt 0.8599119782447815 0.6125119924545288
vt 0.27955201268196106 0.8569179773330688
vt 0.27955201268196106 0.7882649898529053
vt 0.18668599426746368 0.25623399019241333
vt 0.19364799559116364 0.2562220096588135
vt 0.19382700324058533 0.2639220058917999
vt 0.18668599426746368 0.2639169991016388
vt 0.9529939889907837 0.030285000801086426
vt 0.9588779807090759 0.030285000801086426
vt 0.13687899708747864 0.90904301404953
vt 0.1275620013475418 0.90904301404953
vt 0.8991789817810059 0.9173769950866699
vt 0.8991789817810059 0.9418950080871582
vt 0.9782159924507141 0.6836479902267456
vt 0.9767450094223022 0.6929649710655212
vt 0.9767699837684631 0.8198789954185486
vt 0.9773510098457336 0.8311010003089905
vt 0.9697530269622803 0.8310549855232239
vt 0.9698230028152466 0.819815993309021
vt 0.8857700228691101 0.06764300167560577
vt 0.8953440189361572 0.06750699877738953
vt 0.20562200248241425 0.6484730243682861
vt 0.9452300071716309 0.9383749961853027
vt 0.9356390237808228 0.9383820295333862
vt 0.3650679886341095 0.9544659852981567
vt 0.3744809925556183 0.9544299840927124
vt 0.9767029881477356 0.8203420042991638
vt 0.9697530269622803 0.8203009963035583
vt 0.9754999876022339 0.7361829876899719
vt 0.9763020277023315 0.7454959750175476
vt 0.5544919967651367 0.9385409951210022
vt 0.8437240123748779 0.5938389897346497
vt 0.8427299857139587 0.6167309880256653
vt 0.8448669910430908 0.9952600002288818
vt 0.8447610139846802 0.9884889721870422
vt 0.851410984992981 0.9897220134735107
vt 0.8511220216751099 0.9952600002288818
vt 0.8893749713897705 0.3654699921607971
vt 0.8540059924125671 0.563260018825531
vt 0.8599209785461426 0.5673570036888123
vt 0.2757349908351898 0.9894760251045227
vt 0.28014901280403137 0.9894760251045227
vt 0.2801479995250702 0.9958500266075134
vt 0.2757349908351898 0.9958500266075134
vt 0.1908559948205948 0.9815210103988647
vt 0.18399100005626678 0.9814910292625427
vt 0.9194700121879578 0.11164899915456772
vt 0.9233930110931396 0.11164899915456772
vt 0.9852380156517029 0.6520249843597412
vt 0.9852380156517029 0.6574190258979797
vt 0.18407799303531647 0.6464939713478088
vt 0.18725000321865082 0.6493650078773499
vt 0.18075500428676605 0.6563820242881775
vt 0.1776520013809204 0.6533709764480591
vt 0.9908999800682068 0.7177330255508423
vt 0.9869769811630249 0.7177330255508423
vt 0.03102000057697296 0.5870109796524048
vt 0.16236400604248047 0.989162027835846
vt 0.16775700449943542 0.989067018032074
vt 0.16775700449943542 0.9955700039863586
vt 0.16236400604248047 0.9956640005111694
vt 0.977944016456604 0.31128400564193726
vt 0.9764729738235474 0.3206019997596741
vt 0.305092990398407 0.9039499759674072
vt 0.683201014995575 0.9419100284576416
vt 0.6738020181655884 0.9419220089912415
vt 0.9880579710006714 0.3529919981956482
vt 0.991981029510498 0.3529919981956482
vt 0.8278499841690063 0.7538769841194153
vt 0.8278499841690063 0.7631919980049133
vt 0.8224560022354126 0.7631919980049133
vt 0.8224560022354126 0.7538759708404541
vt 0.13866400718688965 0.9438449740409851
vt 0.13768300414085388 0.9438449740409851
vt 0.13768300414085388 0.9374709725379944
vt 0.13866400718688965 0.9374709725379944
vt 0.1667730063199997 0.6293500065803528
vt 0.17017899453639984 0.6326619982719421
vt 0.16360700130462646 0.6396999955177307
vt 0.1603499948978424 0.6365280151367188
vt 0.4905419945716858 0.9141560196876526
vt 0.4905419945716858 0.9386749863624573
vt 0.489082008600235 0.9386739730834961
vt 0.2045309990644455 0.5584669709205627
vt 0.21582600474357605 0.5588989853858948
vt 0.5188480019569397 0.9729390144348145
vt 0.5206530094146729 0.9637939929962158
vt 0.5253480076789856 0.9614250063896179
vt 0.5253480076789856 0.972832977771759
vt 0.9122980237007141 0.6163020133972168
vt 0.9127740263938904 0.6050350069999695
vt 0.9136030077934265 0.6050469875335693
vt 0.9131259918212891 0.6163129806518555
vt 0.15379199385643005 0.9705790281295776
vt 0.14692699909210205 0.9705790281295776
vt 0.4718419909477234 0.9811130166053772
vt 0.46497800946235657 0.9811130166053772
vt 0.806768000125885 0.9687409996986389
vt 0.8067770004272461 0.9569960236549377
vt 0.8131499886512756 0.9594429731369019
vt 0.8155850172042847 0.9686020016670227
vt 0.5861200094223022 0.9172530174255371
vt 0.5861200094223022 0.9417719841003418
vt 0.6134719848632812 0.9416149854660034
vt 0.6134719848632812 0.9170979857444763
vt 0.16179700195789337 0.2562209963798523
vt 0.16203799843788147 0.26391899585723877
vt 0.1586419939994812 0.2639099955558777
vt 0.15845100581645966 0.2562119960784912
vt 0.8654360175132751 0.058706000447273254
vt 0.8720430135726929 0.059154000133275986
vt 0.8727909922599792 0.06776999682188034
vt 0.8654260039329529 0.0673689991235733
vt 0.8920810222625732 0.21259799599647522
vt 0.8920810222625732 0.25820299983024597
vt 0.9179390072822571 0.980023980140686
vt 0.9228410124778748 0.9799379706382751
vt 0.9203900098800659 0.9886509776115417
vt 0.9179390072822571 0.9886940121650696
vt 0.026283999904990196 0.7990779876708984
vt 0.015029000118374825 0.7990689873695374
vt 0.023869000375270844 0.8625800013542175
vt 0.02533699944615364 0.8115860223770142
vt 0.15146300196647644 0.2560569941997528
vt 0.1516840010881424 0.2639150023460388
vt 0.14779700338840485 0.26391100883483887
vt 0.1475840061903 0.2560659945011139
vt 0.8420860171318054 0.0519150011241436
vt 0.853829026222229 0.052671000361442566
vt 0.8536220192909241 0.05519099906086922
vt 0.8418790102005005 0.05443499982357025
vt 0.9505689740180969 0.7103790044784546
vt 0.9429669976234436 0.7105000019073486
vt 0.6507700085639954 0.9714409708976746
vt 0.655672013759613 0.9713550209999084
vt 0.6532210111618042 0.9804289937019348
vt 0.6507700085639954 0.9804720282554626
vt 0.26268500089645386 0.4566279947757721
vt 0.26072800159454346 0.41495299339294434
vt 0.30240899324417114 0.41495299339294434
vt 0.3009360134601593 0.4566330015659332
vt 0.985505998134613 0.7108680009841919
vt 0.985505998134613 0.7162619829177856
vt 0.9909859895706177 0.5083940029144287
vt 0.987064003944397 0.5083940029144287
vt 0.76453697681427 0.9485470056533813
vt 0.593487024307251 0.9814119935035706
vt 0.5861330032348633 0.981378972530365
vt 0.03053000010550022 0.6330649852752686
vt 0.030535999685525894 0.6286919713020325
vt 0.7905619740486145 0.8947449922561646
vt 0.7905619740486145 0.9222009778022766
vt 0.7191590070724487 0.9403799772262573
vt 0.7093459963798523 0.9403849840164185
vt 0.0721300020813942 0.6845279932022095
vt 0.13884100317955017 0.90904301404953
vt 0.9754350185394287 0.4026780128479004
vt 0.9762359857559204 0.41199201345443726
vt 0.1265770047903061 0.9952499866485596
vt 0.12363500148057938 0.9952499866485596
vt 0.20575200021266937 0.6410930156707764
vt 0.10998500138521194 0.910116970539093
vt 0.09775099903345108 0.9101070165634155
vt 0.9706770181655884 0.8964409828186035
vt 0.9706770181655884 0.8890860080718994
vt 0.9524620175361633 0.31177499890327454
vt 0.942658007144928 0.31178900599479675
vt 0.9445649981498718 0.3745720088481903
vt 0.949957013130188 0.3744780123233795
vt 0.949957013130188 0.39254000782966614
vt 0.9445649981498718 0.3926349878311157
vt 0.46495598554611206 0.9625959992408752
vt 0.4667010009288788 0.9513170123100281
vt 0.4711590111255646 0.9488739967346191
vt 0.4713119864463806 0.9625959992408752
vt 0.8848379850387573 0.9813939929008484
vt 0.8784639835357666 0.9813939929008484
vt 0.9558650255203247 0.471451997756958
vt 0.9557390213012695 0.48516198992729187
vt 0.9494860172271729 0.48268699645996094
vt 0.9470270276069641 0.47146400809288025
vt 0.9718419909477234 0.6949260234832764
vt 0.9718419909477234 0.6836479902267456
vt 0.8925520181655884 0.7342219948768616
vt 0.904321014881134 0.7342230081558228
vt 0.904321014881134 0.775413990020752
vt 0.8925520181655884 0.775413990020752
vt 0.2676529884338379 0.9815269708633423
vt 0.26078900694847107 0.9814969897270203
vt 0.9713289737701416 0.22387400269508362
vt 0.9716219902038574 0.21259699761867523
vt 0.9758250117301941 0.2126690000295639
vt 0.9758250117301941 0.2239460051059723
vt 0.5544130206108093 0.9356939792633057
vt 0.3553889989852905 0.028564000502228737
vt 0.35538798570632935 0.038860999047756195
vt 0.3024260103702545 0.06926299631595612
vt 0.3024269938468933 0.05062999948859215
vt 0.18532900512218475 0.5071330070495605
vt 0.1907140016555786 0.51214599609375
vt 0.9926369786262512 0.279664009809494
vt 0.9926369786262512 0.28505799174308777
vt 0.35651499032974243 0.751829981803894
vt 0.359703004360199 0.756184995174408
vt 0.3525739908218384 0.7613949775695801
vt 0.349388986825943 0.7570400238037109
vt 0.14692699909210205 0.9621909856796265
vt 0.14908500015735626 0.9509999752044678
vt 0.15345700085163116 0.9487770199775696
vt 0.15345700085163116 0.9624969959259033
vt 0.6044729948043823 0.9936069846153259
vt 0.6020320057868958 0.993602991104126
vt 0.6020320057868958 0.9870030283927917
vt 0.6044729948043823 0.9882130026817322
vt 0.3650670051574707 0.9302350282669067
vt 0.36508798599243164 0.9028310179710388
vt 0.03102800063788891 0.707381010055542
vt 0.017297999933362007 0.7003520131111145
vt 0.031022999435663223 0.7002779841423035
vt 0.3760339915752411 0.7442749738693237
vt 0.3877969980239868 0.7439500093460083
vt 0.3918139934539795 0.7458289861679077
vt 0.37613001465797424 0.7462630271911621
vt 0.9248639941215515 0.11263000220060349
vt 0.9248639941215515 0.13714900612831116
vt 0.9564419984817505 0.6963639855384827
vt 0.9627119898796082 0.6968759894371033
vt 0.898377001285553 0.8114439845085144
vt 0.8925529718399048 0.8114439845085144
vt 0.8925520181655884 0.7834969758987427
vt 0.8984659910202026 0.7834969758987427
vt 0.1378919929265976 0.2562829852104187
vt 0.1407109946012497 0.25627100467681885
vt 0.14091600477695465 0.26392000913619995
vt 0.13803499937057495 0.263931006193161
vt 0.9721940159797668 0.3857649862766266
vt 0.9722030162811279 0.3745090067386627
vt 0.9726939797401428 0.3745090067386627
vt 0.9726849794387817 0.3857649862766266
vt 0.633791983127594 0.9148489832878113
vt 0.633791983127594 0.9423099756240845
vt 0.12167400121688843 0.9416589736938477
vt 0.12167400121688843 0.9171419739723206
vt 0.6423050165176392 0.9504050016403198
vt 0.6338710188865662 0.950685977935791
vt 0.9353089928627014 0.7352030277252197
vt 0.9353089928627014 0.7597219944000244
vt 0.917693018913269 0.4718799889087677
vt 0.9193429946899414 0.46468600630760193
vt 0.015029000118374825 0.8005399703979492
vt 0.11258500069379807 0.9427210092544556
vt 0.10671299695968628 0.9427160024642944
vt 0.10671299695968628 0.9181990027427673
vt 0.11209599673748016 0.9182029962539673
vt 0.14668799936771393 0.6782199740409851
vt 0.1466829925775528 0.78609699010849
vt 0.12167400121688843 0.78609699010849
vt 0.12167900055646896 0.6782199740409851
vt 0.9185029864311218 0.20344200730323792
vt 0.914713978767395 0.20385399460792542
vt 0.9150819778442383 0.18177400529384613
vt 0.9185069799423218 0.1817770004272461
vt 0.15843500196933746 0.2562530040740967
vt 0.16186699271202087 0.2562609910964966
vt 0.16202400624752045 0.2639229893684387
vt 0.1586350053548813 0.2639150023460388
vt 0.9719889760017395 0.7454959750175476
vt 0.9715949892997742 0.1930530071258545
vt 0.9715949892997742 0.18177500367164612
vt 0.10181800276041031 0.7228800058364868
vt 0.10132800042629242 0.7307249903678894
vt 0.30486398935317993 0.8656190037727356
vt 0.31168198585510254 0.8654360175132751
vt 0.004040999803692102 0.971464991569519
vt 0.008942999877035618 0.9713789820671082
vt 0.006492000073194504 0.9804540276527405
vt 0.004040999803692102 0.9804970026016235
vt 0.37516000866889954 0.7043060064315796
vt 0.39010998606681824 0.7038919925689697
vt 0.9782930016517639 0.43786999583244324
vt 0.976822018623352 0.44718798995018005
vt 0.8278499841690063 0.7705469727516174
vt 0.8278499841690063 0.7788820266723633
vt 0.8224560022354126 0.7788820266723633
vt 0.8224560022354126 0.7705469727516174
vt 0.4244050085544586 0.9893490076065063
vt 0.4244050085544586 0.9942529797554016
vt 0.026347000151872635 0.7745490074157715
vt 0.026347000151872635 0.7701359987258911
vt 0.7156929969787598 0.9893820285797119
vt 0.7097839713096619 0.9890360236167908
vt 0.7093449831008911 0.9811710119247437
vt 0.7156929969787598 0.9815009832382202
vt 0.8944309949874878 0.20073799788951874
vt 0.8944309949874878 0.20318999886512756
vt 0.8924700021743774 0.20318999886512756
vt 0.8924700021743774 0.20073799788951874
vt 0.9791049957275391 0.12858399748802185
vt 0.9849889874458313 0.12858499586582184
vt 0.9849889874458313 0.1374109983444214
vt 0.9791049957275391 0.1374109983444214
vt 0.6211310029029846 0.950190007686615
vt 0.6134719848632812 0.950190007686615
vt 0.8815119862556458 0.5250669717788696
vt 0.8908290266990662 0.5250669717788696
vt 0.010986999608576298 0.941552996635437
vt 0.010986999608576298 0.9170359969139099
vt 0.0708020031452179 0.6787409782409668
vt 0.10230900347232819 0.7576919794082642
vt 0.10230900347232819 0.7483760118484497
vt 0.10230900347232819 0.744454026222229
vt 0.20974400639533997 0.06043099984526634
vt 0.21023400127887726 0.03688900172710419
vt 0.2553490102291107 0.050624001771211624
vt 0.2553490102291107 0.06925799697637558
vt 0.8836619853973389 0.43786999583244324
vt 0.8988569974899292 0.4378730058670044
vt 0.20598499476909637 0.15483400225639343
vt 0.2058199942111969 0.15005899965763092
vt 0.21460700035095215 0.1498900055885315
vt 0.21459099650382996 0.15466000139713287
vt 0.4503200054168701 0.9955700039863586
vt 0.4503200054168701 0.9891960024833679
vt 0.1307779997587204 0.36836400628089905
vt 0.19943100214004517 0.36836400628089905
vt 0.20041100680828094 0.36836400628089905
vt 0.20743900537490845 0.41249600052833557
vt 0.18584799766540527 0.41249901056289673
vt 0.9697669744491577 0.21263399720191956
vt 0.9699339866638184 0.2239139974117279
vt 0.9712079763412476 0.3857330083847046
vt 0.9712160229682922 0.3744780123233795
vt 0.9717069864273071 0.3744780123233795
vt 0.971697986125946 0.3857330083847046
vt 0.5385850071907043 0.9618560075759888
vt 0.5371400117874146 0.9628109931945801
vt 0.8652709722518921 0.7806770205497742
vt 0.8652840256690979 0.7342429757118225
vt 0.9710230231285095 0.11164899915456772
vt 0.9710230231285095 0.12341800332069397
vt 0.9651389718055725 0.12096700072288513
vt 0.9646490216255188 0.11164899915456772
vt 0.2906489968299866 0.22714999318122864
vt 0.35440000891685486 0.2153870016336441
vt 0.3531079888343811 0.2340030074119568
vt 0.2906450033187866 0.2614690065383911
vt 0.854544997215271 0.28246599435806274
vt 0.8542969822883606 0.2787179946899414
vt 0.9568660259246826 0.7628949880599976
vt 0.9568660259246826 0.7560300230979919
vt 0.7361590266227722 0.4639880061149597
vt 0.7435150146484375 0.45614200830459595
vt 0.7631300091743469 0.47036200761795044
vt 0.754302978515625 0.48065999150276184
vt 0.16245800256729126 0.13269400596618652
vt 0.16221900284290314 0.12564000487327576
vt 0.17192000150680542 0.12560400366783142
vt 0.17230500280857086 0.13280099630355835
vt 0.9693470001220703 0.5842099785804749
vt 0.9693440198898315 0.5827280282974243
vt 0.9752280116081238 0.5827280282974243
vt 0.9752320051193237 0.5842099785804749
vt 0.0660569965839386 0.12123499810695648
vt 0.08222699910402298 0.4345729947090149
vt 0.07193399965763092 0.4345720112323761
vt 0.044964998960494995 0.4095650017261505
vt 0.7361609935760498 0.02365499921143055
vt 0.7543050050735474 0.004040999803692102
vt 0.7631319761276245 0.01433899998664856
vt 0.7435169816017151 0.03150099888443947
vt 0.2626950144767761 0.32326000928878784
vt 0.27799999713897705 0.2614560127258301
vt 0.30044999718666077 0.32325199246406555
vt 0.200547993183136 0.12613199651241302
vt 0.25534600019454956 0.1212339997291565
vt 0.25507500767707825 0.1369819939136505
vt 0.20071299374103546 0.13348700106143951
vt 0.3730430006980896 0.020718999207019806
vt 0.39118701219558716 0.004046999849379063
vt 0.4000129997730255 0.01434400025755167
vt 0.3803980052471161 0.028564000502228737
vt 0.7071459889411926 0.8487330079078674
vt 0.7189149856567383 0.8590310215950012
vt 0.09593400359153748 0.7777940034866333
vt 0.37302300333976746 0.46105098724365234
vt 0.38037899136543274 0.45320600271224976
vt 0.39999300241470337 0.47036799788475037
vt 0.39116600155830383 0.480664998292923
vt 0.3122290074825287 0.1805720031261444
vt 0.32399800419807434 0.1805730015039444
vt 0.20476700365543365 0.5554990172386169
vt 0.20482200384140015 0.5509610176086426
vt 0.08961199969053268 0.4424079954624176
vt 0.10772799700498581 0.39532798528671265
vt 0.9566389918327332 0.04055599868297577
vt 0.9478359818458557 0.041044000536203384
vt 0.7093579769134521 0.9627299904823303
vt 0.7165020108222961 0.9628949761390686
vt 0.07164400070905685 0.7684100270271301
vt 0.07159599661827087 0.7635840177536011
vt 0.044982001185417175 0.01434400025755167
vt 0.05380899831652641 0.004046999849379063
vt 0.07195299863815308 0.020718999207019806
vt 0.0645970031619072 0.028564000502228737
vt 0.9574180245399475 0.7723479866981506
vt 0.9495639801025391 0.7719249725341797
vt 0.1587270051240921 0.39532798528671265
vt 0.1798499971628189 0.4210599958896637
vt 0.18008199334144592 0.43952399492263794
vt 0.2145719975233078 0.3634530007839203
vt 0.21474599838256836 0.12121099978685379
vt 0.26075100898742676 0.3252370059490204
vt 0.8288310170173645 0.7646629810333252
vt 0.8288310170173645 0.7524060010910034
vt 0.8288310170173645 0.747992992401123
vt 0.04496200010180473 0.47036799788475037
vt 0.06457799673080444 0.45320600271224976
vt 0.07193300127983093 0.46105098724365234
vt 0.05378799885511398 0.480664998292923
vt 0.7761250138282776 0.3971700072288513
vt 0.7712209820747375 0.3971700072288513
vt 0.7012630105018616 0.9230139851570129
vt 0.7012630105018616 0.9333119988441467
vt 0.365090012550354 0.9640669822692871
vt 0.3730719983577728 0.9643129706382751
vt 0.4453650116920471 0.4639880061149597
vt 0.7258610129356384 0.4639880061149597
vt 0.41692298650741577 0.48065999150276184
vt 0.9693509936332703 0.5861830115318298
vt 0.9752359986305237 0.5861830115318298
vt 0.9698420166969299 0.5861830115318298
vt 0.8558819890022278 0.8198149800300598
vt 0.8538179993629456 0.8778290152549744
vt 0.806768000125885 0.8776959776878357
vt 0.806768000125885 0.8198279738426208
vt 0.9114720225334167 0.4120979905128479
vt 0.9178889989852905 0.4119809865951538
vt 0.3862749934196472 0.7249839901924133
vt 0.38530901074409485 0.7264559864997864
vt 0.5760970115661621 0.732912003993988
vt 0.5729719996452332 0.7356029748916626
vt 0.5729719996452332 0.6993460059165955
vt 0.5764039754867554 0.6993169784545898
vt 0.9588819742202759 0.03176699951291084
vt 0.9529979825019836 0.03176699951291084
vt 0.09593400359153748 0.687578022480011
vt 0.7071459889411926 0.89580899477005
vt 0.7189149856567383 0.8855109810829163
vt 0.3727029860019684 0.5780479907989502
vt 0.3705199956893921 0.5895820260047913
vt 0.3253999948501587 0.5889139771461487
vt 0.3258860111236572 0.5224660038948059
vt 0.15344899892807007 0.962007999420166
vt 0.14701299369335175 0.9611600041389465
vt 0.9731749892234802 0.3857649862766266
vt 0.9731839895248413 0.3745090067386627
vt 0.9736800193786621 0.3745410144329071
vt 0.973671019077301 0.3857960104942322
vt 0.147707000374794 0.25606998801231384
vt 0.15145500004291534 0.2568089962005615
vt 0.15165099501609802 0.26395300030708313
vt 0.14786599576473236 0.2639150023460388
vt 0.3107599914073944 0.13448099792003632
vt 0.3200779855251312 0.13448099792003632
vt 0.32399898767471313 0.15262199938297272
vt 0.3122299909591675 0.15262199938297272
vt 0.9558600187301636 0.47194600105285645
vt 0.947068989276886 0.4726879894733429
vt 0.4080980122089386 0.01433899998664856
vt 0.41692501306533813 0.004040999803692102
vt 0.4350689947605133 0.02365499921143055
vt 0.427713006734848 0.03150099888443947
vt 0.4453670084476471 0.02365499921143055
vt 0.725862979888916 0.02365499921143055
vt 0.10230900347232819 0.7361180186271667
vt 0.10230900347232819 0.7321959733963013
vt 0.33028900623321533 0.7309179902076721
vt 0.32537299394607544 0.7241929769515991
vt 0.3640210032463074 0.6424649953842163
vt 0.3374130129814148 0.7257069945335388
vt 0.30242300033569336 0.13693100214004517
vt 0.3024190068244934 0.18301799893379211
vt 0.40809598565101624 0.47036200761795044
vt 0.42771100997924805 0.45614200830459595
vt 0.43506699800491333 0.4639880061149597
vt 0.20475900173187256 0.5461909770965576
vt 0.3544059991836548 0.08740799874067307
vt 0.8547449707984924 0.009650999680161476
vt 0.8454629778862 0.008721999824047089
vt 0.8458470106124878 0.004040999803692102
vt 0.8551290035247803 0.004970999900251627
vt 0.3763279914855957 0.6742830276489258
vt 0.3762800097465515 0.6695870161056519
vt 0.3892579972743988 0.6439340114593506
vt 0.967041015625 0.33358898758888245
vt 0.9655960202217102 0.33454400300979614
vt 0.2060209959745407 0.17943300306797028
vt 0.20602600276470184 0.17506000399589539
vt 0.21459299325942993 0.17485199868679047
vt 0.21459099650382996 0.17948099970817566
vt 0.12216400355100632 0.13266600668430328
vt 0.12219099700450897 0.1256439983844757
vt 0.13020199537277222 0.1255979984998703
vt 0.13058499991893768 0.13256999850273132
vt 0.30242499709129333 0.10162600129842758
vt 0.3107610046863556 0.1045679971575737
vt 0.36272698640823364 0.4345720112323761
vt 0.3526250123977661 0.3978019952774048
vt 0.3999969959259033 0.39779600501060486
vt 0.37302398681640625 0.4345720112323761
vt 0.02983199991285801 0.7075099945068359
vt 0.03053100034594536 0.700311005115509
vt 0.37609100341796875 0.6508020162582397
vt 0.37604400515556335 0.6461060047149658
vt 0.37612399458885193 0.6540529727935791
vt 0.033351998776197433 0.14683200418949127
vt 0.035305000841617584 0.07784999907016754
vt 0.8416529893875122 0.055167000740766525
vt 0.8509349822998047 0.05609700083732605
vt 0.9761379957199097 0.3745729923248291
vt 0.9761289954185486 0.3858279883861542
vt 0.10610699653625488 0.2639169991016388
vt 0.10591799765825272 0.2562539875507355
vt 0.11080600321292877 0.2566629946231842
vt 0.11102599650621414 0.26388299465179443
vt 0.20524699985980988 0.5291410088539124
vt 0.20541399717330933 0.5213009715080261
vt 0.9615499973297119 0.7103800177574158
vt 0.9587690234184265 0.7104290127754211
vt 0.3858569860458374 0.7163680195808411
vt 0.38489100337028503 0.7178400158882141
vt 0.362744003534317 0.04670700058341026
vt 0.3730410039424896 0.04670700058341026
vt 0.40000998973846436 0.08740600198507309
vt 0.9694420099258423 0.3529919981956482
vt 0.9694409966468811 0.36476099491119385
vt 0.96355801820755 0.3623090088367462
vt 0.9630680084228516 0.3529919981956482
vt 0.557440996170044 0.9875689744949341
vt 0.5545250177383423 0.9875879883766174
vt 0.5544139742851257 0.9787709712982178
vt 0.5598250031471252 0.9787709712982178
vt 0.8448429703712463 0.016282999888062477
vt 0.8541250228881836 0.017211999744176865
vt 0.9305830001831055 0.3249270021915436
vt 0.9272199869155884 0.32501399517059326
vt 0.9272199869155884 0.312265008687973
vt 0.9340710043907166 0.31226998567581177
vt 0.522819995880127 0.9618710279464722
vt 0.5213750004768372 0.9628260135650635
vt 0.8528249859809875 0.03305400162935257
vt 0.8435429930686951 0.032124001532793045
vt 0.8439270257949829 0.02744399942457676
vt 0.8532090187072754 0.028373999521136284
vt 0.9743949770927429 0.24818900227546692
vt 0.9740639925003052 0.2575109899044037
vt 0.9697290062904358 0.25743499398231506
vt 0.9700610041618347 0.2481130063533783
vt 0.0449800007045269 0.07514700293540955
vt 0.07195200026035309 0.04670700058341026
vt 0.8288310170173645 0.7803530097007751
vt 0.8288310170173645 0.7690759897232056
vt 0.8209850192070007 0.7646629810333252
vt 0.8209850192070007 0.7524049878120422
vt 0.7435169816017151 0.042288001626729965
vt 0.7435150146484375 0.44584500789642334
vt 0.9727839827537537 0.5881440043449402
vt 0.9722930192947388 0.5876539945602417
vt 0.9732739925384521 0.5881440043449402
vt 0.2656480073928833 0.03836600109934807
vt 0.1517380028963089 0.1326099932193756
vt 0.15173299610614777 0.1256369948387146
vt 0.11686000227928162 0.2639180123806
vt 0.1166979968547821 0.2560720145702362
vt 0.12153399735689163 0.25532299280166626
vt 0.12174499779939651 0.2639249861240387
vt 0.5617690086364746 0.9192759990692139
vt 0.5544130206108093 0.9276120066642761
vt 0.5544130206108093 0.8981930017471313
vt 0.5617690086364746 0.9070190191268921
vt 0.46495598554611206 0.9955800175666809
vt 0.46495598554611206 0.989205002784729
vt 0.3764039874076843 0.6818689703941345
vt 0.37635698914527893 0.6771720051765442
vt 0.427713006734848 0.042288001626729965
vt 0.42771100997924805 0.44584500789642334
vt 0.8534449934959412 0.02549399994313717
vt 0.8441630005836487 0.024563999846577644
vt 0.8445770144462585 0.019523000344634056
vt 0.853859007358551 0.02045300044119358
vt 0.20596200227737427 0.1671839952468872
vt 0.20580600202083588 0.16277700662612915
vt 0.21460099518299103 0.16264599561691284
vt 0.21461200714111328 0.1670220047235489
vt 0.20596399903297424 0.19112299382686615
vt 0.2059680074453354 0.1867859959602356
vt 0.21463100612163544 0.18662700057029724
vt 0.21463100612163544 0.19097800552845
vt 0.5607870221138 0.9589189887046814
vt 0.5607870221138 0.9706889986991882
vt 0.5549039840698242 0.9682369828224182
vt 0.5544130206108093 0.9589189887046814
vt 0.9753900170326233 0.24718700349330902
vt 0.9753900170326233 0.25748398900032043
vt 0.8209850192070007 0.7803530097007751
vt 0.8209850192070007 0.7690759897232056
vt 0.7012630105018616 0.9038910269737244
vt 0.7012630105018616 0.9136980175971985
vt 0.9767169952392578 0.24617899954319
vt 0.9767169952392578 0.2574560046195984
vt 0.47129398584365845 0.9621059894561768
vt 0.4649989902973175 0.9615200161933899
vt 0.8451970219612122 0.011962000280618668
vt 0.8544790148735046 0.012892000377178192
vt 0.376585990190506 0.6999300122261047
vt 0.3765609860420227 0.6974020004272461
vt 0.8932780027389526 0.9952290058135986
vt 0.8932780027389526 0.9883639812469482
vt 0.4000050127506256 0.2153870016336441
vt 0.40000399947166443 0.23451000452041626
vt 0.8288310170173645 0.784276008605957
vt 0.9170680046081543 0.7260249853134155
vt 0.9170680046081543 0.7196499705314636
vt 0.16266800463199615 0.021198000758886337
vt 0.7761279940605164 0.08680500090122223
vt 0.7712240219116211 0.08680400252342224
vt 0.856768012046814 0.8058469891548157
vt 0.856768012046814 0.7945700287818909
vt 0.8571000099182129 0.7945629954338074
vt 0.8571000099182129 0.805840015411377
vt 0.2999730110168457 0.10015500336885452
vt 0.29212599992752075 0.08102600276470184
vt 0.5762969851493835 0.9422950148582458
vt 0.5762969851493835 0.9356939792633057
vt 0.5772780179977417 0.9359210133552551
vt 0.5772780179977417 0.9422950148582458
vt 0.205936998128891 0.20298199355602264
vt 0.20579999685287476 0.19867800176143646
vt 0.21460799872875214 0.19845600426197052
vt 0.21460600197315216 0.2027609944343567
vt 0.9741619825363159 0.3857960104942322
vt 0.9741700291633606 0.3745410144329071
vt 0.970320999622345 0.471451997756958
vt 0.970320999622345 0.48322200775146484
vt 0.9644370079040527 0.4807699918746948
vt 0.9639469981193542 0.4714530110359192
vt 0.07165700197219849 0.779187023639679
vt 0.0716869980096817 0.7742949724197388
vt 0.09269700199365616 0.5953580141067505
vt 0.12173400074243546 0.5858740210533142
vt 0.1268939971923828 0.5905969738960266
vt 0.1202939972281456 0.5975689888000488
vt 0.2058749943971634 0.4887480139732361
vt 0.21716700494289398 0.4890649914741516
vt 0.19992999732494354 0.12122300267219543
vt 0.19797499477863312 0.07367099821567535
vt 0.10230900347232819 0.7165060043334961
vt 0.10230900347232819 0.7071899771690369
vt 0.8288310170173645 0.7989850044250488
vt 0.8288310170173645 0.7945719957351685
vt 0.8515549898147583 0.04853599891066551
vt 0.8422729969024658 0.04760599881410599
vt 0.8426570296287537 0.04292599856853485
vt 0.8519390225410461 0.043855998665094376
vt 0.498320996761322 0.87226802110672
vt 0.4983299970626831 0.8610129952430725
vt 0.4988200068473816 0.8610129952430725
vt 0.4988110065460205 0.87226802110672
vt 0.3024109899997711 0.3252139985561371
vt 0.3172909915447235 0.7579889893531799
vt 0.3169800043106079 0.7573689818382263
vt 0.3171359896659851 0.7569040060043335
vt 0.3172909915447235 0.7564380168914795
vt 0.3705250024795532 0.5238549709320068
vt 0.32537299394607544 0.5229259729385376
vt 0.3266940116882324 0.4887470006942749
vt 0.3717910051345825 0.4896810054779053
vt 0.9552770256996155 0.8421249985694885
vt 0.9617720246315002 0.8426769971847534
vt 0.35995298624038696 0.6343830227851868
vt 0.32537299394607544 0.6340950131416321
vt 0.06604699790477753 0.36345499753952026
vt 0.9038310050964355 0.36581501364707947
vt 0.9004600048065186 0.3656800091266632
vt 0.761447012424469 0.8219889998435974
vt 0.761447012424469 0.810712993144989
vt 0.7617790102958679 0.8107060194015503
vt 0.7617790102958679 0.8219829797744751
vt 0.8522049784660339 0.04061499983072281
vt 0.8429229855537415 0.039684999734163284
vt 0.8433070182800293 0.03500499948859215
vt 0.8525890111923218 0.03593499958515167
vt 0.21463100612163544 0.36345499753952026
vt 0.9074720144271851 0.13662299513816833
vt 0.907480001449585 0.12536799907684326
vt 0.9079710245132446 0.12536799907684326
vt 0.9079620242118835 0.13662299513816833
vt 0.9217169880867004 0.9607149958610535
vt 0.9202899932861328 0.9616960287094116
vt 0.12759800255298615 0.256074994802475
vt 0.130389004945755 0.25527098774909973
vt 0.13059699535369873 0.2639249861240387
vt 0.1278340071439743 0.26394200325012207
vt 0.1858379989862442 0.4120030105113983
vt 0.18604299426078796 0.42082899808883667
vt 0.9710950255393982 0.04007299989461899
vt 0.9710950255393982 0.05184299871325493
vt 0.9652109742164612 0.0493910014629364
vt 0.9647210240364075 0.04007299989461899
vt 0.9646490216255188 0.13788500428199768
vt 0.9646490216255188 0.13151000440120697
vt 0.8420659899711609 0.050126999616622925
vt 0.8513479828834534 0.05105699971318245
vt 0.38709399104118347 0.7418829798698425
vt 0.3861289918422699 0.7433549761772156
vt 0.2656460106372833 0.08102600276470184
vt 0.38667601346969604 0.7332680225372314
vt 0.38571101427078247 0.7347390055656433
vt 0.7374619841575623 0.8184930086135864
vt 0.737188994884491 0.8178560137748718
vt 0.737371027469635 0.8174009919166565
vt 0.7375530004501343 0.8169450163841248
vt 0.20492999255657196 0.5446940064430237
vt 0.3762510120868683 0.6666970252990723
vt 0.37619999051094055 0.6616389751434326
vt 0.04496200010180473 0.5783349871635437
vt 0.050558000802993774 0.5317890048027039
vt 0.1363079994916916 0.48932498693466187
vt 0.9706360101699829 0.9047930240631104
vt 0.9706360101699829 0.9165629744529724
vt 0.9647529721260071 0.9141110181808472
vt 0.9642620086669922 0.9047939777374268
vt 0.3764840066432953 0.6898159980773926
vt 0.3764370083808899 0.6851199865341187
vt 0.8209850192070007 0.7945719957351685
vt 0.8209850192070007 0.7842749953269958
vt 0.3761669993400574 0.6583880186080933
vt 0.5752429962158203 0.9589189887046814
vt 0.5752429962158203 0.9706889986991882
vt 0.5693600177764893 0.9682369828224182
vt 0.5688700079917908 0.9589189887046814
vt 0.9737640023231506 0.5886340141296387
vt 0.9742550253868103 0.5886340141296387
vt 0.37650999426841736 0.6923440098762512
vt 0.08468200266361237 0.8613269925117493
vt 0.03419400006532669 0.42216798663139343
vt 0.21477200090885162 0.4394589960575104
vt 0.18584799766540527 0.4404419958591461
vt 0.8209850192070007 0.7989850044250488
vt 0.3200789988040924 0.1045679971575737
vt 0.8486859798431396 0.8113579750061035
vt 0.8481960296630859 0.8113870024681091
vt 0.8481960296630859 0.7945629954338074
vt 0.20061999559402466 0.12612099945545197
vt 0.20295900106430054 0.1333180069923401
vt 0.20082299411296844 0.13347700238227844
vt 0.03237200155854225 0.2161789983510971
vt 0.18387800455093384 0.1256439983844757
vt 0.18382400274276733 0.13245399296283722
vt 0.0665379986166954 0.8613269925117493
vt 0.08416499942541122 0.6890479922294617
vt 0.21969400346279144 0.4942589998245239
vt 0.10132800042629242 0.7777950167655945
vt 0.10230900347232819 0.7763239741325378
vt 0.7572479844093323 0.004530999809503555
vt 0.7596989870071411 0.006002999842166901
vt 0.2005849927663803 0.25606900453567505
vt 0.20318500697612762 0.2565380036830902
vt 0.20075799524784088 0.26392799615859985
vt 0.9708219766616821 0.587162971496582
vt 0.9713129997253418 0.5876539945602417
vt 0.26072800159454346 0.3590480089187622
vt 0.18600399792194366 0.4521839916706085
vt 0.572983980178833 0.5409700274467468
vt 0.5729920268058777 0.5359290242195129
vt 0.5764570236206055 0.48874199390411377
vt 0.06457799673080444 0.44241800904273987
vt 0.20041200518608093 0.36100900173187256
vt 0.20286400616168976 0.36100900173187256
vt 0.20063799619674683 0.3634609878063202
vt 0.03443000093102455 0.8481770157814026
vt 0.03491999953985214 0.802515983581543
vt 0.03491999953985214 0.8538110256195068
vt 0.8723700046539307 0.27034398913383484
vt 0.8704460263252258 0.2678239941596985
vt 0.8723700046539307 0.26630499958992004
vt 0.3803800046443939 0.44241800904273987
vt 0.14113900065422058 0.12559199333190918
vt 0.5686339735984802 0.9070190191268921
vt 0.5686339735984802 0.919277012348175
vt 0.0991630032658577 0.26392799615859985
vt 0.8796049952507019 0.8115530014038086
vt 0.8667089939117432 0.7887589931488037
vt 0.961260974407196 0.563260018825531
vt 0.9551609754562378 0.5737410187721252
vt 0.9544500112533569 0.5632799863815308
vt 0.5648900270462036 0.7295600175857544
vt 0.8573430180549622 0.06801000237464905
vt 0.396373987197876 0.6358519792556763
vt 0.39588499069213867 0.6147670149803162
vt 0.1999180018901825 0.48065999150276184
vt 0.4503200054168701 0.8543519973754883
vt 0.3963800072669983 0.7055919766426086
vt 0.5729809999465942 0.5030679702758789
vt 0.5729809999465942 0.5081539750099182
vt 0.2935819923877716 0.480664998292923
vt 0.8559809923171997 0.019657999277114868
vt 0.45379701256752014 0.8130319714546204
vt 0.4539650082588196 0.8194040060043335
vt 0.10230900347232819 0.6929709911346436
vt 0.10230900347232819 0.7032679915428162
vt 0.9909960031509399 0.8416370153427124
vt 0.3553699851036072 0.45320600271224976
vt 0.36272498965263367 0.46105098724365234
vt 0.004040999803692102 0.7986119985580444
vt 0.10230900347232819 0.7199379801750183
vt 0.08416499942541122 0.7763230204582214
vt 0.4392299950122833 0.9130160212516785
vt 0.8468919992446899 0.44479799270629883
vt 0.8427299857139587 0.49246498942375183
vt 0.8427299857139587 0.43786999583244324
vt 0.9122980237007141 0.5789499878883362
vt 0.9174609780311584 0.5808619856834412
vt 0.9174659848213196 0.5925300121307373
vt 0.9565669894218445 0.11214400082826614
vt 0.5729799866676331 0.5196959972381592
vt 0.5729870200157166 0.5167739987373352
vt 0.5617690086364746 0.9222180247306824
vt 0.8544170260429382 0.1460759937763214
vt 0.8544170260429382 0.2045149952173233
vt 0.8412590026855469 0.20028099417686462
vt 0.2506450116634369 0.9007760286331177
vt 0.24945899844169617 0.8981299996376038
vt 0.2506450116634369 0.8660299777984619
vt 0.5213000178337097 0.7467129826545715
vt 0.3115200102329254 0.9598150253295898
vt 0.3051320016384125 0.95735102891922
vt 0.3115150034427643 0.9460780024528503
vt 0.437269002199173 0.9049339890480042
vt 0.437269002199173 0.8706510066986084
vt 0.4379410147666931 0.8728770017623901
vt 0.20532700419425964 0.5167059898376465
vt 0.8512409925460815 0.552308976650238
vt 0.8512409925460815 0.5005480051040649
vt 0.8542479872703552 0.5419719815254211
vt 0.5686339735984802 0.9040769934654236
vt 0.567654013633728 0.9026060104370117
vt 0.5729820132255554 0.5602759718894958
vt 0.5729809999465942 0.5655660033226013
vt 0.11654999852180481 0.13326099514961243
vt 0.116566002368927 0.1256379932165146
vt 0.975492000579834 0.32158198952674866
vt 0.28575098514556885 0.08298700302839279
vt 0.39410901069641113 0.4801749885082245
vt 0.39656001329421997 0.4787040054798126
vt 0.7939649820327759 0.7229779958724976
vt 0.7945460081100464 0.714631974697113
vt 0.7952929735183716 0.7075939774513245
vt 0.19359999895095825 0.12564000487327576
vt 0.19992999732494354 0.1256369948387146
vt 0.9264540076255798 0.8000779747962952
vt 0.9135950207710266 0.771435022354126
vt 0.9905629754066467 0.9601929783821106
vt 0.5729820132255554 0.5572329759597778
vt 0.29360300302505493 0.004046999849379063
vt 0.3627449870109558 0.020718999207019806
vt 0.15137000381946564 0.4610399901866913
vt 0.23898600041866302 0.94821697473526
vt 0.24595999717712402 0.94821697473526
vt 0.23965799808502197 0.9586820006370544
vt 0.2192070037126541 0.6282910108566284
vt 0.6242409944534302 0.8810999989509583
vt 0.6240469813346863 0.8734089732170105
vt 0.3985219895839691 0.4762519896030426
vt 0.5480329990386963 0.5315070152282715
vt 0.5567139983177185 0.5331069827079773
vt 0.8480820059776306 0.1379929929971695
vt 0.7616590261459351 0.4762459993362427
vt 0.7596970200538635 0.4786979854106903
vt 0.9685720205307007 0.12292800098657608
vt 0.500819981098175 0.7728620171546936
vt 0.45474401116371155 0.6456980109214783
vt 0.4559670090675354 0.6417279839515686
vt 0.3050149977207184 0.8709669709205627
vt 0.30507001280784607 0.8653200268745422
vt 0.7376009821891785 0.8088629841804504
vt 0.737188994884491 0.8045420050621033
vt 0.7375900149345398 0.7416239976882935
vt 0.8529450297355652 0.3643450140953064
vt 0.8529450297355652 0.34325501322746277
vt 0.8533890247344971 0.3623729944229126
vt 0.1513720005750656 0.4610460102558136
vt 0.24523299932479858 0.9619399905204773
vt 0.40809598565101624 0.47330400347709656
vt 0.4095669984817505 0.4762459993362427
vt 0.12254399806261063 0.5819839835166931
vt 0.45451998710632324 0.8404809832572937
vt 0.9416120052337646 0.9712039828300476
vt 0.9396669864654541 0.9701949954032898
vt 0.28525298833847046 0.26147401332855225
vt 0.1963450014591217 0.4887470006942749
vt 0.5384389758110046 0.738631010055542
vt 0.5294439792633057 0.49270099401474
vt 0.5349910259246826 0.4912019968032837
vt 0.45406800508499146 0.823324978351593
vt 0.058449000120162964 0.7233290076255798
vt 0.2702380120754242 0.6525430083274841
vt 0.01727600023150444 0.6684139966964722
vt 0.8224560022354126 0.8004559874534607
vt 0.20742599666118622 0.4394649863243103
vt 0.21512000262737274 0.4393390119075775
vt 0.20755599439144135 0.4519760012626648
vt 0.8676949739456177 0.13739599287509918
vt 0.8662459850311279 0.13320599496364594
vt 0.8690189719200134 0.13320599496364594
vt 0.8581629991531372 0.13771900534629822
vt 0.8561639785766602 0.13524900376796722
vt 0.8581629991531372 0.13320599496364594
vt 0.04841500148177147 0.006008000113070011
vt 0.050866998732089996 0.0045369998551905155
vt 0.1948920041322708 0.6701380014419556
vt 0.1616870015859604 0.07367099821567535
vt 0.17149199545383453 0.07856900244951248
vt 0.9911220073699951 0.6510440111160278
vt 0.7631300091743469 0.47330400347709656
vt 0.21462799608707428 0.45172199606895447
vt 0.0567299984395504 0.9091290235519409
vt 0.08223199844360352 0.4610550105571747
vt 0.08369500190019608 0.2466149926185608
vt 0.9567530155181885 0.9606829881668091
vt 0.9587129950523376 0.9616609811782837
vt 0.9908270239830017 0.8198149800300598
vt 0.8698999881744385 0.819815993309021
vt 0.7570160031318665 0.802623987197876
vt 0.7461730241775513 0.724573016166687
vt 0.7570160031318665 0.7246590256690979
vt 0.20598900318145752 0.2466460019350052
vt 0.21463599801063538 0.24640800058841705
vt 0.20634600520133972 0.25375500321388245
vt 0.8527910113334656 0.05854300037026405
vt 0.09644699841737747 0.1332550048828125
vt 0.09321200102567673 0.1354379951953888
vt 0.5729809999465942 0.511368989944458
vt 0.961260974407196 0.5769969820976257
vt 0.20622499287128448 0.14258000254631042
vt 0.206277996301651 0.13508599996566772
vt 0.2146340012550354 0.1423490047454834
vt 0.30240699648857117 0.4566330015659332
vt 0.9027500152587891 0.6078839898109436
vt 0.883135974407196 0.6078839898109436
vt 0.9042149782180786 0.6049420237541199
vt 0.20570899546146393 0.5054020285606384
vt 0.20563699305057526 0.5007550120353699
vt 0.3340409994125366 0.9457449913024902
vt 0.3254610002040863 0.9469980001449585
vt 0.18786199390888214 0.7578679919242859
vt 0.18786199390888214 0.6782199740409851
vt 0.1881369948387146 0.7539770007133484
vt 0.9718030095100403 0.5876539945602417
vt 0.19397899508476257 0.132314994931221
vt 0.9703320264816284 0.5866730213165283
vt 0.9703320264816284 0.587162971496582
vt 0.9094259738922119 0.1075270026922226
vt 0.9090350270271301 0.10381300002336502
vt 0.9094259738922119 0.07609199732542038
vt 0.9112330079078674 0.014321000315248966
vt 0.9115610122680664 0.004040999803692102
vt 0.9115610122680664 0.03521899878978729
vt 0.8571889996528625 0.7825989723205566
vt 0.8497290015220642 0.7830460071563721
vt 0.8481960296630859 0.7342219948768616
vt 0.4213640093803406 0.8416339755058289
vt 0.4226270020008087 0.8117660284042358
vt 0.8853330016136169 0.12058299779891968
vt 0.8856909871101379 0.07841300219297409
vt 0.8865090012550354 0.08630099892616272
vt 0.044971998780965805 0.24235600233078003
vt 0.9353079795837402 0.04007299989461899
vt 0.30045801401138306 0.18448899686336517
vt 0.2145490050315857 0.24643799662590027
vt 0.9363430142402649 0.5968419909477234
vt 0.9361580014228821 0.6159989833831787
vt 0.08961799740791321 0.45319798588752747
vt 0.9678699970245361 0.48273101449012756
vt 0.21872399747371674 0.501209020614624
vt 0.06301099807024002 0.9503499865531921
vt 0.546521008014679 0.5396990180015564
vt 0.4542360007762909 0.8296980261802673
vt 0.7937480211257935 0.8031169772148132
vt 0.7937480211257935 0.7358430027961731
vt 0.7939339876174927 0.7988499999046326
vt 0.6738020181655884 0.8654040098190308
vt 0.21461300551891327 0.14237600564956665
vt 0.7761269807815552 0.23389700055122375
vt 0.9909859895706177 0.5005480051040649
vt 0.19625000655651093 0.6904230117797852
vt 0.976701021194458 0.6257979869842529
vt 0.8815799951553345 0.5471479892730713
vt 0.8278499841690063 0.7470120191574097
vt 0.8224560022354126 0.7470120191574097
vt 0.2009039968252182 0.2639380097389221
vt 0.728717029094696 0.8193449974060059
vt 0.7274929881095886 0.7575259804725647
vt 0.728717029094696 0.7538579702377319
vt 0.8331760168075562 0.3663960099220276
vt 0.806768000125885 0.02935199998319149
vt 0.8070080280303955 0.01565299928188324
vt 0.2617180049419403 0.18301799893379211
vt 0.277989000082016 0.22711299359798431
vt 0.20762999355793 0.45193299651145935
vt 0.890841007232666 0.5458899736404419
vt 0.08224999904632568 0.020718999207019806
vt 0.2725130021572113 0.03591400012373924
vt 0.04839399829506874 0.4787040054798126
vt 0.04643300175666809 0.4762519896030426
vt 0.10230900347232819 0.7719110250473022
vt 0.28260600566864014 0.9518550038337708
vt 0.9193009734153748 0.6753619909286499
vt 0.9124860167503357 0.6675140261650085
vt 0.9169020056724548 0.663640022277832
vt 0.19625000655651093 0.6985049843788147
vt 0.562749981880188 0.9026060104370117
vt 0.9174569845199585 0.5789499878883362
vt 0.7856659889221191 0.8242819905281067
vt 0.7712140083312988 0.5096790194511414
vt 0.7795600295066833 0.5038170218467712
vt 0.17492499947547913 0.07856900244951248
vt 0.21477200090885162 0.4206390082836151
vt 0.788847029209137 0.9565160274505615
vt 0.7908089756965637 0.9555370211601257
vt 0.9122980237007141 0.6006119847297668
vt 0.2702380120754242 0.4887470006942749
vt 0.7416689991950989 0.6098480224609375
vt 0.7372959852218628 0.6060010194778442
vt 0.7416689991950989 0.48874199390411377
vt 0.873773992061615 0.20229299366474152
vt 0.8730329871177673 0.20073799788951874
vt 0.8740590214729309 0.20189400017261505
vt 0.8481960296630859 0.7864810228347778
vt 0.03638400137424469 0.7944340109825134
vt 0.03443000093102455 0.7942709922790527
vt 0.03638400137424469 0.7161980271339417
vt 0.5188480019569397 0.4986090064048767
vt 0.5266029834747314 0.4934679865837097
vt 0.2857530117034912 0.03591400012373924
vt 0.2921279966831207 0.03836600109934807
vt 0.10230900347232819 0.7621049880981445
vt 0.5686339735984802 0.9222189784049988
vt 0.8077329993247986 0.5710819959640503
vt 0.8072440028190613 0.4774259924888611
vt 0.20517799258232117 0.5244269967079163
vt 0.6639509797096252 0.8511469960212708
vt 0.6639509797096252 0.7989320158958435
vt 0.6645640134811401 0.8064829707145691
vt 0.90898597240448 0.7157509922981262
vt 0.9081500172615051 0.7075669765472412
vt 0.90898597240448 0.6836479902267456
vt 0.7472410202026367 0.9682509899139404
vt 0.745294988155365 0.9672430157661438
vt 0.5552970170974731 0.7383360266685486
vt 0.5549499988555908 0.7379890084266663
vt 0.5552970170974731 0.7376419901847839
vt 0.21865400671958923 0.5929239988327026
vt 0.9711970090866089 0.1460759937763214
vt 0.9711970090866089 0.15784500539302826
vt 0.9653139710426331 0.15539300441741943
vt 0.9505320191383362 0.1721470057964325
vt 0.9480710029602051 0.16786600649356842
vt 0.950534999370575 0.171656996011734
vt 0.6885129809379578 0.8958079814910889
vt 0.1413400024175644 0.13277499377727509
vt 0.19699400663375854 0.021198000758886337
vt 0.09631200134754181 0.2566410005092621
vt 0.09916900098323822 0.2643220126628876
vt 0.9687460064888 0.15735399723052979
vt 0.2074030041694641 0.41200000047683716
vt 0.7332890033721924 0.9624109864234924
vt 0.7262110114097595 0.9626100063323975
vt 0.03613800182938576 0.5352770090103149
vt 0.03491999953985214 0.9527609944343567
vt 0.02483299933373928 0.9523620009422302
vt 0.03491999953985214 0.9390450119972229
vt 0.35537099838256836 0.44241800904273987
vt 0.4532420039176941 0.791953980922699
vt 0.4533970057964325 0.7978360056877136
vt 0.567654013633728 0.9231989979743958
vt 0.24107299745082855 0.655955970287323
vt 0.24107399582862854 0.4887470006942749
vt 0.26215600967407227 0.6098679900169373
vt 0.9584019780158997 0.41388198733329773
vt 0.7610359787940979 0.48874199390411377
vt 0.7601320147514343 0.5161190032958984
vt 0.7591230273246765 0.5068280100822449
vt 0.30769601464271545 0.9688770174980164
vt 0.10230900347232819 0.6890490055084229
vt 0.4000140130519867 0.011401999741792679
vt 0.7456830143928528 0.724573016166687
vt 0.7456830143928528 0.7235919833183289
vt 0.4529530107975006 0.7809439897537231
vt 0.4531260132789612 0.787542998790741
vt 0.3803969919681549 0.038860999047756195
vt 0.8209850192070007 0.747992992401123
vt 0.7372959852218628 0.7335420250892639
vt 0.7372959852218628 0.6179310083389282
vt 0.7374860048294067 0.7264969944953918
vt 0.03456500172615051 0.8973810076713562
vt 0.03456500172615051 0.8618929982185364
vt 0.03491999953985214 0.8932880163192749
vt 0.6175280213356018 0.8809570074081421
vt 0.9505379796028137 0.17116700112819672
vt 0.044982001185417175 0.011401999741792679
vt 0.04645400121808052 0.008460000157356262
vt 0.5729809999465942 0.5734649896621704
vt 0.572983980178833 0.5685409903526306
vt 0.733942985534668 0.8768730163574219
vt 0.7329660058021545 0.8356729745864868
vt 0.733942985534668 0.8323649764060974
vt 0.06459599733352661 0.038860999047756195
vt 0.2064020037651062 0.2538979947566986
vt 0.05844099819660187 0.7157089710235596
vt 0.9044039845466614 0.6649150252342224
vt 0.8964750170707703 0.639290988445282
vt 0.9044039845466614 0.6248130202293396
vt 0.6049739718437195 0.9498540163040161
vt 0.6049739718437195 0.9620109796524048
vt 0.6009740233421326 0.951466977596283
vt 0.05851700156927109 0.7568939924240112
vt 0.39412999153137207 0.0045369998551905155
vt 0.3965809941291809 0.006008000113070011
vt 0.9729660153388977 0.3225550055503845
vt 0.6738020181655884 0.8786439895629883
vt 0.9681850075721741 0.9160720109939575
vt 0.9662230014801025 0.9150909781455994
vt 0.04496200010180473 0.4733099937438965
vt 0.9692040085792542 0.6518470048904419
vt 0.9764900207519531 0.6528139710426331
vt 0.9698420166969299 0.5866730213165283
vt 0.9098569750785828 0.9092940092086792
vt 0.8932780027389526 0.8784289956092834
vt 0.9098569750785828 0.8692359924316406
vt 0.18509000539779663 0.5066750049591064
vt 0.26416999101638794 0.18448899686336517
vt 0.8657370209693909 0.7943390011787415
vt 0.09906899929046631 0.12611599266529083
vt 0.974856972694397 0.7352030277252197
vt 0.6632859706878662 0.5386360287666321
vt 0.644556999206543 0.5981730222702026
vt 0.5952749848365784 0.623075008392334
vt 0.4536939859390259 0.8091099858283997
vt 0.7738779783248901 0.5017269849777222
vt 0.7610359787940979 0.5748649835586548
vt 0.7376009821891785 0.7216470241546631
vt 0.9908999800682068 0.7098870277404785
vt 0.20318999886512756 0.25649699568748474
vt 0.10132800042629242 0.687578022480011
vt 0.18669399619102478 0.07856900244951248
vt 0.1896360069513321 0.07856900244951248
vt 0.8732870221138 0.16520600020885468
vt 0.20486600697040558 0.5402600169181824
vt 0.5583360195159912 0.9701979756355286
vt 0.5563740134239197 0.9692170023918152
vt 0.050845999270677567 0.4801749885082245
vt 0.20504599809646606 0.49783000349998474
vt 0.9751269817352295 0.9704909920692444
vt 0.8540610074996948 0.04306099936366081
vt 0.45489001274108887 0.8543519973754883
vt 0.04496200010180473 0.8806869983673096
vt 0.975517988204956 0.1920730024576187
vt 0.6600819826126099 0.540727972984314
vt 0.9686430096626282 0.05135200172662735
vt 0.9666820168495178 0.05037099868059158
vt 0.8641219735145569 0.3663020133972168
vt 0.863120973110199 0.33539000153541565
vt 0.8641219735145569 0.3331429958343506
vt 0.8550580143928528 0.48699700832366943
vt 0.8525840044021606 0.06106400117278099
vt 0.852512001991272 0.06272099912166595
vt 0.5776900053024292 0.8834720253944397
vt 0.5766170024871826 0.8767949938774109
vt 0.5776900053024292 0.8420850038528442
vt 0.4535129964351654 0.8022480010986328
vt 0.7937489748001099 0.6593120098114014
vt 0.5780379772186279 0.6527780294418335
vt 0.5729719996452332 0.6912339925765991
vt 0.5729719996452332 0.6526529788970947
vt 0.5727919936180115 0.9701979756355286
vt 0.5708310008049011 0.9692170023918152
vt 0.8917679786682129 0.004040999803692102
vt 0.5729780197143555 0.5439299941062927
vt 0.9667840003967285 0.156373992562294
vt 0.8278499841690063 0.8004559874534607
vt 0.9546539783477783 0.949213981628418
vt 0.9533119797706604 0.9388129711151123
vt 0.9603480100631714 0.9383749961853027
vt 0.8537600040435791 0.03411199897527695
vt 0.8546810150146484 0.03550000116229057
vt 0.5648900270462036 0.48874199390411377
vt 0.8534110188484192 0.050981998443603516
vt 0.3024100065231323 0.3590480089187622
vt 0.2009119987487793 0.12564200162887573
vt 0.7375530004501343 0.8195859789848328
vt 0.004040999803692102 0.7216280102729797
vt 0.1946830004453659 0.9152219891548157
vt 0.5346969962120056 0.48874199390411377
vt 0.5729849934577942 0.5281530022621155
vt 0.5729809999465942 0.5250309705734253
vt 0.4422380030155182 0.8036839962005615
vt 0.40809598565101624 0.5505080223083496
vt 0.4422380030155182 0.48874199390411377
vt 0.6603180170059204 0.7902190089225769
vt 0.6496139764785767 0.744949996471405
vt 0.6603180170059204 0.6932770013809204
vt 0.7579830288887024 0.5601000189781189
vt 0.23996500670909882 0.91463702917099
vt 0.974744975566864 0.5886340141296387
vt 0.9752359986305237 0.5886340141296387
vt 0.8427299857139587 0.5551779866218567
vt 0.8427299857139587 0.5005480051040649
vt 0.8431580066680908 0.5529810190200806
vt 0.08370999991893768 0.14267300069332123
vt 0.9648240208625793 0.1460759937763214
vt 0.296081006526947 0.9357460141181946
vt 0.2951050102710724 0.9323930144309998
vt 0.296081006526947 0.9158080220222473
vt 0.5729830265045166 0.5492759943008423
vt 0.9669899940490723 0.36427098512649536
vt 0.9650279879570007 0.363290011882782
vt 0.9666100144386292 0.12194699794054031
vt 0.8550599813461304 0.01827000081539154
vt 0.4080980122089386 0.011396000161767006
vt 0.40956899523735046 0.008453999646008015
vt 0.10690400004386902 0.39456799626350403
vt 0.562749981880188 0.9231989979743958
vt 0.3584649860858917 0.8330810070037842
vt 0.8853330016136169 0.07609199732542038
vt 0.5729799866676331 0.5330110192298889
vt 0.25534600019454956 0.13692599534988403
vt 0.8543810248374939 0.026551000773906708
vt 0.855301022529602 0.027939999476075172
vt 0.9712600111961365 0.4294770061969757
vt 0.9712600111961365 0.4200739860534668
vt 0.9785460233688354 0.4200829863548279
vt 0.9479069709777832 0.11274199932813644
vt 0.9897050261497498 0.7535790205001831
vt 0.45446598529815674 0.6339049935340881
vt 0.500819981098175 0.48874199390411377
vt 0.1940470039844513 0.12564200162887573
vt 0.7937489748001099 0.7277609705924988
vt 0.8736029863357544 0.20337599515914917
vt 0.8734890222549438 0.20269200205802917
vt 0.9757649898529053 0.6939460039138794
vt 0.855679988861084 0.010708999820053577
vt 0.8566009998321533 0.012097000144422054
vt 0.4872089922428131 0.9695370197296143
vt 0.8750540018081665 0.6097729802131653
vt 0.870639979839325 0.5938349962234497
vt 0.8750540018081665 0.563260018825531
vt 0.8518700003623962 0.05715399980545044
vt 0.7616609930992126 0.008453999646008015
vt 0.3041679859161377 0.9467970132827759
vt 0.3115200102329254 0.9467970132827759
vt 0.30416399240493774 0.9460780024528503
vt 0.5384389758110046 0.49027198553085327
vt 0.9079809784889221 0.8535829782485962
vt 0.9079809784889221 0.819815993309021
vt 0.9083679914474487 0.8509920239448547
vt 0.5107660293579102 0.7442049980163574
vt 0.5095239877700806 0.4934850037097931
vt 0.5107660293579102 0.48874199390411377
vt 0.567296028137207 0.8857219815254211
vt 0.5669860243797302 0.8815690279006958
vt 0.567296028137207 0.8420850038528442
vt 0.7631319761276245 0.011396000161767006
vt 0.05833100154995918 0.9506459832191467
vt 0.5729860067367554 0.5522879958152771
vt 0.9911220073699951 0.6669729948043823
vt 0.9009529948234558 0.07609699666500092
vt 0.0846799984574318 0.8978520035743713
vt 0.8864150047302246 0.13712599873542786
vt 0.8853330016136169 0.1352269947528839
vt 0.8864150047302246 0.1286650002002716
vt 0.411529004573822 0.4786979854106903
vt 0.41398000717163086 0.48016899824142456
vt 0.07242099940776825 0.86940997838974
vt 0.7572450041770935 0.48016899824142456
vt 0.8531399965286255 0.041673000901937485
vt 0.11337699741125107 0.8404480218887329
vt 0.11337699741125107 0.7942119836807251
vt 0.1135919988155365 0.8370969891548157
vt 0.9631249904632568 0.41387200355529785
vt 0.09309600293636322 0.24640199542045593
vt 0.09318400174379349 0.25376400351524353
vt 0.411531001329422 0.006002999842166901
vt 0.09335099905729294 0.14248299598693848
vt 0.8427299857139587 0.4297879934310913
vt 0.8427299857139587 0.3744780123233795
vt 0.8434739708900452 0.377716988325119
vt 0.058448001742362976 0.7131199836730957
vt 0.0992090031504631 0.13309000432491302
vt 0.39999300241470337 0.4733099937438965
vt 0.32890498638153076 0.9680089950561523
vt 0.8733180165290833 0.20377500355243683
vt 0.9907569885253906 0.6248130202293396
vt 0.9174659848213196 0.563260018825531
vt 0.8068069815635681 0.6652020215988159
vt 0.927852988243103 0.4913789927959442
vt 0.927852988243103 0.4714530110359192
vt 0.9389449954032898 0.48936301469802856
vt 0.39854300022125244 0.008460000157356262
vt 0.1879570037126541 0.8224570155143738
vt 0.1879570037126541 0.7659500241279602
vt 0.1881369948387146 0.8189039826393127
vt 0.757427990436554 0.7245820164680481
vt 0.3170489966869354 0.7483559846878052
vt 0.3170489966869354 0.6606259942054749
vt 0.3172909915447235 0.7452880144119263
vt 0.21489399671554565 0.4201740026473999
vt 0.2656889855861664 0.9518550038337708
vt 0.9673939943313599 0.1734669953584671
vt 0.9648240208625793 0.1736290007829666
vt 0.9648240208625793 0.165926992893219
vt 0.6020320057868958 0.9789199829101562
vt 0.6020320057868958 0.9700930118560791
vt 0.6049739718437195 0.9700930118560791
vt 0.8991619944572449 0.4097540080547333
vt 0.8991619944572449 0.3744780123233795
vt 0.9033899903297424 0.37574198842048645
vt 0.9906759858131409 0.29461100697517395
vt 0.6885129809379578 0.8487319946289062
vt 0.41398298740386963 0.004530999809503555
vt 0.20749600231647491 0.44043999910354614
vt 0.20066000521183014 0.256074994802475
vt 0.9505230188369751 0.17361900210380554
vt 0.9480710029602051 0.17360399663448334
vt 0.017278999090194702 0.6645209789276123
vt 0.7937489748001099 0.8824930191040039
vt 0.7937489748001099 0.8684279918670654
vt 0.7966629862785339 0.8767420053482056
vt 0.8680030107498169 0.5949400067329407
vt 0.09899099916219711 0.2563149929046631
vt 0.032249998301267624 0.3090600073337555
vt 0.5468680262565613 0.7383360266685486
vt 0.546521008014679 0.7379890084266663
vt 0.5468680262565613 0.7376419901847839
vt 0.3760389983654022 0.5854920148849487
vt 0.9752619862556458 0.5376279950141907
vt 0.9631249904632568 0.3881799876689911
vt 0.9580399990081787 0.38578298687934875
vt 0.9631249904632568 0.3744780123233795
vt 0.6657199859619141 0.5389339923858643
vt 0.8730329871177673 0.2041739970445633
vt 0.5617690086364746 0.9040769934654236
vt 0.7579830288887024 0.6047859787940979
vt 0.7588350176811218 0.5829470157623291
vt 0.7588350176811218 0.6098330020904541
vt 0.20759400725364685 0.4206419885158539
vt 0.2076359987258911 0.42061901092529297
vt 0.4543519914150238 0.8341090083122253
vt 0.8412590026855469 0.33517199754714966
vt 0.44064998626708984 0.9693970084190369
vt 0.36497899889945984 0.6158090233802795
vt 0.5861200094223022 0.6851950287818909
vt 0.5861200094223022 0.48874199390411377
vt 0.7688289880752563 0.9571329951286316
vt 0.9200379848480225 0.7342219948768616
vt 0.874343991279602 0.2014950066804886
vt 0.737280011177063 0.8189489841461182
vt 0.4503200054168701 0.656732976436615
vt 0.9193009734153748 0.660519003868103
vt 0.5089020133018494 0.49585700035095215
vt 0.8102089762687683 0.9574859738349915
vt 0.7937480211257935 0.8603450059890747
vt 0.7937480211257935 0.8111990094184875
vt 0.7945700287818909 0.8519660234451294
vt 0.9505289793014526 0.17263799905776978
vt 0.9505259990692139 0.17312799394130707
vt 0.757427990436554 0.7236009836196899
vt 0.4288170039653778 0.9883679747581482
vt 0.7941499948501587 0.565716028213501
vt 0.7937480211257935 0.561942994594574
vt 0.7941499948501587 0.48621198534965515
vt 0.8998439908027649 0.8611540198326111
vt 0.3172000050544739 0.7671679854393005
vt 0.3169809877872467 0.766510009765625
vt 0.3172000050544739 0.7660710215568542
vt 0.4226270020008087 0.854216992855072
vt 0.9692230224609375 0.6258530020713806
vt 0.19625000655651093 0.6823409795761108
vt 0.19625000655651093 0.6782199740409851
vt 0.1963450014591217 0.6816539764404297
vt 0.3640210032463074 0.7621049880981445
vt 0.9042149782180786 0.563260018825531
vt 0.9209970235824585 0.240773007273674
vt 0.9209970235824585 0.21259699761867523
vt 0.9218230247497559 0.23347100615501404
vt 0.5089020133018494 0.8179280161857605
vt 0.5089020133018494 0.7522879838943481
vt 0.5092729926109314 0.7550169825553894
vt 0.7497519850730896 0.5866519808769226
vt 0.7497519850730896 0.48874199390411377
vt 0.7499009966850281 0.5816699862480164
vt 0.7856659889221191 0.48621198534965515
vt 0.26372700929641724 0.9528329968452454
vt 0.9128789901733398 0.7770910263061523
vt 0.9164509773254395 0.8608779907226562
vt 0.9164509773254395 0.8558089733123779
vt 0.9177640080451965 0.860135018825531
vt 0.025217000395059586 0.9391729831695557
vt 0.16236400604248047 0.97052001953125
vt 0.16933000087738037 0.97052001953125
vt 0.16299599409103394 0.9809849858283997
vt 0.8913710117340088 0.26880601048469543
vt 0.8909860253334045 0.2668820023536682
vt 0.8913710117340088 0.26630499958992004
vt 0.8121700286865234 0.9584640264511108
vt 0.8732870221138 0.17452199757099152
vt 0.9659079909324646 0.4817509949207306
vt 0.9747520089149475 0.28898200392723083
vt 0.5928540229797363 0.6440209746360779
vt 0.7937480211257935 0.651229977607727
vt 0.7937480211257935 0.5737980008125305
vt 0.7939800024032593 0.6480540037155151
vt 0.27251100540161133 0.08298700302839279
vt 0.2806439995765686 0.9528340101242065
vt 0.9069390296936035 0.43786999583244324
vt 0.8331769704818726 0.004040999803692102
vt 0.1265770047903061 0.9883840084075928
vt 0.5069019794464111 0.87226802110672
vt 0.5069019794464111 0.82600998878479
vt 0.5092729926109314 0.8538600206375122
vt 0.34565600752830505 0.9680709838867188
vt 0.9911659955978394 0.27868300676345825
vt 0.9747920036315918 0.4016979932785034
vt 0.20596399903297424 0.2466830015182495
vt 0.8524900078773499 0.04959399998188019
vt 0.9603480100631714 0.952111005783081
vt 0.7668669819831848 0.9581109881401062
vt 0.9758419990539551 0.448168009519577
vt 0.37455499172210693 0.644340991973877
vt 0.8573430180549622 0.009825999848544598
o mesh_input
f 738/1 744/2 733/3 742/4
f 812/5 816/6 783/7 778/8
f 1590/9 1616/10 1404/11 1378/12
f 960/13 913/14 969/15 959/16
f 628/17 633/18 647/19 649/20
f 1714/21 1715/22 1479/23 1478/24
f 1360/25 1385/26 1597/27 1571/28
f 1073/29 1074/30 949/31 944/32
f 177/33 176/34 187/35 188/36
f 557/37 559/38 539/39 538/40
f 781/41 784/42 705/43 732/44
f 1437/45 1452/46 1311/47 1297/48
f 96/49 121/50 140/51 91/52
f 1224/53 1225/54 1125/55 1124/56
f 961/57 939/58 971/59 962/60
f 1136/61 1149/62 1150/63 1137/64
f 628/65 649/66 652/67 630/68
f 757/69 759/70 642/71 638/72
f 1264/73 1268/74 1269/75 1263/76
f 622/77 621/78 585/79 583/80
f 23/81 25/82 21/83 19/84
f 1369/85 1395/86 1607/87 1581/88
f 582/89 598/90 585/79 583/80
f 1596/91 1597/92 1385/93 1384/94
f 1055/95 1035/96 963/97 970/98
f 241/99 249/100 250/101 242/102
f 651/103 634/104 665/105 646/106
f 1214/107 1222/108 1187/109 1186/110
f 1091/111 1043/112 939/113 961/114
f 1052/115 1037/116 966/117 941/118
f 1576/119 1602/120 1390/121 1365/122
f 1506/123 1518/124 1741/125 1733/126
f 1474/127 1475/128 1321/129 1320/130
f 65/131 101/132 99/133 63/134
f 97/135 122/136 153/137 93/138
f 803/139 804/140 848/141 847/142
f 1216/143 1218/144 1195/145 1193/146
f 676/147 682/148 681/149 675/150
f 426/151 437/152 400/153 401/154
f 427/155 459/156 461/157 429/158
f 1109/159 1190/160 1191/161 1141/162
f 1223/163 1181/164 1180/165 1222/108
f 1415/166 1440/167 1439/168 1414/169
f 174/170 153/171 164/172 175/173
f 1478/174 1479/175 1325/176 1324/177
f 1510/178 1511/179 1704/180 1737/181
f 1355/182 1381/183 1593/184 1567/185
f 509/186 512/187 227/188 225/189
f 1066/190 1037/116 966/117 954/191
f 1331/192 1332/193 1359/194 1358/195
f 708/196 706/197 704/198 711/199
f 762/200 635/201 196/202 854/203
f 416/204 418/205 436/206 434/207
f 461/157 462/208 1776/209 429/158
f 674/210 713/211 715/212 676/213
f 404/214 407/215 394/216 392/217
f 1728/218 1744/219 1743/220 1727/221
f 917/222 938/223 905/224 912/225
f 222/226 246/227 291/228 281/229
f 809/230 823/231 740/232 736/233
f 1170/234 1171/235 1160/236 1159/237
f 910/238 934/239 932/240 921/241
f 95/242 116/243 139/244 90/245
f 174/246 175/247 69/248 88/249
f 180/250 179/251 129/252 135/253
f 655/254 656/255 613/256 612/257
f 108/258 47/259 51/260 112/261
f 1689/262 1637/263 1636/264 1688/265
f 707/266 712/267 687/268 686/269
f 558/270 553/271 517/272 524/273
f 1698/274 1704/275 1511/276 1499/277
f 366/278 367/279 371/280 370/281
f 1670/282 1671/283 1693/284 1692/285
f 1542/286 1568/287 1357/288 1330/289
f 1588/290 1614/291 1402/292 1376/293
f 1267/294 1273/295 1761/296 1752/297
f 1379/298 1380/299 1406/300 1405/301
f 1296/302 1310/303 1451/304 1436/305
f 545/306 547/307 551/308 544/309
f 686/310 698/311 706/312 707/313
f 59/314 98/315 132/316 128/317
f 1702/318 1708/319 1519/320 1507/321
f 1003/322 930/323 929/324 1002/325
f 526/326 533/327 534/328 527/329
f 935/330 929/331 928/332 923/333
f 277/334 278/335 219/336 218/337
f 1197/338 1184/339 1151/340 1143/341
f 1318/342 1319/343 1461/344 1460/345
f 1069/346 1021/347 1036/348 1064/349
f 1479/350 1481/351 1431/352 1325/353
f 760/354 774/355 791/356 787/357
f 1188/358 1193/359 1134/360 1140/361
f 1440/362 1455/363 1313/364 1299/365
f 1221/366 1185/367 1184/368 1220/369
f 1561/370 1665/371 1664/372 1560/373
f 54/374 98/315 132/316 131/375
f 1665/376 1587/377 1613/378 1687/379
f 638/380 642/381 576/382 574/383
f 646/384 665/385 634/386 651/387
f 128/388 132/389 118/390 138/391
f 1287/392 1469/393 1473/394 1291/395
f 162/396 147/397 122/398 163/399
f 108/400 109/401 1277/402 1276/403
f 794/404 789/405 786/406 797/407
f 716/408 718/409 768/410 1775/411
f 763/412 777/413 831/414 830/415
f 943/416 965/417 940/418 911/419
f 1403/420 1425/421 1637/422 1615/423
f 1644/424 1645/425 1649/426 1648/427
f 1072/428 1018/429 1037/430 1066/431
f 1520/432 1521/433 1742/434 1709/435
f 188/436 187/437 184/438 193/439
f 687/440 694/441 698/442 686/443
f 221/444 245/445 246/446 222/447
f 782/448 783/449 731/450 730/451
f 750/452 753/453 705/454 709/455
f 251/456 259/457 260/458 252/459
f 1491/460 1490/461 1494/462 1495/463
f 1089/464 1041/465 938/466 917/467
f 1131/468 1135/469 1194/470 1189/471
f 1285/472 1286/473 1468/474 1467/475
f 1432/476 1433/477 1293/478 1292/479
f 152/480 139/481 121/482 155/483
f 407/484 398/485 446/486 447/487
f 28/488 39/489 43/490 32/491
f 1019/492 981/493 938/494 1041/495
f 1739/496 1712/497 1722/498 1753/499
f 892/500 893/501 183/502 182/503
f 1701/504 1732/505 1505/506 1504/507
f 1087/508 1091/509 961/510 962/511
f 1326/512 1327/513 1539/514 1538/515
f 875/516 876/517 1779/518 816/519 815/520
f 820/521 827/522 734/523 743/524
f 1248/525 1265/526 1750/527 1748/528
f 800/529 801/530 1775/531 766/532
f 1522/533 1524/534 1746/535 1717/536
f 835/537 842/538 832/539 839/540
f 1433/541 1434/542 1449/543 1448/544
f 1476/545 1477/546 1323/547 1322/548
f 1610/549 1632/550 1420/551 1398/552
f 162/553 163/554 83/555 82/556
f 1076/557 1019/558 1041/559 1089/560
f 947/561 980/562 1018/563 1051/564
f 1308/565 1309/566 1450/567 1449/568
f 130/569 146/570 68/571 87/572
f 1117/573 1207/574 1200/575 1132/576
f 1087/577 1039/578 1025/579 1070/580
f 282/581 292/582 247/583 223/584
f 1650/585 1651/586 1673/587 1672/588
f 1544/589 1644/424 1648/427 1570/590
f 1558/591 1584/592 1372/593 1346/594
f 713/595 720/596 722/597 715/598
f 245/599 253/600 254/601 246/602
f 1436/603 1437/604 1297/605 1296/606
f 1713/607 1723/608 1485/609 1477/610
f 1200/611 1202/612 1136/613 1132/614
f 834/615 840/616 824/617 809/618
f 213/619 215/620 216/621 214/622
f 441/623 443/624 423/625 422/626
f 1129/627 1151/628 1152/629 1130/630
f 1582/631 1608/632 1396/633 1370/634
f 609/635 622/636 583/637 582/638
f 787/639 792/640 761/641 760/642
f 414/643 417/644 435/645 432/646
f 1751/647 1758/648 1270/649 1266/650
f 348/651 349/652 353/653 352/654
f 232/655 233/656 237/657 235/658
f 1772/659 1774/660 471/661 439/662
f 410/663 417/664 413/665 411/666
f 170/667 166/668 67/669 58/670
f 836/671 844/672 818/673 810/674
f 186/675 187/437 184/438 192/676
f 1133/677 1137/678 1203/679 1201/680
f 1237/681 1239/682 1238/683 1236/684
f 1502/685 1514/686 1739/687 1731/688
f 382/689 1780/690 420/691 383/692
f 171/693 165/694 172/695 169/696
f 16/697 18/698 22/699 20/700
f 1205/701 1217/702 1216/143 1204/703
f 50/704 111/705 115/706 53/707
f 508/708 514/709 572/710 564/711
f 88/712 93/713 153/714 174/715
f 1344/716 1345/717 1557/718 1556/719
f 173/720 153/171 164/172 168/721
f 1652/722 1653/723 1675/724 1674/725
f 1362/726 1363/727 1388/728 1387/729
f 126/730 123/731 117/732 137/733
f 1604/734 1626/735 1414/736 1392/737
f 1169/738 1170/739 1159/740 1161/741
f 912/742 905/743 1023/744 1075/745
f 1087/577 1039/578 1025/579 1070/580
f 1062/746 1033/747 1032/748 1082/749
f 111/705 110/750 114/751 115/706
f 1401/752 1423/753 1635/754 1613/755
f 1353/756 1379/757 1591/758 1565/759
f 1505/760 1517/761 1516/762 1504/763
f 1530/764 1532/765 1528/766 1526/767
f 1168/768 1171/769 1170/770 1169/771
f 1393/772 1394/773 1441/774 1440/167
f 735/775 739/776 733/777 741/778
f 756/779 758/780 860/781 858/782
f 261/783 290/784 291/785 262/786
f 1732/787 1733/788 1741/789 1740/790
f 437/791 425/792 397/793 400/794
f 451/795 456/796 447/797 438/798
f 696/799 698/311 706/312 708/800
f 271/801 267/802 237/803 233/804
f 825/805 822/806 826/807 817/808
f 125/809 123/731 117/732 133/810
f 137/811 117/812 176/34 178/813
f 563/814 564/815 572/816 561/817
f 1080/818 1027/819 1026/820 1079/821
f 1261/822 1256/823 1258/824 1246/825
f 1628/826 1629/827 1417/828 1416/829
f 1435/830 1436/831 1451/832 1450/833
f 1069/346 1021/347 1036/348 1064/349
f 279/834 280/835 221/836 220/837
f 681/838 683/839 723/840 721/841
f 1662/842 1663/843 1685/844 1684/845
f 277/846 287/847 288/848 278/849
f 1208/850 1220/369 1197/851 1191/852
f 1038/853 974/854 965/855 1034/856
f 1127/857 1129/858 1130/859 1128/860
f 1189/861 1206/862 1116/863 1131/864
f 1389/865 1411/866 1623/867 1601/868
f 80/869 95/870 90/871 56/872
f 1468/873 1286/874 1290/875 1472/876
f 567/877 509/878 225/879 212/880
f 1570/881 1596/91 1384/94 1359/882
f 470/883 477/884 458/885 476/886
f 766/887 773/888 772/889 765/890
f 479/891 525/892 527/893 481/894
f 398/895 403/896 449/897 446/898
f 1514/899 1515/900 1706/901 1739/902
f 104/903 172/904 123/905 100/906
f 1071/907 1066/908 954/909 909/910
f 649/911 647/912 643/913 652/914
f 1090/915 1042/916 972/917 967/918
f 909/919 964/920 1020/921 1071/922
f 937/923 968/924 1040/925 1088/926
f 1764/927 1765/928 1262/929 1274/930
f 69/931 105/932 106/933 71/934
f 561/935 572/936 580/937 584/938
f 1405/939 1427/940 1639/941 1617/942
f 1086/943 1070/944 955/945 956/946
f 459/947 466/948 468/949 461/950
f 1364/951 1365/952 1390/953 1389/954
f 536/955 540/956 498/957 494/958
f 1768/959 1782/960 666/961 623/962
f 1079/963 1026/964 925/965 919/966
f 1737/967 1751/968 1266/969 1264/73
f 149/970 140/971 120/972 151/973
f 1115/974 1121/975 1135/469 1131/468
f 707/976 706/197 704/198 712/977
f 1694/978 1696/979 1536/980 1534/981
f 882/982 891/983 900/984 902/985
f 1699/986 1730/987 1501/988 1500/989
f 74/990 104/991 100/992 61/993
f 554/994 553/995 517/996 523/997
f 1148/998 1154/999 1158/1000 1156/1001
f 1367/1002 1368/1003 1394/773 1393/772
f 507/1004 576/1005 642/1006 579/1007
f 315/1008 313/1009 269/1010 270/1011
f 962/1012 971/1013 1039/1014 1087/1015
f 49/1016 40/1017 44/1018 46/1019
f 710/1020 732/1021 705/454 709/455
f 257/1022 286/1023 287/1024 258/1025
f 1362/1026 1387/1027 1599/1028 1573/1029
f 1733/1030 1702/1031 1507/1032 1506/1033
f 1292/1034 1306/1035 1447/1036 1432/1037
f 1539/514 1643/1038 1642/1039 1538/515
f 1419/1040 1444/1041 1443/1042 1418/1043
f 201/1044 209/1045 231/1046 234/1047
f 1080/1048 1081/1049 922/1050 920/1051
f 721/841 723/840 775/1052 772/1053
f 204/1054 207/1055 208/1056 200/1057
f 1340/1058 1341/1059 1553/1060 1552/1061
f 428/1062 434/207 467/1063 460/1064
f 899/1065 903/1066 885/1067 886/1068
f 577/1069 580/1070 633/1071 631/1072
f 124/1073 129/252 116/1074 154/1075
f 1730/1076 1731/1077 1739/1078 1738/1079
f 1085/1080 1029/1081 1028/1082 1081/1083
f 134/1084 158/1085 70/1086 85/1087
f 1217/702 1219/1088 1218/144 1216/143
f 1438/1089 1439/168 1454/1090 1453/1091
f 565/1092 564/815 572/816 562/1093
f 1667/1094 1589/1095 1615/1096 1689/262
f 135/253 129/252 116/1074 161/1097
f 993/1098 989/1099 995/1100 987/1101
f 281/1102 282/1103 223/1104 222/1105
f 1144/1106 1152/1107 1185/1108 1198/1109
f 984/1110 992/1111 841/1112 834/1113
f 1278/1114 110/1115 111/1116 1279/1117
f 1490/1118 1466/1119 1470/1120 1494/1121
f 433/1122 436/206 469/1123 466/1124
f 30/1125 41/1126 45/1127 34/1128
f 1333/1129 1360/25 1571/28 1545/1130
f 1007/1131 861/1132 860/1133 1009/1134
f 951/1135 942/1136 968/1137 937/1138
f 673/1139 685/1140 684/1141 691/1142
f 1259/1143 1262/929 1765/928 1754/1144
f 1734/1145 1742/1146 1521/1147 1509/1148
f 408/1149 415/1150 433/1122 427/1151
f 991/1152 997/1153 992/1154 984/1155
f 55/1156 91/1157 140/1158 143/1159
f 284/1160 295/1161 302/1162 297/1163
f 1522/1164 1523/1165 1525/1166 1524/1167
f 1755/1168 1759/1169 1758/1170 1751/1171
f 445/1172 449/1173 452/1174 453/1175
f 1215/1176 1223/163 1222/108 1214/107
f 542/1177 549/1178 594/1179 588/1180
f 544/309 551/308 549/1181 542/1182
f 1713/1183 1740/1184 1754/1185 1723/1186
f 39/1187 48/1188 52/1189 43/1190
f 48/1188 109/1191 113/1192 52/1189
f 661/1193 664/1194 683/839 680/1195
f 1204/703 1216/143 1193/146 1188/1196
f 296/1197 304/1198 396/1199 393/1200
f 945/1201 939/58 971/59 948/1202
f 294/1203 340/1204 341/1205 295/1206
f 1572/1207 1598/1208 1386/1209 1361/1210
f 12/1211 14/1212 18/698 16/697
f 426/1213 437/1214 425/1215 442/1216
f 1683/1217 1631/1218 1630/1219 1682/1220
f 1294/1221 1295/1222 1309/1223 1308/1224
f 1411/1225 1435/830 1434/542 1410/1226
f 160/1227 127/1228 102/1229 72/1230
f 1482/1231 1483/1232 1721/1233 1720/1234
f 1560/373 1586/1235 1374/1236 1348/1237
f 987/1238 995/1239 838/1240 836/1241
f 718/409 719/1242 769/1243 768/410
f 702/1244 695/1245 1095/1246 1094/1247
f 956/1248 974/1249 1038/1250 1086/1251
f 1056/1252 1034/1253 965/1254 943/1255
f 70/1256 103/1257 98/1258 54/1259
f 1444/1260 1459/1261 1317/1262 1303/1263
f 518/1264 508/1265 564/1266 563/1267
f 141/1268 127/1228 102/1229 66/1269
f 169/696 172/695 104/991 74/990
f 1711/1270 1738/1271 1752/1272 1721/1273
f 691/1274 684/1275 634/1276 665/1277
f 1760/1278 1761/1279 1273/1280 1272/1281
f 462/1282 464/1283 484/1284 482/1285
f 1544/1286 1570/1287 1359/1288 1332/1289
f 600/1290 604/1291 560/1292 555/1293
f 785/1294 791/1295 891/1296 887/1297
f 521/1298 524/1299 517/996 523/997
f 1634/1300 1635/1301 1423/1302 1422/1303
f 1395/1304 1417/828 1629/827 1607/1305
f 168/721 164/172 105/932 73/1306
f 1336/1307 1337/1308 1549/1309 1548/1310
f 496/1311 497/1312 474/1313 473/1314
f 1065/1315 1034/1253 965/1254 904/1316
f 650/1317 643/1318 694/1319 687/1320
f 1626/735 1627/1321 1415/1322 1414/736
f 1618/1323 1640/1324 1428/1325 1406/1326
f 1407/1327 1429/1328 1641/1329 1619/1330
f 741/1331 733/1332 822/1333 825/1334
f 606/1335 607/1336 506/1337 504/1338
f 192/1339 184/1340 205/1341 203/1342
f 703/1343 695/1245 739/1344 735/1345
f 464/1283 465/1346 485/1347 484/1284
f 47/259 38/1348 42/1349 51/260
f 610/1350 617/1351 661/1193 653/1352
f 1724/1353 1763/1354 1762/1355 1753/499
f 297/1163 302/1162 381/1356 373/1357
f 19/84 21/83 17/1358 15/1359
f 828/1360 829/1361 776/1362 762/1363
f 645/1364 665/385 634/386 644/1365
f 1391/1366 1438/1089 1437/1367 1413/1368
f 676/147 682/148 680/1369 674/1370
f 567/1371 569/1372 568/1373 566/1374
f 1655/1375 1577/1376 1603/1377 1677/1378
f 1592/1379 1670/282 1692/285 1618/1380
f 1484/1381 1485/1382 1723/1383 1722/1384
f 20/700 22/699 26/1385 24/1386
f 1312/1387 1313/1388 1455/1389 1454/1390
f 762/1391 776/1392 639/1393 635/1394
f 249/100 257/1022 258/1025 250/101
f 736/233 740/232 734/1395 746/1396
f 1512/1397 1513/1398 1738/1399 1705/1400
f 460/1401 467/1402 468/949 461/950
f 1741/1403 1714/1404 1716/1405 1745/1406
f 1486/1407 1487/1408 1253/1409 1255/1410
f 239/1411 240/1412 204/1413 200/1414
f 673/1415 685/1416 644/1417 645/1418
f 644/1365 634/386 621/78 622/77
f 823/1419 827/522 734/523 740/1420
f 1620/1421 1621/1422 1409/1423 1408/1424
f 225/189 227/188 228/1425 226/1426
f 143/1427 144/1428 89/1429 55/1430
f 1134/360 1138/1431 1122/1432 1120/1433
f 1212/1434 1226/1435 1174/1436 1172/1437
f 568/1438 570/1439 215/620 213/619
f 1555/1440 1659/1441 1658/1442 1554/1443
f 653/1444 661/1445 663/1446 655/1447
f 1762/1448 1763/1449 1258/1450 1256/1451
f 1069/1452 1065/1453 904/1454 906/1455
f 711/1456 704/1457 752/1458 747/1459
f 234/1460 236/1461 206/1462 201/1463
f 41/1464 50/704 53/707 45/1465
f 953/1466 981/1467 1019/1468 1076/1469
f 72/1230 102/1229 107/1470 87/1471
f 714/1472 721/1473 722/597 715/598
f 610/1474 653/1475 655/254 612/257
f 1172/1476 1174/1477 1166/1478 1164/1479
f 1493/1480 1492/1481 1496/1482 1497/1483
f 1677/1378 1625/1484 1624/1485 1676/1486
f 715/598 722/597 718/1487 716/1488
f 821/1489 827/1490 820/1491 1770/1492
f 1645/425 1545/1493 1571/1494 1649/426
f 380/1495 379/1496 317/1497 313/1498
f 1777/1499 592/1500 615/1501 613/1502
f 130/1503 136/1504 119/1505 146/1506
f 1729/1507 1698/1508 1499/1509 1498/1510
f 662/1511 664/1194 683/839 681/838
f 75/1512 95/870 90/871 57/1513
f 550/1514 552/1515 597/1516 595/1517
f 1660/1518 1661/1519 1683/1217 1682/1220
f 950/1520 942/1136 968/1137 936/1521
f 1441/1522 1442/1523 1301/1524 1300/1525
f 607/1526 641/1527 575/1528 506/1529
f 625/1530 626/1531 603/1532 602/1533
f 559/38 560/1534 540/1535 539/39
f 934/239 869/1536 868/1537 933/1538
f 1021/1539 940/1540 942/1541 1036/1542
f 316/1543 296/1544 393/1545 394/1546
f 1352/1547 1353/756 1565/759 1564/1548
f 944/1549 969/1550 1022/1551 1073/1552
f 1086/1553 1038/1554 1034/1555 1065/1556
f 1005/1557 932/1558 931/1559 1004/1560
f 131/1561 157/1562 64/1563 54/1564
f 1236/1565 1238/1566 1230/1567 1228/1568
f 314/1569 296/1544 393/1545 395/1570
f 1387/729 1388/728 1434/542 1433/541
f 144/1571 120/972 94/1572 89/1573
f 629/1574 633/18 647/19 648/1575
f 27/1576 28/488 32/491 31/1577
f 1324/1578 1430/1579 1480/1580 1478/1581
f 505/1582 36/1583 52/1584 113/1585
f 1612/1586 1634/1587 1422/1588 1400/1589
f 1508/1590 1520/1591 1709/1592 1703/1593
f 1058/1594 1042/916 972/917 973/1595
f 1320/1596 1462/1597 1482/1598 1474/1599
f 967/1600 972/1601 980/1602 952/1603
f 1671/283 1593/1604 1619/1605 1693/284
f 1298/1606 1312/1607 1454/1608 1439/1609
f 1338/1610 1339/1611 1551/1612 1550/1613
f 680/1195 683/839 723/840 720/1614
f 467/1063 469/1123 490/1615 488/1616
f 868/1617 869/1618 341/1205 340/1204
f 1553/1060 1657/1619 1656/1620 1552/1061
f 1229/1621 1231/1622 1239/1623 1237/1624
f 817/1625 835/1626 839/1627 825/1628
f 1552/1061 1578/1629 1366/1630 1340/1058
f 1371/1631 1397/1632 1609/1633 1583/1634
f 1057/1635 1068/1636 918/1637 908/1638
f 908/1639 905/743 1023/744 1057/1640
f 103/1641 119/1642 132/1643 98/1644
f 235/658 237/657 207/1645 199/1646
f 1304/1647 1305/1648 1319/1649 1318/1650
f 1155/1651 1157/1652 1153/1653 1147/1654
f 208/1655 207/1656 185/1657 191/1658
f 632/1659 631/1660 633/1661 629/1662
f 690/1663 692/1664 669/1665 668/1666
f 1608/1667 1630/1668 1418/1669 1396/1670
f 131/1671 132/389 118/390 157/1672
f 240/1673 237/657 207/1645 204/1674
f 1250/1675 1255/1676 1253/1677 1245/1678
f 1331/1679 1358/1680 1569/1681 1543/1682
f 1135/469 1139/1683 1196/1684 1194/470
f 1725/1685 1735/1686 1696/979 1694/978
f 532/1687 535/1688 552/1515 549/1178
f 272/1689 273/1690 275/1691 266/1692
f 1397/1632 1419/1693 1631/1694 1609/1633
f 1102/1695 1105/1696 1106/1697 1104/1698 1103/1699
f 637/1700 641/1701 758/780 756/779
f 573/1702 575/1703 641/1704 637/1705
f 797/407 786/406 753/453 750/452
f 1480/1706 1481/1707 1523/1708 1522/1709
f 1550/1613 1576/1710 1365/1711 1338/1610
f 1314/1712 1315/1713 1457/1714 1456/1715
f 1141/1716 1143/341 1129/858 1127/857
f 1013/1717 1001/1718 1000/1719 1012/1720
f 454/1721 455/1722 437/152 426/151
f 374/1723 380/1724 379/1725 386/1726
f 105/1727 164/1728 167/1729 106/1730
f 955/1731 916/1732 974/1733 956/1734
f 1277/402 109/401 110/1115 1278/1114
f 1206/1735 1224/1736 1124/1737 1116/1738
f 1296/1739 1297/1740 1311/1741 1310/1742
f 1771/1743 271/1744 233/656 239/1745
f 313/1498 317/1497 267/1746 269/1747
f 247/1748 255/1749 256/1750 248/1751
f 983/1752 893/1753 892/1754 982/1755
f 1059/1756 1022/1757 1042/1758 1058/1759
f 1518/1760 1519/1761 1708/1762 1741/1763
f 1067/1764 1031/1765 1030/1766 1084/1767
f 150/1768 156/1769 79/1770 78/1771
f 1156/1001 1158/1000 1167/1772 1165/1773
f 478/1774 492/1775 491/1776 486/1777
f 1072/1778 1090/1779 967/1780 952/1781
f 1088/1782 1064/1783 951/1784 937/1785
f 1504/1786 1516/1787 1707/1788 1701/1789
f 238/1790 229/1791 273/1792 272/1793
f 1567/185 1671/1794 1670/1795 1566/1796
f 1184/1797 1185/1798 1152/629 1151/628
f 1574/1799 1652/722 1674/725 1600/1800
f 648/1801 647/912 643/913 650/1802
f 1562/1803 1588/1804 1376/1805 1350/1806
f 611/1807 618/1808 662/1511 654/1809
f 519/1810 508/1265 564/1266 565/1811
f 374/1812 380/1813 313/1009 315/1008
f 109/1191 108/1814 112/1815 113/1192
f 1306/1816 1307/1817 1448/1818 1447/1819
f 1073/1820 1022/1757 1042/1758 1090/1821
f 831/1822 759/1823 861/1132 1007/1131
f 904/1824 965/417 940/418 906/1825
f 923/1826 928/1827 1029/1828 1085/1829
f 1478/1581 1480/1580 1716/1830 1714/1831
f 1669/1832 1591/1833 1617/1834 1691/1835
f 110/1836 49/1016 46/1019 114/1837
f 373/1357 381/1356 415/1150 408/1149
f 154/1075 116/1074 95/870 80/869
f 156/1838 122/398 97/1839 79/1840
f 787/1841 791/1842 785/1843 792/1844
f 143/1845 140/971 120/972 144/1571
f 720/1614 723/840 775/1052 771/1846
f 152/1847 155/1848 81/1849 56/1850
f 1358/1851 1383/1852 1595/1853 1569/1854
f 429/1855 435/1856 434/1857 428/1858
f 368/1859 369/1860 377/1861 375/1862
f 1261/822 1256/823 1258/824 1246/825
f 1074/1863 1024/1864 913/1865 949/1866
f 1335/1867 1362/1868 1573/1869 1547/1870
f 1228/1568 1230/1567 1231/1871 1229/1872
f 764/1873 771/1846 805/1874 798/1875
f 1369/1876 1370/1877 1396/1878 1395/1879
f 593/1880 596/1881 619/1882 616/1883
f 751/1884 754/1885 791/1886 790/1887
f 715/212 716/1888 1778/1889 676/213
f 297/1890 318/1891 319/1892 298/1893
f 1187/1894 1180/1895 1113/1896 1111/1897
f 648/1898 650/1899 632/1900 629/1901
f 375/1862 377/1861 416/204 409/1902
f 1498/1903 1510/1904 1737/1905 1729/1906
f 973/1907 972/1601 980/1602 947/1908
f 613/1909 615/1910 619/1911 612/1912
f 587/1913 577/1914 631/1915 632/1916
f 586/1917 577/1914 631/1915 630/1918
f 1643/1919 1543/1920 1569/1921 1647/1922
f 1647/1922 1595/1923 1594/1924 1646/1925
f 1395/1879 1396/1878 1443/1042 1442/1926
f 1180/1927 1181/1928 1114/1929 1113/1930
f 1664/1931 1665/376 1687/379 1686/1932
f 666/1933 670/1934 627/1935 623/1936
f 504/1338 506/1337 507/1937 505/1938
f 306/1939 304/1940 296/1941 316/1942
f 1576/1943 1654/1944 1676/1486 1602/1945
f 898/1946 903/1066 885/1067 883/1947
f 1327/513 1331/1948 1543/1949 1539/514
f 1435/1950 1450/1951 1309/1952 1295/1953
f 1598/1954 1620/1421 1408/1424 1386/1955
f 479/1956 487/1957 532/1687 525/1958
f 582/638 583/637 554/1959 541/1960
f 481/1961 489/1962 487/1963 479/1964
f 67/1965 104/991 100/992 60/1966
f 443/624 444/1967 424/1968 423/625
f 862/1969 880/1970 897/1971 894/1972
f 1487/1973 1489/1974 1275/1975 1253/1976
f 1389/954 1390/953 1436/831 1435/830
f 1654/1944 1655/1375 1677/1378 1676/1486
f 76/1977 96/1978 91/1979 62/1980
f 438/1981 449/1173 452/1174 451/1982
f 1192/1983 1198/1109 1221/1984 1209/1985
f 492/1986 491/1987 458/885 455/1988
f 530/1989 531/1990 548/1991 547/1992
f 801/1993 803/139 847/142 846/1994
f 193/1995 184/1340 205/1341 206/1996
f 506/1529 575/1528 576/1005 507/1004
f 1304/1997 1318/1998 1460/1999 1445/2000
f 766/887 773/888 771/2001 764/2002
f 225/879 226/2003 197/2004 212/880
f 523/997 517/996 491/1987 492/1986
f 219/2005 243/2006 244/2007 220/2008
f 1711/2009 1721/2010 1483/2011 1475/2012
f 837/2013 845/2014 833/2015 843/2016
f 1527/2017 1529/2018 1533/2019 1531/2020
f 60/2021 100/2022 123/2023 125/2024
f 94/2025 120/2026 147/2027 92/2028
f 1421/2029 1446/2030 1445/2031 1420/2032
f 1614/2033 1636/2034 1424/2035 1402/2036
f 1566/1796 1592/2037 1380/2038 1354/2039
f 285/2040 294/2041 286/2042 276/2043
f 747/2044 752/2045 754/2046 751/2047
f 609/2048 622/2049 621/2050 608/2051
f 1093/2052 1098/2053 997/2054 991/2055
f 1687/379 1635/2056 1634/2057 1686/1932
f 1586/2058 1664/1931 1686/1932 1612/2059
f 541/1960 554/1959 523/2060 521/2061
f 1700/2062 1701/2063 1707/2064 1706/2065
f 1094/2066 1095/2067 1098/2068 1093/2069
f 617/1351 620/2070 664/1194 661/1193
f 543/2071 550/1514 595/1517 589/2072
f 220/2073 244/2074 289/2075 279/2076
f 996/2077 997/2078 833/2079 845/2080
f 949/2081 913/14 969/15 944/2082
f 843/2016 833/2015 827/2083 821/2084
f 584/2085 580/2086 577/2087 586/2088
f 411/2089 413/2090 431/2091 1776/2092
f 976/2093 982/1755 903/2094 898/2095
f 78/2096 92/2097 147/2098 150/2099
f 408/2100 415/2101 417/664 410/663
f 1341/1059 1367/2102 1579/2103 1553/1060
f 450/2104 452/2105 503/2106 501/2107
f 975/2108 963/2109 982/1755 977/2110
f 1343/2111 1369/2112 1581/2113 1555/1440
f 755/2114 672/2115 642/1006 759/1823
f 1186/2116 1187/1894 1111/1897 1110/2117
f 1048/2118 1038/1554 1034/1555 1056/2119
f 856/2120 857/2121 786/2122 789/2123
f 776/2124 758/2125 641/1527 639/2126
f 859/2127 861/2128 759/70 757/69
f 1246/2129 1258/2130 1763/2131 1724/2132
f 527/893 528/2133 482/2134 481/894
f 674/2135 680/1195 720/1614 713/2136
f 1391/1366 1392/2137 1439/168 1438/1089
f 1240/2138 1242/2139 1234/2140 1232/2141
f 618/1808 620/2070 664/1194 662/1511
f 1349/2142 1375/2143 1587/2144 1561/370
f 1702/2145 1703/2146 1709/2147 1708/2148
f 792/2149 785/2150 887/2151 884/2152
f 1201/2153 1203/2154 1202/2155 1200/2156
f 29/2157 30/1125 34/1128 33/2158
f 1740/2159 1741/2160 1250/2161 1252/2162
f 790/2163 791/1842 785/1843 793/2164
f 84/2165 106/2166 167/2167 159/2168
f 401/154 400/153 380/1813 374/1812
f 214/2169 216/2170 571/2171 569/2172
f 145/2173 148/2174 76/2175 57/2176
f 1557/718 1661/2177 1660/2178 1556/719
f 562/2179 572/936 580/937 581/2180
f 1474/1599 1482/1598 1720/2181 1710/2182
f 709/455 705/454 684/2183 685/2184
f 454/2185 477/884 458/885 455/1988
f 1268/2186 1271/2187 1759/2188 1755/2189
f 1276/2190 1277/2191 1281/2192 1280/2193
f 1476/2194 1484/2195 1722/2196 1712/2197
f 1659/2198 1581/2199 1607/2200 1681/2201
f 1316/2202 1317/2203 1459/2204 1458/2205
f 1516/2206 1517/2207 1740/2208 1707/2209
f 637/2210 858/2211 757/2212 574/2213
f 1741/2214 1745/2215 1257/2216 1250/1675
f 281/2217 291/2218 292/582 282/581
f 1685/844 1633/2219 1632/2220 1684/845
f 82/2221 92/2097 147/2098 162/2222
f 447/2223 446/2224 449/2225 438/2226
f 1755/2227 1756/2228 1269/2229 1268/2230
f 217/2231 241/2232 242/2233 218/2234
f 1666/2235 1667/1094 1689/262 1688/265
f 1616/2236 1638/2237 1426/2238 1404/2239
f 533/2240 535/1688 552/1515 550/1514
f 404/2241 403/2242 398/2243 407/2244
f 1257/2216 1260/2245 1249/2246 1255/1676
f 1783/2247 726/2248 727/2249 688/2250
f 655/1447 663/1446 659/2251 656/2252
f 66/1269 102/1229 107/1470 85/2253
f 1640/2254 1641/2255 1429/2256 1428/2257
f 1592/2258 1618/1323 1406/1326 1380/2259
f 276/2043 286/2042 241/2232 217/2231
f 504/2260 505/1582 113/1585 112/2261
f 1023/2262 905/2263 913/2264 1024/2265
f 466/1124 469/1123 490/1615 487/1957
f 594/1179 597/1516 620/2070 617/1351
f 395/2266 393/2267 396/2268 391/2269
f 85/2270 107/2271 136/2272 134/2273
f 229/2274 231/2275 275/2276 273/2277
f 1039/2278 971/2279 916/2280 1025/2281
f 574/383 576/382 575/1703 573/1702
f 79/1840 97/1839 93/2282 88/2283
f 858/2284 860/2285 861/2128 859/2127
f 1345/717 1371/2286 1583/2287 1557/718
f 133/2288 117/812 176/34 177/33
f 1691/1835 1639/2289 1638/2290 1690/2291
f 1437/1367 1438/1089 1453/1091 1452/2292
f 988/2293 989/2294 990/2295 985/2296
f 1377/2297 1403/420 1615/423 1589/2298
f 645/1418 644/1417 622/636 609/635
f 145/2299 139/481 121/482 148/2300
f 505/2301 507/2302 579/2303 578/2304
f 920/2305 926/2306 1027/2307 1080/2308
f 541/2309 554/2310 553/2311 558/2312
f 1085/2313 1084/2314 935/2315 923/2316
f 1132/614 1136/613 1137/2317 1133/2318
f 181/2319 179/251 129/252 124/1073
f 570/2320 571/2321 216/2322 215/2323
f 516/2324 514/2325 508/2326 519/2327
f 588/2328 594/2329 596/2330 590/2331
f 243/2332 251/456 252/459 244/2333
f 1434/2334 1435/2335 1295/2336 1294/2337
f 1233/2338 1235/2339 1243/2340 1241/2341
f 1104/2342 1106/2343 1112/2344 1109/2345
f 1300/2346 1301/2347 1315/2348 1314/2349
f 202/2350 199/2351 207/1055 208/1056
f 226/2352 228/2353 513/2354 511/2355
f 1302/2356 1303/2357 1317/2358 1316/2359
f 1656/2360 1657/2361 1679/2362 1678/2363
f 270/2364 269/2365 267/2366 271/2367
f 1238/2368 1239/2369 1231/2370 1230/2371
f 1373/2372 1399/2373 1611/2374 1585/2375
f 745/2376 734/1395 700/2377 701/2378
f 478/2379 492/2380 455/1722 454/1721
f 1084/2381 1030/2382 929/2383 935/2384
f 1075/2385 1023/2386 1024/2387 1074/2388
f 202/2389 199/2390 194/2391 189/2392
f 1191/2393 1197/338 1143/341 1141/1716
f 1279/2394 1287/2395 1291/2396 1283/2397
f 138/391 118/390 101/132 65/131
f 896/2398 868/1617 340/1204 303/2399
f 1492/2400 1468/873 1472/876 1496/2401
f 819/2402 822/2403 733/2404 744/2405
f 1190/2406 1199/2407 1223/163 1215/1176
f 612/1912 619/1911 617/2408 610/2409
f 1100/2410 1107/2411 1108/2412 1101/2413
f 635/1394 639/1393 607/1336 606/1335
f 712/2414 704/2415 770/2416 761/2417
f 1350/1806 1351/2418 1563/2419 1562/1803
f 578/2304 579/2303 640/2420 636/2421
f 362/2422 363/2423 367/279 366/278
f 1477/610 1485/609 1465/2424 1323/2425
f 381/1356 378/2426 418/205 415/1150
f 401/2427 419/2428 397/793 400/794
f 56/2429 90/2430 139/2431 152/2432
f 1342/2433 1343/2111 1555/1440 1554/1443
f 1559/2434 1663/2435 1662/2436 1558/591
f 1213/2437 1227/2438 1226/1435 1212/1434
f 1501/2439 1513/2440 1512/2441 1500/2442
f 748/2443 755/2444 777/413 763/412
f 1658/2445 1659/2198 1681/2201 1680/2446
f 1367/2447 1393/2448 1605/2449 1579/2450
f 853/2451 856/2452 789/405 788/2453
f 1540/2454 1544/2455 1332/2456 1328/2457
f 1051/2458 1018/429 1037/430 1052/2459
f 1165/1773 1167/1772 1175/2460 1173/2461
f 265/2462 267/2366 271/2367 1771/2463
f 1556/719 1582/2464 1370/2465 1344/716
f 1778/2466 678/2467 682/148 676/147
f 149/2468 151/2469 77/2470 62/2471
f 1745/2472 1749/2473 1260/2474 1257/2475
f 390/2476 372/2477 381/2478 373/2479
f 195/2480 185/2481 179/251 180/250
f 884/2482 887/2483 891/2484 877/2485
f 1657/2361 1579/2486 1605/2487 1679/2362
f 654/2488 662/2489 663/1446 655/1447
f 727/2490 731/2491 693/2492 688/2493
f 434/207 436/206 469/1123 467/1063
f 268/2494 275/2495 304/2496 306/2497
f 528/2498 530/1989 547/1992 545/2499
f 1071/2500 1020/2501 1043/2502 1091/2503
f 761/2504 770/2505 774/2506 760/2507
f 48/2508 39/2509 40/2510 49/2511
f 810/2512 819/2513 744/2 738/1
f 1337/1308 1364/2514 1575/2515 1549/1309
f 1444/1041 1445/2031 1460/2516 1459/2517
f 830/2518 831/2519 1007/2520 1006/2521
f 166/2522 172/695 104/991 67/1965
f 194/2523 185/2481 179/251 181/2319
f 919/2524 925/2525 933/1538 924/2526
f 1464/2527 1465/2528 1485/2529 1484/2530
f 497/1312 498/2531 475/2532 474/1313
f 1752/1272 1761/2533 1760/2534 1756/2535
f 915/2536 931/2537 930/2538 914/2539
f 837/2540 843/2541 821/2542 1770/2543
f 493/2544 503/2545 514/2546 516/2547
f 315/2548 327/2549 317/1497 313/1498
f 660/2550 663/2551 682/2552 679/2553
f 1584/2554 1662/842 1684/845 1610/2555
f 1284/2556 1276/2190 1280/2193 1288/2557
f 1278/2558 1279/2394 1283/2397 1282/2559
f 218/2560 242/2561 287/2562 277/2563
f 58/2564 99/2565 165/2566 170/2567
f 1462/2568 1463/2569 1483/2570 1482/2571
f 1379/2572 1405/2573 1617/2574 1591/2575
f 1329/2576 1333/2577 1545/2578 1541/2579
f 612/1912 619/1911 618/2580 611/2581
f 274/2582 273/1690 275/1691 268/2583
f 253/600 261/783 262/786 254/601
f 1467/2584 1491/460 1495/463 1471/2585
f 1105/2586 1113/1930 1114/1929 1106/2587
f 1328/2457 1329/2576 1541/2579 1540/2454
f 1446/2588 1461/2589 1319/2590 1305/2591
f 1606/2592 1628/2593 1416/2594 1394/2595
f 1117/2596 1125/2597 1225/2598 1207/2599
f 1636/2034 1637/2600 1425/2601 1424/2035
f 81/2602 96/1978 91/1979 55/2603
f 1112/2344 1114/2604 1181/2605 1199/2606
f 836/1241 838/1240 832/2607 844/2608
f 742/2609 733/1332 822/1333 818/2610
f 269/1747 267/1746 237/657 235/658
f 420/2611 424/2612 389/2613 383/2614
f 1773/2615 1784/2616 536/2617 494/2618
f 846/2619 847/2620 881/2621 879/2622
f 1310/2623 1311/2624 1452/2625 1451/2626
f 1139/1683 1146/2627 1183/2628 1196/1684
f 581/2629 580/2086 577/2087 587/2630
f 224/2631 248/2632 293/2633 283/2634
f 415/1150 418/205 436/206 433/1122
f 1371/2635 1372/2636 1398/2637 1397/2638
f 1/2639 5/2640 6/2641 2/2642
f 1704/2643 1705/2644 1711/1270 1710/2645
f 338/2646 339/2647 345/2648 344/2649
f 1754/1185 1765/2650 1764/2651 1757/2652
f 1203/2154 1179/2653 1178/2654 1202/2155
f 1673/587 1621/2655 1620/2656 1672/588
f 1009/1134 860/1133 758/2125 829/2657
f 11/2658 13/2659 5/2640 1/2639
f 954/2660 966/2661 964/2662 909/2663
f 521/2061 523/2060 492/2380 478/2379
f 737/2664 743/2665 734/1395 745/2376
f 129/252 182/2666 183/2667 117/732
f 566/2668 568/1438 213/619 211/2669
f 73/1306 105/932 106/933 84/2670
f 922/2671 927/2672 926/2673 920/2674
f 163/399 122/398 97/1839 83/2675
f 142/2676 141/2677 66/2678 71/2679
f 1417/2680 1442/1926 1441/774 1416/2681
f 1737/2682 1710/2645 1720/2683 1751/1171
f 839/2684 832/2685 989/2686 988/2687
f 531/2688 534/2689 551/2690 548/2691
f 1408/2692 1409/2693 1433/541 1432/2694
f 1387/1027 1409/2695 1621/2696 1599/1028
f 142/2697 167/2698 127/1228 141/1268
f 161/1097 116/1074 95/870 75/1512
f 1339/1611 1356/2699 1577/2700 1551/1612
f 364/2701 365/2702 369/1860 368/1859
f 1531/2020 1533/2019 1537/2703 1535/2704
f 1466/1119 1284/2705 1288/2706 1470/1120
f 1769/2707 1767/2708 600/2709 555/2710
f 527/329 534/328 530/2711 528/2712
f 386/2713 379/2714 317/2715 327/2716
f 1051/2717 1058/2718 973/2719 947/2720
f 1535/2721 1537/2722 1697/2723 1695/2724
f 764/2725 798/2726 800/529 766/532
f 1121/975 1123/2727 1139/1683 1135/469
f 1298/2728 1299/2729 1313/2730 1312/2731
f 1011/2732 999/2733 998/2734 1010/2735
f 1572/2736 1650/585 1672/588 1598/2737
f 817/2738 826/2739 842/2740 835/2741
f 710/2742 709/2743 685/1416 673/1415
f 1580/2744 1606/2592 1394/2595 1368/2745
f 840/2746 833/2015 827/2083 824/2747
f 409/2748 416/2749 417/664 410/663
f 1142/2750 1144/1106 1198/1109 1192/1983
f 1524/2751 1525/2752 1747/2753 1746/2754
f 1022/2755 969/2756 972/2757 1042/2758
f 1109/2345 1112/2344 1199/2606 1190/2759
f 1541/2579 1645/2760 1644/2761 1540/2454
f 992/2762 997/2078 833/2079 841/2763
f 173/2764 168/2765 73/2766 86/2767
f 1059/2768 1054/2769 960/2770 959/2771
f 692/1664 693/2772 670/2773 669/1665
f 427/1151 433/1122 466/1124 459/2774
f 429/1855 435/1856 433/2775 427/2776
f 259/457 288/2777 289/2778 260/458
f 1252/2779 1259/2780 1754/2781 1740/2782
f 306/2783 316/2784 274/2785 268/2786
f 448/2787 446/2224 449/2225 445/2788
f 184/2789 187/2790 209/2791 205/2792
f 1548/1310 1574/2793 1363/2794 1336/1307
f 1364/2795 1389/865 1601/868 1575/2796
f 1068/2797 1041/465 938/466 918/2798
f 1348/1237 1349/2142 1561/370 1560/373
f 1693/284 1641/2799 1640/2800 1692/285
f 1292/2801 1293/2802 1307/2803 1306/2804
f 1500/2805 1512/2806 1705/2807 1699/2808
f 159/2809 167/2698 127/1228 160/1227
f 1182/2810 1183/2811 1146/2812 1145/2813
f 994/2814 997/2815 996/2816 986/2817
f 278/849 288/848 243/2006 219/2005
f 1178/2818 1179/2819 1150/63 1149/62
f 455/1988 458/885 425/792 437/791
f 263/2820 292/2821 293/2822 264/2823
f 442/2824 425/2825 397/2826 419/2827
f 959/2828 969/1550 1022/1551 1059/2829
f 1391/2830 1413/2831 1625/2832 1603/2833
f 1164/1479 1166/1478 1157/1652 1155/1651
f 211/2669 213/619 214/622 212/2834
f 626/1531 627/2835 604/2836 603/1532
f 1719/2837 1748/2838 1750/2839 1747/2840
f 1706/2065 1707/2064 1713/1183 1712/497
f 1509/2841 1521/2842 1520/2843 1508/2844
f 406/2845 398/485 446/486 448/2846
f 1661/1519 1583/2847 1609/2848 1683/1217
f 298/2849 301/2850 300/2851 297/2852
f 1642/2853 1643/1919 1647/1922 1646/1925
f 1245/2854 1248/2855 1748/2856 1742/2857
f 1232/2141 1234/2140 1235/2858 1233/2859
f 1632/550 1633/2860 1421/2861 1420/551
f 234/2862 231/2863 229/2864 236/2865
f 1050/2866 1040/2867 1035/2868 1055/2869
f 453/2870 452/2871 450/2872 457/2873
f 918/2874 938/223 905/224 908/2875
f 1651/586 1573/2876 1599/2877 1673/587
f 1442/1926 1443/1042 1458/2878 1457/2879
f 1001/1718 928/2880 927/2881 1000/1719
f 1538/515 1542/2882 1330/2883 1326/512
f 1588/2884 1666/2235 1688/265 1614/2885
f 1101/2886 1108/2887 1154/999 1148/998
f 1031/1765 1015/2888 1014/2889 1030/1766
f 410/2890 417/2891 435/2892 429/2893
f 1277/2191 1285/2894 1289/2895 1281/2192
f 3/2896 9/2897 10/2898 4/2899
f 914/2900 930/2901 1031/2902 1067/2903
f 1018/2904 980/2905 966/2906 1037/2907
f 1207/2908 1225/2909 1224/2910 1206/2911
f 1088/2912 1040/2867 1035/2868 1063/2913
f 789/2123 786/2122 784/42 781/41
f 1302/2914 1316/2915 1458/2916 1443/2917
f 171/2918 169/2919 74/2920 63/2921
f 894/1972 897/1971 934/2922 910/2923
f 1602/120 1624/2924 1412/2925 1390/121
f 318/2926 320/2927 329/2928 328/2929
f 1668/2930 1669/1832 1691/1835 1690/2291
f 1745/1406 1716/1405 1746/2931 1749/2932
f 749/2933 750/2934 709/2743 710/2742
f 1715/2935 1742/2936 1748/2838 1719/2837
f 1486/2937 1488/2938 1489/1974 1487/1973
f 1726/2939 1736/2940 1735/1686 1725/1685
f 1731/2941 1700/2942 1503/2943 1502/2944
f 1442/2945 1457/2946 1315/2947 1301/2948
f 486/2949 491/2950 458/2951 477/2952
f 685/2184 684/2183 634/386 644/1365
f 525/2953 532/2954 534/328 527/329
f 671/2955 672/2956 755/2444 748/2443
f 990/2957 989/2958 832/2959 842/2960
f 1071/2500 1020/2501 1043/2502 1091/2503
f 352/654 353/653 357/2961 356/2962
f 805/1874 808/2963 867/2964 880/1970
f 1703/2965 1734/2966 1509/2967 1508/2968
f 1294/2969 1308/2970 1449/2971 1434/2972
f 765/2973 772/1053 806/2974 799/2975
f 4/2976 10/2977 14/1212 12/1211
f 89/1573 94/1572 92/2978 82/2979
f 488/1616 490/1615 535/1688 533/2240
f 995/2980 989/2958 832/2959 838/2981
f 1653/723 1575/2982 1601/2983 1675/724
f 659/2984 660/2985 679/2986 678/2987
f 392/2988 396/2989 403/2990 404/2991
f 699/2992 700/2377 695/2993 702/2994
f 1439/2995 1440/2996 1299/2997 1298/2998
f 1057/2999 1023/2386 1024/2387 1054/3000
f 1568/3001 1594/3002 1382/3003 1357/3004
f 502/3005 501/3006 503/3007 499/3008
f 704/3009 706/3010 754/3011 752/3012
f 1040/3013 968/3014 963/3015 1035/3016
f 1116/1738 1124/1737 1125/3017 1117/3018
f 1075/3019 1089/3020 917/3021 912/3022
f 1202/612 1178/3023 1149/3024 1136/613
f 1440/167 1441/774 1456/3025 1455/3026
f 746/1396 734/1395 700/2377 699/2992
f 77/3027 94/1572 92/2978 78/3028
f 583/80 585/79 553/995 554/994
f 38/3029 27/1576 31/1577 42/3030
f 1263/3031 1267/294 1752/297 1738/3032
f 189/3033 191/3034 185/2481 194/2523
f 178/813 176/34 187/35 186/3035
f 1173/3036 1175/3037 1227/2438 1213/2437
f 806/2974 808/2963 867/2964 866/3038
f 1712/3039 1713/3040 1477/3041 1476/3042
f 719/3043 722/3044 773/3045 769/3046
f 1443/3047 1444/3048 1303/3049 1302/3050
f 675/3051 681/838 721/841 714/3052
f 1469/393 1493/1480 1497/1483 1473/394
f 1137/678 1150/3053 1179/3054 1203/679
f 549/1178 552/1515 597/1516 594/1179
f 1081/3055 1028/3056 927/3057 922/3058
f 999/2733 926/3059 925/3060 998/2734
f 40/3061 29/2157 33/2158 44/3062
f 1698/3063 1699/3064 1705/2644 1704/2643
f 1375/3065 1401/752 1613/755 1587/3066
f 1547/1870 1651/3067 1650/3068 1546/3069
f 151/973 120/972 94/1572 77/3027
f 394/3070 393/2267 396/2268 392/3071
f 1584/3072 1610/3073 1398/3074 1372/3075
f 1499/3076 1511/3077 1510/3078 1498/3079
f 958/3080 974/1249 1038/1250 1048/3081
f 451/3082 452/2871 450/2872 456/3083
f 102/3084 127/3085 136/3086 107/3087
f 68/3088 103/1257 98/1258 59/3089
f 590/2331 596/2330 592/3090 1777/3091
f 1017/3092 1005/1557 1004/1560 1016/3093
f 844/3094 832/2685 989/2686 993/3095
f 1413/1368 1437/1367 1436/831 1412/3096
f 1578/3097 1604/3098 1392/3099 1366/3100
f 697/3101 694/441 698/442 696/3102
f 1285/3103 1467/2584 1471/2585 1289/3104
f 941/3105 966/2661 964/2662 907/3106
f 1590/3107 1668/2930 1690/2291 1616/3108
f 1534/981 1536/980 1532/3109 1530/3110
f 1503/3111 1515/3112 1514/3113 1502/3114
f 1347/3115 1373/3116 1585/3117 1559/2434
f 476/3118 458/3119 477/3120 470/3121
f 148/2300 121/482 96/1978 76/1977
f 772/1053 775/1052 808/2963 806/2974
f 1063/3122 1035/96 963/97 975/3123
f 150/3124 147/397 122/398 156/1838
f 1269/75 1272/3125 1273/3126 1267/3127
f 1715/3128 1719/3129 1481/351 1479/350
f 1120/1433 1122/1432 1123/3130 1121/3131
f 970/3132 963/2109 982/1755 976/2093
f 569/1372 571/3133 570/3134 568/1373
f 1430/3135 1431/3136 1481/1707 1480/1706
f 1695/2724 1697/2723 1744/219 1728/218
f 771/1846 775/1052 808/2963 805/1874
f 1266/969 1270/3137 1271/3138 1268/74
f 206/3139 205/3140 209/3141 201/3142
f 1563/2419 1667/3143 1666/3144 1562/1803
f 1174/3145 1167/3146 1158/3147 1153/3148
f 1600/3149 1622/3150 1410/3151 1388/3152
f 236/3153 229/1791 273/1792 274/3154
f 952/3155 980/562 1018/563 1072/3156
f 232/3157 235/3158 199/2390 202/2389
f 879/2622 881/2621 880/3159 862/3160
f 500/3161 501/3006 503/3007 493/3162
f 1756/3163 1760/3164 1272/3125 1269/75
f 818/3165 822/3166 819/3167 810/3168
f 190/3169 191/3034 185/2481 195/2480
f 1681/2201 1629/3170 1628/3171 1680/2446
f 1242/3172 1243/3173 1235/3174 1234/3175
f 696/3176 708/3177 711/3178 697/3179
f 924/2526 933/1538 896/3180 895/3181
f 270/1011 269/1010 235/3158 232/3157
f 589/3182 595/3183 596/2330 590/2331
f 1718/3184 1747/3185 1525/3186 1523/3187
f 1549/1309 1653/3188 1652/3189 1548/1310
f 1098/3190 1095/3191 695/3192 700/3193
f 824/3194 827/3195 823/3196 809/3197
f 1622/3150 1623/3198 1411/3199 1410/3151
f 936/3200 968/924 1040/925 1050/3201
f 1020/3202 964/3203 939/3204 1043/3205
f 279/3206 289/3207 290/3208 280/3209
f 1551/1612 1655/3210 1654/3211 1550/1613
f 1300/3212 1314/3213 1456/3214 1441/3215
f 901/3216 900/984 983/3217 978/3218
f 176/34 183/3219 893/3220 900/984
f 1580/3221 1658/2445 1680/2446 1606/3222
f 798/3223 805/3224 806/3225 807/3226 800/3227
f 1219/1088 1183/3228 1182/3229 1218/144
f 62/3230 91/1157 140/1158 149/3231
f 157/1672 118/390 101/132 64/3232
f 223/584 247/583 248/3233 224/3234
f 155/483 121/482 96/1978 81/2602
f 511/3235 513/3236 512/3237 509/3238
f 465/3239 468/3240 489/3241 485/3242
f 903/1066 892/3243 182/2666 179/251
f 344/2649 345/2648 349/652 348/651
f 590/3244 1777/3245 545/3246 544/3247
f 1594/3002 1595/1853 1383/1852 1382/3003
f 356/2962 357/2961 361/3248 360/3249
f 255/1749 263/2820 264/2823 256/1750
f 874/3250 875/516 815/520 814/3251
f 1351/2418 1377/3252 1589/3253 1563/2419
f 1586/3254 1612/1586 1400/1589 1374/3255
f 1770/3256 820/3257 743/2665 737/2664
f 1122/1432 1145/3258 1146/3259 1123/3130
f 1006/2521 1007/2520 1009/3260 1008/3261
f 751/3262 790/3263 793/3264 747/3265
f 1397/2638 1398/2637 1445/2031 1444/1041
f 780/3266 782/448 730/451 729/3267
f 1194/3268 1196/3269 1219/1088 1217/702
f 1630/1668 1631/3270 1419/3271 1418/1669
f 482/3272 484/3273 489/1962 481/1961
f 456/3274 450/3275 501/3276 500/3277
f 1354/2039 1355/182 1567/185 1566/1796
f 71/3278 106/2166 167/2167 142/3279
f 64/3232 101/132 99/133 58/3280
f 57/3281 90/2430 139/2431 145/3282
f 87/3283 107/2271 136/2272 130/3284
f 457/3285 450/3275 501/3276 502/3286
f 800/3227 807/3226 803/3287 801/3288
f 158/3289 119/1505 103/1257 70/1256
f 1126/3290 1120/1433 1121/3131 1115/3291
f 608/3292 621/3293 585/3294 598/3295
f 1209/3296 1221/366 1220/369 1208/850
f 1195/3297 1182/3298 1145/3258 1138/1431
f 1766/3299 811/3300 812/3301 778/3302
f 1029/1081 1013/3303 1012/3304 1028/1082
f 1565/759 1669/3305 1668/3306 1564/1548
f 1582/3307 1660/1518 1682/1220 1608/3308
f 377/1861 378/2426 418/205 416/204
f 360/3249 361/3248 365/2702 364/2701
f 128/3309 138/3310 65/3311 59/3312
f 1679/2362 1627/3313 1626/3314 1678/2363
f 977/2110 982/1755 903/2094 899/3315
f 1433/3316 1448/3317 1307/3318 1293/3319
f 1775/3320 768/3321 773/888 766/887
f 701/2378 700/2377 695/2993 703/3322
f 1110/2117 1111/1897 1105/1696 1102/1695
f 61/3323 100/2022 123/2023 126/3324
f 542/3325 588/3326 590/3244 544/3247
f 1375/3327 1376/3328 1402/3329 1401/3330
f 871/3331 849/3332 850/3333 872/3334
f 159/3335 160/3336 72/3337 84/3338
f 1546/3069 1572/3339 1361/3340 1334/3341
f 1193/359 1195/3297 1138/1431 1134/360
f 200/3342 208/3343 191/3034 190/3169
f 1082/3344 1032/3345 931/3346 915/3347
f 863/3348 866/3349 881/3350 879/3351
f 656/3352 659/2984 678/2987 1778/3353
f 413/2090 414/3354 432/3355 431/2091
f 595/1517 597/1516 620/2070 618/1808
f 921/3356 932/3357 1033/3358 1062/3359
f 1624/3360 1625/2832 1413/2831 1412/3361
f 1399/2373 1421/3362 1633/3363 1611/2374
f 581/3364 587/3365 565/3366 562/3367
f 239/1745 233/656 237/657 240/1673
f 101/3368 118/3369 165/3370 99/3371
f 400/794 397/793 379/1496 380/1495
f 1758/648 1759/3372 1271/3373 1270/649
f 1700/3374 1706/3375 1515/3376 1503/3377
f 334/3378 335/3379 339/2647 338/2646
f 212/3380 214/2169 569/2172 567/3381
f 516/3382 519/3383 500/3384 493/3385
f 471/3386 475/3387 444/3388 439/3389
f 630/3390 631/1660 633/1661 628/3391
f 1730/3392 1738/3393 1513/3394 1501/3395
f 1133/3396 1119/3397 1210/3398 1201/3399
f 1708/2148 1709/2147 1715/2935 1714/1404
f 1578/3400 1656/2360 1678/2363 1604/3401
f 1675/724 1623/3402 1622/3403 1674/725
f 1008/3261 1009/3260 829/1361 828/1360
f 1334/3341 1335/1867 1547/1870 1546/3069
f 83/2675 97/1839 93/2282 86/3404
f 1033/747 1017/3405 1016/3406 1032/748
f 957/3407 916/1732 974/1733 958/3408
f 1475/2012 1483/2011 1463/3409 1321/3410
f 146/1506 119/1505 103/1257 68/3088
f 63/3411 99/2565 165/2566 171/3412
f 877/3413 891/983 900/984 901/3216
f 1189/3414 1194/3268 1217/702 1205/701
f 461/950 468/949 464/3415 462/3416
f 1649/426 1597/3417 1596/3418 1648/427
f 170/3419 165/694 172/695 166/2522
f 1147/1654 1153/1653 1107/2411 1100/2410
f 1128/3420 1130/3421 1144/1106 1142/2750
f 1015/3422 1003/322 1002/325 1014/3423
f 86/3424 93/713 153/714 173/3425
f 1574/3426 1600/3427 1388/3428 1363/3429
f 1094/2066 1095/2067 1098/2068 1093/2069
f 1070/3430 1025/3431 916/3432 955/3433
f 592/1500 593/3434 616/3435 615/1501
f 906/3436 940/3437 1021/3438 1069/3439
f 280/3209 290/3208 245/445 221/444
f 481/1961 489/1962 488/3440 480/3441
f 175/173 164/172 105/932 69/931
f 512/3442 513/3443 228/3444 227/3445
f 636/2421 640/2420 672/2956 671/2955
f 1027/819 1011/3446 1010/3447 1026/820
f 390/3448 372/3449 301/3450 298/3451
f 134/3452 136/1504 119/1505 158/3289
f 1280/3453 1281/3454 1213/3455 1212/3456
f 15/1359 17/1358 13/2659 11/2658
f 328/2929 329/2928 335/3379 334/3378
f 794/3457 797/3458 750/2934 749/2933
f 1663/843 1585/3459 1611/3460 1685/844
f 1067/3461 1082/3462 915/3463 914/3464
f 1064/3465 1036/3466 942/3467 951/3468
f 804/3469 807/3470 881/3471 848/3472
f 1322/3473 1464/3474 1484/2195 1476/2194
f 487/1957 490/1615 535/1688 532/1687
f 978/3475 983/1752 981/3476 953/3477
f 834/1113 841/1112 833/2015 840/2746
f 283/3478 293/3479 295/3480 284/3481
f 1564/1548 1590/3482 1378/3483 1352/1547
f 1140/361 1134/360 1120/1433 1126/3290
f 1054/3484 1024/1864 913/1865 960/3485
f 1241/3486 1243/3487 1242/3488 1240/3489
f 445/3490 453/3491 457/3492 448/3493
f 342/3494 343/3495 347/3496 346/3497
f 1286/3498 1278/2558 1282/2559 1290/3499
f 1393/2448 1415/3500 1627/3501 1605/2449
f 826/3502 822/2403 733/2404 739/3503
f 1554/1443 1580/3504 1368/3505 1342/2433
f 652/3506 643/1318 694/1319 697/3507
f 297/1163 300/3508 320/2927 318/2926
f 1356/3509 1391/3510 1603/3511 1577/3512
f 1710/3513 1711/3514 1475/3515 1474/3516
f 1255/3517 1249/3518 1488/3519 1486/3520
f 561/3521 584/3522 586/3523 563/3524
f 799/3525 806/3225 807/3226 800/3227
f 544/309 551/308 550/3526 543/3527
f 1356/3528 1366/3529 1392/2137 1391/1366
f 986/3530 996/3531 845/2014 837/2013
f 1732/3532 1740/3533 1517/3534 1505/3535
f 299/3536 303/3537 294/2041 285/2040
f 1638/2237 1639/941 1427/940 1426/2238
f 1776/3538 431/3539 435/1856 429/1855
f 1377/3540 1378/3541 1404/3542 1403/3543
f 1542/3544 1642/2853 1646/1925 1568/3545
f 480/3546 488/1616 533/2240 526/3547
f 643/3548 647/3549 698/3550 694/3551
f 1507/3552 1519/3553 1518/3554 1506/3555
f 1445/3556 1446/3557 1305/3558 1304/3559
f 203/3560 205/3140 209/3141 198/3561
f 1346/594 1347/3115 1559/2434 1558/591
f 1488/3562 1749/2473 1750/527 1489/3563
f 1381/3564 1407/1327 1619/1330 1593/3565
f 902/985 900/984 983/3217 979/3566
f 1321/129 1344/3567 1343/3568 1342/3569
f 1006/3570 1008/3571 1100/3572 1101/3573
f 1191/161 1190/160 1215/3574 1208/3575
f 950/3576 936/3577 1050/3578 1046/3579
f 602/1533 601/3580 624/3581 625/1530
f 411/3582 846/3583 864/3584 986/3585 737/3586
f 381/3587 372/3449 390/3448 373/3588
f 331/3589 333/3590 337/3591 336/3592
f 1002/3593 929/2383 1030/2382 1014/3594
f 1256/1451 1251/3595 1753/3596 1762/1448
f 383/3597 389/3598 384/3599 382/3600
f 1169/3601 1263/3602 1247/3603 1168/3604
f 499/3605 503/2545 514/2546 515/3606
f 668/1666 667/3607 689/3608 690/1663
f 1466/3609 1490/3610 1726/3611 1526/3612
f 605/3613 599/3614 646/3615 651/3616
f 311/3617 310/3618 384/3619 385/3620
f 35/3621 46/3622 44/3623 8/3624
f 1469/3625 1527/3626 1727/3627 1493/3628
f 1140/3629 1162/3630 1168/3604 1188/3631
f 870/3632 1103/3633 1099/3634 883/3635
f 1470/3636 1528/3637 1736/3638 1494/3639
f 1167/3146 1174/3145 1227/3640 1175/3641
f 1399/3642 1463/2569 1446/2030 1421/2029
f 1473/3643 1497/3644 1743/3645 1529/3646
f 1169/3601 1233/3647 1241/3648 1263/3602
f 1723/1186 1757/2652 1724/1353 1722/498
f 267/1746 265/3649 325/3650 317/1497
f 114/3651 46/3622 211/3652 212/880
f 907/3653 964/920 1020/921 1053/3654
f 1025/579 1047/3655 1061/3656 1039/578
f 266/3657 275/2495 304/2496 305/3658
f 6/3659 25/3660 42/3661 31/3662
f 888/3663 887/2483 891/2484 882/3664
f 567/877 566/3665 699/3666 702/3667
f 1045/3668 1092/3669 1162/3630 1126/3670
f 1322/548 1350/3671 1349/3672 1348/3673
f 9/3674 34/3675 45/3676 26/3677
f 1734/3678 1727/221 1743/220 1742/3679
f 1522/1709 1717/3680 1716/3681 1480/1706
f 1036/348 1046/3682 1049/3683 1021/347
f 986/3585 864/3584 1045/3668 1133/3396
f 47/3684 1284/3685 1526/3612 23/3686
f 312/3687 311/3617 385/3620 387/3688 323/3689
f 1244/3690 1246/3691 1724/3692 1757/3693
f 857/2121 856/2120 890/3694 885/3695
f 243/2006 288/848 259/3696 251/3697
f 1274/3698 1244/3699 1757/3700 1764/3701
f 729/3267 728/3702 779/3703 780/3266
f 1386/3704 1408/2692 1432/2694 1462/2568
f 1108/3705 1153/3148 1158/3147 1154/3706
f 1244/3707 1259/3708 1252/3709 1254/3710
f 942/3467 950/3711 1046/3712 1036/3466
f 350/3713 351/3714 355/3715 354/3716
f 499/3717 515/3718 518/3719 502/3720
f 1229/3721 1237/3722 1240/3723 1232/3724
f 911/3725 940/3437 1021/3438 1049/3726
f 3/3727 24/3728 41/3729 30/3730
f 50/3731 1287/3732 1279/1117 111/1116
f 1321/129 1342/3569 1341/3733 1340/3734
f 1721/1273 1756/2535 1755/1168 1720/2683
f 919/3735 924/3736 1163/3737 1079/3738
f 1215/3739 1232/3724 1233/3647 1209/3740
f 2/3741 27/3742 38/3743 23/3686
f 317/1497 325/3650 326/3744 327/2549
f 1241/3648 1237/3722 1264/3745 1263/3602
f 813/3746 811/3747 871/3748 873/3749
f 591/3750 614/3751 896/3752 303/3537
f 998/3753 925/965 1026/964 1010/3754
f 957/3755 958/3756 1048/3757 1047/3758
f 325/3759 326/3760 399/3761 405/3762
f 1215/3739 1214/3763 1228/3764 1229/3721
f 1290/3765 1245/3766 1742/3767 1472/3768
f 979/3769 983/1752 981/3476 946/3770
f 802/3771 865/3772 896/3752 767/3773
f 854/3774 23/81 1526/767 1176/3775
f 1780/3776 421/3777 424/2612 420/2611
f 370/281 371/280 388/3778 383/3779
f 203/3780 198/3781 230/3782 238/3783
f 517/996 522/3784 605/3785 585/79
f 391/3786 396/2989 403/2990 402/3787
f 241/2232 286/2042 257/3788 249/3789
f 1289/3790 1471/3791 1737/3792 1264/3745
f 623/3793 627/3794 624/3795 1768/3796
f 910/3797 921/3798 1062/3799 1045/3800
f 726/3801 728/3802 731/2491 727/2490
f 1162/3803 1160/3804 1171/3805 1168/3806
f 1004/3807 931/3346 1032/3345 1016/3808
f 601/3809 1767/3810 1768/3811 624/3812
f 310/3813 307/3814 382/3815 384/3816
f 36/1583 1781/3817 43/3818 52/1584
f 1352/3819 1378/3541 1377/3540 1351/3820
f 1401/3330 1402/3329 1424/3821 1423/3822
f 1468/474 1492/3823 1726/3611 1491/3824
f 355/3825 351/3826 387/3688 359/3827
f 854/203 1147/3828 1100/3572 1008/3571
f 522/3829 520/3830 599/3614 605/3613
f 272/3831 266/3832 305/3833 314/3834
f 1384/3835 1431/3836 1430/3837 1383/3838
f 1350/3671 1376/3328 1375/3327 1349/3672
f 1732/787 1727/221 1734/3678 1733/788
f 814/3251 813/3839 873/3840 874/3250
f 50/3731 24/3728 1527/3626 1287/3732
f 303/3537 529/3841 546/3842 591/3750
f 2/3741 29/3843 40/2510 28/3844
f 667/3845 1782/3846 1783/3847 689/3848
f 49/2511 110/1115 109/401 48/2508
f 943/3849 911/3850 1049/3851 1056/3852
f 945/3853 948/3854 1061/3855 1060/3856
f 1782/3846 667/3845 670/1934 666/1933
f 555/3857 560/3858 556/3859 1769/3860
f 346/3497 347/3496 351/3714 350/3713
f 307/3814 310/3813 311/3861 308/3862
f 1403/3543 1404/3542 1426/3863 1425/3864
f 1523/1708 1481/1707 1719/3865 1718/3866
f 308/3862 311/3861 312/3867 309/3868
f 916/3432 957/3869 1047/3870 1025/3431
f 728/3802 726/3801 1766/3871 779/3872
f 303/3537 299/3536 376/3873 412/3874
f 422/626 421/3875 440/3876 441/623
f 1247/3603 1263/3602 1738/3877 1739/3878
f 1323/547 1353/3879 1352/3819 1351/3820
f 538/40 537/3880 556/3881 557/37
f 196/202 606/3882 504/2260 112/2261
f 1729/3883 1737/3884 1736/2940 1726/2939
f 321/3885 323/3886 324/3887 322/3888
f 1186/3889 1173/3890 1213/3455 1264/3745
f 805/3891 880/3892 866/3893 806/3894
f 941/3895 907/3896 1053/3897 1052/3898
f 358/3899 359/3900 363/2423 362/2422
f 494/3901 498/3902 495/3903 1773/3904
f 198/3905 209/1045 231/1046 230/3906
f 35/3907 124/3908 154/3909 80/3910
f 856/2452 853/2451 878/3911 890/3912
f 852/3913 830/3914 1101/3573 1092/3669
f 1767/3810 601/3809 604/1291 600/1290
f 1277/402 1278/1114 1286/473 1285/472
f 1338/3915 1365/952 1364/951 1337/3916
f 1323/547 1355/3917 1354/3918 1353/3879
f 472/3919 1774/3920 1773/3921 495/3922
f 309/3923 312/3924 323/3925 321/3926
f 1168/3604 1247/3603 1204/3927 1188/3631
f 336/3928 342/3929 346/3930 350/3931
f 1251/3932 1247/3933 1739/3934 1753/3935
f 939/113 945/3936 1060/3937 1043/112
f 1244/3707 1248/3938 1245/3939 1247/3933
f 8/3624 37/3940 211/3652 46/3622
f 1160/3941 1162/3942 1161/741 1159/740
f 1342/3569 1368/1003 1367/1002 1341/3733
f 330/3943 332/3944 333/3945 331/3946
f 537/3947 1784/3948 1769/3949 556/3950
f 37/3940 587/3365 1077/3951 211/3652
f 322/3952 324/3953 332/3954 330/3955
f 1774/3920 472/3919 475/3387 471/3386
f 1000/3956 927/3057 1028/3056 1012/3957
f 47/3684 108/400 1276/403 1284/3685
f 391/3958 402/3959 406/3960 395/3961
f 699/3666 566/3665 736/3962 746/3963
f 778/3964 783/3965 779/3966 1766/3967
f 473/1314 472/3968 495/3969 496/1311
f 354/3716 355/3715 359/3900 358/3899
f 421/3777 1780/3776 1772/3970 440/3971
f 247/583 292/582 263/3972 255/3973
f 811/3747 813/3746 816/6 812/5
f 1101/3573 1148/3974 1103/3633 1092/3669
f 245/445 290/3208 261/3975 253/3976
f 358/3977 362/3978 366/3979 370/3980
f 397/793 317/1497 405/3981 476/886
f 658/3982 677/3983 896/3752 614/3751
f 35/3907 1781/3984 52/3985 657/3986
f 336/3592 337/3591 343/3495 342/3494
f 1784/3948 537/3947 540/956 536/955
f 688/3987 693/3988 689/3989 1783/3990
f 303/3537 463/3991 483/3992 529/3841
f 1405/301 1406/300 1428/3993 1427/3994
f 717/3995 767/3773 896/3752 677/3983
f 439/3996 444/3997 440/3998 1772/3999
f 363/4000 359/3827 387/3688 367/4001
f 1251/3932 1256/823 1258/824 1246/825
f 1213/3455 1281/3454 1289/3790 1264/3745
f 303/3537 412/3874 430/4002 463/3991
f 759/1823 831/1822 777/4003 755/2114
f 2/2642 7/4004 3/2896
f 566/3665 1077/3951 736/3962
f 288/848 294/2041 289/3207
f 702/3667 1094/4005 738/4006
f 1186/3889 1264/3745 1214/3763
f 1428/3993 1429/4007 1465/2528
f 1214/3763 1236/4008 1228/3764
f 1387/729 1433/541 1409/2693
f 510/4009 511/4010 567/4011
f 878/4012 899/4013 886/4014
f 747/3265 793/3264 1045/3668
f 23/81 196/4015 25/82
f 651/3616 725/4016 724/4017
f 640/4018 642/1006 672/2115
f 1705/2644 1738/1271 1711/1270
f 1447/4019 1448/544 1462/2568
f 857/4020 885/1067 903/1066
f 1321/129 1373/4021 1347/4022
f 1531/4023 1535/4024 1727/3627
f 877/4025 901/4026 884/4027
f 1322/548 1323/547 1350/3671
f 337/4028 387/3688 343/4029
f 1045/3668 1126/3670 1115/4030
f 1747/2840 1750/2839 1749/2932
f 567/877 738/4006 742/4031
f 1071/4032 1091/4033 1092/4034
f 1723/1186 1754/1185 1757/2652
f 1702/1031 1733/1030 1734/2966
f 1708/2148 1714/1404 1741/1403
f 287/847 294/2041 288/848
f 8/3624 33/4035 9/3674
f 698/311 900/984 706/312
f 862/4036 894/4037 879/4038
f 127/4039 129/4040 136/4041
f 36/1583 79/1770 88/249
f 1184/4042 1197/4043 1220/4044
f 942/1136 982/1755 968/1137
f 791/1886 900/984 891/983
f 1496/4045 1742/3767 1743/3645
f 470/4046 852/3913 520/3830
f 1265/526 1489/3563 1750/527
f 1327/4047 1328/4048 1332/193
f 1426/3863 1427/3994 1465/2528
f 1538/515 1642/1039 1542/2882
f 28/3844 40/2510 39/2509
f 646/3615 852/3913 725/4016
f 1425/3864 1465/2528 1464/2527
f 1709/2147 1742/2936 1715/2935
f 1244/3707 1254/3710 1246/825
f 1389/954 1435/830 1411/1225
f 711/3178 747/3265 1045/3668
f 192/4049 203/3780 1045/3668
f 176/4050 305/4051 304/1940
f 724/4052 732/4053 725/4054
f 833/2015 997/2054 1098/2053
f 35/4055 222/1105 223/1104
f 303/4056 444/3388 475/3387
f 37/3940 565/3366 587/3365
f 940/418 982/1755 942/1136
f 37/3940 394/216 407/215
f 1698/1508 1731/4057 1699/4058
f 399/3761 852/3913 470/4046
f 35/3621 855/4059 197/2004
f 1700/2942 1731/2941 1732/505
f 1467/475 1468/474 1491/3824
f 378/4060 435/2892 417/2891
f 36/1583 76/2175 62/2471
f 1396/1878 1418/1043 1443/1042
f 294/2041 303/3537 340/4061
f 1343/3568 1344/3567 1369/1876
f 1260/2474 1749/2473 1488/3562
f 1063/4062 1092/4034 1088/4063
f 1177/4064 1201/3399 1245/3766
f 728/3802 730/4065 731/2491
f 1067/3461 1163/3737 1082/3462
f 378/4060 619/4066 596/4067
f 1335/4068 1336/4069 1363/727
f 1547/4070 1573/2876 1651/586
f 1177/4064 1283/4071 1291/4072
f 341/4073 620/2070 597/1516
f 758/2125 776/2124 829/2657
f 1321/129 1356/3528 1339/4074
f 1707/2064 1740/1184 1713/1183
f 1446/2030 1463/2569 1461/4075
f 1570/881 1648/4076 1596/91
f 1259/4077 1275/4078 1262/4079
f 1099/4080 1109/4081 1141/4082
f 179/251 237/657 267/1746
f 948/4083 971/1013 1039/1014
f 587/3365 632/1900 1077/3951
f 1065/4084 1069/4085 1092/4034
f 1384/3835 1385/4086 1431/3836
f 129/4087 175/4088 164/4089
f 621/4090 634/4091 903/4092
f 868/1617 896/2398 933/4093
f 885/4094 890/4095 886/4096
f 176/4097 403/4098 396/4099
f 176/34 231/1046 209/1045
f 879/4038 894/4037 1045/3668
f 585/79 605/3785 599/4100
f 448/3493 457/3492 1045/3668
f 46/4101 197/4102 114/4103
f 964/2662 966/2661 982/1755
f 1324/177 1326/4104 1330/4105
f 1074/4106 1092/4034 1075/4107
f 265/4108 326/3760 325/3759
f 1427/3994 1428/3993 1465/2528
f 36/1583 326/3760 1771/4109 239/1411
f 768/3321 769/4110 773/888
f 1746/2931 1747/2840 1749/2932
f 341/4073 535/1688 490/1615
f 37/3940 519/3383 565/3366
f 1103/3633 1165/4111 1173/3890
f 1533/4112 1743/3645 1537/4113
f 839/4114 988/4115 1078/4116
f 706/312 900/984 754/1885
f 788/4117 852/3913 853/4118
f 1614/2885 1688/265 1636/264
f 176/4119 402/4120 403/2242
f 1555/4121 1581/2199 1659/2198
f 1073/4122 1092/4034 1074/4106
f 1176/4123 1288/4124 1280/3453
f 197/2004 510/4125 855/4059
f 697/3179 711/3178 1045/3668
f 520/4126 522/4127 524/4128
f 117/732 132/389 119/4129
f 985/4130 1095/1246 1097/4131
f 1537/4113 1743/3645 1697/4132
f 35/4055 276/4133 217/4134
f 1321/129 1463/2569 1399/3642
f 179/4135 517/272 553/271
f 1492/3823 1727/3627 1726/3611
f 1054/2769 1099/3634 1057/1635
f 913/14 983/1752 969/15
f 35/3621 114/3651 46/3622
f 1526/3612 1694/4136 1534/4137
f 384/3599 389/3598 387/4138
f 35/4139 137/4140 178/4141
f 994/4142 1096/4143 997/2054
f 127/4144 167/4145 129/4146
f 1699/4147 1731/4148 1730/4149
f 509/878 567/877 511/4150
f 517/4151 524/4128 522/4127
f 938/223 981/3476 983/1752
f 1/4152 23/3686 11/4153
f 181/4154 189/2392 194/2391
f 378/4060 468/4155 435/2892
f 1003/4156 1015/4157 1031/2902
f 1045/3668 1163/4158 1133/3396
f 645/1418 1092/4159 673/1415
f 1460/2516 1461/4075 1463/2569
f 37/3940 447/797 456/796
f 35/4160 297/4161 373/4162
f 1214/3763 1264/3745 1236/4008
f 378/4060 596/4067 551/4163
f 176/34 900/984 580/4164
f 1245/4165 1252/2162 1250/2161
f 8/3624 44/3623 33/4035
f 972/4166 983/1752 982/1755
f 1047/3758 1048/3757 1099/3634
f 1407/4167 1465/2528 1429/4007
f 985/4168 1097/4169 988/4170
f 1182/4171 1195/4172 1218/4173
f 809/618 1077/3951 834/615
f 1180/4174 1187/4175 1222/4176
f 303/4056 560/1292 604/1291
f 17/4177 21/4178 25/3660
f 117/732 119/4129 129/252
f 35/3907 74/2920 61/4179
f 303/4056 540/956 560/1292
f 341/4073 775/1052 723/840
f 36/1583 578/4180 636/4181
f 1557/4182 1583/2847 1661/1519
f 695/1245 842/2740 826/2739
f 1526/3612 1725/4183 1694/4136
f 35/3907 89/1429 82/556
f 35/3621 1078/4184 855/4059
f 1045/3668 1117/573 1133/3396
f 573/4185 637/2210 574/2213
f 1320/130 1336/4069 1335/4068
f 26/3677 45/3676 53/4186
f 36/1583 67/669 60/4187
f 1320/130 1337/3916 1336/4069
f 1425/3864 1426/3863 1465/2528
f 1001/4188 1013/4189 1029/1828
f 1567/4190 1593/1604 1671/283
f 1181/2605 1223/4191 1199/2606
f 928/332 929/331 933/1538
f 307/4192 851/4193 849/4194
f 1054/2769 1059/2768 1099/3634
f 953/4195 1076/4196 978/4197
f 930/2901 1003/4156 1031/2902
f 303/4056 475/3387 498/957
f 421/3777 423/4198 424/2612
f 1698/1508 1729/1507 1731/4057
f 36/1583 180/4199 135/4200
f 1064/4201 1088/4063 1092/4034
f 705/4202 732/4053 724/4052
f 975/4203 977/4204 1063/4205
f 1201/3399 1210/3398 1211/4206
f 1102/4207 1103/4208 1110/4209
f 705/454 724/4210 725/4211
f 1609/2848 1631/1218 1683/1217
f 946/4212 1019/1468 1044/4213
f 972/4214 982/4215 980/4216
f 939/58 964/2662 982/1755
f 343/4029 387/3688 347/4217
f 37/3940 274/2785 316/2784
f 927/2672 928/332 933/1538
f 852/3913 977/4204 899/4013
f 724/4017 788/4117 795/4218
f 332/4219 387/3688 333/4220
f 1548/1310 1652/3189 1574/2793
f 120/4221 140/4222 129/4223
f 563/3524 586/3523 1045/3668
f 1208/4224 1215/4225 1209/4226
f 970/4227 976/4228 1099/4229
f 122/4230 129/4231 153/171
f 687/268 712/267 1077/3951
f 1176/4123 1280/3453 1212/3456
f 176/34 209/1045 187/35
f 1048/3757 1056/3852 1099/3634
f 23/81 854/3774 196/4015
f 176/4232 449/4233 403/4234
f 7/4235 36/1583 37/3940
f 176/34 304/2496 275/2495
f 341/4073 867/2964 808/2963
f 1568/3001 1646/4236 1594/3002
f 1458/2878 1459/2517 1463/2569
f 1599/2877 1621/2655 1673/587
f 1169/3601 1192/4237 1209/3740
f 700/2377 827/2083 833/2015
f 1044/4238 1099/3634 1045/3668
f 1529/3646 1743/3645 1533/4112
f 1096/4239 1097/4240 1098/2068
f 36/1583 85/1087 70/1086
f 179/251 207/1645 237/657
f 867/2964 897/1971 880/1970
f 176/34 275/2495 231/1046
f 114/3651 197/2004 115/4241
f 35/3907 1092/4159 189/2392
f 341/4073 808/2963 775/1052
f 1452/2292 1453/1091 1462/2568
f 495/3903 498/3902 497/4242
f 1079/3738 1163/3737 1080/1048
f 1598/2737 1672/588 1620/2656
f 705/454 725/4211 784/4243
f 1/4152 2/3741 23/3686
f 508/2326 515/4244 514/2325
f 35/3907 87/572 68/571
f 35/4055 285/4245 276/4133
f 1130/3421 1152/1107 1144/1106
f 378/4060 551/4163 534/4246
f 1607/2200 1629/3170 1681/2201
f 1393/772 1440/167 1415/166
f 36/1583 62/2471 77/2470
f 478/4247 1092/4248 521/4249
f 1153/3148 1166/4250 1174/3145
f 1050/3578 1055/4251 1099/3634
f 1726/2939 1727/221 1731/4252
f 458/885 476/886 522/3784
f 35/3907 657/3986 1092/4159
f 1549/4253 1575/2982 1653/723
f 307/4254 726/4254 1783/4254
f 1020/2501 1043/2502 1053/4255
f 1720/2683 1755/1168 1751/1171
f 700/2377 734/1395 827/2083
f 1249/4256 1260/2474 1488/3562
f 1322/548 1374/4257 1400/4258
f 818/673 844/672 855/4059
f 793/3264 888/4259 1045/3668
f 179/4260 553/4261 585/4262
f 1052/3898 1053/3897 1099/3634
f 35/3621 197/2004 46/3622
f 35/4263 703/4264 741/4265
f 401/154 1092/4159 426/151
f 1721/1273 1752/1272 1756/2535
f 1092/3669 1128/4266 1161/4267
f 786/406 857/4020 903/1066
f 844/672 993/4268 855/4059
f 1265/526 1275/4269 1489/3563
f 315/1008 1092/4159 374/1812
f 25/3660 51/4270 42/3661
f 25/3660 196/202 51/4270
f 1323/547 1351/3820 1350/3671
f 854/203 1155/4271 1147/3828
f 9/3674 18/4272 14/4273
f 1346/4274 1372/2636 1371/2635
f 244/2074 260/4275 289/2075
f 35/3907 189/2392 181/4154
f 520/3830 852/3913 599/3614
f 1454/1090 1463/2569 1462/2568
f 1611/3460 1633/2219 1685/844
f 925/2525 926/2673 933/1538
f 9/3674 33/4035 34/3675
f 116/1074 129/252 139/481
f 725/4276 732/4277 781/4278
f 1397/2638 1444/1041 1419/1040
f 411/4279 545/4279 1777/4279
f 1472/3768 1742/3767 1496/4045
f 1454/1090 1455/3026 1463/2569
f 1324/177 1330/4105 1357/4280
f 916/1732 971/59 982/1755
f 117/732 172/695 165/694
f 1099/4080 1104/4281 1109/4081
f 35/4282 737/4283 701/4284
f 36/1583 671/4285 852/3913
f 1093/4286 1133/3396 1094/4005
f 242/2561 250/4287 258/4288
f 652/67 697/3179 1045/3668
f 866/3349 867/4289 881/3350
f 1448/544 1449/543 1462/2568
f 1245/4165 1254/4290 1252/2162
f 1424/3821 1425/3864 1464/2527
f 196/202 635/201 606/3882
f 35/3907 86/2767 73/2766
f 1045/4291 1062/4292 1163/4293
f 37/3940 236/1461 274/2785
f 978/4197 1076/4196 1077/3951
f 365/4294 372/4295 369/4296
f 1700/2942 1732/505 1701/504
f 898/4297 1099/4229 976/4228
f 307/4298 308/4299 1779/4300
f 35/4160 224/4301 284/4302
f 1164/4303 1176/4123 1172/4304
f 1321/129 1345/4305 1344/3567
f 1325/176 1329/4306 1328/4048
f 599/3614 852/3913 646/3615
f 870/3632 1092/3669 1103/3633
f 855/4307 1177/4308 1527/2017
f 517/996 522/3784 520/4309
f 176/4310 503/4311 452/4312
f 634/4313 684/4314 903/4315
f 999/4316 1011/4317 1027/2307
f 309/4318 321/4319 322/4320
f 121/482 129/252 140/4321
f 1556/719 1660/2178 1582/2464
f 1177/4064 1291/4072 1529/3646
f 872/4322 876/4323 873/4324
f 335/4325 372/4326 339/4327
f 36/1583 505/1582 578/4180
f 1392/2137 1414/169 1439/168
f 1107/4328 1153/3148 1108/3705
f 1320/130 1339/4074 1338/3915 1337/3916
f 476/4329 520/3830 522/3829
f 828/4330 854/203 1008/3571
f 1395/1879 1442/1926 1417/2680
f 37/3940 177/4331 193/4332
f 1335/4068 1363/727 1362/726
f 873/4324 876/4323 875/4333
f 984/4334 1077/3951 1093/4286
f 793/4335 887/2151 888/4336
f 928/1827 1001/4188 1029/1828
f 35/3621 197/2004 114/3651
f 1358/195 1384/3835 1383/3838
f 3/2896 7/4004 8/4337 9/2897
f 705/4338 786/4339 724/4340
f 521/2061 1092/4159 541/1960
f 36/1583 77/2470 78/1771
f 1122/1432 1138/1431 1145/3258
f 1177/4064 1245/3766 1282/4341
f 378/4060 773/4342 722/4343
f 1325/176 1333/4344 1329/4306
f 36/1583 78/1771 79/1770
f 1353/3879 1354/3918 1379/298
f 1781/4345 7/4346 35/4347
f 724/4017 725/4016 788/4117
f 303/4056 693/2492 731/2491
f 229/2864 230/4348 231/2863
f 1248/4349 1249/4350 1275/4351
f 35/3907 181/4154 124/3908
f 761/641 792/640 1077/3951
f 1546/3069 1650/3068 1572/3339
f 1606/3222 1680/2446 1628/3171
f 659/2251 663/1446 660/4352
f 1320/130 1335/4068 1334/4353
f 1528/3637 1735/4354 1736/3638
f 851/4193 1779/4355 876/4356
f 926/2673 927/2672 933/1538
f 378/4060 881/4357 807/4358
f 121/482 139/481 129/252
f 1494/3639 1736/3638 1495/4359
f 1340/3734 1366/3529 1356/3528
f 1400/4258 1422/4360 1464/2527
f 189/4361 1092/4362 202/4363
f 673/4364 1092/4365 710/4366
f 1321/129 1346/4274 1345/4305
f 341/4073 490/1615 469/1123
f 842/2740 1095/1246 990/4367
f 1185/1108 1221/1984 1198/1109
f 1321/129 1347/4022 1346/4274
f 339/4327 372/4326 345/4368
f 1201/3399 1207/574 1245/3766
f 5/4369 13/4370 25/3660
f 1047/3758 1099/3634 1061/3855
f 232/3157 1092/4159 270/1011
f 1176/4123 1528/3637 1288/4124
f 785/2150 887/2151 793/4335
f 1076/4371 1089/4372 1092/4034
f 179/4373 425/4374 458/4375
f 6/3659 32/4376 1781/3817
f 979/4377 1044/4238 1045/3668
f 580/4164 900/984 633/4378
f 702/4379 833/4380 1098/4381
f 341/4073 469/1123 436/206
f 1045/3668 1099/3634 1126/3670
f 849/4382 851/4383 850/4384
f 341/4073 597/1516 552/1515
f 176/34 396/4385 304/2496
f 965/417 974/1733 982/1755
f 1490/3610 1491/3824 1726/3611
f 1244/3707 1247/3933 1246/825
f 6/3659 31/3662 32/4376
f 1610/2555 1684/845 1632/2220
f 1528/3637 1532/4386 1536/4387
f 766/887 1775/3320 807/4388
f 650/1899 687/268 1077/3951
f 1459/2517 1460/2516 1463/2569
f 457/3492 502/3720 1045/3668
f 1153/3148 1157/4389 1166/4250
f 307/4254 849/4254 871/4254 811/4254 726/4254
f 689/3989 692/4390 690/4391
f 9/3674 14/4273 10/4392
f 1041/559 1068/4393 1044/4394
f 1327/4047 1332/193 1331/192
f 323/3689 387/3688 324/4395
f 705/454 725/4211 732/1021
f 702/4396 1097/4397 1098/4398
f 749/2933 796/4399 794/3457
f 1453/1091 1454/1090 1462/2568
f 295/1161 341/4073 302/1162
f 347/4217 387/3688 351/3826
f 738/4006 1094/4005 810/674
f 1128/4266 1142/4400 1169/3601
f 1558/591 1662/2436 1584/592
f 454/1721 1092/4159 478/2379
f 1106/2343 1114/2604 1112/2344
f 1394/773 1416/2681 1441/774
f 197/2004 226/2003 510/4125
f 307/4192 1779/4355 851/4193
f 1051/2717 1052/3898 1099/3634
f 296/1941 314/4401 305/4051
f 36/1583 190/4402 180/4199
f 1324/177 1327/4047 1326/4104
f 1600/1800 1674/725 1622/3403
f 117/732 118/390 132/389
f 846/3583 1045/3668 864/3584
f 803/3287 807/3226 804/4403
f 579/1007 642/1006 640/4018
f 1566/1796 1670/1795 1592/2037
f 895/4404 1083/4405 1118/4406
f 302/1162 341/4073 378/2426
f 378/4060 663/4407 619/4066
f 341/4073 683/839 664/1194
f 1236/4008 1264/3745 1237/3722
f 36/1583 64/1563 58/670
f 333/4220 387/3688 337/4028
f 1608/3308 1682/1220 1630/1219
f 117/732 165/694 118/390
f 701/4284 737/4283 745/4408
f 1244/4409 1249/4350 1248/4349
f 1495/4359 1736/3638 1737/3792
f 202/4363 1092/4362 232/4410
f 341/4073 418/205 378/2426
f 1553/4411 1579/2486 1657/2361
f 888/4259 902/4412 1045/3668
f 190/4402 239/1411 200/1414
f 36/1583 60/4187 37/3940
f 1320/130 1361/4413 1386/3704
f 37/3940 456/796 500/3384
f 754/1885 900/984 791/1886
f 748/4414 763/4415 852/3913
f 1716/1405 1717/4416 1746/2931
f 406/3960 448/3493 1045/3668
f 317/1497 325/3650 405/3981
f 397/793 399/4417 419/2428
f 736/3962 1077/3951 809/618
f 1322/548 1400/4258 1464/2527
f 1129/858 1143/341 1151/340
f 1105/1696 1111/1897 1113/1896
f 1078/4184 1133/3396 1177/4064
f 1206/862 1245/3766 1207/574
f 36/1583 58/670 67/669
f 556/3859 559/4418 557/4419
f 931/2537 932/240 933/1538
f 1067/3461 1084/2314 1163/3737
f 1602/1945 1676/1486 1624/1485
f 1704/2643 1710/2645 1737/2682
f 35/3907 84/3338 72/3337
f 9/3674 22/4420 18/4272
f 705/454 795/4421 786/406
f 1612/2059 1686/1932 1634/2057
f 36/1583 70/1086 54/1564
f 615/1910 616/4422 619/1911
f 537/3947 539/4423 540/956
f 372/4424 378/4060 417/2891
f 1617/1834 1639/2289 1691/1835
f 637/2210 756/4425 858/2211
f 1781/3817 32/4376 43/3818
f 547/307 548/4426 551/308
f 1451/832 1452/2292 1462/2568
f 411/4279 656/4279 1778/4279
f 895/4404 1118/4406 924/4427
f 779/3966 782/4428 780/4429
f 179/4430 379/4431 397/4432
f 902/4412 979/4377 1045/3668
f 1177/4308 1529/2018 1527/2017
f 1244/4433 1274/930 1262/929
f 35/3907 80/3910 56/1850
f 36/1583 69/248 71/2679
f 387/4434 389/2613 388/4435
f 36/1583 54/1564 64/1563
f 585/4436 621/4437 903/4438
f 378/4060 722/4343 682/4439
f 35/3907 68/571 59/3312
f 1140/3629 1169/3601 1163/4158
f 1246/825 1247/3933 1251/3932
f 1049/3851 1099/3634 1056/3852
f 988/4115 1133/4440 1078/4116
f 763/4415 830/3914 852/3913
f 1045/4441 1093/4442 1077/4443
f 440/3998 443/4444 441/4445
f 303/4056 783/7 816/6
f 1322/548 1348/3673 1374/4257
f 2/3741 3/3727 29/3843
f 988/4170 1097/4169 1133/3396
f 1183/2628 1219/4446 1196/1684
f 1066/4447 1071/4032 1092/4034
f 1169/3601 1209/3740 1233/3647
f 946/4212 981/1467 1019/1468
f 929/331 930/2538 933/1538
f 873/4324 875/4333 874/4448
f 303/4056 424/2612 444/3388
f 1354/3918 1380/299 1379/298
f 1323/547 1407/4167 1381/4449
f 117/812 183/3219 176/34
f 598/4450 599/4451 605/4452
f 601/3809 602/4453 603/4454
f 35/4055 223/1104 224/4455
f 472/3919 474/4456 475/3387
f 1092/3669 1161/4267 1162/3630
f 695/1245 826/2739 739/1344
f 705/454 724/4210 795/4421
f 1204/3927 1245/3766 1206/862 1205/4457
f 870/3632 889/4458 1092/3669
f 350/4459 358/3977 370/3980
f 303/4056 604/1291 627/1935
f 341/4073 869/4460 897/1971
f 179/4461 317/2715 379/2714
f 297/4161 390/4462 373/4162
f 1070/4463 1086/4464 1092/4034
f 1045/4441 1077/4443 1076/4371
f 35/4465 411/4466 737/4467
f 1045/3668 1133/3396 1093/4286
f 1099/4468 1128/4469 1169/4470
f 1249/4350 1262/4471 1275/4351
f 1155/4271 1176/4123 1164/4303
f 1263/76 1269/75 1267/3127
f 1571/28 1597/27 1649/4472
f 371/4473 387/3688 388/4474
f 883/4475 1099/4476 898/4477
f 1095/2067 1098/2068 1097/4240
f 341/4073 723/840 683/839
f 36/1583 75/4478 57/2176
f 871/4479 872/4322 873/4324
f 705/4480 753/4481 903/4482
f 1128/4266 1142/4400 1161/4267
f 1066/4447 1092/4034 1072/4483
f 624/3795 626/4484 625/4485
f 624/3795 627/3794 626/4484
f 35/3907 59/3312 65/3311
f 384/3599 387/4138 385/4486
f 35/3907 73/2766 84/3338
f 728/3802 729/4487 730/4065
f 3/3727 4/4488 12/4489
f 1388/728 1410/1226 1434/542
f 197/2004 210/4490 212/880
f 1320/130 1321/129 1339/4074
f 1360/4491 1431/3836 1385/4086
f 1564/1548 1668/3306 1590/3482
f 1457/2879 1458/2878 1463/2569
f 969/15 983/1752 972/4166
f 341/4073 552/1515 535/1688
f 582/638 1092/4159 609/635
f 176/4492 572/710 514/709
f 901/4026 978/4197 1077/3951
f 176/4232 452/4493 449/4233
f 1070/4463 1092/4034 1087/4494
f 1092/3669 1104/4495 1128/4266
f 303/4056 670/1934 693/2492
f 667/3845 668/4496 669/4497
f 61/4498 126/4499 137/4500
f 948/4083 1039/1014 1061/4501
f 1551/4502 1577/1376 1655/1375
f 35/3907 72/3337 87/572
f 710/2742 1092/4159 749/2933
f 985/4130 990/4367 1095/1246
f 1117/573 1132/576 1133/3396
f 179/251 185/2481 207/1645
f 1320/130 1334/4353 1361/4413
f 35/4139 192/4503 1045/4504
f 1344/3567 1370/1877 1369/1876
f 796/4505 1092/3669 889/4458
f 1450/833 1451/832 1462/2568
f 1099/3634 1169/3601 1140/3629
f 869/4460 934/2922 897/1971
f 825/4506 839/4114 1078/4116
f 203/3780 238/3783 1045/3668
f 114/3651 212/880 115/4241
f 357/4507 372/4295 361/4508
f 326/3760 852/3913 399/3761
f 484/3273 485/4509 489/1962
f 852/3913 878/4012 853/4118
f 37/3940 316/2784 394/216
f 35/3907 83/555 86/2767
f 830/3914 1006/3570 1101/3573
f 341/4073 436/206 418/205
f 286/2042 294/2041 287/847
f 813/3746 814/4510 815/4511
f 753/453 786/406 903/1066
f 1455/3026 1456/3025 1463/2569
f 413/665 417/664 414/4512
f 1046/3579 1099/3634 1049/3851
f 397/793 476/886 458/885
f 1080/1048 1163/3737 1081/1049
f 1099/4513 1127/4514 1128/4515
f 53/4186 115/4241 197/2004
f 421/3777 422/4516 423/4198
f 1535/4024 1695/4517 1727/3627
f 870/4518 883/4519 890/4095
f 585/79 651/387 634/386
f 1142/4400 1192/4237 1169/3601
f 1324/177 1325/176 1328/4048
f 878/4520 886/4096 890/4095
f 36/1583 57/2176 76/2175
f 35/4139 178/4141 192/4503
f 671/4285 748/4414 852/3913
f 689/3989 693/3988 692/4390
f 37/3940 193/4332 206/1462
f 399/3761 470/4046 405/3762
f 35/4160 373/4162 408/4521
f 633/4522 900/4523 647/4524
f 1618/1380 1692/285 1640/2800
f 242/2561 258/4288 287/2562
f 35/4525 410/4526 411/4527
f 122/4528 147/4529 129/4530
f 1695/4517 1728/4531 1727/3627
f 35/4055 218/337 219/336
f 508/2326 518/4532 515/4244
f 1072/4483 1092/4034 1090/4533
f 1563/4534 1589/1095 1667/1094
f 226/2352 511/2355 510/4535
f 1161/4267 1192/4237 1169/3601
f 574/2213 757/2212 638/4536
f 1126/3670 1162/3630 1140/3629
f 894/4537 910/4538 1045/4539
f 517/996 520/4309 524/1299
f 211/3652 1077/3951 566/3665
f 1390/953 1412/3096 1436/831
f 24/1386 855/4307 1527/2017
f 15/4540 23/3686 19/4541
f 35/3907 55/1430 89/1429
f 1288/4124 1528/3637 1470/3636
f 852/3913 1092/3669 1063/4205
f 757/2212 858/2211 859/4542
f 1722/498 1724/1353 1753/499
f 398/2243 402/4120 403/2242
f 926/2306 999/4316 1027/2307
f 1526/3612 1534/4137 1530/4543
f 537/3947 538/4544 539/4423
f 905/224 983/1752 913/14
f 1601/2983 1623/3402 1675/724
f 852/3913 1063/4205 977/4204
f 35/3907 82/556 83/555
f 3/3727 30/3730 29/3843
f 1051/2717 1099/3634 1058/2718
f 1320/130 1386/3704 1462/2568
f 609/4545 1092/4546 645/4547
f 742/4031 818/673 855/4059
f 1422/4360 1423/3822 1464/2527
f 37/3940 500/3384 519/3383
f 229/2864 238/4548 230/4348
f 60/4187 125/4549 133/4550
f 634/386 724/4210 705/454
f 3/3727 12/4489 16/4551
f 341/4073 664/1194 620/2070
f 75/4478 135/4200 161/4552
f 1215/3739 1229/3721 1232/3724
f 296/1941 305/4051 304/1940
f 1200/575 1207/574 1201/3399
f 510/4125 742/4031 855/4059
f 454/2185 470/883 477/884
f 1046/3579 1050/3578 1099/3634
f 1123/2727 1146/2627 1139/1683
f 176/4553 514/4554 503/4555
f 916/1732 982/1755 974/1733
f 647/4556 900/984 698/311
f 180/4199 190/4402 195/4557
f 36/1583 71/2679 66/2678
f 883/4519 885/4094 890/4095
f 405/3762 470/4046 476/4329
f 265/4108 1771/4109 326/3760
f 1697/4132 1743/3645 1744/4558
f 530/2711 534/328 531/4559
f 353/4560 372/4295 357/4507
f 303/4056 389/2613 424/2612
f 1561/4561 1587/377 1665/376
f 1099/4080 1103/4562 1104/4281
f 1045/3668 1116/863 1117/573
f 24/1386 26/1385 197/4563
f 1471/3791 1495/4359 1737/3792
f 1019/558 1041/559 1044/4394
f 695/4564 833/4565 702/4566
f 556/3859 560/3858 559/4418
f 37/3940 206/1462 236/1461
f 762/200 854/203 828/4330
f 35/4055 221/836 222/1105
f 1323/547 1465/2528 1407/4167
f 1605/2487 1627/3313 1679/2362
f 1727/221 1732/787 1731/4252
f 1528/3637 1536/4387 1696/4567
f 541/4568 1092/4569 582/4570
f 850/4571 851/4193 876/4356
f 13/4370 17/4177 25/3660
f 36/1583 66/2678 85/1087
f 1321/129 1340/3734 1356/3528
f 129/252 179/251 182/2666
f 786/406 795/4421 788/2453
f 374/4572 1092/4573 401/4574
f 986/3585 1133/3396 1096/4575
f 302/1162 378/2426 381/1356
f 779/3966 783/3965 782/4428
f 314/3834 395/3961 1045/3668
f 361/4508 372/4295 365/4294
f 246/227 262/4576 291/228
f 178/4577 186/4578 192/4579
f 470/4046 520/3830 476/4329
f 846/3583 879/4038 1045/3668
f 224/4580 283/4581 284/4582
f 502/3720 518/3719 1045/3668
f 1177/4064 1282/4341 1283/4071
f 290/3208 294/2041 291/2218
f 117/732 123/731 172/695
f 341/4583 661/4584 664/4585
f 1726/2939 1731/4252 1729/3883
f 1321/129 1399/3642 1373/4021
f 440/3998 444/3997 443/4444
f 1565/4586 1591/1833 1669/1832
f 238/3783 272/3831 1045/3668
f 1174/3145 1226/4587 1227/3640
f 1702/1031 1734/2966 1703/2965
f 3/3727 20/4588 24/3728
f 411/4279 716/4279 1775/4279
f 1250/1675 1257/2216 1255/1676
f 1496/4045 1743/3645 1497/3644
f 1603/1377 1625/1484 1677/1378
f 987/4589 1094/4005 993/4268
f 1324/177 1328/4048 1327/4047
f 882/4590 902/4412 888/4259
f 1133/3396 1201/3399 1177/4064
f 300/4591 301/4592 372/4326
f 966/2661 980/4593 982/1755
f 289/3207 294/2041 290/3208
f 179/251 267/1746 317/1497
f 1358/195 1359/194 1384/3835
f 700/2377 833/2015 1098/2053
f 1084/2314 1085/2313 1163/3737
f 1527/3626 1531/4023 1727/3627
f 836/671 1094/4005 987/4589
f 115/4241 212/880 197/2004
f 884/4027 901/4026 1077/3951
f 1248/4594 1275/4595 1265/4596
f 378/4060 807/4358 773/4342
f 1099/4513 1141/4597 1127/4514
f 5/4369 25/3660 6/3659
f 1781/3817 36/1583 7/4235
f 177/4331 188/4598 193/4332
f 35/4160 284/4302 297/4161
f 51/4270 196/202 112/2261
f 1323/547 1381/4449 1355/3917
f 2/2642 6/2641 1781/4599 7/4004
f 2/3741 28/3844 27/3742
f 1053/3897 1060/3856 1099/3634
f 8/3624 35/3621 197/2004
f 1142/4400 1192/4237 1161/4267
f 322/4600 330/4601 331/4602
f 303/4056 388/4435 389/2613
f 1244/3707 1262/4603 1259/3708
f 855/4059 1078/4184 1177/4064
f 678/2467 679/4604 682/148
f 1287/3732 1527/3626 1469/3625
f 1092/3669 1103/3633 1104/4495
f 179/251 458/885 517/996
f 703/4605 735/4606 741/4607
f 865/4608 1083/4405 895/4404
f 349/4609 372/4295 353/4560
f 1357/4280 1382/4610 1430/3837
f 1526/3612 1726/3611 1725/4183
f 23/3686 38/3743 47/3684
f 120/4611 129/4612 147/4613
f 1246/825 1254/3710 1261/822
f 36/1583 88/249 69/248
f 984/4334 1093/4286 991/4614
f 1528/3637 1696/4567 1735/4354
f 1060/3856 1061/3855 1099/3634
f 986/3585 1096/4575 994/4615
f 378/4060 489/4616 468/4155
f 176/4617 514/2546 515/3606
f 592/3090 596/2330 593/4618
f 1244/3707 1262/4603 1249/4619
f 1118/4406 1133/4620 1163/4621
f 324/4395 387/3688 332/4219
f 36/1583 636/4181 671/4285
f 24/1386 197/4563 855/4307
f 725/4016 852/3913 788/4117
f 854/203 1176/4123 1155/4271
f 248/2632 264/4622 293/2633
f 930/2538 931/2537 933/1538
f 1615/1096 1637/263 1689/262
f 1345/4305 1346/4274 1371/2635
f 741/1331 825/1334 1078/4623
f 369/4296 372/4295 377/4624
f 993/4268 1094/4005 1133/3396
f 350/4459 354/4625 358/3977
f 1064/4201 1092/4034 1069/4085
f 632/1900 650/1899 1077/3951
f 905/224 938/223 983/1752
f 834/615 1077/3951 984/4334
f 36/1583 135/4200 75/4478
f 1204/3927 1247/3603 1245/3766
f 1176/3775 1526/767 1528/766
f 35/4139 61/4626 137/4140
f 725/4276 781/4278 789/4627
f 1096/4575 1133/3396 1097/4169
f 35/4525 408/4628 410/4526
f 932/3357 1005/4629 1033/3358
f 893/3220 983/3217 900/984
f 970/4630 1099/4631 1055/4632
f 329/4633 372/4326 335/4325
f 300/4591 372/4326 320/4634
f 35/4055 217/4134 218/337
f 458/885 522/3784 517/996
f 1324/177 1357/4280 1430/3837
f 1492/3823 1493/3628 1727/3627
f 11/4153 23/3686 15/4540
f 1087/4494 1092/4034 1091/4033
f 850/4571 876/4356 872/4635
f 1550/1613 1654/3211 1576/1710
f 303/4056 498/957 540/956
f 37/3940 60/4187 133/4550
f 367/4001 387/3688 371/4473
f 1284/3685 1466/3609 1526/3612
f 1619/1605 1641/2799 1693/284
f 1539/4636 1543/1920 1643/1919
f 35/3907 81/1849 55/1430
f 119/4637 136/4638 129/4639
f 1560/373 1664/372 1586/1235
f 179/4640 397/2826 425/2825
f 1103/3633 1173/3890 1186/3889
f 601/3809 603/4454 604/1291
f 322/4641 331/4642 336/4643
f 129/4231 167/4644 164/172
f 963/2109 968/1137 982/1755
f 378/4060 534/4246 489/4616
f 684/2183 705/454 903/1066
f 510/4125 567/877 742/4031
f 1043/2502 1060/4645 1053/4255
f 9/3674 26/3677 22/4420
f 586/3523 630/68 1045/3668
f 378/4060 682/4439 663/4407
f 272/3831 314/3834 1045/3668
f 345/4646 372/4647 349/4648
f 1382/4610 1383/3838 1430/3837
f 395/3961 406/3960 1045/3668
f 1062/4649 1082/3462 1163/3737
f 810/674 1094/4005 836/671
f 1103/4208 1186/4650 1110/4209
f 749/4651 1092/4652 796/4653
f 176/4654 580/4655 572/4656
f 3/3727 16/4551 20/4588
f 855/4059 993/4268 1133/3396
f 179/251 585/79 903/1066
f 792/640 884/4027 1077/3951
f 270/4657 1092/4658 315/4659
f 1540/2454 1644/2761 1544/2455
f 1569/1921 1595/1923 1647/1922
f 892/1754 903/2094 982/1755
f 35/4282 701/4284 703/4660
f 1045/3668 1115/4030 1116/863
f 1075/4107 1092/4034 1089/4372
f 35/4055 219/336 220/837
f 1172/4304 1176/4123 1212/3456
f 1554/1443 1658/1442 1580/3504
f 246/227 254/4661 262/4576
f 1057/1635 1099/3634 1068/1636
f 35/4055 220/837 221/836
f 398/2243 406/4662 402/4120
f 36/1583 852/3913 326/3760
f 1115/4030 1131/864 1116/863
f 372/4663 378/4664 377/4665
f 292/582 294/2041 293/3479
f 724/4340 786/4339 788/4666
f 940/418 965/417 982/1755
f 646/3615 725/4016 651/3616
f 399/4667 405/4668 419/4669
f 293/3479 294/2041 295/3480
f 695/1245 1095/1246 842/2740
f 308/4670 309/4671 322/4672
f 1005/4629 1017/4673 1033/3358
f 1718/4674 1719/2837 1747/2840
f 1562/1803 1666/3144 1588/1804
f 495/3903 497/4242 496/4675
f 932/240 934/239 933/1538
f 1398/2637 1420/2032 1445/2031
f 607/1526 639/2126 641/1527
f 303/4056 627/1935 670/1934
f 1045/4441 1076/4371 1092/4034
f 847/2620 848/4676 881/2621
f 35/3907 56/1850 81/1849
f 36/1583 239/1411 190/4402
f 634/386 651/387 724/4210
f 26/3677 53/4186 197/2004
f 37/3940 133/4550 177/4331
f 1604/3401 1678/2363 1626/3314
f 630/68 652/67 1045/3668
f 1325/176 1360/4491 1333/4344
f 341/4073 897/1971 867/2964
f 1456/3025 1457/2879 1463/2569
f 1118/4406 1119/4677 1133/4620
f 1058/2718 1099/3634 1059/2768
f 1706/2065 1712/497 1739/496
f 567/877 702/3667 738/4006
f 291/2218 294/2041 292/582
f 426/4678 1092/4679 454/4680
f 585/79 605/3785 651/387
f 667/3845 669/4497 670/1934
f 303/4056 731/2491 783/7
f 712/267 761/641 1077/3951
f 35/3907 63/2921 74/2920
f 1103/3633 1156/4681 1165/4111
f 1432/2694 1447/4019 1462/2568
f 852/3913 899/4013 878/4012
f 1552/1061 1656/1620 1578/1629
f 244/2074 252/4682 260/4275
f 694/1319 900/4683 697/3507
f 1073/4122 1090/4533 1092/4034
f 765/890 766/887 807/4388
f 37/3940 407/215 447/797
f 35/4263 741/4265 1078/4684
f 1541/4685 1545/1493 1645/425
f 1237/4686 1241/4687 1240/4688
f 718/1487 722/597 719/4689
f 1559/4690 1585/3459 1663/843
f 1325/176 1431/3836 1360/4491
f 1449/543 1450/833 1462/2568
f 1099/3634 1140/3629 1126/3670
f 1291/4072 1473/3643 1529/3646
f 176/34 231/1046 230/3906
f 813/3746 815/4511 816/6
f 1264/73 1266/969 1268/74
f 1044/4238 1068/1636 1099/3634
f 1103/3633 1148/3974 1156/4681
f 129/4231 164/172 153/171
f 518/3719 563/3524 1045/3668
f 1081/1049 1163/3737 1085/2313
f 1613/378 1635/2056 1687/379
f 997/2054 1096/4143 1098/2053
f 464/3415 468/949 465/4691
f 946/4692 1044/4238 979/4377
f 924/4427 1118/4406 1163/4621
f 1065/4084 1092/4034 1086/4464
f 472/3919 473/4693 474/4456
f 1245/3766 1290/3765 1282/4341
f 1423/3822 1424/3821 1464/2527
f 24/3728 50/3731 41/3729
f 35/3907 65/3311 63/2921
f 585/4694 598/4450 605/4452
f 1616/3108 1690/2291 1638/2290
f 248/2632 256/4695 264/4622
f 431/3539 432/4696 435/1856
f 939/58 982/1755 971/59
f 865/3772 895/4697 896/3752
f 320/4634 372/4326 329/4633
f 786/406 788/2453 789/405
f 307/4254 1768/4254 1767/4254 1769/4254
f 307/4254 1769/4254 1784/4254 1773/4254
f 307/4254 1772/4254 1780/4254
f 307/4254 1773/4254 1774/4254 1772/4254
f 411/4279 1778/4279 716/4279
f 411/4279 1776/4279 462/4279
f 411/4279 462/4279 482/4279
f 411/4279 482/4279 528/4279
f 411/4279 528/4279 545/4279
f 411/4279 1777/4279 613/4279
f 411/4279 613/4279 656/4279
f 726/4254 811/4254 1766/4254
f 411/4279 1775/4279 801/4279
f 411/4279 801/4279 846/4279
f 816/6 1779/4698 303/4056
f 307/4254 1780/4254 382/4254
f 307/4254 1783/4254 1782/4254 1768/4254
f 1189/861 1205/4457 1206/862
f 7/4235 35/3621 8/3624
